﻿{"file_name": "0000971160.json", "attributes": {"_via_img_metadata": {"regions": [{"shape_attributes": {"name": "rect", "x": 292, "y": 91, "width": 84, "height": 84}, "region_attributes": {"label": "R&D", "key_type": "value", "formal_key": "others"}}, {"shape_attributes": {"name": "rect", "x": 219, "y": 316, "width": 6, "height": 11}, "region_attributes": {"label": ":", "key_type": "key", "formal_key": "question"}}, {"shape_attributes": {"name": "rect", "x": 95, "y": 355, "width": 74, "height": 15}, "region_attributes": {"label": "Suggestion:", "key_type": "key", "formal_key": "question"}}, {"shape_attributes": {"name": "rect", "x": 482, "y": 268, "width": 36, "height": 14}, "region_attributes": {"label": "Date:", "key_type": "key", "formal_key": "question"}}, {"shape_attributes": {"name": "rect", "x": 511, "y": 309, "width": 59, "height": 14}, "region_attributes": {"label": "Licensee", "key_type": "value", "formal_key": "answer"}}, {"shape_attributes": {"name": "rect", "x": 211, "y": 651, "width": 6, "height": 11}, "region_attributes": {"label": "", "key_type": "key", "formal_key": "question"}}, {"shape_attributes": {"name": "rect", "x": 461, "y": 605, "width": 22, "height": 14}, "region_attributes": {"label": "Yes", "key_type": "key", "formal_key": "question"}}, {"shape_attributes": {"name": "rect", "x": 545, "y": 603, "width": 18, "height": 14}, "region_attributes": {"label": "No", "key_type": "key", "formal_key": "question"}}, {"shape_attributes": {"name": "rect", "x": 525, "y": 904, "width": 116, "height": 22}, "region_attributes": {"label": "597005708", "key_type": "value", "formal_key": "others"}}, {"shape_attributes": {"name": "rect", "x": 256, "y": 201, "width": 167, "height": 29}, "region_attributes": {"label": "R&D QUALITY IMPROVEMENT SUGGESTION/ SOLUTION FORM", "key_type": "key", "formal_key": "header"}}, {"shape_attributes": {"name": "rect", "x": 89, "y": 272, "width": 115, "height": 17}, "region_attributes": {"label": "Name / Phone Ext. :", "key_type": "key", "formal_key": "question"}}, {"shape_attributes": {"name": "rect", "x": 215, "y": 271, "width": 236, "height": 16}, "region_attributes": {"label": "M. Hamann P. Harper, P. Martinez", "key_type": "value", "formal_key": "answer"}}, {"shape_attributes": {"name": "rect", "x": 543, "y": 264, "width": 47, "height": 15}, "region_attributes": {"label": "9/ 3/ 92", "key_type": "value", "formal_key": "answer"}}, {"shape_attributes": {"name": "rect", "x": 420, "y": 310, "width": 71, "height": 13}, "region_attributes": {"label": "R&D Group:", "key_type": "key", "formal_key": "question"}}, {"shape_attributes": {"name": "rect", "x": 236, "y": 313, "width": 91, "height": 14}, "region_attributes": {"label": "J. S. Wigand", "key_type": "value", "formal_key": "answer"}}, {"shape_attributes": {"name": "rect", "x": 91, "y": 316, "width": 127, "height": 15}, "region_attributes": {"label": "Supervisor / Manager", "key_type": "key", "formal_key": "question"}}, {"shape_attributes": {"name": "rect", "x": 190, "y": 346, "width": 404, "height": 101}, "region_attributes": {"label": "Discontinue coal retention analyses on licensee submitted product samples (Note : Coal Retention testing is not performed by most licensees. Other B&W physical measurements as ends stability and inspection for soft spots in ciparettes are thought to be sufficient measures to assure cigarette physical integrity. The proposed action will increase laboratory productivity . )", "key_type": "value", "formal_key": "answer"}}, {"shape_attributes": {"name": "rect", "x": 95, "y": 486, "width": 155, "height": 18}, "region_attributes": {"label": "Suggested Solutions (s) :", "key_type": "key", "formal_key": "question"}}, {"shape_attributes": {"name": "rect", "x": 263, "y": 483, "width": 330, "height": 70}, "region_attributes": {"label": "Delete coal retention from the list of standard analyses performed on licensee submitted product samples. Special requests for coal retention testing could still be submitted on an exception basis.", "key_type": "value", "formal_key": "answer"}}, {"shape_attributes": {"name": "rect", "x": 96, "y": 608, "width": 302, "height": 16}, "region_attributes": {"label": "Have you contacted your Manager/ Supervisor?", "key_type": "key", "formal_key": "header"}}, {"shape_attributes": {"name": "rect", "x": 98, "y": 651, "width": 113, "height": 14}, "region_attributes": {"label": "Manager Comments:", "key_type": "key", "formal_key": "question"}}, {"shape_attributes": {"name": "rect", "x": 232, "y": 644, "width": 315, "height": 18}, "region_attributes": {"label": "Manager, please contact suggester and forward", "key_type": "value", "formal_key": "answer"}}, {"shape_attributes": {"name": "rect", "x": 99, "y": 662, "width": 224, "height": 15}, "region_attributes": {"label": "comments to the Quality Council.", "key_type": "value", "formal_key": "answer"}}, {"shape_attributes": {"name": "rect", "x": 102, "y": 823, "width": 43, "height": 15}, "region_attributes": {"label": "qip . wp", "key_type": "value", "formal_key": "others"}}]}}}