﻿{"file_name": "0000990274.json", "attributes": {"_via_img_metadata": {"regions": [{"shape_attributes": {"name": "rect", "x": 61, "y": 207, "width": 36, "height": 14}, "region_attributes": {"label": "DATE:", "key_type": "key", "formal_key": "question"}}, {"shape_attributes": {"name": "rect", "x": 61, "y": 235, "width": 68, "height": 14}, "region_attributes": {"label": "INITIATED", "key_type": "key", "formal_key": "question"}}, {"shape_attributes": {"name": "rect", "x": 134, "y": 236, "width": 22, "height": 14}, "region_attributes": {"label": "BY:", "key_type": "key", "formal_key": "question"}}, {"shape_attributes": {"name": "rect", "x": 60, "y": 261, "width": 78, "height": 15}, "region_attributes": {"label": "COMPLETION", "key_type": "key", "formal_key": "question"}}, {"shape_attributes": {"name": "rect", "x": 59, "y": 320, "width": 60, "height": 17}, "region_attributes": {"label": "COUNTRY:", "key_type": "key", "formal_key": "question"}}, {"shape_attributes": {"name": "rect", "x": 59, "y": 348, "width": 60, "height": 15}, "region_attributes": {"label": "PRODUCT:", "key_type": "key", "formal_key": "question"}}, {"shape_attributes": {"name": "rect", "x": 191, "y": 321, "width": 56, "height": 14}, "region_attributes": {"label": "BELGIUM", "key_type": "value", "formal_key": "answer"}}, {"shape_attributes": {"name": "rect", "x": 56, "y": 549, "width": 24, "height": 13}, "region_attributes": {"label": "BY:", "key_type": "key", "formal_key": "question"}}, {"shape_attributes": {"name": "rect", "x": 56, "y": 591, "width": 36, "height": 13}, "region_attributes": {"label": "DATE:", "key_type": "key", "formal_key": "question"}}, {"shape_attributes": {"name": "rect", "x": 54, "y": 626, "width": 46, "height": 13}, "region_attributes": {"label": "NOTES:", "key_type": "key", "formal_key": "question"}}, {"shape_attributes": {"name": "rect", "x": 501, "y": 839, "width": 122, "height": 32}, "region_attributes": {"label": "620429480", "key_type": "value", "formal_key": "others"}}, {"shape_attributes": {"name": "rect", "x": 527, "y": 162, "width": 94, "height": 27}, "region_attributes": {"label": "RECEIVED", "key_type": "key", "formal_key": "question"}}, {"shape_attributes": {"name": "rect", "x": 214, "y": 94, "width": 241, "height": 46}, "region_attributes": {"label": "SERVICE REQUEST FROM R & D BY INTERNATIONAL LICENSEE OPERATIONS", "key_type": "key", "formal_key": "header"}}, {"shape_attributes": {"name": "rect", "x": 563, "y": 11, "width": 104, "height": 40}, "region_attributes": {"label": "", "key_type": "value", "formal_key": "others"}}, {"shape_attributes": {"name": "rect", "x": 60, "y": 177, "width": 89, "height": 15}, "region_attributes": {"label": "REQUEST NO.:", "key_type": "key", "formal_key": "question"}}, {"shape_attributes": {"name": "rect", "x": 196, "y": 177, "width": 36, "height": 17}, "region_attributes": {"label": "25- 84", "key_type": "value", "formal_key": "answer"}}, {"shape_attributes": {"name": "rect", "x": 191, "y": 207, "width": 108, "height": 15}, "region_attributes": {"label": "March 27, 1984", "key_type": "value", "formal_key": "answer"}}, {"shape_attributes": {"name": "rect", "x": 193, "y": 221, "width": 153, "height": 31}, "region_attributes": {"label": "P. H. HARPER PHH", "key_type": "value", "formal_key": "answer"}}, {"shape_attributes": {"name": "rect", "x": 74, "y": 292, "width": 90, "height": 15}, "region_attributes": {"label": "TARGET DATE:", "key_type": "key", "formal_key": "question"}}, {"shape_attributes": {"name": "rect", "x": 191, "y": 292, "width": 105, "height": 16}, "region_attributes": {"label": "April 13, 1984", "key_type": "value", "formal_key": "answer"}}, {"shape_attributes": {"name": "rect", "x": 193, "y": 348, "width": 229, "height": 17}, "region_attributes": {"label": "LUCKY STRIKE Filter and VICEROY", "key_type": "value", "formal_key": "answer"}}, {"shape_attributes": {"name": "rect", "x": 59, "y": 377, "width": 108, "height": 16}, "region_attributes": {"label": "NATURE OF WORK:", "key_type": "key", "formal_key": "question"}}, {"shape_attributes": {"name": "rect", "x": 168, "y": 404, "width": 359, "height": 33}, "region_attributes": {"label": "Advise if locally obtained Yucatan Honey (sample enclosed) is an acceptable substitute for HALWAY.", "key_type": "value", "formal_key": "answer"}}, {"shape_attributes": {"name": "rect", "x": 56, "y": 462, "width": 97, "height": 15}, "region_attributes": {"label": "R & D COMMENTS:", "key_type": "key", "formal_key": "question"}}, {"shape_attributes": {"name": "rect", "x": 183, "y": 465, "width": 233, "height": 75}, "region_attributes": {"label": "Target the P A 29Mar 84", "key_type": "value", "formal_key": "answer"}}, {"shape_attributes": {"name": "rect", "x": 182, "y": 626, "width": 393, "height": 15}, "region_attributes": {"label": "a) Nature of work should be specified in exact terms.", "key_type": "value", "formal_key": "answer"}}, {"shape_attributes": {"name": "rect", "x": 180, "y": 652, "width": 367, "height": 29}, "region_attributes": {"label": "b) R & D should advise if completion date cannot be met.", "key_type": "value", "formal_key": "answer"}}, {"shape_attributes": {"name": "rect", "x": 179, "y": 697, "width": 353, "height": 43}, "region_attributes": {"label": "c) Two copies of this form to be sent to R & D by initiator and R & D is to return to T. O. one completed copy.", "key_type": "value", "formal_key": "answer"}}, {"shape_attributes": {"name": "rect", "x": 53, "y": 751, "width": 48, "height": 16}, "region_attributes": {"label": "MH/ enm", "key_type": "value", "formal_key": "others"}}, {"shape_attributes": {"name": "rect", "x": 53, "y": 796, "width": 62, "height": 28}, "region_attributes": {"label": "0036/ (r) # 2894M", "key_type": "value", "formal_key": "others"}}, {"shape_attributes": {"name": "rect", "x": 531, "y": 193, "width": 92, "height": 55}, "region_attributes": {"label": "APR 2 1984 P. H. H.", "key_type": "value", "formal_key": "answer"}}]}}}