﻿{"file_name": "0000989556.json", "attributes": {"_via_img_metadata": {"regions": [{"shape_attributes": {"name": "rect", "x": 76, "y": 129, "width": 42, "height": 10}, "region_attributes": {"label": "Brand:", "key_type": "key", "formal_key": "question"}}, {"shape_attributes": {"name": "rect", "x": 73, "y": 141, "width": 46, "height": 12}, "region_attributes": {"label": "Style:", "key_type": "key", "formal_key": "question"}}, {"shape_attributes": {"name": "rect", "x": 145, "y": 127, "width": 52, "height": 10}, "region_attributes": {"label": "PHOENIX", "key_type": "value", "formal_key": "answer"}}, {"shape_attributes": {"name": "rect", "x": 349, "y": 130, "width": 60, "height": 9}, "region_attributes": {"label": "Company:", "key_type": "key", "formal_key": "question"}}, {"shape_attributes": {"name": "rect", "x": 350, "y": 142, "width": 57, "height": 13}, "region_attributes": {"label": "Country:", "key_type": "key", "formal_key": "question"}}, {"shape_attributes": {"name": "rect", "x": 350, "y": 157, "width": 52, "height": 10}, "region_attributes": {"label": "Macket:", "key_type": "key", "formal_key": "question"}}, {"shape_attributes": {"name": "rect", "x": 419, "y": 144, "width": 48, "height": 10}, "region_attributes": {"label": "CYPRUS", "key_type": "value", "formal_key": "answer"}}, {"shape_attributes": {"name": "rect", "x": 512, "y": 171, "width": 55, "height": 12}, "region_attributes": {"label": "NICOSIA", "key_type": "value", "formal_key": "answer"}}, {"shape_attributes": {"name": "rect", "x": 404, "y": 240, "width": 57, "height": 15}, "region_attributes": {"label": "Weights", "key_type": "key", "formal_key": "header"}}, {"shape_attributes": {"name": "rect", "x": 377, "y": 475, "width": 64, "height": 12}, "region_attributes": {"label": "Adhesive:", "key_type": "key", "formal_key": "header"}}, {"shape_attributes": {"name": "rect", "x": 70, "y": 488, "width": 81, "height": 10}, "region_attributes": {"label": "Supplier(s)", "key_type": "key", "formal_key": "question"}}, {"shape_attributes": {"name": "rect", "x": 72, "y": 513, "width": 37, "height": 12}, "region_attributes": {"label": "Color", "key_type": "key", "formal_key": "question"}}, {"shape_attributes": {"name": "rect", "x": 72, "y": 557, "width": 63, "height": 12}, "region_attributes": {"label": "Porosity", "key_type": "key", "formal_key": "question"}}, {"shape_attributes": {"name": "rect", "x": 73, "y": 609, "width": 67, "height": 12}, "region_attributes": {"label": "substance", "key_type": "key", "formal_key": "question"}}, {"shape_attributes": {"name": "rect", "x": 234, "y": 488, "width": 51, "height": 12}, "region_attributes": {"label": "Ecusta", "key_type": "value", "formal_key": "answer"}}, {"shape_attributes": {"name": "rect", "x": 235, "y": 501, "width": 52, "height": 13}, "region_attributes": {"label": "E.30639", "key_type": "value", "formal_key": "answer"}}, {"shape_attributes": {"name": "rect", "x": 228, "y": 543, "width": 31, "height": 12}, "region_attributes": {"label": "None", "key_type": "value", "formal_key": "answer"}}, {"shape_attributes": {"name": "rect", "x": 293, "y": 558, "width": 63, "height": 9}, "region_attributes": {"label": "(coresta)", "key_type": "value", "formal_key": "answer"}}, {"shape_attributes": {"name": "rect", "x": 377, "y": 515, "width": 30, "height": 12}, "region_attributes": {"label": "Type", "key_type": "key", "formal_key": "question"}}, {"shape_attributes": {"name": "rect", "x": 377, "y": 558, "width": 51, "height": 10}, "region_attributes": {"label": "Overall", "key_type": "key", "formal_key": "question"}}, {"shape_attributes": {"name": "rect", "x": 475, "y": 558, "width": 33, "height": 12}, "region_attributes": {"label": "skip", "key_type": "key", "formal_key": "question"}}, {"shape_attributes": {"name": "rect", "x": 377, "y": 599, "width": 66, "height": 10}, "region_attributes": {"label": "Dimension", "key_type": "key", "formal_key": "question"}}, {"shape_attributes": {"name": "rect", "x": 377, "y": 614, "width": 81, "height": 10}, "region_attributes": {"label": "Positioning", "key_type": "key", "formal_key": "question"}}, {"shape_attributes": {"name": "rect", "x": 476, "y": 488, "width": 39, "height": 12}, "region_attributes": {"label": "Swift", "key_type": "value", "formal_key": "answer"}}, {"shape_attributes": {"name": "rect", "x": 554, "y": 558, "width": 37, "height": 9}, "region_attributes": {"label": "Other", "key_type": "value", "formal_key": "others"}}, {"shape_attributes": {"name": "rect", "x": 494, "y": 587, "width": 28, "height": 9}, "region_attributes": {"label": "N/A", "key_type": "value", "formal_key": "answer"}}, {"shape_attributes": {"name": "rect", "x": 448, "y": 558, "width": 9, "height": 9}, "region_attributes": {"label": "x", "key_type": "value", "formal_key": "answer"}}, {"shape_attributes": {"name": "rect", "x": 299, "y": 683, "width": 37, "height": 10}, "region_attributes": {"label": "Date:", "key_type": "key", "formal_key": "question"}}, {"shape_attributes": {"name": "rect", "x": 299, "y": 778, "width": 34, "height": 10}, "region_attributes": {"label": "Date:", "key_type": "key", "formal_key": "question"}}, {"shape_attributes": {"name": "rect", "x": 533, "y": 829, "width": 120, "height": 24}, "region_attributes": {"label": "620419245", "key_type": "value", "formal_key": "others"}}, {"shape_attributes": {"name": "rect", "x": 72, "y": 750, "width": 36, "height": 12}, "region_attributes": {"label": "Date:", "key_type": "key", "formal_key": "question"}}, {"shape_attributes": {"name": "rect", "x": 73, "y": 777, "width": 64, "height": 12}, "region_attributes": {"label": "Replaces:", "key_type": "key", "formal_key": "question"}}, {"shape_attributes": {"name": "rect", "x": 72, "y": 804, "width": 39, "height": 12}, "region_attributes": {"label": "05045", "key_type": "value", "formal_key": "others"}}, {"shape_attributes": {"name": "rect", "x": 165, "y": 777, "width": 27, "height": 12}, "region_attributes": {"label": "New", "key_type": "value", "formal_key": "answer"}}, {"shape_attributes": {"name": "rect", "x": 527, "y": 33, "width": 91, "height": 15}, "region_attributes": {"label": "Page 1 of 10", "key_type": "value", "formal_key": "others"}}, {"shape_attributes": {"name": "rect", "x": 210, "y": 45, "width": 287, "height": 68}, "region_attributes": {"label": "RESTRICTED BROWN & WILLIAMSON INTERNATIONAL TOBACCO PRODUCT SPECIFICATION", "key_type": "key", "formal_key": "header"}}, {"shape_attributes": {"name": "rect", "x": 145, "y": 141, "width": 63, "height": 13}, "region_attributes": {"label": "HLB- KS", "key_type": "value", "formal_key": "answer"}}, {"shape_attributes": {"name": "rect", "x": 419, "y": 129, "width": 99, "height": 15}, "region_attributes": {"label": "B. A. T. CYPRUS", "key_type": "value", "formal_key": "answer"}}, {"shape_attributes": {"name": "rect", "x": 349, "y": 169, "width": 151, "height": 13}, "region_attributes": {"label": "Place of Manufacture:", "key_type": "key", "formal_key": "question"}}, {"shape_attributes": {"name": "rect", "x": 75, "y": 156, "width": 127, "height": 12}, "region_attributes": {"label": "Licensee Ref. NO.:", "key_type": "key", "formal_key": "question"}}, {"shape_attributes": {"name": "rect", "x": 73, "y": 211, "width": 118, "height": 14}, "region_attributes": {"label": "CIGARETTE MAKING", "key_type": "key", "formal_key": "header"}}, {"shape_attributes": {"name": "rect", "x": 73, "y": 240, "width": 174, "height": 13}, "region_attributes": {"label": "Physical Characteristics", "key_type": "key", "formal_key": "header"}}, {"shape_attributes": {"name": "rect", "x": 73, "y": 266, "width": 176, "height": 14}, "region_attributes": {"label": "Overall Cigarette Length", "key_type": "key", "formal_key": "question"}}, {"shape_attributes": {"name": "rect", "x": 72, "y": 280, "width": 131, "height": 11}, "region_attributes": {"label": "Tobacco Rod Length", "key_type": "key", "formal_key": "question"}}, {"shape_attributes": {"name": "rect", "x": 72, "y": 295, "width": 131, "height": 10}, "region_attributes": {"label": "Filter Plug Length", "key_type": "key", "formal_key": "question"}}, {"shape_attributes": {"name": "rect", "x": 73, "y": 305, "width": 256, "height": 15}, "region_attributes": {"label": "Filter Plug Pressure Drop (unencap.)", "key_type": "key", "formal_key": "question"}}, {"shape_attributes": {"name": "rect", "x": 72, "y": 320, "width": 245, "height": 12}, "region_attributes": {"label": "Filter Plug Pressure Drop encap.", "key_type": "key", "formal_key": "question"}}, {"shape_attributes": {"name": "rect", "x": 70, "y": 334, "width": 170, "height": 12}, "region_attributes": {"label": "Cigarette Circumference", "key_type": "key", "formal_key": "question"}}, {"shape_attributes": {"name": "rect", "x": 72, "y": 347, "width": 215, "height": 14}, "region_attributes": {"label": "Total Pressure Drop (unencap.)", "key_type": "key", "formal_key": "question"}}, {"shape_attributes": {"name": "rect", "x": 73, "y": 362, "width": 201, "height": 12}, "region_attributes": {"label": "Total Pressure Drop (encap.)", "key_type": "key", "formal_key": "question"}}, {"shape_attributes": {"name": "rect", "x": 67, "y": 377, "width": 108, "height": 10}, "region_attributes": {"label": "Tipping Length", "key_type": "key", "formal_key": "question"}}, {"shape_attributes": {"name": "rect", "x": 72, "y": 391, "width": 228, "height": 11}, "region_attributes": {"label": "Print Position (from filter end)", "key_type": "key", "formal_key": "question"}}, {"shape_attributes": {"name": "rect", "x": 75, "y": 404, "width": 205, "height": 13}, "region_attributes": {"label": "Moisture content (ex-catcher)", "key_type": "key", "formal_key": "question"}}, {"shape_attributes": {"name": "rect", "x": 73, "y": 419, "width": 165, "height": 12}, "region_attributes": {"label": "Filter ventilation Rate", "key_type": "key", "formal_key": "question"}}, {"shape_attributes": {"name": "rect", "x": 350, "y": 268, "width": 45, "height": 12}, "region_attributes": {"label": "84 mm", "key_type": "value", "formal_key": "answer"}}, {"shape_attributes": {"name": "rect", "x": 347, "y": 280, "width": 48, "height": 13}, "region_attributes": {"label": "64 mm", "key_type": "value", "formal_key": "answer"}}, {"shape_attributes": {"name": "rect", "x": 349, "y": 296, "width": 47, "height": 11}, "region_attributes": {"label": "20 mm", "key_type": "value", "formal_key": "answer"}}, {"shape_attributes": {"name": "rect", "x": 347, "y": 308, "width": 50, "height": 12}, "region_attributes": {"label": "56 mm", "key_type": "value", "formal_key": "answer"}}, {"shape_attributes": {"name": "rect", "x": 346, "y": 322, "width": 51, "height": 12}, "region_attributes": {"label": "56 mm", "key_type": "value", "formal_key": "answer"}}, {"shape_attributes": {"name": "rect", "x": 343, "y": 337, "width": 50, "height": 10}, "region_attributes": {"label": "24.75 mm", "key_type": "value", "formal_key": "answer"}}, {"shape_attributes": {"name": "rect", "x": 349, "y": 349, "width": 46, "height": 12}, "region_attributes": {"label": "90 mm", "key_type": "value", "formal_key": "answer"}}, {"shape_attributes": {"name": "rect", "x": 343, "y": 362, "width": 51, "height": 12}, "region_attributes": {"label": "110 mm", "key_type": "value", "formal_key": "answer"}}, {"shape_attributes": {"name": "rect", "x": 350, "y": 377, "width": 46, "height": 14}, "region_attributes": {"label": "25 mm", "key_type": "value", "formal_key": "answer"}}, {"shape_attributes": {"name": "rect", "x": 349, "y": 392, "width": 46, "height": 10}, "region_attributes": {"label": "27 mm", "key_type": "value", "formal_key": "answer"}}, {"shape_attributes": {"name": "rect", "x": 343, "y": 404, "width": 43, "height": 12}, "region_attributes": {"label": "13.5 %", "key_type": "value", "formal_key": "answer"}}, {"shape_attributes": {"name": "rect", "x": 347, "y": 416, "width": 39, "height": 14}, "region_attributes": {"label": "Nil %", "key_type": "value", "formal_key": "answer"}}, {"shape_attributes": {"name": "rect", "x": 407, "y": 265, "width": 106, "height": 15}, "region_attributes": {"label": "Total Cigt. Wt.", "key_type": "key", "formal_key": "question"}}, {"shape_attributes": {"name": "rect", "x": 551, "y": 266, "width": 89, "height": 15}, "region_attributes": {"label": "974 mg", "key_type": "value", "formal_key": "answer"}}, {"shape_attributes": {"name": "rect", "x": 557, "y": 295, "width": 79, "height": 13}, "region_attributes": {"label": "749 mg", "key_type": "value", "formal_key": "answer"}}, {"shape_attributes": {"name": "rect", "x": 555, "y": 320, "width": 81, "height": 15}, "region_attributes": {"label": "245 mg/cc", "key_type": "value", "formal_key": "answer"}}, {"shape_attributes": {"name": "rect", "x": 404, "y": 320, "width": 148, "height": 14}, "region_attributes": {"label": "Net Tob. Rod Density", "key_type": "key", "formal_key": "question"}}, {"shape_attributes": {"name": "rect", "x": 404, "y": 295, "width": 111, "height": 13}, "region_attributes": {"label": "Net Net Tobacco", "key_type": "key", "formal_key": "question"}}, {"shape_attributes": {"name": "rect", "x": 75, "y": 445, "width": 218, "height": 15}, "region_attributes": {"label": "Tipping and Tipping Application", "key_type": "key", "formal_key": "question"}}, {"shape_attributes": {"name": "rect", "x": 73, "y": 473, "width": 99, "height": 13}, "region_attributes": {"label": "Tipping Paper:", "key_type": "key", "formal_key": "header"}}, {"shape_attributes": {"name": "rect", "x": 72, "y": 501, "width": 144, "height": 12}, "region_attributes": {"label": "Supplier Code No(s).", "key_type": "key", "formal_key": "question"}}, {"shape_attributes": {"name": "rect", "x": 222, "y": 516, "width": 101, "height": 9}, "region_attributes": {"label": "Imitation Cork", "key_type": "value", "formal_key": "answer"}}, {"shape_attributes": {"name": "rect", "x": 72, "y": 528, "width": 132, "height": 26}, "region_attributes": {"label": "Perforation Type and No. of lines", "key_type": "key", "formal_key": "question"}}, {"shape_attributes": {"name": "rect", "x": 75, "y": 570, "width": 121, "height": 12}, "region_attributes": {"label": "Print Description", "key_type": "key", "formal_key": "question"}}, {"shape_attributes": {"name": "rect", "x": 213, "y": 572, "width": 111, "height": 12}, "region_attributes": {"label": "Brown on yellow", "key_type": "value", "formal_key": "answer"}}, {"shape_attributes": {"name": "rect", "x": 73, "y": 585, "width": 90, "height": 10}, "region_attributes": {"label": "Bobbin Width", "key_type": "key", "formal_key": "question"}}, {"shape_attributes": {"name": "rect", "x": 73, "y": 596, "width": 96, "height": 12}, "region_attributes": {"label": "Robbin Length", "key_type": "key", "formal_key": "question"}}, {"shape_attributes": {"name": "rect", "x": 234, "y": 612, "width": 125, "height": 13}, "region_attributes": {"label": "36 gm/ m2", "key_type": "value", "formal_key": "answer"}}, {"shape_attributes": {"name": "rect", "x": 229, "y": 584, "width": 137, "height": 13}, "region_attributes": {"label": "50 mm mm", "key_type": "value", "formal_key": "answer"}}, {"shape_attributes": {"name": "rect", "x": 229, "y": 599, "width": 129, "height": 13}, "region_attributes": {"label": "2700 m", "key_type": "value", "formal_key": "answer"}}, {"shape_attributes": {"name": "rect", "x": 73, "y": 638, "width": 228, "height": 13}, "region_attributes": {"label": "(Indicate N/A If Not Applicable)", "key_type": "value", "formal_key": "others"}}, {"shape_attributes": {"name": "rect", "x": 377, "y": 488, "width": 79, "height": 14}, "region_attributes": {"label": "Supplier (s)", "key_type": "key", "formal_key": "question"}}, {"shape_attributes": {"name": "rect", "x": 376, "y": 501, "width": 145, "height": 13}, "region_attributes": {"label": "Supplier Code No (s)", "key_type": "key", "formal_key": "question"}}, {"shape_attributes": {"name": "rect", "x": 527, "y": 501, "width": 58, "height": 13}, "region_attributes": {"label": "T.K. 9220", "key_type": "value", "formal_key": "answer"}}, {"shape_attributes": {"name": "rect", "x": 418, "y": 515, "width": 162, "height": 10}, "region_attributes": {"label": "Printed Imitation cork", "key_type": "value", "formal_key": "answer"}}, {"shape_attributes": {"name": "rect", "x": 374, "y": 543, "width": 147, "height": 13}, "region_attributes": {"label": "Application Pattern:", "key_type": "key", "formal_key": "header"}}, {"shape_attributes": {"name": "rect", "x": 377, "y": 585, "width": 105, "height": 12}, "region_attributes": {"label": "Glue Pree Area", "key_type": "key", "formal_key": "question"}}, {"shape_attributes": {"name": "rect", "x": 510, "y": 614, "width": 126, "height": 10}, "region_attributes": {"label": "mm from mouth end", "key_type": "value", "formal_key": "answer"}}, {"shape_attributes": {"name": "rect", "x": 510, "y": 599, "width": 120, "height": 12}, "region_attributes": {"label": "mm x mm", "key_type": "value", "formal_key": "answer"}}, {"shape_attributes": {"name": "rect", "x": 299, "y": 656, "width": 89, "height": 10}, "region_attributes": {"label": "Prepared by:", "key_type": "key", "formal_key": "question"}}, {"shape_attributes": {"name": "rect", "x": 419, "y": 656, "width": 125, "height": 12}, "region_attributes": {"label": "M. HAMERTON / enm", "key_type": "value", "formal_key": "answer"}}, {"shape_attributes": {"name": "rect", "x": 419, "y": 680, "width": 79, "height": 13}, "region_attributes": {"label": "May 1, 1985", "key_type": "value", "formal_key": "answer"}}, {"shape_attributes": {"name": "rect", "x": 299, "y": 710, "width": 89, "height": 11}, "region_attributes": {"label": "Approved by:", "key_type": "key", "formal_key": "question"}}, {"shape_attributes": {"name": "rect", "x": 391, "y": 723, "width": 236, "height": 39}, "region_attributes": {"label": "Director of Technical Operations, Brown & Williamson International Tobacco", "key_type": "value", "formal_key": "answer"}}, {"shape_attributes": {"name": "rect", "x": 139, "y": 747, "width": 87, "height": 17}, "region_attributes": {"label": "May 1, 1985", "key_type": "value", "formal_key": "answer"}}, {"shape_attributes": {"name": "rect", "x": 410, "y": 778, "width": 83, "height": 14}, "region_attributes": {"label": "May 1, 1985", "key_type": "value", "formal_key": "answer"}}]}}}