﻿{"file_name": "0000999294.json", "attributes": {"_via_img_metadata": {"regions": [{"shape_attributes": {"name": "rect", "x": 60, "y": 121, "width": 67, "height": 14}, "region_attributes": {"label": "SUBJECT:", "key_type": "key", "formal_key": "question"}}, {"shape_attributes": {"name": "rect", "x": 59, "y": 152, "width": 59, "height": 14}, "region_attributes": {"label": "SAMPLE:", "key_type": "key", "formal_key": "question"}}, {"shape_attributes": {"name": "rect", "x": 57, "y": 237, "width": 97, "height": 14}, "region_attributes": {"label": "CIGARETTES:", "key_type": "key", "formal_key": "question"}}, {"shape_attributes": {"name": "rect", "x": 473, "y": 218, "width": 29, "height": 17}, "region_attributes": {"label": "TAR", "key_type": "key", "formal_key": "question"}}, {"shape_attributes": {"name": "rect", "x": 473, "y": 235, "width": 28, "height": 14}, "region_attributes": {"label": "9.1", "key_type": "value", "formal_key": "answer"}}, {"shape_attributes": {"name": "rect", "x": 518, "y": 219, "width": 32, "height": 14}, "region_attributes": {"label": "NIC", "key_type": "key", "formal_key": "question"}}, {"shape_attributes": {"name": "rect", "x": 520, "y": 235, "width": 27, "height": 17}, "region_attributes": {"label": ".88", "key_type": "value", "formal_key": "answer"}}, {"shape_attributes": {"name": "rect", "x": 567, "y": 221, "width": 46, "height": 14}, "region_attributes": {"label": "MOIST", "key_type": "key", "formal_key": "question"}}, {"shape_attributes": {"name": "rect", "x": 571, "y": 232, "width": 34, "height": 14}, "region_attributes": {"label": "14.0", "key_type": "value", "formal_key": "answer"}}, {"shape_attributes": {"name": "rect", "x": 637, "y": 223, "width": 39, "height": 14}, "region_attributes": {"label": "MENT", "key_type": "key", "formal_key": "question"}}, {"shape_attributes": {"name": "rect", "x": 645, "y": 276, "width": 27, "height": 15}, "region_attributes": {"label": ".841", "key_type": "value", "formal_key": "answer"}}, {"shape_attributes": {"name": "rect", "x": 54, "y": 353, "width": 97, "height": 17}, "region_attributes": {"label": "PREFERENCE:", "key_type": "key", "formal_key": "question"}}, {"shape_attributes": {"name": "rect", "x": 215, "y": 429, "width": 47, "height": 15}, "region_attributes": {"label": "Bright", "key_type": "key", "formal_key": "question"}}, {"shape_attributes": {"name": "rect", "x": 380, "y": 430, "width": 21, "height": 11}, "region_attributes": {"label": "39", "key_type": "value", "formal_key": "answer"}}, {"shape_attributes": {"name": "rect", "x": 459, "y": 428, "width": 13, "height": 14}, "region_attributes": {"label": "34", "key_type": "value", "formal_key": "answer"}}, {"shape_attributes": {"name": "rect", "x": 527, "y": 430, "width": 22, "height": 9}, "region_attributes": {"label": "43", "key_type": "value", "formal_key": "answer"}}, {"shape_attributes": {"name": "rect", "x": 596, "y": 429, "width": 20, "height": 12}, "region_attributes": {"label": "35", "key_type": "value", "formal_key": "answer"}}, {"shape_attributes": {"name": "rect", "x": 656, "y": 430, "width": 21, "height": 12}, "region_attributes": {"label": "42", "key_type": "value", "formal_key": "answer"}}, {"shape_attributes": {"name": "rect", "x": 660, "y": 458, "width": 17, "height": 15}, "region_attributes": {"label": "8", "key_type": "value", "formal_key": "answer"}}, {"shape_attributes": {"name": "rect", "x": 601, "y": 458, "width": 13, "height": 17}, "region_attributes": {"label": "9", "key_type": "value", "formal_key": "answer"}}, {"shape_attributes": {"name": "rect", "x": 531, "y": 456, "width": 14, "height": 17}, "region_attributes": {"label": "11", "key_type": "value", "formal_key": "answer"}}, {"shape_attributes": {"name": "rect", "x": 459, "y": 459, "width": 15, "height": 15}, "region_attributes": {"label": "6", "key_type": "value", "formal_key": "answer"}}, {"shape_attributes": {"name": "rect", "x": 383, "y": 460, "width": 17, "height": 14}, "region_attributes": {"label": "8", "key_type": "value", "formal_key": "answer"}}, {"shape_attributes": {"name": "rect", "x": 373, "y": 478, "width": 26, "height": 19}, "region_attributes": {"label": "200", "key_type": "value", "formal_key": "answer"}}, {"shape_attributes": {"name": "rect", "x": 452, "y": 480, "width": 25, "height": 14}, "region_attributes": {"label": "100", "key_type": "value", "formal_key": "answer"}}, {"shape_attributes": {"name": "rect", "x": 521, "y": 479, "width": 31, "height": 13}, "region_attributes": {"label": "100", "key_type": "value", "formal_key": "answer"}}, {"shape_attributes": {"name": "rect", "x": 590, "y": 480, "width": 28, "height": 15}, "region_attributes": {"label": "100", "key_type": "value", "formal_key": "answer"}}, {"shape_attributes": {"name": "rect", "x": 653, "y": 479, "width": 24, "height": 14}, "region_attributes": {"label": "100", "key_type": "value", "formal_key": "answer"}}, {"shape_attributes": {"name": "rect", "x": 13, "y": 522, "width": 97, "height": 11}, "region_attributes": {"label": "ATTRIBUTES:", "key_type": "key", "formal_key": "question"}}, {"shape_attributes": {"name": "rect", "x": 380, "y": 399, "width": 41, "height": 13}, "region_attributes": {"label": "53+++", "key_type": "value", "formal_key": "answer"}}, {"shape_attributes": {"name": "rect", "x": 455, "y": 397, "width": 42, "height": 17}, "region_attributes": {"label": "60+++", "key_type": "value", "formal_key": "answer"}}, {"shape_attributes": {"name": "rect", "x": 532, "y": 399, "width": 19, "height": 14}, "region_attributes": {"label": "46", "key_type": "value", "formal_key": "answer"}}, {"shape_attributes": {"name": "rect", "x": 599, "y": 396, "width": 38, "height": 15}, "region_attributes": {"label": "56+++", "key_type": "value", "formal_key": "answer"}}, {"shape_attributes": {"name": "rect", "x": 660, "y": 396, "width": 17, "height": 15}, "region_attributes": {"label": "50", "key_type": "value", "formal_key": "answer"}}, {"shape_attributes": {"name": "rect", "x": 317, "y": 355, "width": 27, "height": 17}, "region_attributes": {"label": "(n=)", "key_type": "value", "formal_key": "others"}}, {"shape_attributes": {"name": "rect", "x": 167, "y": 525, "width": 39, "height": 14}, "region_attributes": {"label": "Total", "key_type": "key", "formal_key": "header"}}, {"shape_attributes": {"name": "rect", "x": 284, "y": 520, "width": 34, "height": 17}, "region_attributes": {"label": "Male", "key_type": "key", "formal_key": "question"}}, {"shape_attributes": {"name": "rect", "x": 381, "y": 519, "width": 50, "height": 18}, "region_attributes": {"label": "Female", "key_type": "key", "formal_key": "header"}}, {"shape_attributes": {"name": "rect", "x": 613, "y": 518, "width": 24, "height": 17}, "region_attributes": {"label": "35+", "key_type": "key", "formal_key": "header"}}, {"shape_attributes": {"name": "rect", "x": 144, "y": 547, "width": 26, "height": 18}, "region_attributes": {"label": "KL", "key_type": "key", "formal_key": "question"}}, {"shape_attributes": {"name": "rect", "x": 191, "y": 545, "width": 50, "height": 18}, "region_attributes": {"label": "Bright", "key_type": "key", "formal_key": "question"}}, {"shape_attributes": {"name": "rect", "x": 259, "y": 547, "width": 24, "height": 15}, "region_attributes": {"label": "KL", "key_type": "value", "formal_key": "answer"}}, {"shape_attributes": {"name": "rect", "x": 309, "y": 544, "width": 46, "height": 20}, "region_attributes": {"label": "Bright", "key_type": "key", "formal_key": "question"}}, {"shape_attributes": {"name": "rect", "x": 370, "y": 546, "width": 21, "height": 13}, "region_attributes": {"label": "KL", "key_type": "key", "formal_key": "question"}}, {"shape_attributes": {"name": "rect", "x": 414, "y": 546, "width": 46, "height": 14}, "region_attributes": {"label": "Bright", "key_type": "key", "formal_key": "question"}}, {"shape_attributes": {"name": "rect", "x": 481, "y": 547, "width": 24, "height": 13}, "region_attributes": {"label": "KL", "key_type": "key", "formal_key": "question"}}, {"shape_attributes": {"name": "rect", "x": 531, "y": 546, "width": 47, "height": 13}, "region_attributes": {"label": "Bright", "key_type": "key", "formal_key": "question"}}, {"shape_attributes": {"name": "rect", "x": 591, "y": 547, "width": 22, "height": 11}, "region_attributes": {"label": "KL", "key_type": "key", "formal_key": "question"}}, {"shape_attributes": {"name": "rect", "x": 639, "y": 545, "width": 45, "height": 12}, "region_attributes": {"label": "Bright", "key_type": "key", "formal_key": "question"}}, {"shape_attributes": {"name": "rect", "x": 366, "y": 577, "width": 32, "height": 15}, "region_attributes": {"label": "4.51", "key_type": "value", "formal_key": "answer"}}, {"shape_attributes": {"name": "rect", "x": 320, "y": 579, "width": 31, "height": 15}, "region_attributes": {"label": "4.45", "key_type": "value", "formal_key": "answer"}}, {"shape_attributes": {"name": "rect", "x": 254, "y": 577, "width": 41, "height": 14}, "region_attributes": {"label": "4.09**", "key_type": "value", "formal_key": "answer"}}, {"shape_attributes": {"name": "rect", "x": 205, "y": 579, "width": 32, "height": 15}, "region_attributes": {"label": "4.59", "key_type": "value", "formal_key": "answer"}}, {"shape_attributes": {"name": "rect", "x": 140, "y": 577, "width": 57, "height": 17}, "region_attributes": {"label": "4.31***", "key_type": "value", "formal_key": "answer"}}, {"shape_attributes": {"name": "rect", "x": 140, "y": 608, "width": 51, "height": 14}, "region_attributes": {"label": "3.60**", "key_type": "value", "formal_key": "answer"}}, {"shape_attributes": {"name": "rect", "x": 139, "y": 638, "width": 52, "height": 15}, "region_attributes": {"label": "3.64***", "key_type": "value", "formal_key": "answer"}}, {"shape_attributes": {"name": "rect", "x": 142, "y": 670, "width": 57, "height": 15}, "region_attributes": {"label": "3.39***", "key_type": "value", "formal_key": "answer"}}, {"shape_attributes": {"name": "rect", "x": 139, "y": 700, "width": 54, "height": 13}, "region_attributes": {"label": "3.12***", "key_type": "value", "formal_key": "answer"}}, {"shape_attributes": {"name": "rect", "x": 142, "y": 730, "width": 55, "height": 15}, "region_attributes": {"label": "3.56***", "key_type": "value", "formal_key": "answer"}}, {"shape_attributes": {"name": "rect", "x": 134, "y": 765, "width": 42, "height": 15}, "region_attributes": {"label": "4.00", "key_type": "value", "formal_key": "answer"}}, {"shape_attributes": {"name": "rect", "x": 202, "y": 608, "width": 35, "height": 15}, "region_attributes": {"label": "3.42", "key_type": "value", "formal_key": "answer"}}, {"shape_attributes": {"name": "rect", "x": 250, "y": 607, "width": 46, "height": 17}, "region_attributes": {"label": "3.73**", "key_type": "value", "formal_key": "answer"}}, {"shape_attributes": {"name": "rect", "x": 246, "y": 640, "width": 58, "height": 14}, "region_attributes": {"label": "3.58***", "key_type": "value", "formal_key": "answer"}}, {"shape_attributes": {"name": "rect", "x": 204, "y": 643, "width": 37, "height": 12}, "region_attributes": {"label": "4.94", "key_type": "value", "formal_key": "answer"}}, {"shape_attributes": {"name": "rect", "x": 200, "y": 669, "width": 40, "height": 19}, "region_attributes": {"label": "3.04", "key_type": "value", "formal_key": "answer"}}, {"shape_attributes": {"name": "rect", "x": 248, "y": 670, "width": 60, "height": 18}, "region_attributes": {"label": "3.46***", "key_type": "value", "formal_key": "answer"}}, {"shape_attributes": {"name": "rect", "x": 248, "y": 696, "width": 53, "height": 19}, "region_attributes": {"label": "3.28***", "key_type": "value", "formal_key": "answer"}}, {"shape_attributes": {"name": "rect", "x": 200, "y": 697, "width": 39, "height": 19}, "region_attributes": {"label": "2.78", "key_type": "value", "formal_key": "answer"}}, {"shape_attributes": {"name": "rect", "x": 202, "y": 730, "width": 37, "height": 20}, "region_attributes": {"label": "3.24", "key_type": "value", "formal_key": "answer"}}, {"shape_attributes": {"name": "rect", "x": 197, "y": 761, "width": 44, "height": 19}, "region_attributes": {"label": "3.96", "key_type": "value", "formal_key": "answer"}}, {"shape_attributes": {"name": "rect", "x": 246, "y": 762, "width": 33, "height": 15}, "region_attributes": {"label": "4.02", "key_type": "value", "formal_key": "answer"}}, {"shape_attributes": {"name": "rect", "x": 249, "y": 730, "width": 53, "height": 14}, "region_attributes": {"label": "3.69***", "key_type": "value", "formal_key": "answer"}}, {"shape_attributes": {"name": "rect", "x": 321, "y": 669, "width": 32, "height": 20}, "region_attributes": {"label": "3.02", "key_type": "value", "formal_key": "answer"}}, {"shape_attributes": {"name": "rect", "x": 321, "y": 698, "width": 29, "height": 17}, "region_attributes": {"label": "2.78", "key_type": "value", "formal_key": "answer"}}, {"shape_attributes": {"name": "rect", "x": 320, "y": 731, "width": 33, "height": 17}, "region_attributes": {"label": "3.21", "key_type": "value", "formal_key": "answer"}}, {"shape_attributes": {"name": "rect", "x": 314, "y": 759, "width": 42, "height": 21}, "region_attributes": {"label": "3.95", "key_type": "value", "formal_key": "answer"}}, {"shape_attributes": {"name": "rect", "x": 363, "y": 763, "width": 34, "height": 15}, "region_attributes": {"label": "3.99", "key_type": "value", "formal_key": "answer"}}, {"shape_attributes": {"name": "rect", "x": 360, "y": 732, "width": 38, "height": 14}, "region_attributes": {"label": "3.44", "key_type": "value", "formal_key": "answer"}}, {"shape_attributes": {"name": "rect", "x": 363, "y": 695, "width": 39, "height": 19}, "region_attributes": {"label": "2.97*", "key_type": "value", "formal_key": "answer"}}, {"shape_attributes": {"name": "rect", "x": 364, "y": 666, "width": 44, "height": 18}, "region_attributes": {"label": "3.33**", "key_type": "value", "formal_key": "answer"}}, {"shape_attributes": {"name": "rect", "x": 363, "y": 637, "width": 51, "height": 18}, "region_attributes": {"label": "3.70***", "key_type": "value", "formal_key": "answer"}}, {"shape_attributes": {"name": "rect", "x": 364, "y": 607, "width": 40, "height": 17}, "region_attributes": {"label": "3.47", "key_type": "value", "formal_key": "answer"}}, {"shape_attributes": {"name": "rect", "x": 318, "y": 610, "width": 32, "height": 14}, "region_attributes": {"label": "3.43", "key_type": "value", "formal_key": "answer"}}, {"shape_attributes": {"name": "rect", "x": 316, "y": 643, "width": 35, "height": 14}, "region_attributes": {"label": "4.85", "key_type": "value", "formal_key": "answer"}}, {"shape_attributes": {"name": "rect", "x": 427, "y": 575, "width": 33, "height": 15}, "region_attributes": {"label": "4.71", "key_type": "value", "formal_key": "answer"}}, {"shape_attributes": {"name": "rect", "x": 427, "y": 608, "width": 33, "height": 17}, "region_attributes": {"label": "3.41", "key_type": "value", "formal_key": "answer"}}, {"shape_attributes": {"name": "rect", "x": 423, "y": 636, "width": 42, "height": 20}, "region_attributes": {"label": "5.02", "key_type": "value", "formal_key": "answer"}}, {"shape_attributes": {"name": "rect", "x": 427, "y": 671, "width": 33, "height": 14}, "region_attributes": {"label": "3.06", "key_type": "value", "formal_key": "answer"}}, {"shape_attributes": {"name": "rect", "x": 422, "y": 696, "width": 41, "height": 19}, "region_attributes": {"label": "2.78", "key_type": "value", "formal_key": "answer"}}, {"shape_attributes": {"name": "rect", "x": 425, "y": 732, "width": 34, "height": 17}, "region_attributes": {"label": "3.26", "key_type": "value", "formal_key": "answer"}}, {"shape_attributes": {"name": "rect", "x": 427, "y": 764, "width": 32, "height": 14}, "region_attributes": {"label": "3.96", "key_type": "value", "formal_key": "answer"}}, {"shape_attributes": {"name": "rect", "x": 473, "y": 574, "width": 51, "height": 15}, "region_attributes": {"label": "4.35**", "key_type": "value", "formal_key": "answer"}}, {"shape_attributes": {"name": "rect", "x": 472, "y": 606, "width": 44, "height": 15}, "region_attributes": {"label": "3.61*", "key_type": "value", "formal_key": "answer"}}, {"shape_attributes": {"name": "rect", "x": 475, "y": 639, "width": 53, "height": 15}, "region_attributes": {"label": "3.63***", "key_type": "value", "formal_key": "answer"}}, {"shape_attributes": {"name": "rect", "x": 474, "y": 667, "width": 53, "height": 20}, "region_attributes": {"label": "3.45***", "key_type": "value", "formal_key": "answer"}}, {"shape_attributes": {"name": "rect", "x": 474, "y": 695, "width": 50, "height": 19}, "region_attributes": {"label": "3.17***", "key_type": "value", "formal_key": "answer"}}, {"shape_attributes": {"name": "rect", "x": 474, "y": 728, "width": 51, "height": 20}, "region_attributes": {"label": "3.52***", "key_type": "value", "formal_key": "answer"}}, {"shape_attributes": {"name": "rect", "x": 476, "y": 765, "width": 42, "height": 12}, "region_attributes": {"label": "4.07**", "key_type": "value", "formal_key": "answer"}}, {"shape_attributes": {"name": "rect", "x": 539, "y": 577, "width": 37, "height": 14}, "region_attributes": {"label": "4.74", "key_type": "value", "formal_key": "answer"}}, {"shape_attributes": {"name": "rect", "x": 541, "y": 607, "width": 33, "height": 14}, "region_attributes": {"label": "3.38", "key_type": "value", "formal_key": "answer"}}, {"shape_attributes": {"name": "rect", "x": 545, "y": 638, "width": 33, "height": 18}, "region_attributes": {"label": "5.31", "key_type": "value", "formal_key": "answer"}}, {"shape_attributes": {"name": "rect", "x": 540, "y": 667, "width": 34, "height": 20}, "region_attributes": {"label": "2.99", "key_type": "value", "formal_key": "answer"}}, {"shape_attributes": {"name": "rect", "x": 542, "y": 697, "width": 32, "height": 18}, "region_attributes": {"label": "2.74", "key_type": "value", "formal_key": "answer"}}, {"shape_attributes": {"name": "rect", "x": 546, "y": 732, "width": 25, "height": 17}, "region_attributes": {"label": "3.07", "key_type": "value", "formal_key": "answer"}}, {"shape_attributes": {"name": "rect", "x": 544, "y": 761, "width": 29, "height": 20}, "region_attributes": {"label": "3.92", "key_type": "value", "formal_key": "answer"}}, {"shape_attributes": {"name": "rect", "x": 590, "y": 574, "width": 33, "height": 15}, "region_attributes": {"label": "4.27", "key_type": "value", "formal_key": "answer"}}, {"shape_attributes": {"name": "rect", "x": 590, "y": 607, "width": 35, "height": 13}, "region_attributes": {"label": "3.58", "key_type": "value", "formal_key": "answer"}}, {"shape_attributes": {"name": "rect", "x": 590, "y": 638, "width": 50, "height": 14}, "region_attributes": {"label": "3.65***", "key_type": "value", "formal_key": "answer"}}, {"shape_attributes": {"name": "rect", "x": 592, "y": 672, "width": 44, "height": 12}, "region_attributes": {"label": "2.34**", "key_type": "value", "formal_key": "answer"}}, {"shape_attributes": {"name": "rect", "x": 592, "y": 692, "width": 44, "height": 21}, "region_attributes": {"label": "3.08**", "key_type": "value", "formal_key": "answer"}}, {"shape_attributes": {"name": "rect", "x": 591, "y": 730, "width": 38, "height": 17}, "region_attributes": {"label": "3.60*", "key_type": "value", "formal_key": "answer"}}, {"shape_attributes": {"name": "rect", "x": 587, "y": 763, "width": 33, "height": 14}, "region_attributes": {"label": "3.94", "key_type": "value", "formal_key": "answer"}}, {"shape_attributes": {"name": "rect", "x": 645, "y": 574, "width": 39, "height": 17}, "region_attributes": {"label": "4.45", "key_type": "value", "formal_key": "answer"}}, {"shape_attributes": {"name": "rect", "x": 639, "y": 607, "width": 38, "height": 12}, "region_attributes": {"label": "3.46", "key_type": "value", "formal_key": "answer"}}, {"shape_attributes": {"name": "rect", "x": 644, "y": 640, "width": 37, "height": 12}, "region_attributes": {"label": "4.61", "key_type": "value", "formal_key": "answer"}}, {"shape_attributes": {"name": "rect", "x": 646, "y": 670, "width": 31, "height": 13}, "region_attributes": {"label": "2.08", "key_type": "value", "formal_key": "answer"}}, {"shape_attributes": {"name": "rect", "x": 642, "y": 697, "width": 37, "height": 18}, "region_attributes": {"label": "2.82", "key_type": "value", "formal_key": "answer"}}, {"shape_attributes": {"name": "rect", "x": 637, "y": 729, "width": 39, "height": 18}, "region_attributes": {"label": "3.39", "key_type": "value", "formal_key": "answer"}}, {"shape_attributes": {"name": "rect", "x": 643, "y": 762, "width": 32, "height": 14}, "region_attributes": {"label": "3.99", "key_type": "value", "formal_key": "answer"}}, {"shape_attributes": {"name": "rect", "x": 550, "y": 883, "width": 125, "height": 21}, "region_attributes": {"label": "620915734", "key_type": "value", "formal_key": "others"}}, {"shape_attributes": {"name": "rect", "x": 113, "y": 829, "width": 50, "height": 14}, "region_attributes": {"label": "+/-/*", "key_type": "value", "formal_key": "others"}}, {"shape_attributes": {"name": "rect", "x": 107, "y": 848, "width": 73, "height": 11}, "region_attributes": {"label": "++/--/**", "key_type": "value", "formal_key": "others"}}, {"shape_attributes": {"name": "rect", "x": 101, "y": 861, "width": 90, "height": 14}, "region_attributes": {"label": "+++/---/***", "key_type": "value", "formal_key": "others"}}, {"shape_attributes": {"name": "rect", "x": 45, "y": 795, "width": 68, "height": 13}, "region_attributes": {"label": "Attribute", "key_type": "value", "formal_key": "others"}}, {"shape_attributes": {"name": "rect", "x": 116, "y": 795, "width": 47, "height": 14}, "region_attributes": {"label": "scores", "key_type": "value", "formal_key": "others"}}, {"shape_attributes": {"name": "rect", "x": 156, "y": 794, "width": 60, "height": 14}, "region_attributes": {"label": "reflectia", "key_type": "value", "formal_key": "others"}}, {"shape_attributes": {"name": "rect", "x": 213, "y": 794, "width": 15, "height": 14}, "region_attributes": {"label": "a", "key_type": "value", "formal_key": "others"}}, {"shape_attributes": {"name": "rect", "x": 228, "y": 796, "width": 77, "height": 12}, "region_attributes": {"label": "comparison", "key_type": "value", "formal_key": "others"}}, {"shape_attributes": {"name": "rect", "x": 303, "y": 790, "width": 20, "height": 13}, "region_attributes": {"label": "of", "key_type": "value", "formal_key": "others"}}, {"shape_attributes": {"name": "rect", "x": 328, "y": 792, "width": 21, "height": 13}, "region_attributes": {"label": "the", "key_type": "value", "formal_key": "others"}}, {"shape_attributes": {"name": "rect", "x": 354, "y": 792, "width": 28, "height": 15}, "region_attributes": {"label": "test", "key_type": "value", "formal_key": "others"}}, {"shape_attributes": {"name": "rect", "x": 384, "y": 794, "width": 57, "height": 11}, "region_attributes": {"label": "product", "key_type": "value", "formal_key": "others"}}, {"shape_attributes": {"name": "rect", "x": 441, "y": 794, "width": 19, "height": 11}, "region_attributes": {"label": "to", "key_type": "value", "formal_key": "others"}}, {"shape_attributes": {"name": "rect", "x": 465, "y": 792, "width": 24, "height": 13}, "region_attributes": {"label": "the", "key_type": "value", "formal_key": "others"}}, {"shape_attributes": {"name": "rect", "x": 491, "y": 791, "width": 57, "height": 14}, "region_attributes": {"label": "smoker's", "key_type": "value", "formal_key": "others"}}, {"shape_attributes": {"name": "rect", "x": 546, "y": 789, "width": 34, "height": 17}, "region_attributes": {"label": "most", "key_type": "value", "formal_key": "others"}}, {"shape_attributes": {"name": "rect", "x": 579, "y": 792, "width": 42, "height": 13}, "region_attributes": {"label": "often", "key_type": "value", "formal_key": "others"}}, {"shape_attributes": {"name": "rect", "x": 624, "y": 789, "width": 39, "height": 17}, "region_attributes": {"label": "brand", "key_type": "value", "formal_key": "others"}}, {"shape_attributes": {"name": "rect", "x": 8, "y": 790, "width": 34, "height": 18}, "region_attributes": {"label": "NOTE", "key_type": "value", "formal_key": "others"}}, {"shape_attributes": {"name": "rect", "x": 60, "y": 60, "width": 171, "height": 29}, "region_attributes": {"label": "TOP- LINES MENTHOL PRODUCT TEST", "key_type": "key", "formal_key": "header"}}, {"shape_attributes": {"name": "rect", "x": 493, "y": 39, "width": 70, "height": 17}, "region_attributes": {"label": "C273- 82- 7", "key_type": "value", "formal_key": "answer"}}, {"shape_attributes": {"name": "rect", "x": 488, "y": 55, "width": 71, "height": 14}, "region_attributes": {"label": "1982 102KL", "key_type": "value", "formal_key": "answer"}}, {"shape_attributes": {"name": "rect", "x": 486, "y": 73, "width": 52, "height": 13}, "region_attributes": {"label": "1 of 4", "key_type": "value", "formal_key": "answer"}}, {"shape_attributes": {"name": "rect", "x": 441, "y": 42, "width": 44, "height": 14}, "region_attributes": {"label": "PDC #", "key_type": "key", "formal_key": "question"}}, {"shape_attributes": {"name": "rect", "x": 408, "y": 58, "width": 76, "height": 15}, "region_attributes": {"label": "PROJECT #", "key_type": "key", "formal_key": "question"}}, {"shape_attributes": {"name": "rect", "x": 429, "y": 73, "width": 55, "height": 15}, "region_attributes": {"label": "PAGE #", "key_type": "key", "formal_key": "question"}}, {"shape_attributes": {"name": "rect", "x": 185, "y": 113, "width": 308, "height": 21}, "region_attributes": {"label": "KOOL Lights KS vs. Bright KS Product Monitor", "key_type": "value", "formal_key": "answer"}}, {"shape_attributes": {"name": "rect", "x": 182, "y": 140, "width": 400, "height": 48}, "region_attributes": {"label": "408 Menthol Lights / 105 Menthol Ultra, 111 Non- Menthol Lights / 92 Non- Menthol Ultras)", "key_type": "value", "formal_key": "answer"}}, {"shape_attributes": {"name": "rect", "x": 189, "y": 197, "width": 124, "height": 18}, "region_attributes": {"label": "September 13, 1982", "key_type": "value", "formal_key": "answer"}}, {"shape_attributes": {"name": "rect", "x": 58, "y": 205, "width": 95, "height": 14}, "region_attributes": {"label": "FIELD DATE:", "key_type": "key", "formal_key": "question"}}, {"shape_attributes": {"name": "rect", "x": 165, "y": 233, "width": 89, "height": 17}, "region_attributes": {"label": "# 839 / 869", "key_type": "value", "formal_key": "answer"}}, {"shape_attributes": {"name": "rect", "x": 167, "y": 275, "width": 88, "height": 21}, "region_attributes": {"label": "# 369 / 839", "key_type": "value", "formal_key": "others"}}, {"shape_attributes": {"name": "rect", "x": 265, "y": 232, "width": 187, "height": 34}, "region_attributes": {"label": "KOOL Lights KS- white tip- ping masked", "key_type": "key", "formal_key": "question"}}, {"shape_attributes": {"name": "rect", "x": 644, "y": 236, "width": 33, "height": 12}, "region_attributes": {"label": ".4 4", "key_type": "value", "formal_key": "answer"}}, {"shape_attributes": {"name": "rect", "x": 574, "y": 274, "width": 33, "height": 17}, "region_attributes": {"label": "13. 5", "key_type": "value", "formal_key": "answer"}}, {"shape_attributes": {"name": "rect", "x": 521, "y": 275, "width": 24, "height": 17}, "region_attributes": {"label": ".55", "key_type": "value", "formal_key": "answer"}}, {"shape_attributes": {"name": "rect", "x": 473, "y": 275, "width": 27, "height": 14}, "region_attributes": {"label": "5. 5", "key_type": "value", "formal_key": "answer"}}, {"shape_attributes": {"name": "rect", "x": 267, "y": 289, "width": 398, "height": 31}, "region_attributes": {"label": "masked / a certain proportion of the menthol result is pep- perrront oil; R&D is unable to determine the percentage.", "key_type": "value", "formal_key": "others"}}, {"shape_attributes": {"name": "rect", "x": 269, "y": 275, "width": 174, "height": 16}, "region_attributes": {"label": "Bright KS white tipping-", "key_type": "key", "formal_key": "question"}}, {"shape_attributes": {"name": "rect", "x": 458, "y": 328, "width": 150, "height": 15}, "region_attributes": {"label": "Total Menthol Smokers", "key_type": "value", "formal_key": "others"}}, {"shape_attributes": {"name": "rect", "x": 375, "y": 343, "width": 38, "height": 29}, "region_attributes": {"label": "Total (205)", "key_type": "key", "formal_key": "question"}}, {"shape_attributes": {"name": "rect", "x": 448, "y": 343, "width": 35, "height": 30}, "region_attributes": {"label": "Male (99)", "key_type": "key", "formal_key": "question"}}, {"shape_attributes": {"name": "rect", "x": 512, "y": 343, "width": 46, "height": 31}, "region_attributes": {"label": "Female (106)", "key_type": "key", "formal_key": "question"}}, {"shape_attributes": {"name": "rect", "x": 586, "y": 342, "width": 39, "height": 26}, "region_attributes": {"label": "21- 34 (96)", "key_type": "key", "formal_key": "question"}}, {"shape_attributes": {"name": "rect", "x": 649, "y": 343, "width": 33, "height": 28}, "region_attributes": {"label": "35+ 109", "key_type": "key", "formal_key": "question"}}, {"shape_attributes": {"name": "rect", "x": 215, "y": 396, "width": 83, "height": 19}, "region_attributes": {"label": "KOOL Lights", "key_type": "key", "formal_key": "question"}}, {"shape_attributes": {"name": "rect", "x": 210, "y": 458, "width": 100, "height": 18}, "region_attributes": {"label": "No Preference", "key_type": "key", "formal_key": "question"}}, {"shape_attributes": {"name": "rect", "x": 506, "y": 518, "width": 36, "height": 19}, "region_attributes": {"label": "21- 34", "key_type": "key", "formal_key": "header"}}, {"shape_attributes": {"name": "rect", "x": 15, "y": 574, "width": 106, "height": 31}, "region_attributes": {"label": "STRENGTH (7= Stronger)", "key_type": "key", "formal_key": "question"}}, {"shape_attributes": {"name": "rect", "x": 14, "y": 607, "width": 105, "height": 28}, "region_attributes": {"label": "SMOOTHNESS (7= 5moother", "key_type": "key", "formal_key": "question"}}, {"shape_attributes": {"name": "rect", "x": 12, "y": 633, "width": 106, "height": 33}, "region_attributes": {"label": "AMT MENTHOL (7= More)", "key_type": "key", "formal_key": "question"}}, {"shape_attributes": {"name": "rect", "x": 14, "y": 669, "width": 112, "height": 29}, "region_attributes": {"label": "MENTHOL TASTE (7= Better", "key_type": "key", "formal_key": "question"}}, {"shape_attributes": {"name": "rect", "x": 13, "y": 698, "width": 85, "height": 29}, "region_attributes": {"label": "SATISFYING (7= More", "key_type": "key", "formal_key": "question"}}, {"shape_attributes": {"name": "rect", "x": 11, "y": 730, "width": 107, "height": 30}, "region_attributes": {"label": "APTERTASTE (7= Pleasant)", "key_type": "key", "formal_key": "question"}}, {"shape_attributes": {"name": "rect", "x": 13, "y": 765, "width": 96, "height": 28}, "region_attributes": {"label": "EASE OF DRAW 17 Easier", "key_type": "key", "formal_key": "question"}}, {"shape_attributes": {"name": "rect", "x": 195, "y": 829, "width": 199, "height": 14}, "region_attributes": {"label": "Directional Difference:", "key_type": "key", "formal_key": "question"}}, {"shape_attributes": {"name": "rect", "x": 401, "y": 827, "width": 197, "height": 18}, "region_attributes": {"label": "66 79% confidence Level", "key_type": "value", "formal_key": "answer"}}, {"shape_attributes": {"name": "rect", "x": 403, "y": 843, "width": 193, "height": 19}, "region_attributes": {"label": "80- 94% confidence Level", "key_type": "value", "formal_key": "answer"}}, {"shape_attributes": {"name": "rect", "x": 399, "y": 856, "width": 183, "height": 25}, "region_attributes": {"label": "95+% confidence Level", "key_type": "value", "formal_key": "answer"}}, {"shape_attributes": {"name": "rect", "x": 193, "y": 846, "width": 171, "height": 17}, "region_attributes": {"label": "Marginal Difference:", "key_type": "key", "formal_key": "question"}}, {"shape_attributes": {"name": "rect", "x": 198, "y": 862, "width": 191, "height": 17}, "region_attributes": {"label": "Significant Difference:", "key_type": "key", "formal_key": "question"}}]}}}