﻿{"file_name": "0001118259.json", "attributes": {"_via_img_metadata": {"regions": [{"shape_attributes": {"name": "rect", "x": 221, "y": 71, "width": 43, "height": 18}, "region_attributes": {"label": "B&W", "key_type": "key", "formal_key": "header"}}, {"shape_attributes": {"name": "rect", "x": 221, "y": 41, "width": 42, "height": 29}, "region_attributes": {"label": "", "key_type": "value", "formal_key": "others"}}, {"shape_attributes": {"name": "rect", "x": 377, "y": 366, "width": 39, "height": 14}, "region_attributes": {"label": "WCC", "key_type": "value", "formal_key": "answer"}}, {"shape_attributes": {"name": "rect", "x": 697, "y": 796, "width": 24, "height": 131}, "region_attributes": {"label": "621800455", "key_type": "value", "formal_key": "others"}}, {"shape_attributes": {"name": "rect", "x": 511, "y": 50, "width": 219, "height": 32}, "region_attributes": {"label": "Reconstituted Tobacco Leaf Substitutions Export Formulas", "key_type": "value", "formal_key": "others"}}, {"shape_attributes": {"name": "rect", "x": 601, "y": 84, "width": 77, "height": 11}, "region_attributes": {"label": "Revision Date:", "key_type": "key", "formal_key": "question"}}, {"shape_attributes": {"name": "rect", "x": 254, "y": 154, "width": 256, "height": 40}, "region_attributes": {"label": "Allowable Grade Substitutions for Export CPCL", "key_type": "key", "formal_key": "header"}}, {"shape_attributes": {"name": "rect", "x": 148, "y": 253, "width": 183, "height": 21}, "region_attributes": {"label": "Standard Grade Mark", "key_type": "key", "formal_key": "question"}}, {"shape_attributes": {"name": "rect", "x": 412, "y": 257, "width": 197, "height": 21}, "region_attributes": {"label": "Allowable Substitutions", "key_type": "key", "formal_key": "question"}}, {"shape_attributes": {"name": "rect", "x": 108, "y": 282, "width": 178, "height": 23}, "region_attributes": {"label": "PCFS Flue cured fines", "key_type": "value", "formal_key": "answer"}}, {"shape_attributes": {"name": "rect", "x": 108, "y": 328, "width": 148, "height": 21}, "region_attributes": {"label": "PCBS Burley fines", "key_type": "value", "formal_key": "answer"}}, {"shape_attributes": {"name": "rect", "x": 105, "y": 406, "width": 201, "height": 22}, "region_attributes": {"label": "MC- 4 Manufacturing fines", "key_type": "value", "formal_key": "answer"}}, {"shape_attributes": {"name": "rect", "x": 102, "y": 542, "width": 141, "height": 17}, "region_attributes": {"label": "MC -6 Stem Meal", "key_type": "value", "formal_key": "answer"}}, {"shape_attributes": {"name": "rect", "x": 101, "y": 588, "width": 143, "height": 17}, "region_attributes": {"label": "MC -7 Winnowers", "key_type": "value", "formal_key": "answer"}}, {"shape_attributes": {"name": "rect", "x": 99, "y": 634, "width": 209, "height": 20}, "region_attributes": {"label": "RXF Fine flue cured stem", "key_type": "value", "formal_key": "answer"}}, {"shape_attributes": {"name": "rect", "x": 98, "y": 742, "width": 182, "height": 19}, "region_attributes": {"label": "RBF Fine Burely stem", "key_type": "value", "formal_key": "answer"}}, {"shape_attributes": {"name": "rect", "x": 378, "y": 291, "width": 144, "height": 16}, "region_attributes": {"label": "RPCFS or RPCFS-O ", "key_type": "value", "formal_key": "answer"}}, {"shape_attributes": {"name": "rect", "x": 378, "y": 337, "width": 145, "height": 17}, "region_attributes": {"label": "RPCBS OT RPCBS- O", "key_type": "value", "formal_key": "answer"}}, {"shape_attributes": {"name": "rect", "x": 377, "y": 411, "width": 53, "height": 18}, "region_attributes": {"label": "MC -4 -S", "key_type": "value", "formal_key": "answer"}}, {"shape_attributes": {"name": "rect", "x": 378, "y": 439, "width": 63, "height": 18}, "region_attributes": {"label": "MC -4 -PH", "key_type": "value", "formal_key": "answer"}}, {"shape_attributes": {"name": "rect", "x": 376, "y": 471, "width": 64, "height": 15}, "region_attributes": {"label": "MC -4 -RC", "key_type": "value", "formal_key": "answer"}}, {"shape_attributes": {"name": "rect", "x": 376, "y": 500, "width": 58, "height": 17}, "region_attributes": {"label": "MC -4 -W", "key_type": "value", "formal_key": "answer"}}, {"shape_attributes": {"name": "rect", "x": 374, "y": 547, "width": 37, "height": 17}, "region_attributes": {"label": "MC -1", "key_type": "value", "formal_key": "answer"}}, {"shape_attributes": {"name": "rect", "x": 374, "y": 594, "width": 51, "height": 15}, "region_attributes": {"label": "C Stem", "key_type": "value", "formal_key": "answer"}}, {"shape_attributes": {"name": "rect", "x": 374, "y": 638, "width": 120, "height": 18}, "region_attributes": {"label": "RRXF or RRXF -O", "key_type": "value", "formal_key": "answer"}}, {"shape_attributes": {"name": "rect", "x": 372, "y": 670, "width": 61, "height": 14}, "region_attributes": {"label": "RRXM -B", "key_type": "value", "formal_key": "answer"}}, {"shape_attributes": {"name": "rect", "x": 372, "y": 700, "width": 59, "height": 16}, "region_attributes": {"label": "RRXM -T", "key_type": "value", "formal_key": "answer"}}, {"shape_attributes": {"name": "rect", "x": 370, "y": 747, "width": 121, "height": 18}, "region_attributes": {"label": "RRBF or RRBF -O", "key_type": "value", "formal_key": "answer"}}, {"shape_attributes": {"name": "rect", "x": 370, "y": 778, "width": 47, "height": 15}, "region_attributes": {"label": "RRB -B", "key_type": "value", "formal_key": "answer"}}, {"shape_attributes": {"name": "rect", "x": 369, "y": 809, "width": 46, "height": 14}, "region_attributes": {"label": "RRB -L", "key_type": "value", "formal_key": "answer"}}, {"shape_attributes": {"name": "rect", "x": 369, "y": 838, "width": 46, "height": 14}, "region_attributes": {"label": "RRB -T", "key_type": "value", "formal_key": "answer"}}]}}}