﻿{"file_name": "0001463282.json", "attributes": {"_via_img_metadata": {"regions": [{"shape_attributes": {"name": "rect", "x": 78, "y": 70, "width": 36, "height": 14}, "region_attributes": {"label": "Date:", "key_type": "key", "formal_key": "question"}}, {"shape_attributes": {"name": "rect", "x": 78, "y": 96, "width": 88, "height": 14}, "region_attributes": {"label": "Description:", "key_type": "key", "formal_key": "question"}}, {"shape_attributes": {"name": "rect", "x": 313, "y": 138, "width": 61, "height": 13}, "region_attributes": {"label": "Budgeted:", "key_type": "key", "formal_key": "header"}}, {"shape_attributes": {"name": "rect", "x": 507, "y": 126, "width": 22, "height": 14}, "region_attributes": {"label": "Yes", "key_type": "key", "formal_key": "question"}}, {"shape_attributes": {"name": "rect", "x": 508, "y": 138, "width": 22, "height": 15}, "region_attributes": {"label": "Yes", "key_type": "key", "formal_key": "question"}}, {"shape_attributes": {"name": "rect", "x": 570, "y": 137, "width": 15, "height": 14}, "region_attributes": {"label": "No", "key_type": "key", "formal_key": "question"}}, {"shape_attributes": {"name": "rect", "x": 570, "y": 123, "width": 15, "height": 15}, "region_attributes": {"label": "No", "key_type": "key", "formal_key": "question"}}, {"shape_attributes": {"name": "rect", "x": 538, "y": 127, "width": 15, "height": 10}, "region_attributes": {"label": "x", "key_type": "value", "formal_key": "answer"}}, {"shape_attributes": {"name": "rect", "x": 539, "y": 140, "width": 14, "height": 11}, "region_attributes": {"label": "x", "key_type": "value", "formal_key": "answer"}}, {"shape_attributes": {"name": "rect", "x": 534, "y": 152, "width": 34, "height": 14}, "region_attributes": {"label": "23.3", "key_type": "value", "formal_key": "answer"}}, {"shape_attributes": {"name": "rect", "x": 99, "y": 193, "width": 61, "height": 18}, "region_attributes": {"label": "Supplier", "key_type": "key", "formal_key": "question"}}, {"shape_attributes": {"name": "rect", "x": 274, "y": 194, "width": 34, "height": 15}, "region_attributes": {"label": "Cost", "key_type": "key", "formal_key": "question"}}, {"shape_attributes": {"name": "rect", "x": 313, "y": 191, "width": 18, "height": 18}, "region_attributes": {"label": "($)", "key_type": "key", "formal_key": "question"}}, {"shape_attributes": {"name": "rect", "x": 376, "y": 177, "width": 25, "height": 14}, "region_attributes": {"label": "Est.", "key_type": "key", "formal_key": "question"}}, {"shape_attributes": {"name": "rect", "x": 366, "y": 194, "width": 42, "height": 15}, "region_attributes": {"label": "Travel", "key_type": "value", "formal_key": "others"}}, {"shape_attributes": {"name": "rect", "x": 78, "y": 219, "width": 54, "height": 18}, "region_attributes": {"label": "Kapuler", "key_type": "value", "formal_key": "answer"}}, {"shape_attributes": {"name": "rect", "x": 75, "y": 278, "width": 75, "height": 15}, "region_attributes": {"label": "PROJECTED:", "key_type": "key", "formal_key": "header"}}, {"shape_attributes": {"name": "rect", "x": 427, "y": 669, "width": 34, "height": 13}, "region_attributes": {"label": "Date", "key_type": "key", "formal_key": "question"}}, {"shape_attributes": {"name": "rect", "x": 429, "y": 696, "width": 32, "height": 17}, "region_attributes": {"label": "Date", "key_type": "key", "formal_key": "question"}}, {"shape_attributes": {"name": "rect", "x": 430, "y": 722, "width": 31, "height": 15}, "region_attributes": {"label": "Date", "key_type": "key", "formal_key": "question"}}, {"shape_attributes": {"name": "rect", "x": 427, "y": 749, "width": 32, "height": 15}, "region_attributes": {"label": "Date", "key_type": "key", "formal_key": "question"}}, {"shape_attributes": {"name": "rect", "x": 427, "y": 777, "width": 32, "height": 17}, "region_attributes": {"label": "Date", "key_type": "key", "formal_key": "question"}}, {"shape_attributes": {"name": "rect", "x": 78, "y": 821, "width": 28, "height": 13}, "region_attributes": {"label": "cc:", "key_type": "key", "formal_key": "question"}}, {"shape_attributes": {"name": "rect", "x": 534, "y": 277, "width": 39, "height": 17}, "region_attributes": {"label": "1990", "key_type": "value", "formal_key": "others"}}, {"shape_attributes": {"name": "rect", "x": 510, "y": 292, "width": 87, "height": 13}, "region_attributes": {"label": "370,000.00", "key_type": "value", "formal_key": "answer"}}, {"shape_attributes": {"name": "rect", "x": 510, "y": 318, "width": 85, "height": 14}, "region_attributes": {"label": "199,900.00", "key_type": "value", "formal_key": "answer"}}, {"shape_attributes": {"name": "rect", "x": 504, "y": 345, "width": 92, "height": 20}, "region_attributes": {"label": "-35,675,00", "key_type": "value", "formal_key": "answer"}}, {"shape_attributes": {"name": "rect", "x": 434, "y": 388, "width": 31, "height": 13}, "region_attributes": {"label": "-O-", "key_type": "value", "formal_key": "answer"}}, {"shape_attributes": {"name": "rect", "x": 510, "y": 440, "width": 87, "height": 21}, "region_attributes": {"label": "164,225.00", "key_type": "value", "formal_key": "answer"}}, {"shape_attributes": {"name": "rect", "x": 507, "y": 483, "width": 89, "height": 18}, "region_attributes": {"label": "205,775.00", "key_type": "value", "formal_key": "answer"}}, {"shape_attributes": {"name": "rect", "x": 494, "y": 527, "width": 61, "height": 14}, "region_attributes": {"label": "Product", "key_type": "value", "formal_key": "answer"}}, {"shape_attributes": {"name": "rect", "x": 563, "y": 528, "width": 34, "height": 11}, "region_attributes": {"label": "Test", "key_type": "value", "formal_key": "answer"}}, {"shape_attributes": {"name": "rect", "x": 233, "y": 570, "width": 27, "height": 15}, "region_attributes": {"label": "400", "key_type": "value", "formal_key": "answer"}}, {"shape_attributes": {"name": "rect", "x": 242, "y": 598, "width": 50, "height": 15}, "region_attributes": {"label": "Kapuler", "key_type": "value", "formal_key": "answer"}}, {"shape_attributes": {"name": "rect", "x": 237, "y": 764, "width": 71, "height": 54}, "region_attributes": {"label": "", "key_type": "value", "formal_key": "answer"}}, {"shape_attributes": {"name": "rect", "x": 285, "y": 789, "width": 54, "height": 17}, "region_attributes": {"label": "Howard", "key_type": "value", "formal_key": "answer"}}, {"shape_attributes": {"name": "rect", "x": 260, "y": 791, "width": 21, "height": 14}, "region_attributes": {"label": "", "key_type": "value", "formal_key": "others"}}, {"shape_attributes": {"name": "rect", "x": 243, "y": 792, "width": 17, "height": 15}, "region_attributes": {"label": "", "key_type": "value", "formal_key": "others"}}, {"shape_attributes": {"name": "rect", "x": 486, "y": 832, "width": 50, "height": 17}, "region_attributes": {"label": "BARCLAY", "key_type": "value", "formal_key": "answer"}}, {"shape_attributes": {"name": "rect", "x": 532, "y": 862, "width": 119, "height": 27}, "region_attributes": {"label": "670801704", "key_type": "value", "formal_key": "others"}}, {"shape_attributes": {"name": "rect", "x": 538, "y": 67, "width": 15, "height": 15}, "region_attributes": {"label": "6", "key_type": "value", "formal_key": "answer"}}, {"shape_attributes": {"name": "rect", "x": 478, "y": 70, "width": 22, "height": 15}, "region_attributes": {"label": "No.", "key_type": "key", "formal_key": "question"}}, {"shape_attributes": {"name": "rect", "x": 237, "y": 42, "width": 222, "height": 14}, "region_attributes": {"label": "MARKETING RESEARCH AUTHORIZATION", "key_type": "key", "formal_key": "header"}}, {"shape_attributes": {"name": "rect", "x": 242, "y": 54, "width": 216, "height": 17}, "region_attributes": {"label": "(Recommended Proposal Attached)", "key_type": "value", "formal_key": "others"}}, {"shape_attributes": {"name": "rect", "x": 170, "y": 95, "width": 277, "height": 18}, "region_attributes": {"label": "Y- 1 Ultra 100' s vs. Winston Ultra 100' s", "key_type": "value", "formal_key": "answer"}}, {"shape_attributes": {"name": "rect", "x": 176, "y": 124, "width": 108, "height": 14}, "region_attributes": {"label": "W. T. Carpenter", "key_type": "value", "formal_key": "answer"}}, {"shape_attributes": {"name": "rect", "x": 80, "y": 124, "width": 93, "height": 15}, "region_attributes": {"label": "Requested By:", "key_type": "key", "formal_key": "question"}}, {"shape_attributes": {"name": "rect", "x": 311, "y": 124, "width": 185, "height": 15}, "region_attributes": {"label": "Research Request Attached:", "key_type": "key", "formal_key": "header"}}, {"shape_attributes": {"name": "rect", "x": 310, "y": 149, "width": 173, "height": 19}, "region_attributes": {"label": "Original Budgeted Amount", "key_type": "key", "formal_key": "question"}}, {"shape_attributes": {"name": "rect", "x": 80, "y": 165, "width": 219, "height": 16}, "region_attributes": {"label": "Competitive Proposals Obtained:", "key_type": "key", "formal_key": "header"}}, {"shape_attributes": {"name": "rect", "x": 80, "y": 247, "width": 86, "height": 20}, "region_attributes": {"label": "Market Facts", "key_type": "value", "formal_key": "answer"}}, {"shape_attributes": {"name": "rect", "x": 236, "y": 221, "width": 111, "height": 17}, "region_attributes": {"label": "$ 33,675 + 10% Est.", "key_type": "value", "formal_key": "answer"}}, {"shape_attributes": {"name": "rect", "x": 235, "y": 247, "width": 113, "height": 19}, "region_attributes": {"label": "$ 35,000 + 10 % Est.", "key_type": "value", "formal_key": "answer"}}, {"shape_attributes": {"name": "rect", "x": 448, "y": 191, "width": 76, "height": 17}, "region_attributes": {"label": "Total Cost", "key_type": "key", "formal_key": "question"}}, {"shape_attributes": {"name": "rect", "x": 553, "y": 180, "width": 71, "height": 28}, "region_attributes": {"label": "Cost Per Interview", "key_type": "key", "formal_key": "question"}}, {"shape_attributes": {"name": "rect", "x": 437, "y": 219, "width": 54, "height": 18}, "region_attributes": {"label": "$ 35,675", "key_type": "value", "formal_key": "answer"}}, {"shape_attributes": {"name": "rect", "x": 437, "y": 246, "width": 52, "height": 18}, "region_attributes": {"label": "$ 37000", "key_type": "value", "formal_key": "answer"}}, {"shape_attributes": {"name": "rect", "x": 353, "y": 219, "width": 41, "height": 17}, "region_attributes": {"label": "$ 2000", "key_type": "value", "formal_key": "answer"}}, {"shape_attributes": {"name": "rect", "x": 355, "y": 247, "width": 35, "height": 17}, "region_attributes": {"label": "$ 2000", "key_type": "value", "formal_key": "answer"}}, {"shape_attributes": {"name": "rect", "x": 550, "y": 221, "width": 40, "height": 15}, "region_attributes": {"label": "$ 84.2", "key_type": "value", "formal_key": "answer"}}, {"shape_attributes": {"name": "rect", "x": 552, "y": 247, "width": 36, "height": 17}, "region_attributes": {"label": "$ 87.5", "key_type": "value", "formal_key": "answer"}}, {"shape_attributes": {"name": "rect", "x": 77, "y": 289, "width": 139, "height": 17}, "region_attributes": {"label": "Internal Init. Date", "key_type": "key", "formal_key": "question"}}, {"shape_attributes": {"name": "rect", "x": 232, "y": 288, "width": 54, "height": 18}, "region_attributes": {"label": "4/ ", "key_type": "value", "formal_key": "answer"}}, {"shape_attributes": {"name": "rect", "x": 233, "y": 314, "width": 52, "height": 18}, "region_attributes": {"label": "12/ 90", "key_type": "value", "formal_key": "answer"}}, {"shape_attributes": {"name": "rect", "x": 77, "y": 317, "width": 113, "height": 32}, "region_attributes": {"label": "Ext. Auth. Date Wave (s)", "key_type": "key", "formal_key": "question"}}, {"shape_attributes": {"name": "rect", "x": 81, "y": 401, "width": 104, "height": 33}, "region_attributes": {"label": "Field Complete Wave (s)", "key_type": "key", "formal_key": "question"}}, {"shape_attributes": {"name": "rect", "x": 232, "y": 399, "width": 53, "height": 19}, "region_attributes": {"label": "6/ 10/ 90", "key_type": "value", "formal_key": "answer"}}, {"shape_attributes": {"name": "rect", "x": 77, "y": 471, "width": 119, "height": 44}, "region_attributes": {"label": "Final Report Due (Supplier Rpt.) Wave (s)", "key_type": "key", "formal_key": "question"}}, {"shape_attributes": {"name": "rect", "x": 233, "y": 468, "width": 48, "height": 20}, "region_attributes": {"label": "7/ 9/ 90", "key_type": "value", "formal_key": "answer"}}, {"shape_attributes": {"name": "rect", "x": 318, "y": 275, "width": 149, "height": 19}, "region_attributes": {"label": "Summary of MRD Budget", "key_type": "key", "formal_key": "header"}}, {"shape_attributes": {"name": "rect", "x": 317, "y": 289, "width": 131, "height": 17}, "region_attributes": {"label": "Total Area Budget:", "key_type": "key", "formal_key": "question"}}, {"shape_attributes": {"name": "rect", "x": 317, "y": 317, "width": 164, "height": 17}, "region_attributes": {"label": "Current Bal. Available:", "key_type": "key", "formal_key": "question"}}, {"shape_attributes": {"name": "rect", "x": 316, "y": 345, "width": 147, "height": 32}, "region_attributes": {"label": "This Change: (From Current Budget", "key_type": "key", "formal_key": "question"}}, {"shape_attributes": {"name": "rect", "x": 318, "y": 388, "width": 79, "height": 16}, "region_attributes": {"label": "This Amount", "key_type": "key", "formal_key": "question"}}, {"shape_attributes": {"name": "rect", "x": 317, "y": 402, "width": 175, "height": 17}, "region_attributes": {"label": "(From Next Year's Budget", "key_type": "key", "formal_key": "question"}}, {"shape_attributes": {"name": "rect", "x": 318, "y": 444, "width": 84, "height": 15}, "region_attributes": {"label": "New Balance", "key_type": "key", "formal_key": "question"}}, {"shape_attributes": {"name": "rect", "x": 317, "y": 485, "width": 128, "height": 31}, "region_attributes": {"label": "Commited to Date: (Current Year)", "key_type": "key", "formal_key": "question"}}, {"shape_attributes": {"name": "rect", "x": 387, "y": 524, "width": 85, "height": 18}, "region_attributes": {"label": "Project Type", "key_type": "key", "formal_key": "question"}}, {"shape_attributes": {"name": "rect", "x": 446, "y": 541, "width": 175, "height": 18}, "region_attributes": {"label": "(Product Test, A&U, etc.)", "key_type": "key", "formal_key": "question"}}, {"shape_attributes": {"name": "rect", "x": 78, "y": 568, "width": 85, "height": 15}, "region_attributes": {"label": "Sample Size", "key_type": "key", "formal_key": "question"}}, {"shape_attributes": {"name": "rect", "x": 80, "y": 596, "width": 149, "height": 17}, "region_attributes": {"label": "Recommended Supplier", "key_type": "key", "formal_key": "question"}}, {"shape_attributes": {"name": "rect", "x": 80, "y": 623, "width": 203, "height": 20}, "region_attributes": {"label": "Reason (s) for Recommendation", "key_type": "key", "formal_key": "question"}}, {"shape_attributes": {"name": "rect", "x": 297, "y": 623, "width": 141, "height": 17}, "region_attributes": {"label": "Lowest project costs", "key_type": "value", "formal_key": "answer"}}, {"shape_attributes": {"name": "rect", "x": 78, "y": 662, "width": 92, "height": 21}, "region_attributes": {"label": "Submitted by:", "key_type": "key", "formal_key": "question"}}, {"shape_attributes": {"name": "rect", "x": 77, "y": 694, "width": 88, "height": 17}, "region_attributes": {"label": "Approved By:", "key_type": "key", "formal_key": "question"}}, {"shape_attributes": {"name": "rect", "x": 77, "y": 721, "width": 88, "height": 17}, "region_attributes": {"label": "Approved By:", "key_type": "key", "formal_key": "question"}}, {"shape_attributes": {"name": "rect", "x": 78, "y": 747, "width": 88, "height": 21}, "region_attributes": {"label": "Approved By:", "key_type": "key", "formal_key": "question"}}, {"shape_attributes": {"name": "rect", "x": 80, "y": 777, "width": 92, "height": 18}, "region_attributes": {"label": "Budget Check:", "key_type": "key", "formal_key": "question"}}, {"shape_attributes": {"name": "rect", "x": 80, "y": 806, "width": 73, "height": 14}, "region_attributes": {"label": "Original -", "key_type": "key", "formal_key": "question"}}, {"shape_attributes": {"name": "rect", "x": 77, "y": 848, "width": 118, "height": 30}, "region_attributes": {"label": "MRD00005 (revised 3/ 20) PPs 0425", "key_type": "value", "formal_key": "others"}}, {"shape_attributes": {"name": "rect", "x": 230, "y": 658, "width": 146, "height": 32}, "region_attributes": {"label": "", "key_type": "value", "formal_key": "answer"}}, {"shape_attributes": {"name": "rect", "x": 242, "y": 689, "width": 102, "height": 42}, "region_attributes": {"label": "L. E. Gravely", "key_type": "value", "formal_key": "answer"}}, {"shape_attributes": {"name": "rect", "x": 478, "y": 656, "width": 77, "height": 33}, "region_attributes": {"label": "5/ 2/ 90", "key_type": "value", "formal_key": "answer"}}, {"shape_attributes": {"name": "rect", "x": 472, "y": 684, "width": 76, "height": 33}, "region_attributes": {"label": "5/3 90", "key_type": "value", "formal_key": "answer"}}, {"shape_attributes": {"name": "rect", "x": 478, "y": 758, "width": 63, "height": 42}, "region_attributes": {"label": "5/ 3/ 90", "key_type": "value", "formal_key": "answer"}}, {"shape_attributes": {"name": "rect", "x": 487, "y": 820, "width": 59, "height": 15}, "region_attributes": {"label": "1990- 488", "key_type": "value", "formal_key": "answer"}}, {"shape_attributes": {"name": "rect", "x": 387, "y": 820, "width": 77, "height": 15}, "region_attributes": {"label": "Project No.", "key_type": "key", "formal_key": "question"}}, {"shape_attributes": {"name": "rect", "x": 387, "y": 835, "width": 85, "height": 16}, "region_attributes": {"label": "Account Name", "key_type": "key", "formal_key": "question"}}, {"shape_attributes": {"name": "rect", "x": 159, "y": 804, "width": 84, "height": 18}, "region_attributes": {"label": "Project File", "key_type": "value", "formal_key": "answer"}}, {"shape_attributes": {"name": "rect", "x": 155, "y": 820, "width": 117, "height": 17}, "region_attributes": {"label": "S. Willinger (3)", "key_type": "value", "formal_key": "answer"}}, {"shape_attributes": {"name": "rect", "x": 154, "y": 834, "width": 200, "height": 18}, "region_attributes": {"label": "K. A. Hutchison S. A. Howard", "key_type": "value", "formal_key": "answer"}}]}}}