﻿{"file_name": "0001476912.json", "attributes": {"_via_img_metadata": {"regions": [{"shape_attributes": {"name": "rect", "x": 505, "y": 427, "width": 70, "height": 12}, "region_attributes": {"label": "COMMENTS", "key_type": "key", "formal_key": "question"}}, {"shape_attributes": {"name": "rect", "x": 17, "y": 174, "width": 53, "height": 15}, "region_attributes": {"label": "Brand:", "key_type": "key", "formal_key": "question"}}, {"shape_attributes": {"name": "rect", "x": 18, "y": 201, "width": 95, "height": 13}, "region_attributes": {"label": "Commercial:", "key_type": "key", "formal_key": "question"}}, {"shape_attributes": {"name": "rect", "x": 17, "y": 254, "width": 81, "height": 15}, "region_attributes": {"label": "Supplier:", "key_type": "key", "formal_key": "question"}}, {"shape_attributes": {"name": "rect", "x": 442, "y": 198, "width": 56, "height": 13}, "region_attributes": {"label": "Sample:", "key_type": "key", "formal_key": "question"}}, {"shape_attributes": {"name": "rect", "x": 20, "y": 362, "width": 66, "height": 15}, "region_attributes": {"label": "Chicago:", "key_type": "key", "formal_key": "question"}}, {"shape_attributes": {"name": "rect", "x": 302, "y": 359, "width": 28, "height": 15}, "region_attributes": {"label": "8/8", "key_type": "value", "formal_key": "answer"}}, {"shape_attributes": {"name": "rect", "x": 189, "y": 228, "width": 20, "height": 13}, "region_attributes": {"label": "98", "key_type": "value", "formal_key": "others"}}, {"shape_attributes": {"name": "rect", "x": 548, "y": 196, "width": 27, "height": 12}, "region_attributes": {"label": "336", "key_type": "value", "formal_key": "answer"}}, {"shape_attributes": {"name": "rect", "x": 542, "y": 211, "width": 43, "height": 15}, "region_attributes": {"label": "(234)", "key_type": "value", "formal_key": "answer"}}, {"shape_attributes": {"name": "rect", "x": 111, "y": 468, "width": 61, "height": 17}, "region_attributes": {"label": "Overall", "key_type": "key", "formal_key": "question"}}, {"shape_attributes": {"name": "rect", "x": 111, "y": 497, "width": 35, "height": 13}, "region_attributes": {"label": "CITY", "key_type": "key", "formal_key": "question"}}, {"shape_attributes": {"name": "rect", "x": 111, "y": 523, "width": 61, "height": 15}, "region_attributes": {"label": "Chicago", "key_type": "value", "formal_key": "answer"}}, {"shape_attributes": {"name": "rect", "x": 108, "y": 563, "width": 35, "height": 13}, "region_attributes": {"label": "SEX", "key_type": "key", "formal_key": "header"}}, {"shape_attributes": {"name": "rect", "x": 113, "y": 630, "width": 30, "height": 13}, "region_attributes": {"label": "AGE", "key_type": "key", "formal_key": "header"}}, {"shape_attributes": {"name": "rect", "x": 110, "y": 576, "width": 38, "height": 13}, "region_attributes": {"label": "Male", "key_type": "key", "formal_key": "question"}}, {"shape_attributes": {"name": "rect", "x": 113, "y": 590, "width": 47, "height": 17}, "region_attributes": {"label": "Female", "key_type": "key", "formal_key": "question"}}, {"shape_attributes": {"name": "rect", "x": 111, "y": 646, "width": 47, "height": 13}, "region_attributes": {"label": "16-25", "key_type": "key", "formal_key": "question"}}, {"shape_attributes": {"name": "rect", "x": 113, "y": 658, "width": 45, "height": 13}, "region_attributes": {"label": "26-35", "key_type": "key", "formal_key": "question"}}, {"shape_attributes": {"name": "rect", "x": 111, "y": 669, "width": 47, "height": 13}, "region_attributes": {"label": "36-45", "key_type": "key", "formal_key": "question"}}, {"shape_attributes": {"name": "rect", "x": 264, "y": 467, "width": 27, "height": 15}, "region_attributes": {"label": "1.7", "key_type": "value", "formal_key": "answer"}}, {"shape_attributes": {"name": "rect", "x": 264, "y": 508, "width": 28, "height": 13}, "region_attributes": {"label": "0.0", "key_type": "value", "formal_key": "answer"}}, {"shape_attributes": {"name": "rect", "x": 264, "y": 522, "width": 27, "height": 13}, "region_attributes": {"label": "3.3", "key_type": "value", "formal_key": "answer"}}, {"shape_attributes": {"name": "rect", "x": 266, "y": 576, "width": 30, "height": 13}, "region_attributes": {"label": "0.0", "key_type": "value", "formal_key": "answer"}}, {"shape_attributes": {"name": "rect", "x": 266, "y": 590, "width": 28, "height": 13}, "region_attributes": {"label": "3.3", "key_type": "value", "formal_key": "answer"}}, {"shape_attributes": {"name": "rect", "x": 266, "y": 643, "width": 28, "height": 12}, "region_attributes": {"label": "0.0", "key_type": "value", "formal_key": "answer"}}, {"shape_attributes": {"name": "rect", "x": 264, "y": 658, "width": 30, "height": 10}, "region_attributes": {"label": "0.0", "key_type": "value", "formal_key": "answer"}}, {"shape_attributes": {"name": "rect", "x": 266, "y": 671, "width": 27, "height": 12}, "region_attributes": {"label": "0.0", "key_type": "value", "formal_key": "answer"}}, {"shape_attributes": {"name": "rect", "x": 267, "y": 683, "width": 27, "height": 13}, "region_attributes": {"label": "9.3", "key_type": "value", "formal_key": "answer"}}, {"shape_attributes": {"name": "rect", "x": 445, "y": 774, "width": 118, "height": 17}, "region_attributes": {"label": "465607116", "key_type": "value", "formal_key": "others"}}, {"shape_attributes": {"name": "rect", "x": 266, "y": 723, "width": 30, "height": 12}, "region_attributes": {"label": "0.0", "key_type": "value", "formal_key": "answer"}}, {"shape_attributes": {"name": "rect", "x": 267, "y": 738, "width": 28, "height": 13}, "region_attributes": {"label": "5.0", "key_type": "value", "formal_key": "answer"}}, {"shape_attributes": {"name": "rect", "x": 613, "y": 781, "width": 18, "height": 40}, "region_attributes": {"label": "P", "key_type": "value", "formal_key": "others"}}, {"shape_attributes": {"name": "rect", "x": 8, "y": 40, "width": 159, "height": 15}, "region_attributes": {"label": "MR 1909 (3-69) 100", "key_type": "value", "formal_key": "others"}}, {"shape_attributes": {"name": "rect", "x": 164, "y": 63, "width": 309, "height": 43}, "region_attributes": {"label": "BROWN & WILLIAMSON TOBACCO CORPORATION FILTER SCORES", "key_type": "key", "formal_key": "header"}}, {"shape_attributes": {"name": "rect", "x": 111, "y": 171, "width": 286, "height": 18}, "region_attributes": {"label": "RALEIGH (BELAIR portion not tested)", "key_type": "value", "formal_key": "answer"}}, {"shape_attributes": {"name": "rect", "x": 442, "y": 169, "width": 76, "height": 15}, "region_attributes": {"label": "Project #", "key_type": "key", "formal_key": "question"}}, {"shape_attributes": {"name": "rect", "x": 530, "y": 169, "width": 68, "height": 15}, "region_attributes": {"label": "1969- 105", "key_type": "value", "formal_key": "answer"}}, {"shape_attributes": {"name": "rect", "x": 115, "y": 198, "width": 320, "height": 26}, "region_attributes": {"label": "LAKE- NEW PACK: 40 (with BELAIR Badmin- ton: 20)", "key_type": "value", "formal_key": "answer"}}, {"shape_attributes": {"name": "rect", "x": 440, "y": 214, "width": 78, "height": 12}, "region_attributes": {"label": "PM6 Base:", "key_type": "key", "formal_key": "question"}}, {"shape_attributes": {"name": "rect", "x": 20, "y": 226, "width": 59, "height": 15}, "region_attributes": {"label": "Code #:", "key_type": "key", "formal_key": "question"}}, {"shape_attributes": {"name": "rect", "x": 113, "y": 228, "width": 76, "height": 13}, "region_attributes": {"label": "BW- RT- 69-", "key_type": "value", "formal_key": "answer"}}, {"shape_attributes": {"name": "rect", "x": 113, "y": 254, "width": 139, "height": 15}, "region_attributes": {"label": "AUDIENCE STUDIES", "key_type": "value", "formal_key": "answer"}}, {"shape_attributes": {"name": "rect", "x": 281, "y": 294, "width": 86, "height": 14}, "region_attributes": {"label": "TEST DATES", "key_type": "key", "formal_key": "question"}}, {"shape_attributes": {"name": "rect", "x": 23, "y": 339, "width": 93, "height": 13}, "region_attributes": {"label": "L. Angeles", "key_type": "key", "formal_key": "question"}}, {"shape_attributes": {"name": "rect", "x": 287, "y": 331, "width": 73, "height": 18}, "region_attributes": {"label": "8/5 and 6", "key_type": "value", "formal_key": "answer"}}, {"shape_attributes": {"name": "rect", "x": 252, "y": 414, "width": 51, "height": 29}, "region_attributes": {"label": "PM6 SCORES", "key_type": "key", "formal_key": "question"}}, {"shape_attributes": {"name": "rect", "x": 449, "y": 467, "width": 156, "height": 24}, "region_attributes": {"label": "This commercial was tested in color.", "key_type": "value", "formal_key": "answer"}}, {"shape_attributes": {"name": "rect", "x": 106, "y": 512, "width": 100, "height": 10}, "region_attributes": {"label": "Los ", "key_type": "value", "formal_key": "answer"}}, {"shape_attributes": {"name": "rect", "x": 111, "y": 684, "width": 80, "height": 15}, "region_attributes": {"label": "46 & Over", "key_type": "key", "formal_key": "question"}}, {"shape_attributes": {"name": "rect", "x": 115, "y": 723, "width": 85, "height": 14}, "region_attributes": {"label": "35 & Under", "key_type": "key", "formal_key": "question"}}, {"shape_attributes": {"name": "rect", "x": 113, "y": 738, "width": 77, "height": 15}, "region_attributes": {"label": "36 & Over", "key_type": "key", "formal_key": "question"}}]}}}