﻿{"file_name": "0001463448.json", "attributes": {"_via_img_metadata": {"regions": [{"shape_attributes": {"name": "rect", "x": 96, "y": 282, "width": 8, "height": 13}, "region_attributes": {"label": "(", "key_type": "value", "formal_key": "others"}}, {"shape_attributes": {"name": "rect", "x": 130, "y": 281, "width": 8, "height": 16}, "region_attributes": {"label": ")", "key_type": "value", "formal_key": "others"}}, {"shape_attributes": {"name": "rect", "x": 96, "y": 350, "width": 8, "height": 17}, "region_attributes": {"label": "(", "key_type": "value", "formal_key": "others"}}, {"shape_attributes": {"name": "rect", "x": 128, "y": 352, "width": 9, "height": 15}, "region_attributes": {"label": ")", "key_type": "value", "formal_key": "others"}}, {"shape_attributes": {"name": "rect", "x": 96, "y": 420, "width": 9, "height": 15}, "region_attributes": {"label": "(", "key_type": "value", "formal_key": "others"}}, {"shape_attributes": {"name": "rect", "x": 95, "y": 475, "width": 9, "height": 17}, "region_attributes": {"label": "(", "key_type": "value", "formal_key": "others"}}, {"shape_attributes": {"name": "rect", "x": 130, "y": 476, "width": 7, "height": 16}, "region_attributes": {"label": ")", "key_type": "value", "formal_key": "others"}}, {"shape_attributes": {"name": "rect", "x": 95, "y": 544, "width": 9, "height": 17}, "region_attributes": {"label": "B(", "key_type": "value", "formal_key": "others"}}, {"shape_attributes": {"name": "rect", "x": 128, "y": 545, "width": 9, "height": 15}, "region_attributes": {"label": ")", "key_type": "value", "formal_key": "others"}}, {"shape_attributes": {"name": "rect", "x": 227, "y": 574, "width": 9, "height": 15}, "region_attributes": {"label": "(", "key_type": "value", "formal_key": "others"}}, {"shape_attributes": {"name": "rect", "x": 261, "y": 572, "width": 8, "height": 15}, "region_attributes": {"label": ")", "key_type": "value", "formal_key": "others"}}, {"shape_attributes": {"name": "rect", "x": 227, "y": 599, "width": 9, "height": 19}, "region_attributes": {"label": "(", "key_type": "value", "formal_key": "others"}}, {"shape_attributes": {"name": "rect", "x": 262, "y": 600, "width": 5, "height": 16}, "region_attributes": {"label": ")", "key_type": "value", "formal_key": "others"}}, {"shape_attributes": {"name": "rect", "x": 229, "y": 630, "width": 7, "height": 13}, "region_attributes": {"label": "(", "key_type": "value", "formal_key": "others"}}, {"shape_attributes": {"name": "rect", "x": 261, "y": 628, "width": 8, "height": 15}, "region_attributes": {"label": ")", "key_type": "value", "formal_key": "others"}}, {"shape_attributes": {"name": "rect", "x": 227, "y": 655, "width": 9, "height": 16}, "region_attributes": {"label": "(", "key_type": "value", "formal_key": "others"}}, {"shape_attributes": {"name": "rect", "x": 261, "y": 655, "width": 8, "height": 16}, "region_attributes": {"label": ")", "key_type": "value", "formal_key": "others"}}, {"shape_attributes": {"name": "rect", "x": 227, "y": 683, "width": 8, "height": 17}, "region_attributes": {"label": "(", "key_type": "value", "formal_key": "others"}}, {"shape_attributes": {"name": "rect", "x": 261, "y": 682, "width": 7, "height": 17}, "region_attributes": {"label": ")", "key_type": "value", "formal_key": "others"}}, {"shape_attributes": {"name": "rect", "x": 96, "y": 741, "width": 9, "height": 15}, "region_attributes": {"label": "(", "key_type": "value", "formal_key": "others"}}, {"shape_attributes": {"name": "rect", "x": 130, "y": 739, "width": 8, "height": 19}, "region_attributes": {"label": ")", "key_type": "value", "formal_key": "others"}}, {"shape_attributes": {"name": "rect", "x": 95, "y": 807, "width": 8, "height": 17}, "region_attributes": {"label": "(", "key_type": "value", "formal_key": "others"}}, {"shape_attributes": {"name": "rect", "x": 130, "y": 807, "width": 7, "height": 17}, "region_attributes": {"label": ")", "key_type": "value", "formal_key": "others"}}, {"shape_attributes": {"name": "rect", "x": 95, "y": 862, "width": 9, "height": 16}, "region_attributes": {"label": "(", "key_type": "value", "formal_key": "others"}}, {"shape_attributes": {"name": "rect", "x": 128, "y": 862, "width": 8, "height": 15}, "region_attributes": {"label": ")", "key_type": "value", "formal_key": "others"}}, {"shape_attributes": {"name": "rect", "x": 263, "y": 100, "width": 226, "height": 57}, "region_attributes": {"label": "BROWN & WILLAMSON 1994 COLLECTION PROTOCOPYING VARIANCE FORM", "key_type": "key", "formal_key": "header"}}, {"shape_attributes": {"name": "rect", "x": 94, "y": 195, "width": 311, "height": 20}, "region_attributes": {"label": "This form was placed before Bates ID", "key_type": "key", "formal_key": "question"}}, {"shape_attributes": {"name": "rect", "x": 428, "y": 186, "width": 174, "height": 25}, "region_attributes": {"label": "6708105266", "key_type": "value", "formal_key": "answer"}}, {"shape_attributes": {"name": "rect", "x": 238, "y": 223, "width": 275, "height": 31}, "region_attributes": {"label": "AT THE TIME OF REPRODUCTION, THE FOLLOWING NOTATTONS WERE MADE:", "key_type": "key", "formal_key": "question"}}, {"shape_attributes": {"name": "rect", "x": 182, "y": 278, "width": 483, "height": 32}, "region_attributes": {"label": "DOCUMENT COPIES ARE IN THE SAME SEQUENCE AS THEY APPEARED IN THE ORIGINAL.", "key_type": "value", "formal_key": "others"}}, {"shape_attributes": {"name": "rect", "x": 182, "y": 350, "width": 485, "height": 30}, "region_attributes": {"label": "PAGE NUMBER(S) WERE MISSING IN THE ORIGINAL.", "key_type": "key", "formal_key": "question"}}, {"shape_attributes": {"name": "rect", "x": 108, "y": 408, "width": 359, "height": 36}, "region_attributes": {"label": "\u2611 ) POOR QUALITY ORIGINAL. faded", "key_type": "value", "formal_key": "others"}}, {"shape_attributes": {"name": "rect", "x": 180, "y": 473, "width": 487, "height": 30}, "region_attributes": {"label": "OVERLAY ITEM COULD NOT BE REMOVED WITHOUT DAMAGE TO THE ORIGINAL.", "key_type": "value", "formal_key": "others"}}, {"shape_attributes": {"name": "rect", "x": 180, "y": 541, "width": 379, "height": 19}, "region_attributes": {"label": "NG DOCUMENTS WERE FOUND WITHIN THE ORIGINAL:", "key_type": "key", "formal_key": "question"}}, {"shape_attributes": {"name": "rect", "x": 311, "y": 571, "width": 95, "height": 17}, "region_attributes": {"label": "FILE FOLDER", "key_type": "value", "formal_key": "answer"}}, {"shape_attributes": {"name": "rect", "x": 310, "y": 598, "width": 199, "height": 17}, "region_attributes": {"label": "REDROPE EXPANDABLE FILE", "key_type": "value", "formal_key": "answer"}}, {"shape_attributes": {"name": "rect", "x": 310, "y": 626, "width": 106, "height": 17}, "region_attributes": {"label": "HANGING FILE", "key_type": "value", "formal_key": "answer"}}, {"shape_attributes": {"name": "rect", "x": 313, "y": 654, "width": 70, "height": 17}, "region_attributes": {"label": "ENVELOPE", "key_type": "value", "formal_key": "answer"}}, {"shape_attributes": {"name": "rect", "x": 310, "y": 682, "width": 122, "height": 18}, "region_attributes": {"label": "OTHER (SPECIFY)", "key_type": "value", "formal_key": "answer"}}, {"shape_attributes": {"name": "rect", "x": 180, "y": 737, "width": 486, "height": 32}, "region_attributes": {"label": "DOCUMENT COPIES WERE REPRODUCED IN COLOR PERMIT CORRECTION INTERPRETATION", "key_type": "value", "formal_key": "others"}}, {"shape_attributes": {"name": "rect", "x": 182, "y": 806, "width": 412, "height": 16}, "region_attributes": {"label": "BATES NUMBER NOT USED.", "key_type": "key", "formal_key": "question"}}, {"shape_attributes": {"name": "rect", "x": 180, "y": 861, "width": 214, "height": 16}, "region_attributes": {"label": "OTHER VARIANCE (EXPLAIN).", "key_type": "value", "formal_key": "others"}}]}}}