﻿{"file_name": "0001129658.json", "attributes": {"_via_img_metadata": {"regions": [{"shape_attributes": {"name": "rect", "x": 96, "y": 177, "width": 22, "height": 15}, "region_attributes": {"label": "FAX:", "key_type": "key", "formal_key": "question"}}, {"shape_attributes": {"name": "rect", "x": 75, "y": 337, "width": 41, "height": 14}, "region_attributes": {"label": "DATE:", "key_type": "key", "formal_key": "question"}}, {"shape_attributes": {"name": "rect", "x": 75, "y": 286, "width": 42, "height": 15}, "region_attributes": {"label": "FROM:", "key_type": "key", "formal_key": "question"}}, {"shape_attributes": {"name": "rect", "x": 457, "y": 288, "width": 87, "height": 17}, "region_attributes": {"label": "CHARGEBACK:", "key_type": "key", "formal_key": "question"}}, {"shape_attributes": {"name": "rect", "x": 106, "y": 404, "width": 70, "height": 14}, "region_attributes": {"label": "RECIPIENT", "key_type": "key", "formal_key": "question"}}, {"shape_attributes": {"name": "rect", "x": 235, "y": 402, "width": 63, "height": 17}, "region_attributes": {"label": "COMPANY", "key_type": "key", "formal_key": "question"}}, {"shape_attributes": {"name": "rect", "x": 398, "y": 404, "width": 27, "height": 14}, "region_attributes": {"label": "FAX", "key_type": "key", "formal_key": "question"}}, {"shape_attributes": {"name": "rect", "x": 426, "y": 405, "width": 25, "height": 13}, "region_attributes": {"label": "No.", "key_type": "key", "formal_key": "question"}}, {"shape_attributes": {"name": "rect", "x": 77, "y": 532, "width": 70, "height": 14}, "region_attributes": {"label": "COMMENTS", "key_type": "key", "formal_key": "question"}}, {"shape_attributes": {"name": "rect", "x": 538, "y": 934, "width": 24, "height": 18}, "region_attributes": {"label": "No:", "key_type": "key", "formal_key": "question"}}, {"shape_attributes": {"name": "rect", "x": 258, "y": 936, "width": 41, "height": 17}, "region_attributes": {"label": "Name:", "key_type": "key", "formal_key": "question"}}, {"shape_attributes": {"name": "rect", "x": 196, "y": 936, "width": 25, "height": 15}, "region_attributes": {"label": "Yes", "key_type": "key", "formal_key": "question"}}, {"shape_attributes": {"name": "rect", "x": 105, "y": 937, "width": 88, "height": 15}, "region_attributes": {"label": "Confirmation:", "key_type": "key", "formal_key": "header"}}, {"shape_attributes": {"name": "rect", "x": 686, "y": 831, "width": 20, "height": 95}, "region_attributes": {"label": "2074956978", "key_type": "value", "formal_key": "others"}}, {"shape_attributes": {"name": "rect", "x": 591, "y": 102, "width": 59, "height": 42}, "region_attributes": {"label": "", "key_type": "value", "formal_key": "others"}}, {"shape_attributes": {"name": "rect", "x": 77, "y": 95, "width": 411, "height": 56}, "region_attributes": {"label": "WINSTON & STRAWN", "key_type": "key", "formal_key": "header"}}, {"shape_attributes": {"name": "rect", "x": 514, "y": 137, "width": 100, "height": 21}, "region_attributes": {"label": "Fax Cover Sheet", "key_type": "key", "formal_key": "header"}}, {"shape_attributes": {"name": "rect", "x": 95, "y": 155, "width": 371, "height": 26}, "region_attributes": {"label": "MAMI TRIAL SITE, 2000 FIRST UNION FINANCIAL CENTER, 200 SOUTH BISCAYNE BOULEVARD MIAMI, FLORIDA 33131", "key_type": "value", "formal_key": "others"}}, {"shape_attributes": {"name": "rect", "x": 126, "y": 179, "width": 99, "height": 13}, "region_attributes": {"label": "(305) 400 6 06", "key_type": "value", "formal_key": "answer"}}, {"shape_attributes": {"name": "rect", "x": 77, "y": 205, "width": 120, "height": 33}, "region_attributes": {"label": "200 PARK AVENUE NEWYORK NY 10166 4193 212 294-6700", "key_type": "value", "formal_key": "others"}}, {"shape_attributes": {"name": "rect", "x": 219, "y": 207, "width": 127, "height": 29}, "region_attributes": {"label": "400 L. STREET N WASHWINGTON DC 20005 3502 202 371 5700", "key_type": "value", "formal_key": "others"}}, {"shape_attributes": {"name": "rect", "x": 360, "y": 208, "width": 82, "height": 31}, "region_attributes": {"label": "35 WEST WACKER CHICAGO. IL 30601 312- 588 5800", "key_type": "value", "formal_key": "others"}}, {"shape_attributes": {"name": "rect", "x": 500, "y": 209, "width": 94, "height": 30}, "region_attributes": {"label": "21 AVENUE VICTOR HUGO 75 PARIS, FRANCE 33- 53 64 62 82", "key_type": "value", "formal_key": "others"}}, {"shape_attributes": {"name": "rect", "x": 267, "y": 256, "width": 88, "height": 17}, "region_attributes": {"label": "Fax Number:", "key_type": "key", "formal_key": "question"}}, {"shape_attributes": {"name": "rect", "x": 359, "y": 256, "width": 95, "height": 17}, "region_attributes": {"label": "305 400- 6107", "key_type": "value", "formal_key": "answer"}}, {"shape_attributes": {"name": "rect", "x": 161, "y": 286, "width": 73, "height": 18}, "region_attributes": {"label": "Kevin Narko", "key_type": "value", "formal_key": "answer"}}, {"shape_attributes": {"name": "rect", "x": 161, "y": 335, "width": 52, "height": 14}, "region_attributes": {"label": "10/ 13/ 99", "key_type": "value", "formal_key": "answer"}}, {"shape_attributes": {"name": "rect", "x": 468, "y": 310, "width": 55, "height": 14}, "region_attributes": {"label": "4162/ 158", "key_type": "value", "formal_key": "answer"}}, {"shape_attributes": {"name": "rect", "x": 246, "y": 370, "width": 226, "height": 17}, "region_attributes": {"label": "Please Deliver as soon Possible To:", "key_type": "key", "formal_key": "header"}}, {"shape_attributes": {"name": "rect", "x": 108, "y": 430, "width": 85, "height": 19}, "region_attributes": {"label": "John Mulderig", "key_type": "value", "formal_key": "answer"}}, {"shape_attributes": {"name": "rect", "x": 109, "y": 458, "width": 83, "height": 18}, "region_attributes": {"label": "Gregory Little", "key_type": "value", "formal_key": "answer"}}, {"shape_attributes": {"name": "rect", "x": 235, "y": 430, "width": 80, "height": 20}, "region_attributes": {"label": "Philip Morris", "key_type": "value", "formal_key": "answer"}}, {"shape_attributes": {"name": "rect", "x": 236, "y": 459, "width": 77, "height": 20}, "region_attributes": {"label": "Philip Morris", "key_type": "value", "formal_key": "answer"}}, {"shape_attributes": {"name": "rect", "x": 399, "y": 432, "width": 83, "height": 17}, "region_attributes": {"label": "917 -663 -5796", "key_type": "value", "formal_key": "answer"}}, {"shape_attributes": {"name": "rect", "x": 397, "y": 461, "width": 84, "height": 15}, "region_attributes": {"label": "917- 663 5979", "key_type": "value", "formal_key": "answer"}}, {"shape_attributes": {"name": "rect", "x": 514, "y": 432, "width": 82, "height": 15}, "region_attributes": {"label": "917- 663 3056", "key_type": "value", "formal_key": "answer"}}, {"shape_attributes": {"name": "rect", "x": 514, "y": 404, "width": 74, "height": 16}, "region_attributes": {"label": "PHONE No.", "key_type": "key", "formal_key": "question"}}, {"shape_attributes": {"name": "rect", "x": 239, "y": 497, "width": 240, "height": 19}, "region_attributes": {"label": "Total number of pages including this page:", "key_type": "key", "formal_key": "question"}}, {"shape_attributes": {"name": "rect", "x": 85, "y": 677, "width": 535, "height": 45}, "region_attributes": {"label": "IF YOU DO NOT RECEIVE ALL THE PAGES, PLEASE CALL OUR FAX OPERATOR AS SOON AS POSSIBLE THANK YOU. 312- 558- 5948", "key_type": "value", "formal_key": "others"}}, {"shape_attributes": {"name": "rect", "x": 82, "y": 821, "width": 557, "height": 52}, "region_attributes": {"label": "The information contained in this facsimile message is attorncy privileged and confidential information intended only for the use of the individual or entity named above. If the reader of this message is not the intended recipient, or the employee or agent responsible to deliver it to the intended recipient, you are hereby notified that any dissemination, distribution or copying this communication strictly prohibited.", "key_type": "value", "formal_key": "others"}}, {"shape_attributes": {"name": "rect", "x": 84, "y": 881, "width": 552, "height": 27}, "region_attributes": {"label": "If you have received this communication in error, please immediately notify us by telephone, and return the original message to us at the above address via the U. S. Postal Service. Thank you.", "key_type": "value", "formal_key": "others"}}, {"shape_attributes": {"name": "rect", "x": 105, "y": 919, "width": 99, "height": 16}, "region_attributes": {"label": "Operator Initials:", "key_type": "key", "formal_key": "question"}}]}}}