﻿{"file_name": "0001456787.json", "attributes": {"_via_img_metadata": {"regions": [{"shape_attributes": {"name": "rect", "x": 76, "y": 67, "width": 42, "height": 15}, "region_attributes": {"label": "SECRET", "key_type": "value", "formal_key": "others"}}, {"shape_attributes": {"name": "rect", "x": 69, "y": 517, "width": 52, "height": 15}, "region_attributes": {"label": "Weights", "key_type": "key", "formal_key": "header"}}, {"shape_attributes": {"name": "rect", "x": 69, "y": 676, "width": 76, "height": 14}, "region_attributes": {"label": "Supplier(s)", "key_type": "key", "formal_key": "question"}}, {"shape_attributes": {"name": "rect", "x": 71, "y": 729, "width": 37, "height": 12}, "region_attributes": {"label": "Color", "key_type": "key", "formal_key": "question"}}, {"shape_attributes": {"name": "rect", "x": 71, "y": 783, "width": 56, "height": 11}, "region_attributes": {"label": "Porosity", "key_type": "key", "formal_key": "question"}}, {"shape_attributes": {"name": "rect", "x": 69, "y": 872, "width": 62, "height": 11}, "region_attributes": {"label": "Substance", "key_type": "key", "formal_key": "question"}}, {"shape_attributes": {"name": "rect", "x": 446, "y": 281, "width": 17, "height": 11}, "region_attributes": {"label": "mm", "key_type": "value", "formal_key": "answer"}}, {"shape_attributes": {"name": "rect", "x": 552, "y": 362, "width": 17, "height": 9}, "region_attributes": {"label": "mm", "key_type": "value", "formal_key": "answer"}}, {"shape_attributes": {"name": "rect", "x": 446, "y": 359, "width": 19, "height": 9}, "region_attributes": {"label": "mm", "key_type": "value", "formal_key": "answer"}}, {"shape_attributes": {"name": "rect", "x": 520, "y": 464, "width": 24, "height": 16}, "region_attributes": {"label": "13%", "key_type": "value", "formal_key": "answer"}}, {"shape_attributes": {"name": "rect", "x": 446, "y": 544, "width": 17, "height": 17}, "region_attributes": {"label": "mg", "key_type": "value", "formal_key": "answer"}}, {"shape_attributes": {"name": "rect", "x": 554, "y": 545, "width": 14, "height": 14}, "region_attributes": {"label": "mg", "key_type": "value", "formal_key": "answer"}}, {"shape_attributes": {"name": "rect", "x": 473, "y": 754, "width": 22, "height": 16}, "region_attributes": {"label": "N/A", "key_type": "value", "formal_key": "answer"}}, {"shape_attributes": {"name": "rect", "x": 352, "y": 756, "width": 26, "height": 15}, "region_attributes": {"label": "N/A", "key_type": "value", "formal_key": "answer"}}, {"shape_attributes": {"name": "rect", "x": 473, "y": 808, "width": 22, "height": 12}, "region_attributes": {"label": "N/A", "key_type": "value", "formal_key": "answer"}}, {"shape_attributes": {"name": "rect", "x": 353, "y": 809, "width": 22, "height": 12}, "region_attributes": {"label": "N/A", "key_type": "value", "formal_key": "answer"}}, {"shape_attributes": {"name": "rect", "x": 520, "y": 894, "width": 110, "height": 19}, "region_attributes": {"label": "620753790", "key_type": "value", "formal_key": "others"}}, {"shape_attributes": {"name": "rect", "x": 244, "y": 106, "width": 126, "height": 30}, "region_attributes": {"label": "CHAMP S/ L TRIAL SPECIFICATION", "key_type": "key", "formal_key": "header"}}, {"shape_attributes": {"name": "rect", "x": 397, "y": 162, "width": 64, "height": 25}, "region_attributes": {"label": "BWIT Suggestion", "key_type": "key", "formal_key": "question"}}, {"shape_attributes": {"name": "rect", "x": 512, "y": 173, "width": 52, "height": 15}, "region_attributes": {"label": "HK Trial", "key_type": "key", "formal_key": "question"}}, {"shape_attributes": {"name": "rect", "x": 75, "y": 147, "width": 109, "height": 15}, "region_attributes": {"label": "CIGARETTE MAKING", "key_type": "key", "formal_key": "header"}}, {"shape_attributes": {"name": "rect", "x": 74, "y": 172, "width": 159, "height": 15}, "region_attributes": {"label": "Physical Characteristics", "key_type": "key", "formal_key": "header"}}, {"shape_attributes": {"name": "rect", "x": 74, "y": 198, "width": 161, "height": 14}, "region_attributes": {"label": "Overall Cigarette Length", "key_type": "key", "formal_key": "question"}}, {"shape_attributes": {"name": "rect", "x": 74, "y": 224, "width": 119, "height": 16}, "region_attributes": {"label": "Tobacco Rod Length", "key_type": "key", "formal_key": "question"}}, {"shape_attributes": {"name": "rect", "x": 74, "y": 251, "width": 121, "height": 15}, "region_attributes": {"label": "Filter Plug Length", "key_type": "key", "formal_key": "question"}}, {"shape_attributes": {"name": "rect", "x": 74, "y": 277, "width": 236, "height": 17}, "region_attributes": {"label": "Filter Plug Pressure Drop (unencap.)", "key_type": "key", "formal_key": "question"}}, {"shape_attributes": {"name": "rect", "x": 74, "y": 303, "width": 226, "height": 16}, "region_attributes": {"label": "Filter Plug Pressure Drop (encap.)", "key_type": "key", "formal_key": "question"}}, {"shape_attributes": {"name": "rect", "x": 75, "y": 330, "width": 152, "height": 14}, "region_attributes": {"label": "Cigarette Circumference", "key_type": "key", "formal_key": "question"}}, {"shape_attributes": {"name": "rect", "x": 72, "y": 358, "width": 199, "height": 14}, "region_attributes": {"label": "Total Pressure Drop (unencap.)", "key_type": "key", "formal_key": "question"}}, {"shape_attributes": {"name": "rect", "x": 71, "y": 384, "width": 189, "height": 15}, "region_attributes": {"label": "Total Pressure Drop (encap.)", "key_type": "key", "formal_key": "question"}}, {"shape_attributes": {"name": "rect", "x": 71, "y": 411, "width": 97, "height": 14}, "region_attributes": {"label": "Tipping Length", "key_type": "key", "formal_key": "question"}}, {"shape_attributes": {"name": "rect", "x": 74, "y": 436, "width": 213, "height": 15}, "region_attributes": {"label": "Print Position (from filter end)", "key_type": "key", "formal_key": "question"}}, {"shape_attributes": {"name": "rect", "x": 71, "y": 463, "width": 172, "height": 16}, "region_attributes": {"label": "Moisture content (Packing)", "key_type": "key", "formal_key": "question"}}, {"shape_attributes": {"name": "rect", "x": 71, "y": 490, "width": 156, "height": 14}, "region_attributes": {"label": "Filter Ventilation Rate", "key_type": "key", "formal_key": "question"}}, {"shape_attributes": {"name": "rect", "x": 71, "y": 542, "width": 147, "height": 17}, "region_attributes": {"label": "Total Cigarette Weight", "key_type": "key", "formal_key": "question"}}, {"shape_attributes": {"name": "rect", "x": 71, "y": 570, "width": 105, "height": 13}, "region_attributes": {"label": "Net Net Tobacco", "key_type": "key", "formal_key": "question"}}, {"shape_attributes": {"name": "rect", "x": 70, "y": 596, "width": 127, "height": 12}, "region_attributes": {"label": "Tobacco Rod Density", "key_type": "key", "formal_key": "question"}}, {"shape_attributes": {"name": "rect", "x": 72, "y": 622, "width": 207, "height": 15}, "region_attributes": {"label": "Tipping and Tipping Application", "key_type": "key", "formal_key": "header"}}, {"shape_attributes": {"name": "rect", "x": 71, "y": 647, "width": 96, "height": 16}, "region_attributes": {"label": "Tipping Paper:", "key_type": "key", "formal_key": "header"}}, {"shape_attributes": {"name": "rect", "x": 69, "y": 700, "width": 133, "height": 15}, "region_attributes": {"label": "Supplier Code No(s).", "key_type": "key", "formal_key": "question"}}, {"shape_attributes": {"name": "rect", "x": 70, "y": 753, "width": 208, "height": 15}, "region_attributes": {"label": "Perforation Type & No. of lines", "key_type": "key", "formal_key": "question"}}, {"shape_attributes": {"name": "rect", "x": 69, "y": 808, "width": 115, "height": 14}, "region_attributes": {"label": "Print Description", "key_type": "key", "formal_key": "question"}}, {"shape_attributes": {"name": "rect", "x": 69, "y": 829, "width": 84, "height": 12}, "region_attributes": {"label": "Bobbin Width", "key_type": "key", "formal_key": "question"}}, {"shape_attributes": {"name": "rect", "x": 69, "y": 849, "width": 92, "height": 17}, "region_attributes": {"label": "Dobbin Length", "key_type": "key", "formal_key": "question"}}, {"shape_attributes": {"name": "rect", "x": 354, "y": 673, "width": 69, "height": 15}, "region_attributes": {"label": "ECUSTA/ B&W", "key_type": "value", "formal_key": "answer"}}, {"shape_attributes": {"name": "rect", "x": 473, "y": 672, "width": 78, "height": 17}, "region_attributes": {"label": "ECUSTA/ B & W", "key_type": "value", "formal_key": "answer"}}, {"shape_attributes": {"name": "rect", "x": 353, "y": 783, "width": 70, "height": 12}, "region_attributes": {"label": "Non Porous", "key_type": "value", "formal_key": "answer"}}, {"shape_attributes": {"name": "rect", "x": 352, "y": 825, "width": 38, "height": 18}, "region_attributes": {"label": "64 mm", "key_type": "value", "formal_key": "answer"}}, {"shape_attributes": {"name": "rect", "x": 354, "y": 847, "width": 45, "height": 15}, "region_attributes": {"label": "2500 M", "key_type": "value", "formal_key": "answer"}}, {"shape_attributes": {"name": "rect", "x": 353, "y": 873, "width": 55, "height": 17}, "region_attributes": {"label": "36 nm/ M2", "key_type": "value", "formal_key": "answer"}}, {"shape_attributes": {"name": "rect", "x": 475, "y": 783, "width": 66, "height": 13}, "region_attributes": {"label": "Non Porous", "key_type": "value", "formal_key": "answer"}}, {"shape_attributes": {"name": "rect", "x": 470, "y": 828, "width": 39, "height": 15}, "region_attributes": {"label": "64 mm", "key_type": "value", "formal_key": "answer"}}, {"shape_attributes": {"name": "rect", "x": 473, "y": 848, "width": 41, "height": 15}, "region_attributes": {"label": "2500 M", "key_type": "value", "formal_key": "answer"}}, {"shape_attributes": {"name": "rect", "x": 475, "y": 873, "width": 51, "height": 17}, "region_attributes": {"label": "36 nm /47M2", "key_type": "value", "formal_key": "answer"}}, {"shape_attributes": {"name": "rect", "x": 519, "y": 594, "width": 69, "height": 15}, "region_attributes": {"label": "243.6 mg/ cc", "key_type": "value", "formal_key": "answer"}}, {"shape_attributes": {"name": "rect", "x": 400, "y": 592, "width": 82, "height": 17}, "region_attributes": {"label": "243.6 mg/ ", "key_type": "value", "formal_key": "answer"}}, {"shape_attributes": {"name": "rect", "x": 400, "y": 567, "width": 63, "height": 19}, "region_attributes": {"label": "858 mg", "key_type": "value", "formal_key": "answer"}}, {"shape_attributes": {"name": "rect", "x": 517, "y": 569, "width": 51, "height": 17}, "region_attributes": {"label": "858 mg", "key_type": "value", "formal_key": "answer"}}, {"shape_attributes": {"name": "rect", "x": 519, "y": 438, "width": 49, "height": 14}, "region_attributes": {"label": "35 mm", "key_type": "value", "formal_key": "answer"}}, {"shape_attributes": {"name": "rect", "x": 517, "y": 410, "width": 52, "height": 14}, "region_attributes": {"label": "32 mm", "key_type": "value", "formal_key": "answer"}}, {"shape_attributes": {"name": "rect", "x": 406, "y": 413, "width": 56, "height": 11}, "region_attributes": {"label": "32 mm", "key_type": "value", "formal_key": "answer"}}, {"shape_attributes": {"name": "rect", "x": 408, "y": 436, "width": 56, "height": 15}, "region_attributes": {"label": "35 mm", "key_type": "value", "formal_key": "answer"}}, {"shape_attributes": {"name": "rect", "x": 405, "y": 461, "width": 56, "height": 17}, "region_attributes": {"label": "13 %", "key_type": "value", "formal_key": "answer"}}, {"shape_attributes": {"name": "rect", "x": 408, "y": 323, "width": 55, "height": 21}, "region_attributes": {"label": "24.8 mm", "key_type": "value", "formal_key": "answer"}}, {"shape_attributes": {"name": "rect", "x": 408, "y": 305, "width": 56, "height": 14}, "region_attributes": {"label": "58.5 mm", "key_type": "value", "formal_key": "answer"}}, {"shape_attributes": {"name": "rect", "x": 514, "y": 327, "width": 55, "height": 17}, "region_attributes": {"label": "24.8 mm", "key_type": "value", "formal_key": "answer"}}, {"shape_attributes": {"name": "rect", "x": 515, "y": 305, "width": 52, "height": 14}, "region_attributes": {"label": "58.5 mm", "key_type": "value", "formal_key": "answer"}}, {"shape_attributes": {"name": "rect", "x": 520, "y": 281, "width": 49, "height": 11}, "region_attributes": {"label": "62 mm", "key_type": "value", "formal_key": "answer"}}, {"shape_attributes": {"name": "rect", "x": 520, "y": 253, "width": 50, "height": 15}, "region_attributes": {"label": "27 mm", "key_type": "value", "formal_key": "answer"}}, {"shape_attributes": {"name": "rect", "x": 519, "y": 227, "width": 47, "height": 11}, "region_attributes": {"label": "72 mm", "key_type": "value", "formal_key": "answer"}}, {"shape_attributes": {"name": "rect", "x": 520, "y": 202, "width": 50, "height": 12}, "region_attributes": {"label": "99 mm", "key_type": "value", "formal_key": "answer"}}, {"shape_attributes": {"name": "rect", "x": 414, "y": 200, "width": 51, "height": 14}, "region_attributes": {"label": "99 mm", "key_type": "value", "formal_key": "answer"}}, {"shape_attributes": {"name": "rect", "x": 415, "y": 224, "width": 48, "height": 15}, "region_attributes": {"label": "72 mm", "key_type": "value", "formal_key": "answer"}}, {"shape_attributes": {"name": "rect", "x": 413, "y": 251, "width": 51, "height": 14}, "region_attributes": {"label": "27 mm", "key_type": "value", "formal_key": "answer"}}]}}}