﻿{"file_name": "0001438955.json", "attributes": {"_via_img_metadata": {"regions": [{"shape_attributes": {"name": "rect", "x": 45, "y": 209, "width": 46, "height": 15}, "region_attributes": {"label": "Title", "key_type": "key", "formal_key": "question"}}, {"shape_attributes": {"name": "rect", "x": 46, "y": 501, "width": 71, "height": 15}, "region_attributes": {"label": "OVERALL:", "key_type": "key", "formal_key": "question"}}, {"shape_attributes": {"name": "rect", "x": 45, "y": 557, "width": 36, "height": 15}, "region_attributes": {"label": "SEX:", "key_type": "key", "formal_key": "header"}}, {"shape_attributes": {"name": "rect", "x": 45, "y": 644, "width": 39, "height": 14}, "region_attributes": {"label": "AGE:", "key_type": "key", "formal_key": "header"}}, {"shape_attributes": {"name": "rect", "x": 45, "y": 814, "width": 116, "height": 14}, "region_attributes": {"label": "BRAND SMOKER", "key_type": "key", "formal_key": "header"}}, {"shape_attributes": {"name": "rect", "x": 46, "y": 574, "width": 41, "height": 11}, "region_attributes": {"label": "Male", "key_type": "key", "formal_key": "question"}}, {"shape_attributes": {"name": "rect", "x": 487, "y": 883, "width": 116, "height": 25}, "region_attributes": {"label": "465508326", "key_type": "value", "formal_key": "others"}}, {"shape_attributes": {"name": "rect", "x": 46, "y": 587, "width": 53, "height": 13}, "region_attributes": {"label": "Female", "key_type": "key", "formal_key": "question"}}, {"shape_attributes": {"name": "rect", "x": 366, "y": 823, "width": 15, "height": 15}, "region_attributes": {"label": "6", "key_type": "value", "formal_key": "answer"}}, {"shape_attributes": {"name": "rect", "x": 370, "y": 837, "width": 8, "height": 17}, "region_attributes": {"label": "7", "key_type": "value", "formal_key": "answer"}}, {"shape_attributes": {"name": "rect", "x": 411, "y": 823, "width": 43, "height": 17}, "region_attributes": {"label": "(17)", "key_type": "value", "formal_key": "answer"}}, {"shape_attributes": {"name": "rect", "x": 412, "y": 839, "width": 45, "height": 14}, "region_attributes": {"label": "(205)", "key_type": "value", "formal_key": "answer"}}, {"shape_attributes": {"name": "rect", "x": 208, "y": 742, "width": 28, "height": 13}, "region_attributes": {"label": "3.1", "key_type": "value", "formal_key": "answer"}}, {"shape_attributes": {"name": "rect", "x": 211, "y": 754, "width": 25, "height": 15}, "region_attributes": {"label": "4.2", "key_type": "value", "formal_key": "answer"}}, {"shape_attributes": {"name": "rect", "x": 263, "y": 740, "width": 39, "height": 15}, "region_attributes": {"label": "(129)", "key_type": "value", "formal_key": "answer"}}, {"shape_attributes": {"name": "rect", "x": 261, "y": 753, "width": 39, "height": 17}, "region_attributes": {"label": "(95)", "key_type": "value", "formal_key": "answer"}}, {"shape_attributes": {"name": "rect", "x": 366, "y": 739, "width": 13, "height": 14}, "region_attributes": {"label": "5", "key_type": "value", "formal_key": "answer"}}, {"shape_attributes": {"name": "rect", "x": 367, "y": 753, "width": 14, "height": 14}, "region_attributes": {"label": "9", "key_type": "value", "formal_key": "answer"}}, {"shape_attributes": {"name": "rect", "x": 412, "y": 737, "width": 39, "height": 17}, "region_attributes": {"label": "(117)", "key_type": "value", "formal_key": "answer"}}, {"shape_attributes": {"name": "rect", "x": 415, "y": 753, "width": 38, "height": 17}, "region_attributes": {"label": "(105)", "key_type": "value", "formal_key": "answer"}}, {"shape_attributes": {"name": "rect", "x": 261, "y": 655, "width": 41, "height": 14}, "region_attributes": {"label": "(63)", "key_type": "value", "formal_key": "answer"}}, {"shape_attributes": {"name": "rect", "x": 263, "y": 669, "width": 39, "height": 14}, "region_attributes": {"label": "(66)", "key_type": "value", "formal_key": "answer"}}, {"shape_attributes": {"name": "rect", "x": 263, "y": 684, "width": 39, "height": 13}, "region_attributes": {"label": "(46)", "key_type": "value", "formal_key": "answer"}}, {"shape_attributes": {"name": "rect", "x": 263, "y": 697, "width": 38, "height": 15}, "region_attributes": {"label": "(49)", "key_type": "value", "formal_key": "answer"}}, {"shape_attributes": {"name": "rect", "x": 208, "y": 655, "width": 27, "height": 15}, "region_attributes": {"label": "3.2", "key_type": "value", "formal_key": "answer"}}, {"shape_attributes": {"name": "rect", "x": 208, "y": 670, "width": 29, "height": 13}, "region_attributes": {"label": "3.0", "key_type": "value", "formal_key": "answer"}}, {"shape_attributes": {"name": "rect", "x": 209, "y": 683, "width": 28, "height": 14}, "region_attributes": {"label": "4.4", "key_type": "value", "formal_key": "answer"}}, {"shape_attributes": {"name": "rect", "x": 209, "y": 698, "width": 27, "height": 15}, "region_attributes": {"label": "4.0", "key_type": "value", "formal_key": "answer"}}, {"shape_attributes": {"name": "rect", "x": 209, "y": 568, "width": 25, "height": 17}, "region_attributes": {"label": "1.9", "key_type": "value", "formal_key": "answer"}}, {"shape_attributes": {"name": "rect", "x": 208, "y": 585, "width": 29, "height": 13}, "region_attributes": {"label": "5.0", "key_type": "value", "formal_key": "answer"}}, {"shape_attributes": {"name": "rect", "x": 261, "y": 568, "width": 39, "height": 17}, "region_attributes": {"label": "(104)", "key_type": "value", "formal_key": "answer"}}, {"shape_attributes": {"name": "rect", "x": 263, "y": 585, "width": 38, "height": 14}, "region_attributes": {"label": "(120)", "key_type": "value", "formal_key": "answer"}}, {"shape_attributes": {"name": "rect", "x": 365, "y": 567, "width": 14, "height": 15}, "region_attributes": {"label": "7", "key_type": "value", "formal_key": "answer"}}, {"shape_attributes": {"name": "rect", "x": 367, "y": 584, "width": 14, "height": 13}, "region_attributes": {"label": "7", "key_type": "value", "formal_key": "answer"}}, {"shape_attributes": {"name": "rect", "x": 415, "y": 568, "width": 36, "height": 14}, "region_attributes": {"label": "(101)", "key_type": "value", "formal_key": "answer"}}, {"shape_attributes": {"name": "rect", "x": 413, "y": 582, "width": 36, "height": 15}, "region_attributes": {"label": "(121)", "key_type": "value", "formal_key": "answer"}}, {"shape_attributes": {"name": "rect", "x": 208, "y": 496, "width": 34, "height": 20}, "region_attributes": {"label": "3.4%", "key_type": "value", "formal_key": "answer"}}, {"shape_attributes": {"name": "rect", "x": 261, "y": 500, "width": 39, "height": 14}, "region_attributes": {"label": "(224)", "key_type": "value", "formal_key": "answer"}}, {"shape_attributes": {"name": "rect", "x": 369, "y": 497, "width": 17, "height": 15}, "region_attributes": {"label": "7%", "key_type": "value", "formal_key": "answer"}}, {"shape_attributes": {"name": "rect", "x": 412, "y": 496, "width": 36, "height": 17}, "region_attributes": {"label": "(222)", "key_type": "value", "formal_key": "answer"}}, {"shape_attributes": {"name": "rect", "x": 144, "y": 180, "width": 59, "height": 13}, "region_attributes": {"label": "BELAIR", "key_type": "value", "formal_key": "answer"}}, {"shape_attributes": {"name": "rect", "x": 609, "y": 203, "width": 29, "height": 17}, "region_attributes": {"label": "285", "key_type": "value", "formal_key": "answer"}}, {"shape_attributes": {"name": "rect", "x": 209, "y": 457, "width": 17, "height": 15}, "region_attributes": {"label": "%", "key_type": "value", "formal_key": "others"}}, {"shape_attributes": {"name": "rect", "x": 365, "y": 457, "width": 15, "height": 14}, "region_attributes": {"label": "%", "key_type": "value", "formal_key": "others"}}, {"shape_attributes": {"name": "rect", "x": 196, "y": 443, "width": 45, "height": 15}, "region_attributes": {"label": "SCORE", "key_type": "key", "formal_key": "question"}}, {"shape_attributes": {"name": "rect", "x": 263, "y": 443, "width": 39, "height": 15}, "region_attributes": {"label": "BASE", "key_type": "key", "formal_key": "question"}}, {"shape_attributes": {"name": "rect", "x": 349, "y": 443, "width": 45, "height": 14}, "region_attributes": {"label": "SCORE", "key_type": "key", "formal_key": "question"}}, {"shape_attributes": {"name": "rect", "x": 416, "y": 443, "width": 36, "height": 14}, "region_attributes": {"label": "BASE", "key_type": "key", "formal_key": "question"}}, {"shape_attributes": {"name": "rect", "x": 237, "y": 427, "width": 31, "height": 14}, "region_attributes": {"label": "PM6", "key_type": "key", "formal_key": "header"}}, {"shape_attributes": {"name": "rect", "x": 553, "y": 426, "width": 71, "height": 15}, "region_attributes": {"label": "COMMENTS", "key_type": "key", "formal_key": "header"}}, {"shape_attributes": {"name": "rect", "x": 45, "y": 182, "width": 47, "height": 15}, "region_attributes": {"label": "Brand", "key_type": "key", "formal_key": "question"}}, {"shape_attributes": {"name": "rect", "x": 281, "y": 84, "width": 138, "height": 43}, "region_attributes": {"label": "NEWSPAPER SCORES AUDIENCE STUDIES", "key_type": "key", "formal_key": "header"}}, {"shape_attributes": {"name": "rect", "x": 145, "y": 205, "width": 298, "height": 17}, "region_attributes": {"label": "\" KALEIDOSCOPE - - GONE WITH THE WIND \" *", "key_type": "value", "formal_key": "answer"}}, {"shape_attributes": {"name": "rect", "x": 483, "y": 176, "width": 81, "height": 15}, "region_attributes": {"label": "Project #", "key_type": "key", "formal_key": "question"}}, {"shape_attributes": {"name": "rect", "x": 483, "y": 205, "width": 103, "height": 15}, "region_attributes": {"label": "Total Sample", "key_type": "key", "formal_key": "question"}}, {"shape_attributes": {"name": "rect", "x": 609, "y": 173, "width": 46, "height": 16}, "region_attributes": {"label": "72- 31", "key_type": "value", "formal_key": "answer"}}, {"shape_attributes": {"name": "rect", "x": 43, "y": 239, "width": 57, "height": 14}, "region_attributes": {"label": "Code #", "key_type": "key", "formal_key": "question"}}, {"shape_attributes": {"name": "rect", "x": 47, "y": 264, "width": 89, "height": 20}, "region_attributes": {"label": "Type of Ad", "key_type": "key", "formal_key": "question"}}, {"shape_attributes": {"name": "rect", "x": 47, "y": 292, "width": 137, "height": 20}, "region_attributes": {"label": "Newspaper (Date)", "key_type": "key", "formal_key": "question"}}, {"shape_attributes": {"name": "rect", "x": 147, "y": 235, "width": 96, "height": 16}, "region_attributes": {"label": "R/ BSS- 71- 19", "key_type": "value", "formal_key": "answer"}}, {"shape_attributes": {"name": "rect", "x": 149, "y": 263, "width": 194, "height": 15}, "region_attributes": {"label": "PARADE, 1 Page, 4- Color", "key_type": "value", "formal_key": "answer"}}, {"shape_attributes": {"name": "rect", "x": 341, "y": 426, "width": 114, "height": 17}, "region_attributes": {"label": "PROVED RECALL", "key_type": "key", "formal_key": "header"}}, {"shape_attributes": {"name": "rect", "x": 480, "y": 499, "width": 198, "height": 30}, "region_attributes": {"label": "*This was a combination ad with RALEIGH.", "key_type": "value", "formal_key": "others"}}, {"shape_attributes": {"name": "rect", "x": 43, "y": 655, "width": 76, "height": 17}, "region_attributes": {"label": "Under 25", "key_type": "key", "formal_key": "question"}}, {"shape_attributes": {"name": "rect", "x": 46, "y": 670, "width": 45, "height": 15}, "region_attributes": {"label": "25- 34", "key_type": "key", "formal_key": "question"}}, {"shape_attributes": {"name": "rect", "x": 49, "y": 684, "width": 45, "height": 16}, "region_attributes": {"label": "35- 44", "key_type": "key", "formal_key": "question"}}, {"shape_attributes": {"name": "rect", "x": 49, "y": 700, "width": 81, "height": 18}, "region_attributes": {"label": "45 & Over", "key_type": "key", "formal_key": "question"}}, {"shape_attributes": {"name": "rect", "x": 46, "y": 742, "width": 80, "height": 30}, "region_attributes": {"label": "Under 35 35 & Over", "key_type": "key", "formal_key": "question"}}, {"shape_attributes": {"name": "rect", "x": 46, "y": 828, "width": 159, "height": 15}, "region_attributes": {"label": "Test Brand Smokers", "key_type": "key", "formal_key": "question"}}, {"shape_attributes": {"name": "rect", "x": 46, "y": 841, "width": 151, "height": 15}, "region_attributes": {"label": "All Other Smokers", "key_type": "key", "formal_key": "question"}}, {"shape_attributes": {"name": "rect", "x": 215, "y": 289, "width": 401, "height": 20}, "region_attributes": {"label": "Pittsburgh Pittsburgh PUTSBURGH PRESS (4 /23 /72", "key_type": "value", "formal_key": "answer"}}, {"shape_attributes": {"name": "rect", "x": 216, "y": 317, "width": 400, "height": 20}, "region_attributes": {"label": "San Diego SAN DIEGO UNION (4 /23 /72", "key_type": "value", "formal_key": "answer"}}, {"shape_attributes": {"name": "rect", "x": 216, "y": 345, "width": 401, "height": 22}, "region_attributes": {"label": "Dayton DAYTON NEWS (4 /23 /72)", "key_type": "value", "formal_key": "answer"}}, {"shape_attributes": {"name": "rect", "x": 212, "y": 372, "width": 404, "height": 21}, "region_attributes": {"label": "Birmingham BIRMINGHAM NEWS (4 /23 /72)\uf702", "key_type": "value", "formal_key": "answer"}}]}}}