﻿{"file_name": "0001239897.json", "attributes": {"_via_img_metadata": {"regions": [{"shape_attributes": {"name": "rect", "x": 112, "y": 209, "width": 11, "height": 8}, "region_attributes": {"label": "", "key_type": "value", "formal_key": "others"}}, {"shape_attributes": {"name": "rect", "x": 123, "y": 209, "width": 17, "height": 8}, "region_attributes": {"label": "", "key_type": "value", "formal_key": "others"}}, {"shape_attributes": {"name": "rect", "x": 108, "y": 283, "width": 48, "height": 9}, "region_attributes": {"label": "SUBJECT:", "key_type": "key", "formal_key": "question"}}, {"shape_attributes": {"name": "rect", "x": 108, "y": 305, "width": 43, "height": 13}, "region_attributes": {"label": "SAMPLE:", "key_type": "key", "formal_key": "question"}}, {"shape_attributes": {"name": "rect", "x": 107, "y": 328, "width": 68, "height": 13}, "region_attributes": {"label": "CIGARETTES", "key_type": "key", "formal_key": "header"}}, {"shape_attributes": {"name": "rect", "x": 436, "y": 235, "width": 46, "height": 14}, "region_attributes": {"label": "PROJECT", "key_type": "key", "formal_key": "question"}}, {"shape_attributes": {"name": "rect", "x": 113, "y": 455, "width": 61, "height": 13}, "region_attributes": {"label": "REFERENCE", "key_type": "key", "formal_key": "question"}}, {"shape_attributes": {"name": "rect", "x": 109, "y": 501, "width": 66, "height": 11}, "region_attributes": {"label": "ATTRIBUTES", "key_type": "key", "formal_key": "header"}}, {"shape_attributes": {"name": "rect", "x": 348, "y": 457, "width": 46, "height": 11}, "region_attributes": {"label": "VICEROY", "key_type": "key", "formal_key": "question"}}, {"shape_attributes": {"name": "rect", "x": 480, "y": 455, "width": 68, "height": 13}, "region_attributes": {"label": "Competitive", "key_type": "key", "formal_key": "question"}}, {"shape_attributes": {"name": "rect", "x": 515, "y": 468, "width": 28, "height": 11}, "region_attributes": {"label": "54%", "key_type": "value", "formal_key": "answer"}}, {"shape_attributes": {"name": "rect", "x": 515, "y": 478, "width": 29, "height": 11}, "region_attributes": {"label": "46%46%", "key_type": "value", "formal_key": "answer"}}, {"shape_attributes": {"name": "rect", "x": 377, "y": 468, "width": 22, "height": 10}, "region_attributes": {"label": "47%", "key_type": "value", "formal_key": "answer"}}, {"shape_attributes": {"name": "rect", "x": 377, "y": 479, "width": 22, "height": 10}, "region_attributes": {"label": "53%", "key_type": "value", "formal_key": "answer"}}, {"shape_attributes": {"name": "rect", "x": 229, "y": 500, "width": 46, "height": 13}, "region_attributes": {"label": "VICEROY", "key_type": "key", "formal_key": "question"}}, {"shape_attributes": {"name": "rect", "x": 469, "y": 501, "width": 67, "height": 10}, "region_attributes": {"label": "Competitive", "key_type": "key", "formal_key": "header"}}, {"shape_attributes": {"name": "rect", "x": 451, "y": 557, "width": 21, "height": 10}, "region_attributes": {"label": "-13", "key_type": "value", "formal_key": "answer"}}, {"shape_attributes": {"name": "rect", "x": 536, "y": 559, "width": 22, "height": 10}, "region_attributes": {"label": "-4", "key_type": "value", "formal_key": "answer"}}, {"shape_attributes": {"name": "rect", "x": 450, "y": 571, "width": 21, "height": 8}, "region_attributes": {"label": "-7", "key_type": "value", "formal_key": "answer"}}, {"shape_attributes": {"name": "rect", "x": 534, "y": 570, "width": 27, "height": 13}, "region_attributes": {"label": "+7*", "key_type": "value", "formal_key": "answer"}}, {"shape_attributes": {"name": "rect", "x": 450, "y": 582, "width": 25, "height": 10}, "region_attributes": {"label": "+14", "key_type": "value", "formal_key": "answer"}}, {"shape_attributes": {"name": "rect", "x": 532, "y": 581, "width": 29, "height": 11}, "region_attributes": {"label": "+26*", "key_type": "value", "formal_key": "answer"}}, {"shape_attributes": {"name": "rect", "x": 293, "y": 557, "width": 27, "height": 14}, "region_attributes": {"label": "-15*", "key_type": "value", "formal_key": "answer"}}, {"shape_attributes": {"name": "rect", "x": 211, "y": 582, "width": 20, "height": 10}, "region_attributes": {"label": "+22", "key_type": "value", "formal_key": "answer"}}, {"shape_attributes": {"name": "rect", "x": 208, "y": 557, "width": 20, "height": 13}, "region_attributes": {"label": "+1", "key_type": "value", "formal_key": "answer"}}, {"shape_attributes": {"name": "rect", "x": 208, "y": 571, "width": 22, "height": 10}, "region_attributes": {"label": "+5", "key_type": "value", "formal_key": "answer"}}, {"shape_attributes": {"name": "rect", "x": 293, "y": 570, "width": 24, "height": 8}, "region_attributes": {"label": "-5", "key_type": "value", "formal_key": "answer"}}, {"shape_attributes": {"name": "rect", "x": 292, "y": 581, "width": 22, "height": 11}, "region_attributes": {"label": "+21", "key_type": "value", "formal_key": "answer"}}, {"shape_attributes": {"name": "rect", "x": 106, "y": 557, "width": 53, "height": 13}, "region_attributes": {"label": "STRENGTH", "key_type": "key", "formal_key": "question"}}, {"shape_attributes": {"name": "rect", "x": 108, "y": 571, "width": 59, "height": 10}, "region_attributes": {"label": "HARSHNESS", "key_type": "key", "formal_key": "question"}}, {"shape_attributes": {"name": "rect", "x": 108, "y": 581, "width": 63, "height": 14}, "region_attributes": {"label": "AFTERTASTE", "key_type": "key", "formal_key": "question"}}, {"shape_attributes": {"name": "rect", "x": 107, "y": 235, "width": 149, "height": 25}, "region_attributes": {"label": "TOP- LINES NON- MENTHOL PRODUCT TEST", "key_type": "key", "formal_key": "header"}}, {"shape_attributes": {"name": "rect", "x": 486, "y": 233, "width": 61, "height": 17}, "region_attributes": {"label": "# 19 4- 26A", "key_type": "value", "formal_key": "answer"}}, {"shape_attributes": {"name": "rect", "x": 203, "y": 281, "width": 296, "height": 15}, "region_attributes": {"label": "25% Replacement of Propylene Glycol With SORBITOL", "key_type": "value", "formal_key": "answer"}}, {"shape_attributes": {"name": "rect", "x": 203, "y": 303, "width": 219, "height": 16}, "region_attributes": {"label": "250 VICEROY/ 125 Marlboro/ 125 Winston", "key_type": "value", "formal_key": "answer"}}, {"shape_attributes": {"name": "rect", "x": 203, "y": 339, "width": 67, "height": 13}, "region_attributes": {"label": "#627/ 647 -", "key_type": "key", "formal_key": "question"}}, {"shape_attributes": {"name": "rect", "x": 203, "y": 363, "width": 68, "height": 13}, "region_attributes": {"label": "#647/ #627 -", "key_type": "key", "formal_key": "question"}}, {"shape_attributes": {"name": "rect", "x": 275, "y": 338, "width": 111, "height": 14}, "region_attributes": {"label": "Current VICEROY B4", "key_type": "value", "formal_key": "answer"}}, {"shape_attributes": {"name": "rect", "x": 275, "y": 362, "width": 182, "height": 36}, "region_attributes": {"label": "Current VICEROY 84 except with 25% of the propylene glycol replaced with SORBITOL.", "key_type": "value", "formal_key": "answer"}}, {"shape_attributes": {"name": "rect", "x": 13, "y": 908, "width": 193, "height": 35}, "region_attributes": {"label": "NOTICE IF THE FILM IMAGE IS LESS CLEAR THAN THIS NOTICE. IT IS DUE TO THE QUALITY OF THE DOCUMENT BEING FILMED", "key_type": "value", "formal_key": "others"}}, {"shape_attributes": {"name": "rect", "x": 214, "y": 908, "width": 205, "height": 32}, "region_attributes": {"label": "77905 6433", "key_type": "value", "formal_key": "others"}}, {"shape_attributes": {"name": "rect", "x": 295, "y": 598, "width": 156, "height": 14}, "region_attributes": {"label": "*Statistically Significant", "key_type": "value", "formal_key": "others"}}, {"shape_attributes": {"name": "rect", "x": 109, "y": 468, "width": 63, "height": 11}, "region_attributes": {"label": "(#627/ 647", "key_type": "value", "formal_key": "answer"}}, {"shape_attributes": {"name": "rect", "x": 108, "y": 479, "width": 63, "height": 13}, "region_attributes": {"label": "(#647/ 627)", "key_type": "value", "formal_key": "answer"}}, {"shape_attributes": {"name": "rect", "x": 184, "y": 468, "width": 126, "height": 22}, "region_attributes": {"label": "Current VICEROY 84 25% PG with SORBITOL", "key_type": "value", "formal_key": "answer"}}, {"shape_attributes": {"name": "rect", "x": 425, "y": 514, "width": 69, "height": 33}, "region_attributes": {"label": "Current VICEROY 84 (#647/ 647", "key_type": "key", "formal_key": "question"}}, {"shape_attributes": {"name": "rect", "x": 508, "y": 513, "width": 71, "height": 33}, "region_attributes": {"label": "25% PG w/ SORBITOL (#647/ 627)", "key_type": "key", "formal_key": "question"}}, {"shape_attributes": {"name": "rect", "x": 184, "y": 513, "width": 70, "height": 34}, "region_attributes": {"label": "Current VICEROY 84 (#627/ 647)", "key_type": "value", "formal_key": "answer"}}, {"shape_attributes": {"name": "rect", "x": 268, "y": 511, "width": 71, "height": 37}, "region_attributes": {"label": "25% PG w/ SORBITOL #647/ 627", "key_type": "value", "formal_key": "answer"}}]}}}