﻿{"file_name": "0001209043.json", "attributes": {"_via_img_metadata": {"regions": [{"shape_attributes": {"name": "rect", "x": 41, "y": 127, "width": 43, "height": 17}, "region_attributes": {"label": "Brand", "key_type": "key", "formal_key": "question"}}, {"shape_attributes": {"name": "rect", "x": 41, "y": 154, "width": 46, "height": 18}, "region_attributes": {"label": "Title", "key_type": "key", "formal_key": "question"}}, {"shape_attributes": {"name": "rect", "x": 41, "y": 211, "width": 36, "height": 15}, "region_attributes": {"label": "Size", "key_type": "key", "formal_key": "question"}}, {"shape_attributes": {"name": "rect", "x": 39, "y": 239, "width": 71, "height": 14}, "region_attributes": {"label": "Magazine", "key_type": "key", "formal_key": "question"}}, {"shape_attributes": {"name": "rect", "x": 41, "y": 295, "width": 71, "height": 14}, "region_attributes": {"label": "Location", "key_type": "key", "formal_key": "question"}}, {"shape_attributes": {"name": "rect", "x": 496, "y": 204, "width": 6, "height": 6}, "region_attributes": {"label": "", "key_type": "key", "formal_key": "question"}}, {"shape_attributes": {"name": "rect", "x": 182, "y": 394, "width": 43, "height": 15}, "region_attributes": {"label": "SCORE", "key_type": "key", "formal_key": "question"}}, {"shape_attributes": {"name": "rect", "x": 250, "y": 394, "width": 32, "height": 15}, "region_attributes": {"label": "BASE", "key_type": "key", "formal_key": "question"}}, {"shape_attributes": {"name": "rect", "x": 337, "y": 394, "width": 45, "height": 13}, "region_attributes": {"label": "SCORE", "key_type": "key", "formal_key": "question"}}, {"shape_attributes": {"name": "rect", "x": 404, "y": 394, "width": 34, "height": 13}, "region_attributes": {"label": "BASE", "key_type": "key", "formal_key": "question"}}, {"shape_attributes": {"name": "rect", "x": 542, "y": 376, "width": 71, "height": 17}, "region_attributes": {"label": "COMMENTS", "key_type": "key", "formal_key": "question"}}, {"shape_attributes": {"name": "rect", "x": 222, "y": 377, "width": 28, "height": 17}, "region_attributes": {"label": "PM6", "key_type": "key", "formal_key": "header"}}, {"shape_attributes": {"name": "rect", "x": 39, "y": 454, "width": 67, "height": 18}, "region_attributes": {"label": "OVERALL", "key_type": "key", "formal_key": "question"}}, {"shape_attributes": {"name": "rect", "x": 41, "y": 511, "width": 35, "height": 13}, "region_attributes": {"label": "SEX:", "key_type": "key", "formal_key": "header"}}, {"shape_attributes": {"name": "rect", "x": 41, "y": 595, "width": 35, "height": 14}, "region_attributes": {"label": "AGE:", "key_type": "key", "formal_key": "header"}}, {"shape_attributes": {"name": "rect", "x": 41, "y": 525, "width": 36, "height": 13}, "region_attributes": {"label": "Male", "key_type": "key", "formal_key": "question"}}, {"shape_attributes": {"name": "rect", "x": 41, "y": 538, "width": 52, "height": 15}, "region_attributes": {"label": "Female", "key_type": "key", "formal_key": "question"}}, {"shape_attributes": {"name": "rect", "x": 568, "y": 154, "width": 29, "height": 15}, "region_attributes": {"label": "214", "key_type": "value", "formal_key": "answer"}}, {"shape_attributes": {"name": "rect", "x": 138, "y": 239, "width": 39, "height": 15}, "region_attributes": {"label": "TIME", "key_type": "value", "formal_key": "answer"}}, {"shape_attributes": {"name": "rect", "x": 194, "y": 455, "width": 27, "height": 14}, "region_attributes": {"label": "1.0", "key_type": "value", "formal_key": "answer"}}, {"shape_attributes": {"name": "rect", "x": 247, "y": 455, "width": 35, "height": 17}, "region_attributes": {"label": "(.97)", "key_type": "value", "formal_key": "answer"}}, {"shape_attributes": {"name": "rect", "x": 351, "y": 457, "width": 20, "height": 14}, "region_attributes": {"label": "31", "key_type": "value", "formal_key": "answer"}}, {"shape_attributes": {"name": "rect", "x": 399, "y": 453, "width": 41, "height": 17}, "region_attributes": {"label": "(167)", "key_type": "value", "formal_key": "answer"}}, {"shape_attributes": {"name": "rect", "x": 404, "y": 524, "width": 35, "height": 15}, "region_attributes": {"label": "(83)", "key_type": "value", "formal_key": "answer"}}, {"shape_attributes": {"name": "rect", "x": 404, "y": 539, "width": 35, "height": 13}, "region_attributes": {"label": "(84)", "key_type": "value", "formal_key": "answer"}}, {"shape_attributes": {"name": "rect", "x": 352, "y": 524, "width": 20, "height": 14}, "region_attributes": {"label": "31", "key_type": "value", "formal_key": "answer"}}, {"shape_attributes": {"name": "rect", "x": 352, "y": 541, "width": 20, "height": 11}, "region_attributes": {"label": "31", "key_type": "value", "formal_key": "answer"}}, {"shape_attributes": {"name": "rect", "x": 247, "y": 524, "width": 36, "height": 17}, "region_attributes": {"label": "(51)", "key_type": "value", "formal_key": "answer"}}, {"shape_attributes": {"name": "rect", "x": 246, "y": 541, "width": 38, "height": 14}, "region_attributes": {"label": "(46)", "key_type": "value", "formal_key": "answer"}}, {"shape_attributes": {"name": "rect", "x": 194, "y": 525, "width": 28, "height": 15}, "region_attributes": {"label": "2.0", "key_type": "value", "formal_key": "answer"}}, {"shape_attributes": {"name": "rect", "x": 194, "y": 541, "width": 31, "height": 13}, "region_attributes": {"label": "0.0", "key_type": "value", "formal_key": "answer"}}, {"shape_attributes": {"name": "rect", "x": 404, "y": 704, "width": 39, "height": 14}, "region_attributes": {"label": "(81)", "key_type": "value", "formal_key": "answer"}}, {"shape_attributes": {"name": "rect", "x": 402, "y": 718, "width": 41, "height": 17}, "region_attributes": {"label": "(86)", "key_type": "value", "formal_key": "answer"}}, {"shape_attributes": {"name": "rect", "x": 352, "y": 703, "width": 22, "height": 15}, "region_attributes": {"label": "33", "key_type": "value", "formal_key": "answer"}}, {"shape_attributes": {"name": "rect", "x": 355, "y": 721, "width": 18, "height": 15}, "region_attributes": {"label": "29", "key_type": "value", "formal_key": "answer"}}, {"shape_attributes": {"name": "rect", "x": 250, "y": 703, "width": 38, "height": 18}, "region_attributes": {"label": "(42)", "key_type": "value", "formal_key": "answer"}}, {"shape_attributes": {"name": "rect", "x": 250, "y": 719, "width": 38, "height": 17}, "region_attributes": {"label": "(55)", "key_type": "value", "formal_key": "answer"}}, {"shape_attributes": {"name": "rect", "x": 196, "y": 703, "width": 29, "height": 15}, "region_attributes": {"label": "2.4", "key_type": "value", "formal_key": "answer"}}, {"shape_attributes": {"name": "rect", "x": 196, "y": 718, "width": 32, "height": 17}, "region_attributes": {"label": "0.0", "key_type": "value", "formal_key": "answer"}}, {"shape_attributes": {"name": "rect", "x": 570, "y": 830, "width": 64, "height": 17}, "region_attributes": {"label": "4/19/74", "key_type": "value", "formal_key": "answer"}}, {"shape_attributes": {"name": "rect", "x": 500, "y": 892, "width": 113, "height": 20}, "region_attributes": {"label": "770205964", "key_type": "value", "formal_key": "others"}}, {"shape_attributes": {"name": "rect", "x": 356, "y": 786, "width": 18, "height": 15}, "region_attributes": {"label": "33", "key_type": "value", "formal_key": "answer"}}, {"shape_attributes": {"name": "rect", "x": 405, "y": 788, "width": 39, "height": 17}, "region_attributes": {"label": "(42)", "key_type": "value", "formal_key": "answer"}}, {"shape_attributes": {"name": "rect", "x": 406, "y": 803, "width": 39, "height": 15}, "region_attributes": {"label": "(125)", "key_type": "value", "formal_key": "answer"}}, {"shape_attributes": {"name": "rect", "x": 356, "y": 806, "width": 20, "height": 14}, "region_attributes": {"label": "30", "key_type": "value", "formal_key": "answer"}}, {"shape_attributes": {"name": "rect", "x": 279, "y": 36, "width": 133, "height": 47}, "region_attributes": {"label": "MAGAZINE SCORES AUDIENCE STUDIES", "key_type": "key", "formal_key": "header"}}, {"shape_attributes": {"name": "rect", "x": 138, "y": 124, "width": 98, "height": 19}, "region_attributes": {"label": "SALEM (RJR)", "key_type": "value", "formal_key": "answer"}}, {"shape_attributes": {"name": "rect", "x": 459, "y": 127, "width": 79, "height": 18}, "region_attributes": {"label": "Project #", "key_type": "key", "formal_key": "question"}}, {"shape_attributes": {"name": "rect", "x": 458, "y": 154, "width": 106, "height": 18}, "region_attributes": {"label": "Total Sample", "key_type": "key", "formal_key": "question"}}, {"shape_attributes": {"name": "rect", "x": 568, "y": 123, "width": 44, "height": 18}, "region_attributes": {"label": "74- 80", "key_type": "value", "formal_key": "answer"}}, {"shape_attributes": {"name": "rect", "x": 141, "y": 152, "width": 125, "height": 17}, "region_attributes": {"label": "\"HEAD IN WATER\"", "key_type": "value", "formal_key": "answer"}}, {"shape_attributes": {"name": "rect", "x": 41, "y": 182, "width": 49, "height": 21}, "region_attributes": {"label": "Code #", "key_type": "key", "formal_key": "question"}}, {"shape_attributes": {"name": "rect", "x": 137, "y": 209, "width": 83, "height": 17}, "region_attributes": {"label": "FULL PAGE", "key_type": "value", "formal_key": "answer"}}, {"shape_attributes": {"name": "rect", "x": 39, "y": 267, "width": 88, "height": 17}, "region_attributes": {"label": "Field Date", "key_type": "key", "formal_key": "question"}}, {"shape_attributes": {"name": "rect", "x": 138, "y": 265, "width": 185, "height": 19}, "region_attributes": {"label": "WEEK OF MARCH 25, 1974", "key_type": "value", "formal_key": "answer"}}, {"shape_attributes": {"name": "rect", "x": 138, "y": 292, "width": 446, "height": 20}, "region_attributes": {"label": "CHICAGO, DALLAS/ FORT WORTH, INDIANAPOLIS, LOS ANGELES", "key_type": "value", "formal_key": "answer"}}, {"shape_attributes": {"name": "rect", "x": 138, "y": 321, "width": 279, "height": 17}, "region_attributes": {"label": "MEMPHIS, PHILADELPHIA, PITTSBURGH", "key_type": "value", "formal_key": "answer"}}, {"shape_attributes": {"name": "rect", "x": 41, "y": 356, "width": 154, "height": 17}, "region_attributes": {"label": "Sample Description", "key_type": "key", "formal_key": "question"}}, {"shape_attributes": {"name": "rect", "x": 204, "y": 359, "width": 258, "height": 17}, "region_attributes": {"label": "MALE AND FEMALE MENTHOL SMOKERS", "key_type": "value", "formal_key": "answer"}}, {"shape_attributes": {"name": "rect", "x": 330, "y": 377, "width": 105, "height": 17}, "region_attributes": {"label": "PROVED RECALL", "key_type": "key", "formal_key": "header"}}, {"shape_attributes": {"name": "rect", "x": 471, "y": 454, "width": 222, "height": 112}, "region_attributes": {"label": "Tested among a half sample of smokers. Sub- group scores subject to wide variation because of small sample size and should be averaged across several ads for meaningful infor- mation.", "key_type": "value", "formal_key": "answer"}}, {"shape_attributes": {"name": "rect", "x": 42, "y": 608, "width": 68, "height": 14}, "region_attributes": {"label": "Under 25", "key_type": "key", "formal_key": "question"}}, {"shape_attributes": {"name": "rect", "x": 43, "y": 622, "width": 44, "height": 14}, "region_attributes": {"label": "25- 34", "key_type": "key", "formal_key": "question"}}, {"shape_attributes": {"name": "rect", "x": 42, "y": 634, "width": 44, "height": 15}, "region_attributes": {"label": "35- 44", "key_type": "key", "formal_key": "question"}}, {"shape_attributes": {"name": "rect", "x": 43, "y": 649, "width": 77, "height": 15}, "region_attributes": {"label": "45 & Over", "key_type": "key", "formal_key": "question"}}, {"shape_attributes": {"name": "rect", "x": 43, "y": 704, "width": 69, "height": 15}, "region_attributes": {"label": "Under 35", "key_type": "key", "formal_key": "question"}}, {"shape_attributes": {"name": "rect", "x": 43, "y": 719, "width": 76, "height": 15}, "region_attributes": {"label": "35 & Over", "key_type": "key", "formal_key": "question"}}, {"shape_attributes": {"name": "rect", "x": 43, "y": 775, "width": 104, "height": 14}, "region_attributes": {"label": "BRAND SMOKED:", "key_type": "key", "formal_key": "header"}}, {"shape_attributes": {"name": "rect", "x": 41, "y": 789, "width": 151, "height": 15}, "region_attributes": {"label": "Test Brand Smokers", "key_type": "key", "formal_key": "question"}}, {"shape_attributes": {"name": "rect", "x": 43, "y": 803, "width": 138, "height": 17}, "region_attributes": {"label": "All Other Smokers", "key_type": "key", "formal_key": "question"}}, {"shape_attributes": {"name": "rect", "x": 486, "y": 830, "width": 79, "height": 17}, "region_attributes": {"label": "Date Sent", "key_type": "key", "formal_key": "question"}}, {"shape_attributes": {"name": "rect", "x": 575, "y": 842, "width": 73, "height": 15}, "region_attributes": {"label": "PI- 7653", "key_type": "value", "formal_key": "others"}}]}}}