﻿{"file_name": "0001123541.json", "attributes": {"_via_img_metadata": {"regions": [{"shape_attributes": {"name": "rect", "x": 10, "y": 166, "width": 38, "height": 13}, "region_attributes": {"label": "DATE:", "key_type": "key", "formal_key": "question"}}, {"shape_attributes": {"name": "rect", "x": 144, "y": 165, "width": 80, "height": 14}, "region_attributes": {"label": "DEPARTMENT:", "key_type": "key", "formal_key": "question"}}, {"shape_attributes": {"name": "rect", "x": 455, "y": 208, "width": 31, "height": 13}, "region_attributes": {"label": "Type", "key_type": "key", "formal_key": "question"}}, {"shape_attributes": {"name": "rect", "x": 503, "y": 205, "width": 57, "height": 17}, "region_attributes": {"label": "EQPR", "key_type": "value", "formal_key": "answer"}}, {"shape_attributes": {"name": "rect", "x": 24, "y": 32, "width": 67, "height": 70}, "region_attributes": {"label": "B&W", "key_type": "value", "formal_key": "others"}}, {"shape_attributes": {"name": "rect", "x": 589, "y": 32, "width": 75, "height": 70}, "region_attributes": {"label": "QUALITY", "key_type": "value", "formal_key": "others"}}, {"shape_attributes": {"name": "rect", "x": 216, "y": 648, "width": 73, "height": 13}, "region_attributes": {"label": "Implement:", "key_type": "key", "formal_key": "header"}}, {"shape_attributes": {"name": "rect", "x": 493, "y": 647, "width": 31, "height": 14}, "region_attributes": {"label": "Date", "key_type": "key", "formal_key": "question"}}, {"shape_attributes": {"name": "rect", "x": 633, "y": 771, "width": 22, "height": 122}, "region_attributes": {"label": "632120763", "key_type": "value", "formal_key": "others"}}, {"shape_attributes": {"name": "rect", "x": 120, "y": 45, "width": 447, "height": 49}, "region_attributes": {"label": "QUALITY IMPROVEMENT SUGGESTION OUR MISSION IS SUPERIOR CONSUMER SATISFACTION", "key_type": "key", "formal_key": "header"}}, {"shape_attributes": {"name": "rect", "x": 124, "y": 94, "width": 439, "height": 15}, "region_attributes": {"label": "Highest Quality. Teamwork, Do Right Things Right The First Time", "key_type": "value", "formal_key": "others"}}, {"shape_attributes": {"name": "rect", "x": 228, "y": 119, "width": 230, "height": 18}, "region_attributes": {"label": "RESEARCH & DEVELOPMENT", "key_type": "key", "formal_key": "header"}}, {"shape_attributes": {"name": "rect", "x": 497, "y": 149, "width": 131, "height": 14}, "region_attributes": {"label": "Quality Coord Only", "key_type": "key", "formal_key": "header"}}, {"shape_attributes": {"name": "rect", "x": 53, "y": 165, "width": 93, "height": 14}, "region_attributes": {"label": "June 21, 1993", "key_type": "value", "formal_key": "answer"}}, {"shape_attributes": {"name": "rect", "x": 250, "y": 163, "width": 79, "height": 17}, "region_attributes": {"label": "R&D Library", "key_type": "value", "formal_key": "answer"}}, {"shape_attributes": {"name": "rect", "x": 144, "y": 191, "width": 116, "height": 16}, "region_attributes": {"label": "Carol S. Lincoln", "key_type": "value", "formal_key": "answer"}}, {"shape_attributes": {"name": "rect", "x": 147, "y": 219, "width": 78, "height": 16}, "region_attributes": {"label": "407- 64- 3484", "key_type": "value", "formal_key": "answer"}}, {"shape_attributes": {"name": "rect", "x": 11, "y": 194, "width": 91, "height": 13}, "region_attributes": {"label": "SUBMITTED BY:", "key_type": "key", "formal_key": "question"}}, {"shape_attributes": {"name": "rect", "x": 11, "y": 223, "width": 112, "height": 11}, "region_attributes": {"label": "SUBMITTER'S SS#:", "key_type": "key", "formal_key": "question"}}, {"shape_attributes": {"name": "rect", "x": 455, "y": 179, "width": 73, "height": 13}, "region_attributes": {"label": "Date Rec'd", "key_type": "key", "formal_key": "question"}}, {"shape_attributes": {"name": "rect", "x": 454, "y": 193, "width": 75, "height": 13}, "region_attributes": {"label": "QIP Log #1", "key_type": "key", "formal_key": "question"}}, {"shape_attributes": {"name": "rect", "x": 454, "y": 221, "width": 94, "height": 14}, "region_attributes": {"label": "Status (1993)", "key_type": "key", "formal_key": "question"}}, {"shape_attributes": {"name": "rect", "x": 455, "y": 236, "width": 107, "height": 14}, "region_attributes": {"label": "Keywords (1993)", "key_type": "key", "formal_key": "question"}}, {"shape_attributes": {"name": "rect", "x": 546, "y": 168, "width": 70, "height": 29}, "region_attributes": {"label": "6/ 21/ 93", "key_type": "value", "formal_key": "answer"}}, {"shape_attributes": {"name": "rect", "x": 541, "y": 190, "width": 86, "height": 20}, "region_attributes": {"label": "93- 0301", "key_type": "value", "formal_key": "answer"}}, {"shape_attributes": {"name": "rect", "x": 11, "y": 278, "width": 347, "height": 17}, "region_attributes": {"label": "SUGGESTION: (Describe Current Situation and Idea)", "key_type": "key", "formal_key": "question"}}, {"shape_attributes": {"name": "rect", "x": 32, "y": 306, "width": 652, "height": 124}, "region_attributes": {"label": "The current system of managing records is too complex. The trend seems to be increasingly specific, when we should be getting more general. Right now, people must work to understand the system. We must spend too much time adninistering the system, labeling and cleaning our files. Complying is a real burden, both for the individual and for the records coordinators.", "key_type": "value", "formal_key": "answer"}}, {"shape_attributes": {"name": "rect", "x": 11, "y": 476, "width": 290, "height": 15}, "region_attributes": {"label": "Describe Possible Solutions And Benefits", "key_type": "key", "formal_key": "question"}}, {"shape_attributes": {"name": "rect", "x": 32, "y": 500, "width": 330, "height": 19}, "region_attributes": {"label": "1. Drop the category specifications altogether.", "key_type": "value", "formal_key": "answer"}}, {"shape_attributes": {"name": "rect", "x": 31, "y": 528, "width": 228, "height": 18}, "region_attributes": {"label": "2. Use moregeneral categories.", "key_type": "value", "formal_key": "answer"}}, {"shape_attributes": {"name": "rect", "x": 32, "y": 549, "width": 622, "height": 52}, "region_attributes": {"label": "hote: I have passed this to Scott Appleton for the task force to use in streamlining the records management program.", "key_type": "value", "formal_key": "answer"}}, {"shape_attributes": {"name": "rect", "x": 11, "y": 591, "width": 134, "height": 14}, "region_attributes": {"label": "PROFIT IMPROVEMENT:", "key_type": "key", "formal_key": "question"}}, {"shape_attributes": {"name": "rect", "x": 152, "y": 591, "width": 109, "height": 15}, "region_attributes": {"label": "(If Applicable)", "key_type": "value", "formal_key": "answer"}}, {"shape_attributes": {"name": "rect", "x": 11, "y": 647, "width": 88, "height": 15}, "region_attributes": {"label": "RESPOND HERE", "key_type": "key", "formal_key": "question"}}, {"shape_attributes": {"name": "rect", "x": 304, "y": 644, "width": 42, "height": 20}, "region_attributes": {"label": "\u2610 Yes", "key_type": "key", "formal_key": "question"}}, {"shape_attributes": {"name": "rect", "x": 362, "y": 644, "width": 35, "height": 20}, "region_attributes": {"label": "\u2610 No", "key_type": "key", "formal_key": "question"}}, {"shape_attributes": {"name": "rect", "x": 409, "y": 642, "width": 71, "height": 21}, "region_attributes": {"label": "\u2610 Pending", "key_type": "key", "formal_key": "question"}}, {"shape_attributes": {"name": "rect", "x": 54, "y": 874, "width": 168, "height": 17}, "region_attributes": {"label": "Approval Signature/ Date", "key_type": "key", "formal_key": "question"}}, {"shape_attributes": {"name": "rect", "x": 420, "y": 874, "width": 106, "height": 14}, "region_attributes": {"label": "Responder/ Date", "key_type": "key", "formal_key": "question"}}, {"shape_attributes": {"name": "rect", "x": 263, "y": 876, "width": 153, "height": 27}, "region_attributes": {"label": "Sign & Print Names) (See Instructions On Back)", "key_type": "key", "formal_key": "question"}}]}}}