﻿{"file_name": "0001485288.json", "attributes": {"_via_img_metadata": {"regions": [{"shape_attributes": {"name": "rect", "x": 482, "y": 102, "width": 15, "height": 13}, "region_attributes": {"label": "\u2611", "key_type": "value", "formal_key": "answer"}}, {"shape_attributes": {"name": "rect", "x": 345, "y": 454, "width": 17, "height": 14}, "region_attributes": {"label": "20", "key_type": "value", "formal_key": "answer"}}, {"shape_attributes": {"name": "rect", "x": 506, "y": 848, "width": 117, "height": 21}, "region_attributes": {"label": "620745255", "key_type": "value", "formal_key": "others"}}, {"shape_attributes": {"name": "rect", "x": 420, "y": 899, "width": 54, "height": 17}, "region_attributes": {"label": "Signed", "key_type": "key", "formal_key": "question"}}, {"shape_attributes": {"name": "rect", "x": 584, "y": 458, "width": 32, "height": 14}, "region_attributes": {"label": "Free", "key_type": "value", "formal_key": "answer"}}, {"shape_attributes": {"name": "rect", "x": 39, "y": 29, "width": 66, "height": 13}, "region_attributes": {"label": "DC B38 (8 78)", "key_type": "value", "formal_key": "others"}}, {"shape_attributes": {"name": "rect", "x": 200, "y": 59, "width": 325, "height": 28}, "region_attributes": {"label": "BROWN & WILLIAMSON TOBACCO CORPORATION LOUISVILLE, KENTUCKY 40201", "key_type": "key", "formal_key": "header"}}, {"shape_attributes": {"name": "rect", "x": 250, "y": 101, "width": 223, "height": 13}, "region_attributes": {"label": "SPECIAL SAMPLE MANUFACTURE", "key_type": "key", "formal_key": "question"}}, {"shape_attributes": {"name": "rect", "x": 405, "y": 123, "width": 94, "height": 14}, "region_attributes": {"label": "SHIPMENT \u2610", "key_type": "key", "formal_key": "question"}}, {"shape_attributes": {"name": "rect", "x": 406, "y": 142, "width": 90, "height": 15}, "region_attributes": {"label": "TRANSFER \u2610", "key_type": "key", "formal_key": "question"}}, {"shape_attributes": {"name": "rect", "x": 311, "y": 162, "width": 186, "height": 18}, "region_attributes": {"label": "REDUCED TO MATERIAL \u2610", "key_type": "key", "formal_key": "question"}}, {"shape_attributes": {"name": "rect", "x": 436, "y": 186, "width": 129, "height": 17}, "region_attributes": {"label": "Date of Request", "key_type": "key", "formal_key": "question"}}, {"shape_attributes": {"name": "rect", "x": 436, "y": 201, "width": 121, "height": 15}, "region_attributes": {"label": "Account Number", "key_type": "key", "formal_key": "question"}}, {"shape_attributes": {"name": "rect", "x": 610, "y": 182, "width": 52, "height": 18}, "region_attributes": {"label": "6/ 25/ 81", "key_type": "value", "formal_key": "answer"}}, {"shape_attributes": {"name": "rect", "x": 596, "y": 204, "width": 66, "height": 15}, "region_attributes": {"label": "22 244 00", "key_type": "value", "formal_key": "answer"}}, {"shape_attributes": {"name": "rect", "x": 43, "y": 168, "width": 87, "height": 16}, "region_attributes": {"label": "Copies to:", "key_type": "key", "formal_key": "question"}}, {"shape_attributes": {"name": "rect", "x": 128, "y": 198, "width": 156, "height": 58}, "region_attributes": {"label": "Factory Cost Dept. Writer Development Center Sue Livesay", "key_type": "value", "formal_key": "answer"}}, {"shape_attributes": {"name": "rect", "x": 42, "y": 338, "width": 158, "height": 17}, "region_attributes": {"label": "Sample Disposition", "key_type": "key", "formal_key": "question"}}, {"shape_attributes": {"name": "rect", "x": 296, "y": 383, "width": 149, "height": 29}, "region_attributes": {"label": "Quantity, Cartons of 200 each", "key_type": "key", "formal_key": "question"}}, {"shape_attributes": {"name": "rect", "x": 553, "y": 383, "width": 106, "height": 31}, "region_attributes": {"label": "Tax Status Paid or Free", "key_type": "key", "formal_key": "question"}}, {"shape_attributes": {"name": "rect", "x": 59, "y": 422, "width": 130, "height": 18}, "region_attributes": {"label": "To Sample Stock", "key_type": "key", "formal_key": "header"}}, {"shape_attributes": {"name": "rect", "x": 99, "y": 451, "width": 28, "height": 15}, "region_attributes": {"label": "R & D", "key_type": "key", "formal_key": "question"}}, {"shape_attributes": {"name": "rect", "x": 101, "y": 482, "width": 30, "height": 14}, "region_attributes": {"label": "M. R.", "key_type": "key", "formal_key": "question"}}, {"shape_attributes": {"name": "rect", "x": 54, "y": 549, "width": 158, "height": 18}, "region_attributes": {"label": "Method of Shipment", "key_type": "key", "formal_key": "question"}}, {"shape_attributes": {"name": "rect", "x": 36, "y": 592, "width": 184, "height": 17}, "region_attributes": {"label": "Cigarette Description", "key_type": "key", "formal_key": "question"}}, {"shape_attributes": {"name": "rect", "x": 127, "y": 634, "width": 377, "height": 44}, "region_attributes": {"label": "KS 1 mg grooved product using 4. 3/ 37 filter material. Cigarette code 244131", "key_type": "value", "formal_key": "answer"}}, {"shape_attributes": {"name": "rect", "x": 36, "y": 718, "width": 269, "height": 17}, "region_attributes": {"label": "Special Instructions & Comments", "key_type": "key", "formal_key": "question"}}, {"shape_attributes": {"name": "rect", "x": 34, "y": 895, "width": 130, "height": 18}, "region_attributes": {"label": "Completion Date", "key_type": "key", "formal_key": "question"}}, {"shape_attributes": {"name": "rect", "x": 221, "y": 895, "width": 51, "height": 14}, "region_attributes": {"label": "6/ 25/ 81", "key_type": "value", "formal_key": "answer"}}, {"shape_attributes": {"name": "rect", "x": 511, "y": 899, "width": 94, "height": 14}, "region_attributes": {"label": "B. D. WINGLER", "key_type": "value", "formal_key": "answer"}}]}}}