﻿{"file_name": "0001477983.json", "attributes": {"_via_img_metadata": {"regions": [{"shape_attributes": {"name": "rect", "x": 459, "y": 391, "width": 47, "height": 14}, "region_attributes": {"label": "Retainer", "key_type": "key", "formal_key": "question"}}, {"shape_attributes": {"name": "rect", "x": 300, "y": 366, "width": 38, "height": 17}, "region_attributes": {"label": "No.", "key_type": "value", "formal_key": "answer"}}, {"shape_attributes": {"name": "rect", "x": 316, "y": 380, "width": 8, "height": 17}, "region_attributes": {"label": "$", "key_type": "value", "formal_key": "answer"}}, {"shape_attributes": {"name": "rect", "x": 314, "y": 397, "width": 10, "height": 15}, "region_attributes": {"label": "$", "key_type": "value", "formal_key": "answer"}}, {"shape_attributes": {"name": "rect", "x": 297, "y": 415, "width": 11, "height": 14}, "region_attributes": {"label": "$", "key_type": "value", "formal_key": "answer"}}, {"shape_attributes": {"name": "rect", "x": 507, "y": 390, "width": 13, "height": 14}, "region_attributes": {"label": "$", "key_type": "value", "formal_key": "answer"}}, {"shape_attributes": {"name": "rect", "x": 598, "y": 408, "width": 10, "height": 15}, "region_attributes": {"label": "$", "key_type": "value", "formal_key": "answer"}}, {"shape_attributes": {"name": "rect", "x": 122, "y": 461, "width": 29, "height": 18}, "region_attributes": {"label": "Other", "key_type": "key", "formal_key": "question"}}, {"shape_attributes": {"name": "rect", "x": 155, "y": 465, "width": 39, "height": 15}, "region_attributes": {"label": "(please", "key_type": "key", "formal_key": "question"}}, {"shape_attributes": {"name": "rect", "x": 194, "y": 462, "width": 47, "height": 17}, "region_attributes": {"label": "explain):", "key_type": "key", "formal_key": "question"}}, {"shape_attributes": {"name": "rect", "x": 120, "y": 479, "width": 28, "height": 17}, "region_attributes": {"label": "Note:", "key_type": "key", "formal_key": "header"}}, {"shape_attributes": {"name": "rect", "x": 148, "y": 480, "width": 31, "height": 14}, "region_attributes": {"label": "RIGL", "key_type": "value", "formal_key": "others"}}, {"shape_attributes": {"name": "rect", "x": 179, "y": 479, "width": 38, "height": 15}, "region_attributes": {"label": "22-10-2", "key_type": "value", "formal_key": "others"}}, {"shape_attributes": {"name": "rect", "x": 216, "y": 482, "width": 14, "height": 13}, "region_attributes": {"label": "(d)", "key_type": "value", "formal_key": "others"}}, {"shape_attributes": {"name": "rect", "x": 230, "y": 482, "width": 42, "height": 13}, "region_attributes": {"label": "requires", "key_type": "value", "formal_key": "others"}}, {"shape_attributes": {"name": "rect", "x": 272, "y": 480, "width": 52, "height": 14}, "region_attributes": {"label": "disclosure", "key_type": "value", "formal_key": "others"}}, {"shape_attributes": {"name": "rect", "x": 325, "y": 483, "width": 11, "height": 13}, "region_attributes": {"label": "in", "key_type": "value", "formal_key": "others"}}, {"shape_attributes": {"name": "rect", "x": 338, "y": 485, "width": 8, "height": 11}, "region_attributes": {"label": "a", "key_type": "value", "formal_key": "others"}}, {"shape_attributes": {"name": "rect", "x": 346, "y": 482, "width": 32, "height": 15}, "region_attributes": {"label": "dollar", "key_type": "value", "formal_key": "others"}}, {"shape_attributes": {"name": "rect", "x": 377, "y": 483, "width": 36, "height": 13}, "region_attributes": {"label": "amount", "key_type": "value", "formal_key": "others"}}, {"shape_attributes": {"name": "rect", "x": 415, "y": 480, "width": 15, "height": 20}, "region_attributes": {"label": "of", "key_type": "value", "formal_key": "others"}}, {"shape_attributes": {"name": "rect", "x": 429, "y": 482, "width": 14, "height": 13}, "region_attributes": {"label": "the", "key_type": "value", "formal_key": "others"}}, {"shape_attributes": {"name": "rect", "x": 446, "y": 483, "width": 66, "height": 14}, "region_attributes": {"label": "compensation", "key_type": "value", "formal_key": "others"}}, {"shape_attributes": {"name": "rect", "x": 510, "y": 483, "width": 17, "height": 15}, "region_attributes": {"label": "for", "key_type": "value", "formal_key": "others"}}, {"shape_attributes": {"name": "rect", "x": 529, "y": 483, "width": 43, "height": 15}, "region_attributes": {"label": "lobbying", "key_type": "value", "formal_key": "others"}}, {"shape_attributes": {"name": "rect", "x": 571, "y": 483, "width": 41, "height": 14}, "region_attributes": {"label": "activity.", "key_type": "value", "formal_key": "others"}}, {"shape_attributes": {"name": "rect", "x": 119, "y": 665, "width": 36, "height": 20}, "region_attributes": {"label": "(from)", "key_type": "value", "formal_key": "others"}}, {"shape_attributes": {"name": "rect", "x": 119, "y": 682, "width": 20, "height": 18}, "region_attributes": {"label": "(to)", "key_type": "value", "formal_key": "others"}}, {"shape_attributes": {"name": "rect", "x": 142, "y": 697, "width": 68, "height": 25}, "region_attributes": {"label": "", "key_type": "value", "formal_key": "answer"}}, {"shape_attributes": {"name": "rect", "x": 214, "y": 691, "width": 66, "height": 35}, "region_attributes": {"label": "", "key_type": "value", "formal_key": "answer"}}, {"shape_attributes": {"name": "rect", "x": 197, "y": 904, "width": 49, "height": 13}, "region_attributes": {"label": "REVIEWED:", "key_type": "key", "formal_key": "question"}}, {"shape_attributes": {"name": "rect", "x": 122, "y": 904, "width": 47, "height": 13}, "region_attributes": {"label": "ACCEPTED:", "key_type": "key", "formal_key": "question"}}, {"shape_attributes": {"name": "rect", "x": 113, "y": 80, "width": 450, "height": 18}, "region_attributes": {"label": "STATE OF RHODE ISLAND AND PROVIDENCE PLANTATIONS", "key_type": "key", "formal_key": "header"}}, {"shape_attributes": {"name": "rect", "x": 112, "y": 95, "width": 169, "height": 14}, "region_attributes": {"label": "Office of the Secretary of State", "key_type": "value", "formal_key": "others"}}, {"shape_attributes": {"name": "rect", "x": 113, "y": 140, "width": 214, "height": 14}, "region_attributes": {"label": "James R. Langevin Secretary of State", "key_type": "value", "formal_key": "others"}}, {"shape_attributes": {"name": "rect", "x": 218, "y": 182, "width": 346, "height": 25}, "region_attributes": {"label": "Monthly Organization/ Employer Report", "key_type": "key", "formal_key": "header"}}, {"shape_attributes": {"name": "rect", "x": 482, "y": 152, "width": 178, "height": 30}, "region_attributes": {"label": "Room 43 State House Providence, Rhode Island 02903- 1105", "key_type": "value", "formal_key": "others"}}, {"shape_attributes": {"name": "rect", "x": 588, "y": 180, "width": 70, "height": 15}, "region_attributes": {"label": "401- 277- 2390", "key_type": "value", "formal_key": "others"}}, {"shape_attributes": {"name": "rect", "x": 126, "y": 207, "width": 529, "height": 21}, "region_attributes": {"label": "Due the 1st Monday of the month during the legislative session to report the previous months' activity.", "key_type": "key", "formal_key": "question"}}, {"shape_attributes": {"name": "rect", "x": 122, "y": 230, "width": 94, "height": 18}, "region_attributes": {"label": "Reporting Period:", "key_type": "key", "formal_key": "question"}}, {"shape_attributes": {"name": "rect", "x": 218, "y": 232, "width": 91, "height": 16}, "region_attributes": {"label": "Month of May", "key_type": "value", "formal_key": "answer"}}, {"shape_attributes": {"name": "rect", "x": 120, "y": 253, "width": 165, "height": 18}, "region_attributes": {"label": "Organization/ Employer Name:", "key_type": "key", "formal_key": "question"}}, {"shape_attributes": {"name": "rect", "x": 306, "y": 254, "width": 151, "height": 17}, "region_attributes": {"label": "R. J. Reynolds Tobacco", "key_type": "value", "formal_key": "answer"}}, {"shape_attributes": {"name": "rect", "x": 119, "y": 271, "width": 86, "height": 16}, "region_attributes": {"label": "Lobbyist Name:", "key_type": "key", "formal_key": "question"}}, {"shape_attributes": {"name": "rect", "x": 249, "y": 271, "width": 105, "height": 15}, "region_attributes": {"label": "Peter J. McGinn", "key_type": "value", "formal_key": "answer"}}, {"shape_attributes": {"name": "rect", "x": 122, "y": 286, "width": 506, "height": 37}, "region_attributes": {"label": "If any addresses or telephone numbers have changed since the last reporting period please check here and note the change in the space provided at the end of this form.", "key_type": "key", "formal_key": "question"}}, {"shape_attributes": {"name": "rect", "x": 123, "y": 327, "width": 269, "height": 20}, "region_attributes": {"label": "Compensation/ Expenditure Information:", "key_type": "key", "formal_key": "header"}}, {"shape_attributes": {"name": "rect", "x": 485, "y": 624, "width": 156, "height": 18}, "region_attributes": {"label": "(indicate if attached pages)", "key_type": "value", "formal_key": "others"}}, {"shape_attributes": {"name": "rect", "x": 433, "y": 725, "width": 220, "height": 20}, "region_attributes": {"label": "Please print name of Employer or Designee", "key_type": "value", "formal_key": "others"}}, {"shape_attributes": {"name": "rect", "x": 679, "y": 730, "width": 22, "height": 120}, "region_attributes": {"label": "", "key_type": "value", "formal_key": "others"}}, {"shape_attributes": {"name": "rect", "x": 612, "y": 911, "width": 39, "height": 11}, "region_attributes": {"label": "", "key_type": "value", "formal_key": "others"}}, {"shape_attributes": {"name": "rect", "x": 200, "y": 786, "width": 96, "height": 15}, "region_attributes": {"label": "FOR OFFICIAL USE", "key_type": "value", "formal_key": "others"}}, {"shape_attributes": {"name": "rect", "x": 119, "y": 757, "width": 364, "height": 19}, "region_attributes": {"label": "Please indicate the capacity in which you are executing this document:", "key_type": "key", "formal_key": "question"}}, {"shape_attributes": {"name": "rect", "x": 119, "y": 723, "width": 187, "height": 19}, "region_attributes": {"label": "Signature Employer or Designee", "key_type": "key", "formal_key": "question"}}, {"shape_attributes": {"name": "rect", "x": 116, "y": 647, "width": 272, "height": 18}, "region_attributes": {"label": "List any changes of address telephone numbers:", "key_type": "value", "formal_key": "others"}}, {"shape_attributes": {"name": "rect", "x": 119, "y": 503, "width": 535, "height": 55}, "region_attributes": {"label": "During this reporting period, have you made any expenditure or incurred any obligation of $ 25.00 or more per occurence to promote or oppose any legislation, including but not limited mailings, meals, print or broadcast advertisements, or gifts (yes or no)", "key_type": "key", "formal_key": "question"}}, {"shape_attributes": {"name": "rect", "x": 119, "y": 554, "width": 473, "height": 37}, "region_attributes": {"label": "yes, please detail. including the names of the persons receiving and in whose behalf such expenditures have been made, the amount, date, place, and reason for the expenditure.", "key_type": "key", "formal_key": "question"}}, {"shape_attributes": {"name": "rect", "x": 341, "y": 365, "width": 195, "height": 18}, "region_attributes": {"label": "If yes, please complete the following.", "key_type": "key", "formal_key": "question"}}, {"shape_attributes": {"name": "rect", "x": 123, "y": 380, "width": 193, "height": 17}, "region_attributes": {"label": "Compensation received lobbying:", "key_type": "key", "formal_key": "question"}}, {"shape_attributes": {"name": "rect", "x": 120, "y": 397, "width": 191, "height": 17}, "region_attributes": {"label": "Part of salary received for lobbying:", "key_type": "key", "formal_key": "question"}}, {"shape_attributes": {"name": "rect", "x": 122, "y": 413, "width": 173, "height": 18}, "region_attributes": {"label": "Amount earned but not received:", "key_type": "key", "formal_key": "question"}}, {"shape_attributes": {"name": "rect", "x": 120, "y": 429, "width": 250, "height": 18}, "region_attributes": {"label": "Reimbursements for expenses (please itemize):", "key_type": "key", "formal_key": "question"}}, {"shape_attributes": {"name": "rect", "x": 459, "y": 405, "width": 138, "height": 21}, "region_attributes": {"label": "Contractual or agreed fee:", "key_type": "key", "formal_key": "question"}}, {"shape_attributes": {"name": "rect", "x": 122, "y": 346, "width": 529, "height": 21}, "region_attributes": {"label": "Have you paid any type of compensation or incurred any obligation for payment to the above named", "key_type": "key", "formal_key": "question"}}, {"shape_attributes": {"name": "rect", "x": 122, "y": 362, "width": 177, "height": 20}, "region_attributes": {"label": "lobbyist for lobbying? (yes or no)", "key_type": "key", "formal_key": "question"}}]}}}