﻿{"file_name": "00040534.json", "attributes": {"_via_img_metadata": {"regions": [{"shape_attributes": {"name": "rect", "x": 84, "y": 109, "width": 52, "height": 10}, "region_attributes": {"label": "COMPOUND", "key_type": "key", "formal_key": "question"}}, {"shape_attributes": {"name": "rect", "x": 85, "y": 141, "width": 34, "height": 11}, "region_attributes": {"label": "SOURCE", "key_type": "key", "formal_key": "question"}}, {"shape_attributes": {"name": "rect", "x": 84, "y": 203, "width": 71, "height": 11}, "region_attributes": {"label": "INVESTIGATOR(S)", "key_type": "key", "formal_key": "question"}}, {"shape_attributes": {"name": "rect", "x": 84, "y": 232, "width": 57, "height": 11}, "region_attributes": {"label": "SIGNATURE(S)", "key_type": "key", "formal_key": "question"}}, {"shape_attributes": {"name": "rect", "x": 508, "y": 170, "width": 43, "height": 13}, "region_attributes": {"label": "REPORTED", "key_type": "key", "formal_key": "question"}}, {"shape_attributes": {"name": "rect", "x": 327, "y": 170, "width": 34, "height": 13}, "region_attributes": {"label": "TESTED", "key_type": "key", "formal_key": "question"}}, {"shape_attributes": {"name": "rect", "x": 334, "y": 296, "width": 27, "height": 14}, "region_attributes": {"label": "MALE", "key_type": "key", "formal_key": "question"}}, {"shape_attributes": {"name": "rect", "x": 404, "y": 296, "width": 34, "height": 13}, "region_attributes": {"label": "FEMALE", "key_type": "key", "formal_key": "question"}}, {"shape_attributes": {"name": "rect", "x": 404, "y": 328, "width": 36, "height": 11}, "region_attributes": {"label": "SOURCE", "key_type": "key", "formal_key": "question"}}, {"shape_attributes": {"name": "rect", "x": 180, "y": 162, "width": 39, "height": 20}, "region_attributes": {"label": "Unk.", "key_type": "value", "formal_key": "answer"}}, {"shape_attributes": {"name": "rect", "x": 300, "y": 360, "width": 17, "height": 13}, "region_attributes": {"label": "P.O.", "key_type": "key", "formal_key": "question"}}, {"shape_attributes": {"name": "rect", "x": 669, "y": 127, "width": 28, "height": 24}, "region_attributes": {"label": "A4", "key_type": "value", "formal_key": "answer"}}, {"shape_attributes": {"name": "rect", "x": 377, "y": 163, "width": 74, "height": 17}, "region_attributes": {"label": "12/28/78", "key_type": "value", "formal_key": "answer"}}, {"shape_attributes": {"name": "rect", "x": 369, "y": 284, "width": 18, "height": 18}, "region_attributes": {"label": "X", "key_type": "value", "formal_key": "answer"}}, {"shape_attributes": {"name": "rect", "x": 591, "y": 286, "width": 39, "height": 17}, "region_attributes": {"label": "Unk.", "key_type": "value", "formal_key": "answer"}}, {"shape_attributes": {"name": "rect", "x": 473, "y": 323, "width": 41, "height": 15}, "region_attributes": {"label": "Camm", "key_type": "value", "formal_key": "answer"}}, {"shape_attributes": {"name": "rect", "x": 522, "y": 320, "width": 74, "height": 15}, "region_attributes": {"label": "Research", "key_type": "value", "formal_key": "answer"}}, {"shape_attributes": {"name": "rect", "x": 288, "y": 360, "width": 14, "height": 13}, "region_attributes": {"label": "\u2611", "key_type": "value", "formal_key": "answer"}}, {"shape_attributes": {"name": "rect", "x": 201, "y": 388, "width": 17, "height": 18}, "region_attributes": {"label": "\u2611", "key_type": "value", "formal_key": "answer"}}, {"shape_attributes": {"name": "rect", "x": 216, "y": 487, "width": 15, "height": 17}, "region_attributes": {"label": "5", "key_type": "value", "formal_key": "answer"}}, {"shape_attributes": {"name": "rect", "x": 208, "y": 517, "width": 20, "height": 15}, "region_attributes": {"label": "10", "key_type": "value", "formal_key": "answer"}}, {"shape_attributes": {"name": "rect", "x": 209, "y": 546, "width": 21, "height": 15}, "region_attributes": {"label": "10", "key_type": "value", "formal_key": "answer"}}, {"shape_attributes": {"name": "rect", "x": 211, "y": 578, "width": 20, "height": 15}, "region_attributes": {"label": "10", "key_type": "value", "formal_key": "answer"}}, {"shape_attributes": {"name": "rect", "x": 208, "y": 606, "width": 22, "height": 14}, "region_attributes": {"label": "10", "key_type": "value", "formal_key": "answer"}}, {"shape_attributes": {"name": "rect", "x": 122, "y": 483, "width": 10, "height": 13}, "region_attributes": {"label": "1", "key_type": "value", "formal_key": "answer"}}, {"shape_attributes": {"name": "rect", "x": 122, "y": 511, "width": 11, "height": 15}, "region_attributes": {"label": "2", "key_type": "value", "formal_key": "answer"}}, {"shape_attributes": {"name": "rect", "x": 123, "y": 541, "width": 10, "height": 14}, "region_attributes": {"label": "3", "key_type": "value", "formal_key": "answer"}}, {"shape_attributes": {"name": "rect", "x": 122, "y": 571, "width": 11, "height": 14}, "region_attributes": {"label": "4", "key_type": "value", "formal_key": "answer"}}, {"shape_attributes": {"name": "rect", "x": 123, "y": 602, "width": 10, "height": 13}, "region_attributes": {"label": "5", "key_type": "value", "formal_key": "answer"}}, {"shape_attributes": {"name": "rect", "x": 383, "y": 487, "width": 41, "height": 17}, "region_attributes": {"label": "1800", "key_type": "value", "formal_key": "answer"}}, {"shape_attributes": {"name": "rect", "x": 380, "y": 518, "width": 41, "height": 14}, "region_attributes": {"label": "2160", "key_type": "value", "formal_key": "answer"}}, {"shape_attributes": {"name": "rect", "x": 383, "y": 547, "width": 36, "height": 15}, "region_attributes": {"label": "2592", "key_type": "value", "formal_key": "answer"}}, {"shape_attributes": {"name": "rect", "x": 384, "y": 577, "width": 36, "height": 17}, "region_attributes": {"label": "3732", "key_type": "value", "formal_key": "answer"}}, {"shape_attributes": {"name": "rect", "x": 381, "y": 605, "width": 39, "height": 15}, "region_attributes": {"label": "4479", "key_type": "value", "formal_key": "answer"}}, {"shape_attributes": {"name": "rect", "x": 82, "y": 740, "width": 53, "height": 13}, "region_attributes": {"label": "CONCLUSION", "key_type": "key", "formal_key": "question"}}, {"shape_attributes": {"name": "rect", "x": 680, "y": 824, "width": 21, "height": 96}, "region_attributes": {"label": "00040534", "key_type": "value", "formal_key": "others"}}, {"shape_attributes": {"name": "rect", "x": 295, "y": 56, "width": 217, "height": 23}, "region_attributes": {"label": "ACUTE TOXICITY IN MICE", "key_type": "key", "formal_key": "header"}}, {"shape_attributes": {"name": "rect", "x": 145, "y": 98, "width": 362, "height": 18}, "region_attributes": {"label": "3-Hydroxy-3-methylbutanoic acid (Tur 13)", "key_type": "value", "formal_key": "answer"}}, {"shape_attributes": {"name": "rect", "x": 144, "y": 128, "width": 265, "height": 24}, "region_attributes": {"label": "Lorillard - Organic Chemistry", "key_type": "value", "formal_key": "answer"}}, {"shape_attributes": {"name": "rect", "x": 411, "y": 141, "width": 62, "height": 11}, "region_attributes": {"label": "LORILLARD NO", "key_type": "key", "formal_key": "question"}}, {"shape_attributes": {"name": "rect", "x": 499, "y": 127, "width": 65, "height": 17}, "region_attributes": {"label": "OR39- 23", "key_type": "value", "formal_key": "answer"}}, {"shape_attributes": {"name": "rect", "x": 615, "y": 141, "width": 35, "height": 12}, "region_attributes": {"label": "", "key_type": "key", "formal_key": "question"}}, {"shape_attributes": {"name": "rect", "x": 85, "y": 172, "width": 64, "height": 11}, "region_attributes": {"label": "DATE RECEIVED", "key_type": "key", "formal_key": "question"}}, {"shape_attributes": {"name": "rect", "x": 573, "y": 148, "width": 140, "height": 36}, "region_attributes": {"label": "5/3/79 10/6/80 , Update", "key_type": "value", "formal_key": "answer"}}, {"shape_attributes": {"name": "rect", "x": 198, "y": 194, "width": 229, "height": 19}, "region_attributes": {"label": "H. S. Tong & M. S. Forte'", "key_type": "value", "formal_key": "answer"}}, {"shape_attributes": {"name": "rect", "x": 186, "y": 211, "width": 544, "height": 53}, "region_attributes": {"label": "", "key_type": "value", "formal_key": "answer"}}, {"shape_attributes": {"name": "rect", "x": 637, "y": 194, "width": 77, "height": 15}, "region_attributes": {"label": "B1014- 23", "key_type": "value", "formal_key": "answer"}}, {"shape_attributes": {"name": "rect", "x": 543, "y": 203, "width": 74, "height": 12}, "region_attributes": {"label": "NOTEBOOK PAGE", "key_type": "key", "formal_key": "question"}}, {"shape_attributes": {"name": "rect", "x": 82, "y": 297, "width": 67, "height": 13}, "region_attributes": {"label": "STRAIN OF MICE", "key_type": "key", "formal_key": "question"}}, {"shape_attributes": {"name": "rect", "x": 162, "y": 286, "width": 120, "height": 20}, "region_attributes": {"label": "Swiss- Webster", "key_type": "value", "formal_key": "answer"}}, {"shape_attributes": {"name": "rect", "x": 493, "y": 297, "width": 67, "height": 13}, "region_attributes": {"label": "DATE RECEIVED", "key_type": "key", "formal_key": "question"}}, {"shape_attributes": {"name": "rect", "x": 84, "y": 327, "width": 124, "height": 12}, "region_attributes": {"label": "AVERAGE WEIGHT RANGE (GM)", "key_type": "key", "formal_key": "question"}}, {"shape_attributes": {"name": "rect", "x": 84, "y": 362, "width": 162, "height": 11}, "region_attributes": {"label": "ROUTE OF COMPOUND ADMINISTRATION", "key_type": "key", "formal_key": "header"}}, {"shape_attributes": {"name": "rect", "x": 362, "y": 362, "width": 24, "height": 11}, "region_attributes": {"label": "\u2610 I.P.", "key_type": "key", "formal_key": "question"}}, {"shape_attributes": {"name": "rect", "x": 429, "y": 362, "width": 26, "height": 11}, "region_attributes": {"label": "\u2610 I.V.", "key_type": "key", "formal_key": "question"}}, {"shape_attributes": {"name": "rect", "x": 499, "y": 363, "width": 63, "height": 12}, "region_attributes": {"label": "\u2610 INHALATION", "key_type": "key", "formal_key": "question"}}, {"shape_attributes": {"name": "rect", "x": 82, "y": 390, "width": 87, "height": 13}, "region_attributes": {"label": "COMPOUND ", "key_type": "key", "formal_key": "header"}}, {"shape_attributes": {"name": "rect", "x": 221, "y": 390, "width": 107, "height": 15}, "region_attributes": {"label": ".5 % METHYL CELULOSE", "key_type": "key", "formal_key": "question"}}, {"shape_attributes": {"name": "rect", "x": 369, "y": 390, "width": 54, "height": 13}, "region_attributes": {"label": "\u2610 CORN OIL", "key_type": "key", "formal_key": "question"}}, {"shape_attributes": {"name": "rect", "x": 466, "y": 390, "width": 40, "height": 11}, "region_attributes": {"label": "\u2610 SALINE", "key_type": "key", "formal_key": "question"}}, {"shape_attributes": {"name": "rect", "x": 550, "y": 391, "width": 39, "height": 13}, "region_attributes": {"label": "\u2610 OTHER", "key_type": "key", "formal_key": "question"}}, {"shape_attributes": {"name": "rect", "x": 105, "y": 447, "width": 48, "height": 11}, "region_attributes": {"label": "GROUP NO.", "key_type": "key", "formal_key": "question"}}, {"shape_attributes": {"name": "rect", "x": 218, "y": 448, "width": 51, "height": 11}, "region_attributes": {"label": "% SOLUTION", "key_type": "key", "formal_key": "question"}}, {"shape_attributes": {"name": "rect", "x": 370, "y": 448, "width": 85, "height": 22}, "region_attributes": {"label": "DOSAGE (mg/ kg BODY WEIGHT)", "key_type": "key", "formal_key": "question"}}, {"shape_attributes": {"name": "rect", "x": 588, "y": 450, "width": 91, "height": 18}, "region_attributes": {"label": "RESULTS (NO TESTED)", "key_type": "key", "formal_key": "question"}}, {"shape_attributes": {"name": "rect", "x": 574, "y": 489, "width": 29, "height": 17}, "region_attributes": {"label": "1/ 6", "key_type": "value", "formal_key": "answer"}}, {"shape_attributes": {"name": "rect", "x": 575, "y": 515, "width": 32, "height": 17}, "region_attributes": {"label": "0/ 6", "key_type": "value", "formal_key": "answer"}}, {"shape_attributes": {"name": "rect", "x": 575, "y": 545, "width": 28, "height": 18}, "region_attributes": {"label": "0/ 6", "key_type": "value", "formal_key": "answer"}}, {"shape_attributes": {"name": "rect", "x": 575, "y": 575, "width": 30, "height": 19}, "region_attributes": {"label": "3/ 6", "key_type": "value", "formal_key": "answer"}}, {"shape_attributes": {"name": "rect", "x": 575, "y": 605, "width": 29, "height": 18}, "region_attributes": {"label": "6/ 6", "key_type": "value", "formal_key": "answer"}}, {"shape_attributes": {"name": "rect", "x": 82, "y": 651, "width": 121, "height": 11}, "region_attributes": {"label": "REFERENCE FOR CALCULATION", "key_type": "key", "formal_key": "question"}}, {"shape_attributes": {"name": "rect", "x": 228, "y": 638, "width": 472, "height": 23}, "region_attributes": {"label": "Litchfield, J. T. and Wilcoxin F. , J. of Pharmacol", "key_type": "value", "formal_key": "answer"}}, {"shape_attributes": {"name": "rect", "x": 92, "y": 670, "width": 272, "height": 20}, "region_attributes": {"label": "and Exper. Ther. , 90: 99 , 1948.", "key_type": "value", "formal_key": "answer"}}, {"shape_attributes": {"name": "rect", "x": 239, "y": 703, "width": 181, "height": 18}, "region_attributes": {"label": "3.5 (3.1 to 3.9 g /kg", "key_type": "value", "formal_key": "answer"}}, {"shape_attributes": {"name": "rect", "x": 345, "y": 863, "width": 185, "height": 32}, "region_attributes": {"label": "Dr. H. J. Minnemeyer Ms. L. B. Gray", "key_type": "value", "formal_key": "answer"}}, {"shape_attributes": {"name": "rect", "x": 91, "y": 865, "width": 219, "height": 19}, "region_attributes": {"label": "Copies to the Following:", "key_type": "key", "formal_key": "question"}}, {"shape_attributes": {"name": "rect", "x": 80, "y": 946, "width": 122, "height": 10}, "region_attributes": {"label": "LORILLARO RESEARCH CENTER", "key_type": "value", "formal_key": "others"}}, {"shape_attributes": {"name": "rect", "x": 676, "y": 946, "width": 56, "height": 12}, "region_attributes": {"label": "FORM 7 5/80", "key_type": "value", "formal_key": "others"}}, {"shape_attributes": {"name": "rect", "x": 89, "y": 753, "width": 599, "height": 78}, "region_attributes": {"label": "of respiratory depression, constriction of blood vessels, and in- activity. Survivors recovered in 48 hours. The recommended safe dose for a single trial by inhalation in man is 0.3 mg.", "key_type": "value", "formal_key": "answer"}}, {"shape_attributes": {"name": "rect", "x": 135, "y": 728, "width": 569, "height": 21}, "region_attributes": {"label": "This compound appears to act as a CNS depressant with symptons", "key_type": "value", "formal_key": "answer"}}, {"shape_attributes": {"name": "rect", "x": 82, "y": 711, "width": 121, "height": 12}, "region_attributes": {"label": "LD50 (95% CONFIDENCE LIMITS)", "key_type": "key", "formal_key": "question"}}]}}}