﻿{"file_name": "00093726.json", "attributes": {"_via_img_metadata": {"regions": [{"shape_attributes": {"name": "rect", "x": 457, "y": 7, "width": 47, "height": 22}, "region_attributes": {"label": "Date:", "key_type": "key", "formal_key": "question"}}, {"shape_attributes": {"name": "rect", "x": 496, "y": 137, "width": 22, "height": 17}, "region_attributes": {"label": "on", "key_type": "key", "formal_key": "question"}}, {"shape_attributes": {"name": "rect", "x": 7, "y": 203, "width": 50, "height": 17}, "region_attributes": {"label": "BLEND", "key_type": "key", "formal_key": "question"}}, {"shape_attributes": {"name": "rect", "x": 142, "y": 200, "width": 60, "height": 18}, "region_attributes": {"label": "CASING", "key_type": "key", "formal_key": "question"}}, {"shape_attributes": {"name": "rect", "x": 291, "y": 201, "width": 75, "height": 17}, "region_attributes": {"label": "RECASING", "key_type": "key", "formal_key": "question"}}, {"shape_attributes": {"name": "rect", "x": 7, "y": 281, "width": 95, "height": 17}, "region_attributes": {"label": "Cigarettes", "key_type": "key", "formal_key": "header"}}, {"shape_attributes": {"name": "rect", "x": 381, "y": 277, "width": 71, "height": 18}, "region_attributes": {"label": "Filters", "key_type": "key", "formal_key": "header"}}, {"shape_attributes": {"name": "rect", "x": 384, "y": 476, "width": 134, "height": 22}, "region_attributes": {"label": "Responsibility", "key_type": "key", "formal_key": "header"}}, {"shape_attributes": {"name": "rect", "x": 27, "y": 485, "width": 59, "height": 20}, "region_attributes": {"label": "apping", "key_type": "key", "formal_key": "header"}}, {"shape_attributes": {"name": "rect", "x": 8, "y": 638, "width": 112, "height": 18}, "region_attributes": {"label": "Requirements", "key_type": "key", "formal_key": "header"}}, {"shape_attributes": {"name": "rect", "x": 10, "y": 792, "width": 70, "height": 17}, "region_attributes": {"label": "Reports", "key_type": "key", "formal_key": "header"}}, {"shape_attributes": {"name": "rect", "x": 385, "y": 46, "width": 41, "height": 17}, "region_attributes": {"label": "6030", "key_type": "value", "formal_key": "answer"}}, {"shape_attributes": {"name": "rect", "x": 500, "y": 219, "width": 35, "height": 18}, "region_attributes": {"label": "OGS", "key_type": "value", "formal_key": "answer"}}, {"shape_attributes": {"name": "rect", "x": 313, "y": 221, "width": 32, "height": 20}, "region_attributes": {"label": "OGS", "key_type": "value", "formal_key": "answer"}}, {"shape_attributes": {"name": "rect", "x": 154, "y": 222, "width": 36, "height": 15}, "region_attributes": {"label": "OGS", "key_type": "value", "formal_key": "answer"}}, {"shape_attributes": {"name": "rect", "x": 10, "y": 222, "width": 35, "height": 17}, "region_attributes": {"label": "OGS", "key_type": "value", "formal_key": "answer"}}, {"shape_attributes": {"name": "rect", "x": 122, "y": 313, "width": 34, "height": 13}, "region_attributes": {"label": "AMF", "key_type": "value", "formal_key": "answer"}}, {"shape_attributes": {"name": "rect", "x": 169, "y": 341, "width": 20, "height": 15}, "region_attributes": {"label": "25.", "key_type": "value", "formal_key": "answer"}}, {"shape_attributes": {"name": "rect", "x": 189, "y": 342, "width": 20, "height": 17}, "region_attributes": {"label": "0", "key_type": "value", "formal_key": "others"}}, {"shape_attributes": {"name": "rect", "x": 169, "y": 404, "width": 29, "height": 14}, "region_attributes": {"label": "554", "key_type": "value", "formal_key": "answer"}}, {"shape_attributes": {"name": "rect", "x": 585, "y": 510, "width": 56, "height": 20}, "region_attributes": {"label": "Ammons", "key_type": "value", "formal_key": "answer"}}, {"shape_attributes": {"name": "rect", "x": 580, "y": 529, "width": 64, "height": 13}, "region_attributes": {"label": "Wicker", "key_type": "value", "formal_key": "answer"}}, {"shape_attributes": {"name": "rect", "x": 585, "y": 557, "width": 46, "height": 17}, "region_attributes": {"label": "Routh", "key_type": "value", "formal_key": "answer"}}, {"shape_attributes": {"name": "rect", "x": 602, "y": 571, "width": 14, "height": 17}, "region_attributes": {"label": "\"", "key_type": "value", "formal_key": "answer"}}, {"shape_attributes": {"name": "rect", "x": 159, "y": 514, "width": 49, "height": 18}, "region_attributes": {"label": "White", "key_type": "value", "formal_key": "answer"}}, {"shape_attributes": {"name": "rect", "x": 161, "y": 529, "width": 42, "height": 17}, "region_attributes": {"label": "Blue", "key_type": "value", "formal_key": "answer"}}, {"shape_attributes": {"name": "rect", "x": 161, "y": 545, "width": 49, "height": 15}, "region_attributes": {"label": "White", "key_type": "value", "formal_key": "answer"}}, {"shape_attributes": {"name": "rect", "x": 177, "y": 561, "width": 17, "height": 13}, "region_attributes": {"label": "\"", "key_type": "value", "formal_key": "answer"}}, {"shape_attributes": {"name": "rect", "x": 648, "y": 806, "width": 28, "height": 96}, "region_attributes": {"label": "00093726", "key_type": "value", "formal_key": "others"}}, {"shape_attributes": {"name": "rect", "x": 35, "y": 311, "width": 46, "height": 14}, "region_attributes": {"label": "Maker", "key_type": "key", "formal_key": "question"}}, {"shape_attributes": {"name": "rect", "x": 34, "y": 327, "width": 57, "height": 15}, "region_attributes": {"label": "Length", "key_type": "key", "formal_key": "question"}}, {"shape_attributes": {"name": "rect", "x": 34, "y": 342, "width": 122, "height": 15}, "region_attributes": {"label": "Circumference", "key_type": "key", "formal_key": "question"}}, {"shape_attributes": {"name": "rect", "x": 32, "y": 358, "width": 63, "height": 15}, "region_attributes": {"label": "Weight", "key_type": "key", "formal_key": "question"}}, {"shape_attributes": {"name": "rect", "x": 35, "y": 406, "width": 46, "height": 15}, "region_attributes": {"label": "Paper", "key_type": "key", "formal_key": "question"}}, {"shape_attributes": {"name": "rect", "x": 36, "y": 517, "width": 56, "height": 15}, "region_attributes": {"label": "Labels", "key_type": "key", "formal_key": "question"}}, {"shape_attributes": {"name": "rect", "x": 35, "y": 532, "width": 77, "height": 13}, "region_attributes": {"label": "Closures", "key_type": "key", "formal_key": "question"}}, {"shape_attributes": {"name": "rect", "x": 36, "y": 563, "width": 67, "height": 13}, "region_attributes": {"label": "Cartons", "key_type": "key", "formal_key": "question"}}, {"shape_attributes": {"name": "rect", "x": 36, "y": 577, "width": 75, "height": 15}, "region_attributes": {"label": "Markings", "key_type": "key", "formal_key": "question"}}, {"shape_attributes": {"name": "rect", "x": 36, "y": 669, "width": 94, "height": 15}, "region_attributes": {"label": "Laboratory", "key_type": "key", "formal_key": "question"}}, {"shape_attributes": {"name": "rect", "x": 35, "y": 687, "width": 49, "height": 13}, "region_attributes": {"label": "Other", "key_type": "key", "formal_key": "question"}}, {"shape_attributes": {"name": "rect", "x": 412, "y": 310, "width": 39, "height": 14}, "region_attributes": {"label": "Kind", "key_type": "key", "formal_key": "question"}}, {"shape_attributes": {"name": "rect", "x": 413, "y": 342, "width": 64, "height": 14}, "region_attributes": {"label": "Process", "key_type": "key", "formal_key": "question"}}, {"shape_attributes": {"name": "rect", "x": 413, "y": 388, "width": 122, "height": 15}, "region_attributes": {"label": "Circumference", "key_type": "key", "formal_key": "question"}}, {"shape_attributes": {"name": "rect", "x": 413, "y": 401, "width": 59, "height": 14}, "region_attributes": {"label": "Weight", "key_type": "key", "formal_key": "question"}}, {"shape_attributes": {"name": "rect", "x": 415, "y": 418, "width": 103, "height": 15}, "region_attributes": {"label": "Plasticizer", "key_type": "key", "formal_key": "question"}}, {"shape_attributes": {"name": "rect", "x": 415, "y": 560, "width": 74, "height": 14}, "region_attributes": {"label": "Shipping", "key_type": "key", "formal_key": "question"}}, {"shape_attributes": {"name": "rect", "x": 522, "y": 10, "width": 174, "height": 20}, "region_attributes": {"label": "September 21, 1976", "key_type": "value", "formal_key": "answer"}}, {"shape_attributes": {"name": "rect", "x": 270, "y": 43, "width": 95, "height": 20}, "region_attributes": {"label": "Sample No.", "key_type": "key", "formal_key": "question"}}, {"shape_attributes": {"name": "rect", "x": 197, "y": 74, "width": 159, "height": 21}, "region_attributes": {"label": "Type of Cigarette", "key_type": "key", "formal_key": "question"}}, {"shape_attributes": {"name": "rect", "x": 387, "y": 74, "width": 112, "height": 21}, "region_attributes": {"label": "85 mm Filter", "key_type": "value", "formal_key": "answer"}}, {"shape_attributes": {"name": "rect", "x": 263, "y": 105, "width": 95, "height": 20}, "region_attributes": {"label": "Batch Size", "key_type": "key", "formal_key": "question"}}, {"shape_attributes": {"name": "rect", "x": 385, "y": 105, "width": 66, "height": 18}, "region_attributes": {"label": "50 lbs.", "key_type": "value", "formal_key": "answer"}}, {"shape_attributes": {"name": "rect", "x": 7, "y": 138, "width": 222, "height": 23}, "region_attributes": {"label": "Original Request Made By", "key_type": "key", "formal_key": "question"}}, {"shape_attributes": {"name": "rect", "x": 257, "y": 135, "width": 148, "height": 22}, "region_attributes": {"label": "Dr. A. W. Spears", "key_type": "value", "formal_key": "answer"}}, {"shape_attributes": {"name": "rect", "x": 535, "y": 133, "width": 166, "height": 21}, "region_attributes": {"label": "September 21, 1976", "key_type": "value", "formal_key": "answer"}}, {"shape_attributes": {"name": "rect", "x": 7, "y": 169, "width": 295, "height": 21}, "region_attributes": {"label": "Sample Specifications Written By", "key_type": "key", "formal_key": "question"}}, {"shape_attributes": {"name": "rect", "x": 338, "y": 166, "width": 106, "height": 20}, "region_attributes": {"label": "W. E. Routh", "key_type": "value", "formal_key": "answer"}}, {"shape_attributes": {"name": "rect", "x": 464, "y": 197, "width": 118, "height": 17}, "region_attributes": {"label": "FINAL FLAVOR", "key_type": "key", "formal_key": "question"}}, {"shape_attributes": {"name": "rect", "x": 605, "y": 180, "width": 148, "height": 17}, "region_attributes": {"label": "Additional Spray", "key_type": "key", "formal_key": "question"}}, {"shape_attributes": {"name": "rect", "x": 606, "y": 218, "width": 152, "height": 17}, "region_attributes": {"label": "3. 4% PMO in EtoH", "key_type": "value", "formal_key": "answer"}}, {"shape_attributes": {"name": "rect", "x": 468, "y": 303, "width": 208, "height": 26}, "region_attributes": {"label": "20 mm True plastic rod", "key_type": "value", "formal_key": "answer"}}, {"shape_attributes": {"name": "rect", "x": 413, "y": 358, "width": 94, "height": 13}, "region_attributes": {"label": "Rod Length", "key_type": "key", "formal_key": "question"}}, {"shape_attributes": {"name": "rect", "x": 412, "y": 372, "width": 123, "height": 17}, "region_attributes": {"label": "Pressure Drop", "key_type": "key", "formal_key": "question"}}, {"shape_attributes": {"name": "rect", "x": 413, "y": 434, "width": 91, "height": 15}, "region_attributes": {"label": "Plug Wrap", "key_type": "key", "formal_key": "question"}}, {"shape_attributes": {"name": "rect", "x": 35, "y": 420, "width": 122, "height": 17}, "region_attributes": {"label": "Tipping Paper", "key_type": "key", "formal_key": "question"}}, {"shape_attributes": {"name": "rect", "x": 35, "y": 387, "width": 120, "height": 19}, "region_attributes": {"label": "Filter Length", "key_type": "key", "formal_key": "question"}}, {"shape_attributes": {"name": "rect", "x": 35, "y": 376, "width": 120, "height": 14}, "region_attributes": {"label": "Pressure Drop", "key_type": "key", "formal_key": "question"}}, {"shape_attributes": {"name": "rect", "x": 124, "y": 325, "width": 49, "height": 17}, "region_attributes": {"label": "85 mm", "key_type": "value", "formal_key": "answer"}}, {"shape_attributes": {"name": "rect", "x": 102, "y": 356, "width": 249, "height": 17}, "region_attributes": {"label": "To be det. (803 mg tobacco)", "key_type": "value", "formal_key": "answer"}}, {"shape_attributes": {"name": "rect", "x": 166, "y": 370, "width": 151, "height": 20}, "region_attributes": {"label": "To be determined", "key_type": "value", "formal_key": "answer"}}, {"shape_attributes": {"name": "rect", "x": 172, "y": 390, "width": 50, "height": 15}, "region_attributes": {"label": "20 mm", "key_type": "value", "formal_key": "answer"}}, {"shape_attributes": {"name": "rect", "x": 170, "y": 420, "width": 53, "height": 18}, "region_attributes": {"label": "30 mm", "key_type": "value", "formal_key": "answer"}}, {"shape_attributes": {"name": "rect", "x": 35, "y": 547, "width": 87, "height": 15}, "region_attributes": {"label": "Tear rape", "key_type": "key", "formal_key": "question"}}, {"shape_attributes": {"name": "rect", "x": 134, "y": 574, "width": 123, "height": 34}, "region_attributes": {"label": "Sample No. on overwrap", "key_type": "value", "formal_key": "answer"}}, {"shape_attributes": {"name": "rect", "x": 413, "y": 513, "width": 124, "height": 15}, "region_attributes": {"label": "Tobacco Blend", "key_type": "key", "formal_key": "question"}}, {"shape_attributes": {"name": "rect", "x": 413, "y": 529, "width": 161, "height": 13}, "region_attributes": {"label": "Filter Production", "key_type": "key", "formal_key": "question"}}, {"shape_attributes": {"name": "rect", "x": 413, "y": 543, "width": 150, "height": 17}, "region_attributes": {"label": "Making & Packing", "key_type": "key", "formal_key": "question"}}, {"shape_attributes": {"name": "rect", "x": 415, "y": 575, "width": 167, "height": 31}, "region_attributes": {"label": "Sample Requisition [Form 02: 02: 06]", "key_type": "key", "formal_key": "question"}}, {"shape_attributes": {"name": "rect", "x": 585, "y": 542, "width": 103, "height": 17}, "region_attributes": {"label": "Brown /Routh", "key_type": "value", "formal_key": "answer"}}, {"shape_attributes": {"name": "rect", "x": 154, "y": 669, "width": 84, "height": 15}, "region_attributes": {"label": "3 cartons", "key_type": "value", "formal_key": "answer"}}, {"shape_attributes": {"name": "rect", "x": 152, "y": 682, "width": 123, "height": 18}, "region_attributes": {"label": "20, 000 cigts.", "key_type": "value", "formal_key": "answer"}}, {"shape_attributes": {"name": "rect", "x": 190, "y": 743, "width": 129, "height": 37}, "region_attributes": {"label": "Smoke Analysis PMO Analysis", "key_type": "value", "formal_key": "answer"}}, {"shape_attributes": {"name": "rect", "x": 10, "y": 729, "width": 175, "height": 19}, "region_attributes": {"label": "Laboratory Analysis", "key_type": "key", "formal_key": "question"}}, {"shape_attributes": {"name": "rect", "x": 36, "y": 823, "width": 94, "height": 16}, "region_attributes": {"label": "Written by", "key_type": "key", "formal_key": "question"}}, {"shape_attributes": {"name": "rect", "x": 36, "y": 838, "width": 103, "height": 14}, "region_attributes": {"label": "Original to", "key_type": "key", "formal_key": "question"}}, {"shape_attributes": {"name": "rect", "x": 38, "y": 853, "width": 84, "height": 15}, "region_attributes": {"label": "Copies to", "key_type": "key", "formal_key": "question"}}, {"shape_attributes": {"name": "rect", "x": 151, "y": 851, "width": 187, "height": 35}, "region_attributes": {"label": "Dr. F. J. Schulz Dr. H. J. Minnemeyer", "key_type": "value", "formal_key": "answer"}}, {"shape_attributes": {"name": "rect", "x": 151, "y": 817, "width": 169, "height": 24}, "region_attributes": {"label": "P. D. Schickedantz", "key_type": "value", "formal_key": "answer"}}, {"shape_attributes": {"name": "rect", "x": 152, "y": 837, "width": 151, "height": 17}, "region_attributes": {"label": "Dr. A. W. Spears", "key_type": "value", "formal_key": "answer"}}, {"shape_attributes": {"name": "rect", "x": 388, "y": 669, "width": 347, "height": 109}, "region_attributes": {"label": "Spray 50 lbs. tobacco with solution of 880 g (= 1. 94 lbs.) PMC in 1175 ml of denatured alcohol. This should give 3. 4% PMO add- on (3. 3% PMO contained) assuming 88% spraying efficiency. PMO delivery from 85 mm cigarette smoked to 30 mm butt should be 6. 5 mg/ cig.", "key_type": "value", "formal_key": "answer"}}, {"shape_attributes": {"name": "rect", "x": 387, "y": 633, "width": 187, "height": 20}, "region_attributes": {"label": "Special Requirements", "key_type": "key", "formal_key": "question"}}, {"shape_attributes": {"name": "rect", "x": 415, "y": 925, "width": 293, "height": 62}, "region_attributes": {"label": "Manager, H.J. Minnemeyer Research", "key_type": "value", "formal_key": "others"}}]}}}