﻿{"file_name": "0011899960.json", "attributes": {"_via_img_metadata": {"regions": [{"shape_attributes": {"name": "rect", "x": 15, "y": 102, "width": 80, "height": 18}, "region_attributes": {"label": "Attention", "key_type": "key", "formal_key": "question"}}, {"shape_attributes": {"name": "rect", "x": 15, "y": 159, "width": 56, "height": 18}, "region_attributes": {"label": "Copies", "key_type": "key", "formal_key": "question"}}, {"shape_attributes": {"name": "rect", "x": 430, "y": 106, "width": 88, "height": 15}, "region_attributes": {"label": "Department", "key_type": "key", "formal_key": "question"}}, {"shape_attributes": {"name": "rect", "x": 314, "y": 159, "width": 59, "height": 17}, "region_attributes": {"label": "Subject", "key_type": "key", "formal_key": "question"}}, {"shape_attributes": {"name": "rect", "x": 603, "y": 43, "width": 50, "height": 46}, "region_attributes": {"label": "7", "key_type": "value", "formal_key": "others"}}, {"shape_attributes": {"name": "rect", "x": 18, "y": 237, "width": 95, "height": 24}, "region_attributes": {"label": "Publication", "key_type": "key", "formal_key": "question"}}, {"shape_attributes": {"name": "rect", "x": 348, "y": 296, "width": 38, "height": 15}, "region_attributes": {"label": "Time", "key_type": "key", "formal_key": "question"}}, {"shape_attributes": {"name": "rect", "x": 515, "y": 297, "width": 35, "height": 17}, "region_attributes": {"label": "Date", "key_type": "key", "formal_key": "question"}}, {"shape_attributes": {"name": "rect", "x": 552, "y": 736, "width": 68, "height": 20}, "region_attributes": {"label": "RECEIVED", "key_type": "key", "formal_key": "question"}}, {"shape_attributes": {"name": "rect", "x": 642, "y": 708, "width": 20, "height": 122}, "region_attributes": {"label": "516007780", "key_type": "value", "formal_key": "others"}}, {"shape_attributes": {"name": "rect", "x": 102, "y": 101, "width": 299, "height": 24}, "region_attributes": {"label": "DR. HUGHES, MESSRS. ALAR, SANDEFUR,", "key_type": "value", "formal_key": "answer"}}, {"shape_attributes": {"name": "rect", "x": 524, "y": 103, "width": 145, "height": 21}, "region_attributes": {"label": "CORPORATE AFFAIRS", "key_type": "value", "formal_key": "answer"}}, {"shape_attributes": {"name": "rect", "x": 103, "y": 128, "width": 534, "height": 23}, "region_attributes": {"label": "BLOTT, BUTLER, MIDDLETON, CHRISTENSEN, PEPPLES, SACHS FREEDMAN", "key_type": "value", "formal_key": "answer"}}, {"shape_attributes": {"name": "rect", "x": 85, "y": 158, "width": 180, "height": 21}, "region_attributes": {"label": "T. HUMBER, M. BATEMAN", "key_type": "value", "formal_key": "answer"}}, {"shape_attributes": {"name": "rect", "x": 406, "y": 159, "width": 97, "height": 17}, "region_attributes": {"label": "L&M Lawsuit", "key_type": "value", "formal_key": "answer"}}, {"shape_attributes": {"name": "rect", "x": 253, "y": 209, "width": 188, "height": 22}, "region_attributes": {"label": "PRESS QUERY", "key_type": "key", "formal_key": "header"}}, {"shape_attributes": {"name": "rect", "x": 151, "y": 240, "width": 139, "height": 20}, "region_attributes": {"label": "ADWEEK - Midwest", "key_type": "value", "formal_key": "answer"}}, {"shape_attributes": {"name": "rect", "x": 15, "y": 270, "width": 134, "height": 19}, "region_attributes": {"label": "Reporter/ Editor", "key_type": "key", "formal_key": "question"}}, {"shape_attributes": {"name": "rect", "x": 186, "y": 267, "width": 469, "height": 23}, "region_attributes": {"label": "Fran Brock (312) 467- 6500", "key_type": "value", "formal_key": "answer"}}, {"shape_attributes": {"name": "rect", "x": 18, "y": 296, "width": 96, "height": 18}, "region_attributes": {"label": "Received by", "key_type": "key", "formal_key": "question"}}, {"shape_attributes": {"name": "rect", "x": 133, "y": 296, "width": 100, "height": 15}, "region_attributes": {"label": "Mark Ahearn", "key_type": "value", "formal_key": "answer"}}, {"shape_attributes": {"name": "rect", "x": 406, "y": 292, "width": 75, "height": 24}, "region_attributes": {"label": "1: 45 P. M.", "key_type": "value", "formal_key": "answer"}}, {"shape_attributes": {"name": "rect", "x": 581, "y": 295, "width": 56, "height": 19}, "region_attributes": {"label": "7/ 9/ 84", "key_type": "value", "formal_key": "answer"}}, {"shape_attributes": {"name": "rect", "x": 18, "y": 323, "width": 178, "height": 20}, "region_attributes": {"label": "Deadline for response", "key_type": "key", "formal_key": "question"}}, {"shape_attributes": {"name": "rect", "x": 218, "y": 324, "width": 134, "height": 20}, "region_attributes": {"label": "Already handled", "key_type": "value", "formal_key": "answer"}}, {"shape_attributes": {"name": "rect", "x": 17, "y": 349, "width": 663, "height": 37}, "region_attributes": {"label": "Describe the storyline, list the questions and proposed answers, and summarize handling, including clearances.", "key_type": "key", "formal_key": "question"}}, {"shape_attributes": {"name": "rect", "x": 18, "y": 433, "width": 594, "height": 37}, "region_attributes": {"label": "Ms. Brock requested information regarding L&M lawsuit. I provided the approved prepared response.", "key_type": "value", "formal_key": "others"}}, {"shape_attributes": {"name": "rect", "x": 17, "y": 473, "width": 660, "height": 50}, "region_attributes": {"label": "Reporter then requested clarification of generic cigarette vs. 'private label cigarette' and asked to be notified when further announcements regarding generics were made.", "key_type": "value", "formal_key": "others"}}, {"shape_attributes": {"name": "rect", "x": 314, "y": 528, "width": 126, "height": 49}, "region_attributes": {"label": "J. M. A. JMA", "key_type": "value", "formal_key": "others"}}, {"shape_attributes": {"name": "rect", "x": 547, "y": 764, "width": 92, "height": 47}, "region_attributes": {"label": "JUL 10 1984 JOHN ALAR", "key_type": "value", "formal_key": "answer"}}]}}}