﻿{"file_name": "0011838621.json", "attributes": {"_via_img_metadata": {"regions": [{"shape_attributes": {"name": "rect", "x": 53, "y": 131, "width": 34, "height": 17}, "region_attributes": {"label": "Date:", "key_type": "key", "formal_key": "question"}}, {"shape_attributes": {"name": "rect", "x": 56, "y": 156, "width": 77, "height": 14}, "region_attributes": {"label": "Description:", "key_type": "key", "formal_key": "question"}}, {"shape_attributes": {"name": "rect", "x": 56, "y": 183, "width": 59, "height": 15}, "region_attributes": {"label": "Supplier:", "key_type": "key", "formal_key": "question"}}, {"shape_attributes": {"name": "rect", "x": 436, "y": 124, "width": 21, "height": 13}, "region_attributes": {"label": "No.", "key_type": "key", "formal_key": "question"}}, {"shape_attributes": {"name": "rect", "x": 475, "y": 123, "width": 15, "height": 14}, "region_attributes": {"label": "27", "key_type": "value", "formal_key": "answer"}}, {"shape_attributes": {"name": "rect", "x": 244, "y": 242, "width": 54, "height": 13}, "region_attributes": {"label": "Decrease", "key_type": "key", "formal_key": "question"}}, {"shape_attributes": {"name": "rect", "x": 57, "y": 297, "width": 52, "height": 13}, "region_attributes": {"label": "Reasons:", "key_type": "key", "formal_key": "question"}}, {"shape_attributes": {"name": "rect", "x": 465, "y": 237, "width": 22, "height": 13}, "region_attributes": {"label": ".08", "key_type": "value", "formal_key": "answer"}}, {"shape_attributes": {"name": "rect", "x": 465, "y": 261, "width": 21, "height": 13}, "region_attributes": {"label": ".08", "key_type": "value", "formal_key": "answer"}}, {"shape_attributes": {"name": "rect", "x": 56, "y": 372, "width": 68, "height": 10}, "region_attributes": {"label": "PROJECTED:", "key_type": "key", "formal_key": "header"}}, {"shape_attributes": {"name": "rect", "x": 447, "y": 399, "width": 80, "height": 15}, "region_attributes": {"label": "1.488.126.23", "key_type": "value", "formal_key": "answer"}}, {"shape_attributes": {"name": "rect", "x": 506, "y": 422, "width": 22, "height": 14}, "region_attributes": {"label": ".08", "key_type": "value", "formal_key": "answer"}}, {"shape_attributes": {"name": "rect", "x": 401, "y": 465, "width": 13, "height": 11}, "region_attributes": {"label": "0", "key_type": "value", "formal_key": "others"}}, {"shape_attributes": {"name": "rect", "x": 448, "y": 513, "width": 80, "height": 14}, "region_attributes": {"label": "1.488.126.15", "key_type": "value", "formal_key": "answer"}}, {"shape_attributes": {"name": "rect", "x": 448, "y": 563, "width": 81, "height": 14}, "region_attributes": {"label": "1.471.873.85", "key_type": "value", "formal_key": "answer"}}, {"shape_attributes": {"name": "rect", "x": 61, "y": 763, "width": 22, "height": 13}, "region_attributes": {"label": "cc:", "key_type": "key", "formal_key": "question"}}, {"shape_attributes": {"name": "rect", "x": 380, "y": 665, "width": 27, "height": 15}, "region_attributes": {"label": "Date", "key_type": "key", "formal_key": "question"}}, {"shape_attributes": {"name": "rect", "x": 381, "y": 703, "width": 28, "height": 18}, "region_attributes": {"label": "Date", "key_type": "key", "formal_key": "question"}}, {"shape_attributes": {"name": "rect", "x": 465, "y": 777, "width": 87, "height": 15}, "region_attributes": {"label": "International.", "key_type": "value", "formal_key": "answer"}}, {"shape_attributes": {"name": "rect", "x": 507, "y": 813, "width": 105, "height": 24}, "region_attributes": {"label": "464537440", "key_type": "value", "formal_key": "others"}}, {"shape_attributes": {"name": "rect", "x": 156, "y": 656, "width": 141, "height": 27}, "region_attributes": {"label": "MD Davis", "key_type": "value", "formal_key": "answer"}}, {"shape_attributes": {"name": "rect", "x": 187, "y": 693, "width": 127, "height": 29}, "region_attributes": {"label": "", "key_type": "value", "formal_key": "answer"}}, {"shape_attributes": {"name": "rect", "x": 200, "y": 88, "width": 209, "height": 28}, "region_attributes": {"label": "INTERNATIONAL MARKETING RESEARCH CHANGE OF AUTHORIZED COST", "key_type": "key", "formal_key": "header"}}, {"shape_attributes": {"name": "rect", "x": 98, "y": 128, "width": 50, "height": 17}, "region_attributes": {"label": "6/ 21/ 90", "key_type": "value", "formal_key": "answer"}}, {"shape_attributes": {"name": "rect", "x": 152, "y": 149, "width": 236, "height": 20}, "region_attributes": {"label": "Hong Kong: Cigarette Market Monitor", "key_type": "value", "formal_key": "answer"}}, {"shape_attributes": {"name": "rect", "x": 130, "y": 179, "width": 50, "height": 14}, "region_attributes": {"label": "MDR. HK", "key_type": "value", "formal_key": "answer"}}, {"shape_attributes": {"name": "rect", "x": 341, "y": 200, "width": 67, "height": 14}, "region_attributes": {"label": "Total Cost", "key_type": "key", "formal_key": "question"}}, {"shape_attributes": {"name": "rect", "x": 439, "y": 197, "width": 57, "height": 15}, "region_attributes": {"label": "1990 Cost", "key_type": "key", "formal_key": "question"}}, {"shape_attributes": {"name": "rect", "x": 54, "y": 215, "width": 230, "height": 19}, "region_attributes": {"label": "Previous Commitments This Project", "key_type": "key", "formal_key": "question"}}, {"shape_attributes": {"name": "rect", "x": 57, "y": 243, "width": 97, "height": 17}, "region_attributes": {"label": "Amt. of Change:", "key_type": "key", "formal_key": "question"}}, {"shape_attributes": {"name": "rect", "x": 161, "y": 240, "width": 73, "height": 16}, "region_attributes": {"label": "Increase X", "key_type": "value", "formal_key": "answer"}}, {"shape_attributes": {"name": "rect", "x": 330, "y": 212, "width": 77, "height": 17}, "region_attributes": {"label": "$ 43.335.00", "key_type": "value", "formal_key": "answer"}}, {"shape_attributes": {"name": "rect", "x": 330, "y": 237, "width": 77, "height": 14}, "region_attributes": {"label": "$ 4.376.47", "key_type": "value", "formal_key": "answer"}}, {"shape_attributes": {"name": "rect", "x": 331, "y": 264, "width": 78, "height": 14}, "region_attributes": {"label": "$ 47.711.47", "key_type": "value", "formal_key": "answer"}}, {"shape_attributes": {"name": "rect", "x": 254, "y": 251, "width": 77, "height": 19}, "region_attributes": {"label": "(10% Change)", "key_type": "value", "formal_key": "others"}}, {"shape_attributes": {"name": "rect", "x": 53, "y": 265, "width": 204, "height": 19}, "region_attributes": {"label": "Adjusted Total Cost of Project:", "key_type": "key", "formal_key": "question"}}, {"shape_attributes": {"name": "rect", "x": 423, "y": 209, "width": 62, "height": 17}, "region_attributes": {"label": "$ 0.00", "key_type": "value", "formal_key": "answer"}}, {"shape_attributes": {"name": "rect", "x": 57, "y": 310, "width": 480, "height": 38}, "region_attributes": {"label": "Original MRA did not include cost for the first month of the study (see L. Lee memo of September 11, 1989)", "key_type": "value", "formal_key": "answer"}}, {"shape_attributes": {"name": "rect", "x": 59, "y": 381, "width": 123, "height": 16}, "region_attributes": {"label": "Internal Init. Date", "key_type": "key", "formal_key": "question"}}, {"shape_attributes": {"name": "rect", "x": 59, "y": 408, "width": 95, "height": 27}, "region_attributes": {"label": "Ext. Auth. Date Wave(s)", "key_type": "key", "formal_key": "question"}}, {"shape_attributes": {"name": "rect", "x": 271, "y": 365, "width": 147, "height": 15}, "region_attributes": {"label": "Sumary of IMRD Budget", "key_type": "key", "formal_key": "header"}}, {"shape_attributes": {"name": "rect", "x": 440, "y": 374, "width": 86, "height": 15}, "region_attributes": {"label": "$ 2.960.000.00", "key_type": "value", "formal_key": "answer"}}, {"shape_attributes": {"name": "rect", "x": 274, "y": 378, "width": 116, "height": 16}, "region_attributes": {"label": "Total Area Budget:", "key_type": "key", "formal_key": "question"}}, {"shape_attributes": {"name": "rect", "x": 272, "y": 401, "width": 152, "height": 18}, "region_attributes": {"label": "Current Bal. Available:", "key_type": "key", "formal_key": "question"}}, {"shape_attributes": {"name": "rect", "x": 274, "y": 427, "width": 136, "height": 30}, "region_attributes": {"label": "This Change: (From Current Budget)", "key_type": "key", "formal_key": "question"}}, {"shape_attributes": {"name": "rect", "x": 59, "y": 482, "width": 94, "height": 31}, "region_attributes": {"label": "Field Complete Wave(s)", "key_type": "key", "formal_key": "question"}}, {"shape_attributes": {"name": "rect", "x": 60, "y": 557, "width": 108, "height": 43}, "region_attributes": {"label": "Final Report Due (Supplier Rpt.) Wave(s)", "key_type": "key", "formal_key": "question"}}, {"shape_attributes": {"name": "rect", "x": 277, "y": 518, "width": 78, "height": 16}, "region_attributes": {"label": "New Balance:", "key_type": "key", "formal_key": "question"}}, {"shape_attributes": {"name": "rect", "x": 277, "y": 566, "width": 116, "height": 29}, "region_attributes": {"label": "Committed to Date: (Current Year)", "key_type": "key", "formal_key": "question"}}, {"shape_attributes": {"name": "rect", "x": 272, "y": 466, "width": 164, "height": 28}, "region_attributes": {"label": "This Amount (From Next Year's Budget)", "key_type": "key", "formal_key": "question"}}, {"shape_attributes": {"name": "rect", "x": 430, "y": 651, "width": 85, "height": 32}, "region_attributes": {"label": "6/ 21/ 90", "key_type": "value", "formal_key": "answer"}}, {"shape_attributes": {"name": "rect", "x": 443, "y": 687, "width": 75, "height": 27}, "region_attributes": {"label": "4/ 22/ 90", "key_type": "value", "formal_key": "answer"}}, {"shape_attributes": {"name": "rect", "x": 380, "y": 753, "width": 71, "height": 15}, "region_attributes": {"label": "Project No.", "key_type": "key", "formal_key": "question"}}, {"shape_attributes": {"name": "rect", "x": 381, "y": 778, "width": 80, "height": 17}, "region_attributes": {"label": "Account Name", "key_type": "key", "formal_key": "question"}}, {"shape_attributes": {"name": "rect", "x": 465, "y": 751, "width": 47, "height": 17}, "region_attributes": {"label": "1989- 29", "key_type": "value", "formal_key": "answer"}}, {"shape_attributes": {"name": "rect", "x": 63, "y": 672, "width": 84, "height": 14}, "region_attributes": {"label": "Submitted By:", "key_type": "key", "formal_key": "question"}}, {"shape_attributes": {"name": "rect", "x": 63, "y": 709, "width": 79, "height": 17}, "region_attributes": {"label": "Approved By:", "key_type": "key", "formal_key": "question"}}, {"shape_attributes": {"name": "rect", "x": 63, "y": 750, "width": 68, "height": 13}, "region_attributes": {"label": "Original-", "key_type": "key", "formal_key": "question"}}, {"shape_attributes": {"name": "rect", "x": 154, "y": 744, "width": 80, "height": 16}, "region_attributes": {"label": "Project File", "key_type": "value", "formal_key": "answer"}}, {"shape_attributes": {"name": "rect", "x": 154, "y": 758, "width": 83, "height": 29}, "region_attributes": {"label": "MRA File N. W. Kremer", "key_type": "value", "formal_key": "answer"}}, {"shape_attributes": {"name": "rect", "x": 152, "y": 721, "width": 84, "height": 15}, "region_attributes": {"label": "N. W. Kremer", "key_type": "key", "formal_key": "question"}}, {"shape_attributes": {"name": "rect", "x": 151, "y": 682, "width": 77, "height": 15}, "region_attributes": {"label": "M. b. Davis", "key_type": "key", "formal_key": "question"}}]}}}