﻿{"file_name": "0011906503.json", "attributes": {"_via_img_metadata": {"regions": [{"shape_attributes": {"name": "rect", "x": 627, "y": 51, "width": 39, "height": 14}, "region_attributes": {"label": "0465E", "key_type": "value", "formal_key": "others"}}, {"shape_attributes": {"name": "rect", "x": 338, "y": 126, "width": 41, "height": 16}, "region_attributes": {"label": "($000)", "key_type": "value", "formal_key": "others"}}, {"shape_attributes": {"name": "rect", "x": 49, "y": 147, "width": 34, "height": 10}, "region_attributes": {"label": "Title", "key_type": "key", "formal_key": "question"}}, {"shape_attributes": {"name": "rect", "x": 46, "y": 176, "width": 50, "height": 12}, "region_attributes": {"label": "Purpose", "key_type": "key", "formal_key": "header"}}, {"shape_attributes": {"name": "rect", "x": 75, "y": 193, "width": 10, "height": 11}, "region_attributes": {"label": "1", "key_type": "key", "formal_key": "question"}}, {"shape_attributes": {"name": "rect", "x": 74, "y": 207, "width": 10, "height": 12}, "region_attributes": {"label": "2", "key_type": "key", "formal_key": "question"}}, {"shape_attributes": {"name": "rect", "x": 74, "y": 221, "width": 10, "height": 14}, "region_attributes": {"label": "3", "key_type": "key", "formal_key": "question"}}, {"shape_attributes": {"name": "rect", "x": 74, "y": 236, "width": 11, "height": 11}, "region_attributes": {"label": "4", "key_type": "key", "formal_key": "question"}}, {"shape_attributes": {"name": "rect", "x": 365, "y": 237, "width": 12, "height": 15}, "region_attributes": {"label": "7", "key_type": "key", "formal_key": "question"}}, {"shape_attributes": {"name": "rect", "x": 364, "y": 197, "width": 11, "height": 14}, "region_attributes": {"label": "5", "key_type": "key", "formal_key": "question"}}, {"shape_attributes": {"name": "rect", "x": 365, "y": 212, "width": 15, "height": 10}, "region_attributes": {"label": "6", "key_type": "key", "formal_key": "question"}}, {"shape_attributes": {"name": "rect", "x": 46, "y": 259, "width": 45, "height": 12}, "region_attributes": {"label": "Status", "key_type": "key", "formal_key": "header"}}, {"shape_attributes": {"name": "rect", "x": 202, "y": 277, "width": 60, "height": 14}, "region_attributes": {"label": "Proposed", "key_type": "key", "formal_key": "question"}}, {"shape_attributes": {"name": "rect", "x": 206, "y": 292, "width": 62, "height": 14}, "region_attributes": {"label": "Approved;", "key_type": "key", "formal_key": "question"}}, {"shape_attributes": {"name": "rect", "x": 468, "y": 281, "width": 40, "height": 12}, "region_attributes": {"label": "TOTAL", "key_type": "key", "formal_key": "question"}}, {"shape_attributes": {"name": "rect", "x": 539, "y": 282, "width": 51, "height": 14}, "region_attributes": {"label": "CAPITAL", "key_type": "key", "formal_key": "question"}}, {"shape_attributes": {"name": "rect", "x": 612, "y": 283, "width": 51, "height": 12}, "region_attributes": {"label": "EXPENSE", "key_type": "key", "formal_key": "question"}}, {"shape_attributes": {"name": "rect", "x": 481, "y": 335, "width": 75, "height": 12}, "region_attributes": {"label": "Completion", "key_type": "key", "formal_key": "question"}}, {"shape_attributes": {"name": "rect", "x": 569, "y": 352, "width": 24, "height": 12}, "region_attributes": {"label": "Mo.", "key_type": "key", "formal_key": "question"}}, {"shape_attributes": {"name": "rect", "x": 625, "y": 352, "width": 25, "height": 12}, "region_attributes": {"label": "Yr.", "key_type": "key", "formal_key": "question"}}, {"shape_attributes": {"name": "rect", "x": 162, "y": 333, "width": 69, "height": 12}, "region_attributes": {"label": "Submission", "key_type": "key", "formal_key": "question"}}, {"shape_attributes": {"name": "rect", "x": 248, "y": 347, "width": 24, "height": 14}, "region_attributes": {"label": "Yr.", "key_type": "key", "formal_key": "question"}}, {"shape_attributes": {"name": "rect", "x": 312, "y": 333, "width": 34, "height": 15}, "region_attributes": {"label": "Start", "key_type": "key", "formal_key": "question"}}, {"shape_attributes": {"name": "rect", "x": 365, "y": 349, "width": 22, "height": 12}, "region_attributes": {"label": "Mo.", "key_type": "key", "formal_key": "question"}}, {"shape_attributes": {"name": "rect", "x": 423, "y": 350, "width": 20, "height": 14}, "region_attributes": {"label": "Yr.", "key_type": "key", "formal_key": "question"}}, {"shape_attributes": {"name": "rect", "x": 251, "y": 330, "width": 15, "height": 15}, "region_attributes": {"label": "88", "key_type": "value", "formal_key": "answer"}}, {"shape_attributes": {"name": "rect", "x": 183, "y": 276, "width": 12, "height": 11}, "region_attributes": {"label": "x", "key_type": "value", "formal_key": "answer"}}, {"shape_attributes": {"name": "rect", "x": 490, "y": 296, "width": 17, "height": 14}, "region_attributes": {"label": "80", "key_type": "value", "formal_key": "answer"}}, {"shape_attributes": {"name": "rect", "x": 565, "y": 296, "width": 17, "height": 15}, "region_attributes": {"label": "80", "key_type": "value", "formal_key": "answer"}}, {"shape_attributes": {"name": "rect", "x": 636, "y": 297, "width": 15, "height": 12}, "region_attributes": {"label": "0", "key_type": "value", "formal_key": "answer"}}, {"shape_attributes": {"name": "rect", "x": 627, "y": 337, "width": 16, "height": 10}, "region_attributes": {"label": "88", "key_type": "value", "formal_key": "answer"}}, {"shape_attributes": {"name": "rect", "x": 574, "y": 335, "width": 14, "height": 12}, "region_attributes": {"label": "11", "key_type": "value", "formal_key": "answer"}}, {"shape_attributes": {"name": "rect", "x": 420, "y": 333, "width": 16, "height": 15}, "region_attributes": {"label": "88", "key_type": "value", "formal_key": "answer"}}, {"shape_attributes": {"name": "rect", "x": 372, "y": 334, "width": 14, "height": 12}, "region_attributes": {"label": "7", "key_type": "value", "formal_key": "answer"}}, {"shape_attributes": {"name": "rect", "x": 431, "y": 617, "width": 50, "height": 14}, "region_attributes": {"label": "CAPITAL", "key_type": "key", "formal_key": "question"}}, {"shape_attributes": {"name": "rect", "x": 433, "y": 630, "width": 49, "height": 12}, "region_attributes": {"label": "EXPENSE", "key_type": "key", "formal_key": "question"}}, {"shape_attributes": {"name": "rect", "x": 65, "y": 616, "width": 50, "height": 10}, "region_attributes": {"label": "CAPITAL", "key_type": "key", "formal_key": "question"}}, {"shape_attributes": {"name": "rect", "x": 65, "y": 630, "width": 47, "height": 11}, "region_attributes": {"label": "EXPENSE", "key_type": "key", "formal_key": "question"}}, {"shape_attributes": {"name": "rect", "x": 147, "y": 600, "width": 29, "height": 12}, "region_attributes": {"label": "1989", "key_type": "value", "formal_key": "answer"}}, {"shape_attributes": {"name": "rect", "x": 146, "y": 617, "width": 16, "height": 9}, "region_attributes": {"label": "80", "key_type": "value", "formal_key": "answer"}}, {"shape_attributes": {"name": "rect", "x": 153, "y": 631, "width": 9, "height": 10}, "region_attributes": {"label": "0", "key_type": "value", "formal_key": "answer"}}, {"shape_attributes": {"name": "rect", "x": 105, "y": 709, "width": 27, "height": 12}, "region_attributes": {"label": "JAN.", "key_type": "key", "formal_key": "question"}}, {"shape_attributes": {"name": "rect", "x": 132, "y": 709, "width": 35, "height": 12}, "region_attributes": {"label": "-MAR.", "key_type": "key", "formal_key": "question"}}, {"shape_attributes": {"name": "rect", "x": 178, "y": 709, "width": 30, "height": 12}, "region_attributes": {"label": "APR.", "key_type": "key", "formal_key": "question"}}, {"shape_attributes": {"name": "rect", "x": 208, "y": 709, "width": 32, "height": 12}, "region_attributes": {"label": "-JUN.", "key_type": "key", "formal_key": "question"}}, {"shape_attributes": {"name": "rect", "x": 252, "y": 712, "width": 30, "height": 9}, "region_attributes": {"label": "JUL.", "key_type": "key", "formal_key": "question"}}, {"shape_attributes": {"name": "rect", "x": 357, "y": 712, "width": 34, "height": 11}, "region_attributes": {"label": "-DEC", "key_type": "key", "formal_key": "question"}}, {"shape_attributes": {"name": "rect", "x": 419, "y": 714, "width": 34, "height": 10}, "region_attributes": {"label": "TOTAL", "key_type": "key", "formal_key": "question"}}, {"shape_attributes": {"name": "rect", "x": 42, "y": 763, "width": 50, "height": 15}, "region_attributes": {"label": "EXPENSE", "key_type": "key", "formal_key": "question"}}, {"shape_attributes": {"name": "rect", "x": 42, "y": 737, "width": 50, "height": 15}, "region_attributes": {"label": "CAPITAL", "key_type": "key", "formal_key": "question"}}, {"shape_attributes": {"name": "rect", "x": 282, "y": 712, "width": 35, "height": 10}, "region_attributes": {"label": "-SEP", "key_type": "key", "formal_key": "question"}}, {"shape_attributes": {"name": "rect", "x": 329, "y": 712, "width": 27, "height": 10}, "region_attributes": {"label": "OCT.", "key_type": "key", "formal_key": "question"}}, {"shape_attributes": {"name": "rect", "x": 495, "y": 673, "width": 26, "height": 12}, "region_attributes": {"label": "YEAR", "key_type": "key", "formal_key": "question"}}, {"shape_attributes": {"name": "rect", "x": 616, "y": 673, "width": 50, "height": 12}, "region_attributes": {"label": "EXPENSE", "key_type": "key", "formal_key": "question"}}, {"shape_attributes": {"name": "rect", "x": 549, "y": 673, "width": 47, "height": 10}, "region_attributes": {"label": "CAPITAL", "key_type": "key", "formal_key": "question"}}, {"shape_attributes": {"name": "rect", "x": 495, "y": 711, "width": 27, "height": 17}, "region_attributes": {"label": "1990", "key_type": "value", "formal_key": "answer"}}, {"shape_attributes": {"name": "rect", "x": 494, "y": 739, "width": 27, "height": 11}, "region_attributes": {"label": "1991", "key_type": "value", "formal_key": "answer"}}, {"shape_attributes": {"name": "rect", "x": 493, "y": 767, "width": 29, "height": 11}, "region_attributes": {"label": "1992", "key_type": "value", "formal_key": "answer"}}, {"shape_attributes": {"name": "rect", "x": 493, "y": 794, "width": 30, "height": 11}, "region_attributes": {"label": "1993", "key_type": "value", "formal_key": "answer"}}, {"shape_attributes": {"name": "rect", "x": 525, "y": 897, "width": 105, "height": 20}, "region_attributes": {"label": "621099940J", "key_type": "value", "formal_key": "others"}}, {"shape_attributes": {"name": "rect", "x": 41, "y": 36, "width": 84, "height": 31}, "region_attributes": {"label": "FA 956 (5- 85) g1 0081. (d)", "key_type": "value", "formal_key": "others"}}, {"shape_attributes": {"name": "rect", "x": 231, "y": 57, "width": 266, "height": 57}, "region_attributes": {"label": "BROWN & WILLIAMSON TOBACCO CORPORATION CAPITAL BUDGET PROJECT R&D", "key_type": "key", "formal_key": "header"}}, {"shape_attributes": {"name": "rect", "x": 560, "y": 128, "width": 96, "height": 17}, "region_attributes": {"label": "Date Submitted", "key_type": "key", "formal_key": "question"}}, {"shape_attributes": {"name": "rect", "x": 61, "y": 122, "width": 100, "height": 14}, "region_attributes": {"label": "Capital Budget", "key_type": "key", "formal_key": "question"}}, {"shape_attributes": {"name": "rect", "x": 76, "y": 165, "width": 212, "height": 15}, "region_attributes": {"label": "CICARETTE TEST STATION (CT5400)", "key_type": "value", "formal_key": "answer"}}, {"shape_attributes": {"name": "rect", "x": 113, "y": 192, "width": 223, "height": 17}, "region_attributes": {"label": "Maintenance of Existing Business", "key_type": "key", "formal_key": "question"}}, {"shape_attributes": {"name": "rect", "x": 116, "y": 206, "width": 206, "height": 18}, "region_attributes": {"label": "Expansion of Existing Business", "key_type": "key", "formal_key": "question"}}, {"shape_attributes": {"name": "rect", "x": 115, "y": 221, "width": 85, "height": 12}, "region_attributes": {"label": "New Products", "key_type": "key", "formal_key": "question"}}, {"shape_attributes": {"name": "rect", "x": 117, "y": 234, "width": 101, "height": 17}, "region_attributes": {"label": "Cost Reduction", "key_type": "key", "formal_key": "question"}}, {"shape_attributes": {"name": "rect", "x": 406, "y": 198, "width": 252, "height": 17}, "region_attributes": {"label": "Compliance with Outside Requirements", "key_type": "key", "formal_key": "question"}}, {"shape_attributes": {"name": "rect", "x": 408, "y": 212, "width": 255, "height": 29}, "region_attributes": {"label": "Company Improvements & Administrative Requirements", "key_type": "key", "formal_key": "question"}}, {"shape_attributes": {"name": "rect", "x": 408, "y": 238, "width": 132, "height": 16}, "region_attributes": {"label": "Quality Improvement", "key_type": "key", "formal_key": "question"}}, {"shape_attributes": {"name": "rect", "x": 66, "y": 276, "width": 107, "height": 16}, "region_attributes": {"label": "This Project is", "key_type": "key", "formal_key": "question"}}, {"shape_attributes": {"name": "rect", "x": 272, "y": 291, "width": 82, "height": 15}, "region_attributes": {"label": "Proposal No.", "key_type": "key", "formal_key": "question"}}, {"shape_attributes": {"name": "rect", "x": 456, "y": 264, "width": 90, "height": 11}, "region_attributes": {"label": "Estimate Cost", "key_type": "key", "formal_key": "header"}}, {"shape_attributes": {"name": "rect", "x": 41, "y": 315, "width": 91, "height": 12}, "region_attributes": {"label": "Project Dates", "key_type": "key", "formal_key": "header"}}, {"shape_attributes": {"name": "rect", "x": 45, "y": 369, "width": 136, "height": 16}, "region_attributes": {"label": "PROJECT DESCRIPTION", "key_type": "key", "formal_key": "question"}}, {"shape_attributes": {"name": "rect", "x": 65, "y": 399, "width": 596, "height": 124}, "region_attributes": {"label": "The Cigarette Test Station (CTS400) combines many of the stand- alone instruments that R&D currently uses to measure cigarette weight, pressure drop, ventilation, and hardness into one compact module. The CTS400 has the additional measurement of cigarette hardness in comparison with the CTS300. With this added, measurement R&D will be able to replace the Firmness Integrator that measures cigarette firmness in addition to other measurements that are mentioned above. The Firmness Integrator is no longer manufactured and parts are becoming difficult to obtain. Lastly, purchase of this instrument would provide similar capability as the Macon Plant and help facilitate comparisions between laboratories.", "key_type": "value", "formal_key": "answer"}}, {"shape_attributes": {"name": "rect", "x": 268, "y": 577, "width": 187, "height": 14}, "region_attributes": {"label": "ESTIMATED SPENDING SCHEDULE", "key_type": "key", "formal_key": "header"}}, {"shape_attributes": {"name": "rect", "x": 403, "y": 602, "width": 112, "height": 15}, "region_attributes": {"label": "Balance to Spend", "key_type": "key", "formal_key": "header"}}, {"shape_attributes": {"name": "rect", "x": 44, "y": 600, "width": 97, "height": 11}, "region_attributes": {"label": "Spent Prior to", "key_type": "key", "formal_key": "question"}}, {"shape_attributes": {"name": "rect", "x": 193, "y": 668, "width": 166, "height": 16}, "region_attributes": {"label": "1989 SPENDING BY QUARTER", "key_type": "value", "formal_key": "others"}}, {"shape_attributes": {"name": "rect", "x": 394, "y": 844, "width": 81, "height": 15}, "region_attributes": {"label": "Approved by", "key_type": "key", "formal_key": "question"}}, {"shape_attributes": {"name": "rect", "x": 42, "y": 840, "width": 83, "height": 14}, "region_attributes": {"label": "Submitted by", "key_type": "key", "formal_key": "question"}}, {"shape_attributes": {"name": "rect", "x": 61, "y": 858, "width": 79, "height": 14}, "region_attributes": {"label": "W. O. Crain", "key_type": "value", "formal_key": "answer"}}, {"shape_attributes": {"name": "rect", "x": 485, "y": 808, "width": 42, "height": 22}, "region_attributes": {"label": "Beyond 1993", "key_type": "value", "formal_key": "answer"}}]}}}