﻿{"file_name": "0011845203.json", "attributes": {"_via_img_metadata": {"regions": [{"shape_attributes": {"name": "rect", "x": 113, "y": 233, "width": 22, "height": 15}, "region_attributes": {"label": "TO:", "key_type": "key", "formal_key": "question"}}, {"shape_attributes": {"name": "rect", "x": 115, "y": 274, "width": 84, "height": 13}, "region_attributes": {"label": "INSTRUCTIONS", "key_type": "key", "formal_key": "header"}}, {"shape_attributes": {"name": "rect", "x": 520, "y": 534, "width": 61, "height": 14}, "region_attributes": {"label": "WELCOMED.", "key_type": "value", "formal_key": "others"}}, {"shape_attributes": {"name": "rect", "x": 490, "y": 535, "width": 24, "height": 13}, "region_attributes": {"label": "ARE", "key_type": "value", "formal_key": "others"}}, {"shape_attributes": {"name": "rect", "x": 443, "y": 534, "width": 46, "height": 15}, "region_attributes": {"label": "AGENCY", "key_type": "value", "formal_key": "others"}}, {"shape_attributes": {"name": "rect", "x": 418, "y": 535, "width": 22, "height": 13}, "region_attributes": {"label": "THE", "key_type": "value", "formal_key": "others"}}, {"shape_attributes": {"name": "rect", "x": 384, "y": 536, "width": 31, "height": 13}, "region_attributes": {"label": "FROM", "key_type": "value", "formal_key": "others"}}, {"shape_attributes": {"name": "rect", "x": 331, "y": 536, "width": 49, "height": 14}, "region_attributes": {"label": "DESIGNS", "key_type": "value", "formal_key": "others"}}, {"shape_attributes": {"name": "rect", "x": 265, "y": 538, "width": 63, "height": 14}, "region_attributes": {"label": "ALTERNATE", "key_type": "value", "formal_key": "others"}}, {"shape_attributes": {"name": "rect", "x": 239, "y": 536, "width": 24, "height": 17}, "region_attributes": {"label": "FOR", "key_type": "value", "formal_key": "others"}}, {"shape_attributes": {"name": "rect", "x": 158, "y": 539, "width": 78, "height": 11}, "region_attributes": {"label": "SUGGESTIONS", "key_type": "value", "formal_key": "others"}}, {"shape_attributes": {"name": "rect", "x": 158, "y": 552, "width": 36, "height": 15}, "region_attributes": {"label": "THESE", "key_type": "value", "formal_key": "others"}}, {"shape_attributes": {"name": "rect", "x": 200, "y": 550, "width": 42, "height": 14}, "region_attributes": {"label": "SHOULD", "key_type": "value", "formal_key": "others"}}, {"shape_attributes": {"name": "rect", "x": 246, "y": 553, "width": 15, "height": 11}, "region_attributes": {"label": "BE", "key_type": "value", "formal_key": "others"}}, {"shape_attributes": {"name": "rect", "x": 267, "y": 549, "width": 64, "height": 14}, "region_attributes": {"label": "SUBMITTED", "key_type": "value", "formal_key": "others"}}, {"shape_attributes": {"name": "rect", "x": 331, "y": 550, "width": 17, "height": 13}, "region_attributes": {"label": "AS", "key_type": "value", "formal_key": "others"}}, {"shape_attributes": {"name": "rect", "x": 353, "y": 549, "width": 57, "height": 13}, "region_attributes": {"label": "SEPARATE", "key_type": "value", "formal_key": "others"}}, {"shape_attributes": {"name": "rect", "x": 413, "y": 549, "width": 60, "height": 11}, "region_attributes": {"label": "DOCUMENTS", "key_type": "value", "formal_key": "others"}}, {"shape_attributes": {"name": "rect", "x": 475, "y": 547, "width": 60, "height": 13}, "region_attributes": {"label": "APPENDED", "key_type": "value", "formal_key": "others"}}, {"shape_attributes": {"name": "rect", "x": 539, "y": 546, "width": 14, "height": 15}, "region_attributes": {"label": "TO", "key_type": "value", "formal_key": "others"}}, {"shape_attributes": {"name": "rect", "x": 559, "y": 546, "width": 28, "height": 14}, "region_attributes": {"label": "THIS", "key_type": "value", "formal_key": "others"}}, {"shape_attributes": {"name": "rect", "x": 592, "y": 546, "width": 22, "height": 10}, "region_attributes": {"label": "BID", "key_type": "value", "formal_key": "others"}}, {"shape_attributes": {"name": "rect", "x": 587, "y": 532, "width": 57, "height": 14}, "region_attributes": {"label": "HOWEVER,", "key_type": "value", "formal_key": "others"}}, {"shape_attributes": {"name": "rect", "x": 117, "y": 592, "width": 15, "height": 14}, "region_attributes": {"label": "3.", "key_type": "value", "formal_key": "others"}}, {"shape_attributes": {"name": "rect", "x": 159, "y": 656, "width": 24, "height": 15}, "region_attributes": {"label": "FAX", "key_type": "key", "formal_key": "question"}}, {"shape_attributes": {"name": "rect", "x": 186, "y": 656, "width": 49, "height": 13}, "region_attributes": {"label": "NUMBER:", "key_type": "key", "formal_key": "question"}}, {"shape_attributes": {"name": "rect", "x": 506, "y": 837, "width": 110, "height": 21}, "region_attributes": {"label": "464565018", "key_type": "value", "formal_key": "others"}}, {"shape_attributes": {"name": "rect", "x": 260, "y": 81, "width": 236, "height": 18}, "region_attributes": {"label": "BROWN & WILLIAMSON BID REQUEST FORM", "key_type": "key", "formal_key": "header"}}, {"shape_attributes": {"name": "rect", "x": 299, "y": 108, "width": 155, "height": 17}, "region_attributes": {"label": "(QUANTITATIVE RESEARCH)", "key_type": "value", "formal_key": "others"}}, {"shape_attributes": {"name": "rect", "x": 110, "y": 179, "width": 105, "height": 13}, "region_attributes": {"label": "PROJECT NUMBER:", "key_type": "key", "formal_key": "question"}}, {"shape_attributes": {"name": "rect", "x": 275, "y": 179, "width": 47, "height": 15}, "region_attributes": {"label": "1991- 18", "key_type": "value", "formal_key": "answer"}}, {"shape_attributes": {"name": "rect", "x": 112, "y": 205, "width": 103, "height": 17}, "region_attributes": {"label": "B&W ORIGINATOR:", "key_type": "key", "formal_key": "question"}}, {"shape_attributes": {"name": "rect", "x": 233, "y": 205, "width": 90, "height": 17}, "region_attributes": {"label": "Mary D. Davis", "key_type": "value", "formal_key": "answer"}}, {"shape_attributes": {"name": "rect", "x": 152, "y": 230, "width": 194, "height": 19}, "region_attributes": {"label": "Mr. Johnny Pedersen - Gallup", "key_type": "value", "formal_key": "answer"}}, {"shape_attributes": {"name": "rect", "x": 113, "y": 295, "width": 388, "height": 22}, "region_attributes": {"label": "1. THE FOLLOWING DOCUMENT IS DIVIDED INTO TWO SECTIONS.", "key_type": "value", "formal_key": "others"}}, {"shape_attributes": {"name": "rect", "x": 117, "y": 696, "width": 121, "height": 16}, "region_attributes": {"label": "OTHER INFORMATION", "key_type": "key", "formal_key": "header"}}, {"shape_attributes": {"name": "rect", "x": 119, "y": 723, "width": 103, "height": 16}, "region_attributes": {"label": "DATE REQUESTED:", "key_type": "key", "formal_key": "question"}}, {"shape_attributes": {"name": "rect", "x": 120, "y": 739, "width": 170, "height": 20}, "region_attributes": {"label": "DEADLINE FOR BID RECEIPT:", "key_type": "key", "formal_key": "question"}}, {"shape_attributes": {"name": "rect", "x": 328, "y": 719, "width": 103, "height": 18}, "region_attributes": {"label": "2/ 22 by courier", "key_type": "value", "formal_key": "answer"}}, {"shape_attributes": {"name": "rect", "x": 325, "y": 740, "width": 45, "height": 18}, "region_attributes": {"label": "3/1/91", "key_type": "value", "formal_key": "answer"}}, {"shape_attributes": {"name": "rect", "x": 170, "y": 628, "width": 92, "height": 16}, "region_attributes": {"label": "Mary D. Davis", "key_type": "value", "formal_key": "answer"}}, {"shape_attributes": {"name": "rect", "x": 249, "y": 656, "width": 96, "height": 15}, "region_attributes": {"label": "1- 502- 568- 8092", "key_type": "value", "formal_key": "answer"}}, {"shape_attributes": {"name": "rect", "x": 159, "y": 584, "width": 422, "height": 22}, "region_attributes": {"label": "IF YOU HAVE ANY QUESTIONS, PLEASE CONTACT THE FOLLOWING PERSON:", "key_type": "key", "formal_key": "question"}}, {"shape_attributes": {"name": "rect", "x": 115, "y": 492, "width": 512, "height": 34}, "region_attributes": {"label": "2. IN ORDER TO ALLOW US TO COMPARE BIDS, WE REQUEST THAT YOU SUBMIT A BID FOR THE RESEARCH AS SPECIFIED IN SECTION ONE.", "key_type": "value", "formal_key": "others"}}, {"shape_attributes": {"name": "rect", "x": 450, "y": 466, "width": 96, "height": 16}, "region_attributes": {"label": "1- 502- 568 8092", "key_type": "value", "formal_key": "answer"}}, {"shape_attributes": {"name": "rect", "x": 365, "y": 468, "width": 75, "height": 14}, "region_attributes": {"label": "FAX MUMBER:", "key_type": "key", "formal_key": "question"}}, {"shape_attributes": {"name": "rect", "x": 362, "y": 402, "width": 136, "height": 55}, "region_attributes": {"label": "MS. JACKIE KEY B&W LOUISVILLE, KENTUCKY U. S. A.", "key_type": "value", "formal_key": "others"}}, {"shape_attributes": {"name": "rect", "x": 155, "y": 325, "width": 75, "height": 14}, "region_attributes": {"label": "SECTION ONE", "key_type": "key", "formal_key": "question"}}, {"shape_attributes": {"name": "rect", "x": 155, "y": 365, "width": 76, "height": 16}, "region_attributes": {"label": "SECTION TWO", "key_type": "key", "formal_key": "question"}}, {"shape_attributes": {"name": "rect", "x": 236, "y": 358, "width": 386, "height": 21}, "region_attributes": {"label": "SHOULD BE COMPLETED BY THE RESEARCH AGENCY AND RETURNED BY", "key_type": "value", "formal_key": "others"}}, {"shape_attributes": {"name": "rect", "x": 156, "y": 378, "width": 187, "height": 15}, "region_attributes": {"label": "FAX TO THE FOLLOWING PERSON:", "key_type": "value", "formal_key": "others"}}, {"shape_attributes": {"name": "rect", "x": 235, "y": 320, "width": 382, "height": 19}, "region_attributes": {"label": "CONTAINS THE PROJECT DESCRIPTIONS AND SPECIFICATIONS FROM", "key_type": "value", "formal_key": "others"}}, {"shape_attributes": {"name": "rect", "x": 155, "y": 334, "width": 466, "height": 18}, "region_attributes": {"label": "B&W. ALL BIDS SHOULD BE BASED ON THE SPECIFICATIONS IN THIS DOCUMENT.", "key_type": "value", "formal_key": "others"}}]}}}