﻿{"file_name": "0011859695.json", "attributes": {"_via_img_metadata": {"regions": [{"shape_attributes": {"name": "rect", "x": 60, "y": 247, "width": 42, "height": 14}, "region_attributes": {"label": "Agency:", "key_type": "key", "formal_key": "question"}}, {"shape_attributes": {"name": "rect", "x": 391, "y": 243, "width": 43, "height": 11}, "region_attributes": {"label": "Contact:", "key_type": "key", "formal_key": "question"}}, {"shape_attributes": {"name": "rect", "x": 388, "y": 201, "width": 28, "height": 14}, "region_attributes": {"label": "Date:", "key_type": "key", "formal_key": "question"}}, {"shape_attributes": {"name": "rect", "x": 60, "y": 352, "width": 39, "height": 17}, "region_attributes": {"label": "Client:", "key_type": "key", "formal_key": "question"}}, {"shape_attributes": {"name": "rect", "x": 60, "y": 300, "width": 50, "height": 14}, "region_attributes": {"label": "Address:", "key_type": "key", "formal_key": "question"}}, {"shape_attributes": {"name": "rect", "x": 61, "y": 409, "width": 46, "height": 15}, "region_attributes": {"label": "Product:", "key_type": "key", "formal_key": "question"}}, {"shape_attributes": {"name": "rect", "x": 61, "y": 465, "width": 73, "height": 14}, "region_attributes": {"label": "Film Cleared:", "key_type": "key", "formal_key": "question"}}, {"shape_attributes": {"name": "rect", "x": 573, "y": 384, "width": 50, "height": 17}, "region_attributes": {"label": "RECEIVED", "key_type": "key", "formal_key": "question"}}, {"shape_attributes": {"name": "rect", "x": 66, "y": 779, "width": 25, "height": 13}, "region_attributes": {"label": "CF:", "key_type": "key", "formal_key": "question"}}, {"shape_attributes": {"name": "rect", "x": 66, "y": 795, "width": 20, "height": 13}, "region_attributes": {"label": "", "key_type": "key", "formal_key": "question"}}, {"shape_attributes": {"name": "rect", "x": 91, "y": 779, "width": 22, "height": 14}, "region_attributes": {"label": "cb", "key_type": "value", "formal_key": "answer"}}, {"shape_attributes": {"name": "rect", "x": 225, "y": 61, "width": 206, "height": 44}, "region_attributes": {"label": "AMERICAN BROADCASTING COMPANY TELEVISION NETWORK", "key_type": "key", "formal_key": "header"}}, {"shape_attributes": {"name": "rect", "x": 208, "y": 113, "width": 242, "height": 34}, "region_attributes": {"label": "1333 Avenue of the Americas, New York, New York 10019 LT 1- 7777", "key_type": "value", "formal_key": "others"}}, {"shape_attributes": {"name": "rect", "x": 119, "y": 236, "width": 88, "height": 18}, "region_attributes": {"label": "SSC&B, Inc", "key_type": "value", "formal_key": "answer"}}, {"shape_attributes": {"name": "rect", "x": 440, "y": 190, "width": 156, "height": 20}, "region_attributes": {"label": "September 25, 1969", "key_type": "value", "formal_key": "answer"}}, {"shape_attributes": {"name": "rect", "x": 448, "y": 232, "width": 91, "height": 21}, "region_attributes": {"label": "Larry Odum", "key_type": "value", "formal_key": "answer"}}, {"shape_attributes": {"name": "rect", "x": 120, "y": 289, "width": 402, "height": 19}, "region_attributes": {"label": "575 Lexington Avenue, New York, New York 10022", "key_type": "value", "formal_key": "answer"}}, {"shape_attributes": {"name": "rect", "x": 120, "y": 346, "width": 211, "height": 20}, "region_attributes": {"label": "American Tobacco Company", "key_type": "value", "formal_key": "answer"}}, {"shape_attributes": {"name": "rect", "x": 119, "y": 395, "width": 178, "height": 21}, "region_attributes": {"label": "Pall Mail Filter tip", "key_type": "value", "formal_key": "answer"}}, {"shape_attributes": {"name": "rect", "x": 191, "y": 457, "width": 169, "height": 18}, "region_attributes": {"label": "VIDEO TAPE APPROVAL", "key_type": "value", "formal_key": "answer"}}, {"shape_attributes": {"name": "rect", "x": 553, "y": 419, "width": 86, "height": 24}, "region_attributes": {"label": "SEP 30 ", "key_type": "value", "formal_key": "answer"}}, {"shape_attributes": {"name": "rect", "x": 547, "y": 455, "width": 90, "height": 17}, "region_attributes": {"label": "PERCY F. SMITH", "key_type": "value", "formal_key": "others"}}, {"shape_attributes": {"name": "rect", "x": 123, "y": 490, "width": 377, "height": 34}, "region_attributes": {"label": "\"Presenter/ Girl Rev\" AT-M B-T-64 :60 \"Pall Mall Filter Tip\" AT-P/ F-T-317 :30", "key_type": "value", "formal_key": "answer"}}, {"shape_attributes": {"name": "rect", "x": 122, "y": 545, "width": 474, "height": 35}, "region_attributes": {"label": "TAPE WILL FOLLOW AS SOON AS I RECEIVE IT FROM THE TAPE LIBRARY.", "key_type": "value", "formal_key": "answer"}}, {"shape_attributes": {"name": "rect", "x": 63, "y": 673, "width": 459, "height": 20}, "region_attributes": {"label": "PLEASE NOTIFY THIS DEPARTMENT OF ANY CHANGES IN THE CODE NUMBER(S).", "key_type": "key", "formal_key": "question"}}, {"shape_attributes": {"name": "rect", "x": 63, "y": 698, "width": 447, "height": 23}, "region_attributes": {"label": "Final approval is, of course, dependent upon time and placement of the commercial(s\uf703).", "key_type": "key", "formal_key": "question"}}, {"shape_attributes": {"name": "rect", "x": 66, "y": 747, "width": 96, "height": 14}, "region_attributes": {"label": "Film(s) enclosed.", "key_type": "key", "formal_key": "question"}}, {"shape_attributes": {"name": "rect", "x": 394, "y": 754, "width": 198, "height": 116}, "region_attributes": {"label": "Sincerely, American Broadcasting Company Cynthia Fates C.B Department BROADCAST STANDARDS AND PRACTICES", "key_type": "value", "formal_key": "others"}}, {"shape_attributes": {"name": "rect", "x": 80, "y": 873, "width": 114, "height": 13}, "region_attributes": {"label": "XER 264/ REV 5/ 68", "key_type": "value", "formal_key": "others"}}]}}}