﻿{"file_name": "0011505151.json", "attributes": {"_via_img_metadata": {"regions": [{"shape_attributes": {"name": "rect", "x": 53, "y": 31, "width": 47, "height": 15}, "region_attributes": {"label": "CAPRI", "key_type": "key", "formal_key": "question"}}, {"shape_attributes": {"name": "rect", "x": 50, "y": 102, "width": 108, "height": 18}, "region_attributes": {"label": "DESCRIPTION:", "key_type": "key", "formal_key": "question"}}, {"shape_attributes": {"name": "rect", "x": 54, "y": 145, "width": 77, "height": 18}, "region_attributes": {"label": "SUPPLIER:", "key_type": "key", "formal_key": "question"}}, {"shape_attributes": {"name": "rect", "x": 545, "y": 901, "width": 130, "height": 31}, "region_attributes": {"label": "466009457", "key_type": "value", "formal_key": "others"}}, {"shape_attributes": {"name": "rect", "x": 448, "y": 381, "width": 49, "height": 15}, "region_attributes": {"label": "47,218", "key_type": "value", "formal_key": "answer"}}, {"shape_attributes": {"name": "rect", "x": 454, "y": 397, "width": 45, "height": 13}, "region_attributes": {"label": "9,442", "key_type": "value", "formal_key": "answer"}}, {"shape_attributes": {"name": "rect", "x": 447, "y": 409, "width": 52, "height": 15}, "region_attributes": {"label": "14,165", "key_type": "value", "formal_key": "answer"}}, {"shape_attributes": {"name": "rect", "x": 503, "y": 398, "width": 25, "height": 14}, "region_attributes": {"label": "-Pd.", "key_type": "value", "formal_key": "others"}}, {"shape_attributes": {"name": "rect", "x": 567, "y": 497, "width": 92, "height": 15}, "region_attributes": {"label": "CUMULATIVE", "key_type": "key", "formal_key": "question"}}, {"shape_attributes": {"name": "rect", "x": 205, "y": 556, "width": 29, "height": 13}, "region_attributes": {"label": "DEC", "key_type": "key", "formal_key": "question"}}, {"shape_attributes": {"name": "rect", "x": 207, "y": 573, "width": 28, "height": 11}, "region_attributes": {"label": "FEB", "key_type": "key", "formal_key": "question"}}, {"shape_attributes": {"name": "rect", "x": 349, "y": 547, "width": 35, "height": 13}, "region_attributes": {"label": "9.442", "key_type": "value", "formal_key": "answer"}}, {"shape_attributes": {"name": "rect", "x": 342, "y": 559, "width": 47, "height": 11}, "region_attributes": {"label": "21.240", "key_type": "value", "formal_key": "answer"}}, {"shape_attributes": {"name": "rect", "x": 342, "y": 570, "width": 47, "height": 11}, "region_attributes": {"label": "3068230.682", "key_type": "value", "formal_key": "others"}}, {"shape_attributes": {"name": "rect", "x": 587, "y": 560, "width": 59, "height": 21}, "region_attributes": {"label": "77.900", "key_type": "value", "formal_key": "answer"}}, {"shape_attributes": {"name": "rect", "x": 54, "y": 43, "width": 136, "height": 17}, "region_attributes": {"label": "", "key_type": "value", "formal_key": "answer"}}, {"shape_attributes": {"name": "rect", "x": 447, "y": 21, "width": 93, "height": 17}, "region_attributes": {"label": "PROJECT NO.", "key_type": "key", "formal_key": "question"}}, {"shape_attributes": {"name": "rect", "x": 581, "y": 17, "width": 99, "height": 16}, "region_attributes": {"label": "1987- 115- CA", "key_type": "value", "formal_key": "answer"}}, {"shape_attributes": {"name": "rect", "x": 254, "y": 91, "width": 360, "height": 21}, "region_attributes": {"label": "CAPRI EXPANSION A&U - CALIFORNIA - WAVE 4.", "key_type": "value", "formal_key": "answer"}}, {"shape_attributes": {"name": "rect", "x": 257, "y": 140, "width": 222, "height": 16}, "region_attributes": {"label": "Kapuler Marketing Research", "key_type": "value", "formal_key": "answer"}}, {"shape_attributes": {"name": "rect", "x": 54, "y": 175, "width": 115, "height": 18}, "region_attributes": {"label": "MR PERSONNEL:", "key_type": "key", "formal_key": "question"}}, {"shape_attributes": {"name": "rect", "x": 257, "y": 169, "width": 100, "height": 16}, "region_attributes": {"label": "B. R. Pellett", "key_type": "value", "formal_key": "answer"}}, {"shape_attributes": {"name": "rect", "x": 54, "y": 216, "width": 141, "height": 18}, "region_attributes": {"label": "AUTHORIZED COST:", "key_type": "key", "formal_key": "question"}}, {"shape_attributes": {"name": "rect", "x": 256, "y": 211, "width": 205, "height": 47}, "region_attributes": {"label": "70,825 + +10 % (TOTAL 1987) +7.075 (2 -23 -88 77,900 TOTAL", "key_type": "value", "formal_key": "answer"}}, {"shape_attributes": {"name": "rect", "x": 57, "y": 311, "width": 94, "height": 15}, "region_attributes": {"label": "Int. Init. Date", "key_type": "key", "formal_key": "question"}}, {"shape_attributes": {"name": "rect", "x": 56, "y": 324, "width": 103, "height": 14}, "region_attributes": {"label": "Ext. Autho. Date", "key_type": "key", "formal_key": "question"}}, {"shape_attributes": {"name": "rect", "x": 57, "y": 338, "width": 103, "height": 15}, "region_attributes": {"label": "Field Complete", "key_type": "key", "formal_key": "question"}}, {"shape_attributes": {"name": "rect", "x": 57, "y": 353, "width": 93, "height": 14}, "region_attributes": {"label": "Final Rpt. Due", "key_type": "key", "formal_key": "question"}}, {"shape_attributes": {"name": "rect", "x": 173, "y": 307, "width": 63, "height": 15}, "region_attributes": {"label": "", "key_type": "value", "formal_key": "answer"}}, {"shape_attributes": {"name": "rect", "x": 166, "y": 323, "width": 69, "height": 13}, "region_attributes": {"label": "11- 16- 87", "key_type": "value", "formal_key": "answer"}}, {"shape_attributes": {"name": "rect", "x": 165, "y": 337, "width": 72, "height": 15}, "region_attributes": {"label": "12- -7 -87", "key_type": "value", "formal_key": "answer"}}, {"shape_attributes": {"name": "rect", "x": 173, "y": 351, "width": 63, "height": 16}, "region_attributes": {"label": "1- 11- 88", "key_type": "value", "formal_key": "answer"}}, {"shape_attributes": {"name": "rect", "x": 84, "y": 492, "width": 73, "height": 28}, "region_attributes": {"label": "RELEASED TO ACCTG", "key_type": "key", "formal_key": "question"}}, {"shape_attributes": {"name": "rect", "x": 299, "y": 487, "width": 99, "height": 30}, "region_attributes": {"label": "PAID OUT OF 1989 BUDGET", "key_type": "key", "formal_key": "header"}}, {"shape_attributes": {"name": "rect", "x": 208, "y": 385, "width": 77, "height": 13}, "region_attributes": {"label": "PAID 1987", "key_type": "key", "formal_key": "question"}}, {"shape_attributes": {"name": "rect", "x": 207, "y": 398, "width": 138, "height": 14}, "region_attributes": {"label": "DEC 1987 ACCRUAL", "key_type": "key", "formal_key": "question"}}, {"shape_attributes": {"name": "rect", "x": 208, "y": 412, "width": 148, "height": 14}, "region_attributes": {"label": "CARRYOVER TO 1988", "key_type": "key", "formal_key": "question"}}, {"shape_attributes": {"name": "rect", "x": 88, "y": 568, "width": 72, "height": 18}, "region_attributes": {"label": "2- 25- 88", "key_type": "value", "formal_key": "answer"}}, {"shape_attributes": {"name": "rect", "x": 297, "y": 547, "width": 44, "height": 13}, "region_attributes": {"label": "YEA -", "key_type": "key", "formal_key": "question"}}, {"shape_attributes": {"name": "rect", "x": 299, "y": 559, "width": 41, "height": 11}, "region_attributes": {"label": "CAPRI -", "key_type": "key", "formal_key": "question"}}]}}}