﻿{"file_name": "0011974919.json", "attributes": {"_via_img_metadata": {"regions": [{"shape_attributes": {"name": "rect", "x": 172, "y": 205, "width": 18, "height": 15}, "region_attributes": {"label": "To", "key_type": "key", "formal_key": "question"}}, {"shape_attributes": {"name": "rect", "x": 172, "y": 236, "width": 32, "height": 15}, "region_attributes": {"label": "From:", "key_type": "key", "formal_key": "question"}}, {"shape_attributes": {"name": "rect", "x": 173, "y": 265, "width": 28, "height": 15}, "region_attributes": {"label": "Date:", "key_type": "key", "formal_key": "question"}}, {"shape_attributes": {"name": "rect", "x": 70, "y": 309, "width": 35, "height": 17}, "region_attributes": {"label": "Brand:", "key_type": "key", "formal_key": "question"}}, {"shape_attributes": {"name": "rect", "x": 68, "y": 339, "width": 28, "height": 14}, "region_attributes": {"label": "Title:", "key_type": "key", "formal_key": "question"}}, {"shape_attributes": {"name": "rect", "x": 110, "y": 304, "width": 39, "height": 15}, "region_attributes": {"label": "Eclipse", "key_type": "value", "formal_key": "answer"}}, {"shape_attributes": {"name": "rect", "x": 70, "y": 359, "width": 64, "height": 20}, "region_attributes": {"label": "Description:", "key_type": "key", "formal_key": "question"}}, {"shape_attributes": {"name": "rect", "x": 211, "y": 459, "width": 36, "height": 15}, "region_attributes": {"label": "APAC", "key_type": "value", "formal_key": "answer"}}, {"shape_attributes": {"name": "rect", "x": 226, "y": 490, "width": 24, "height": 14}, "region_attributes": {"label": "300", "key_type": "value", "formal_key": "answer"}}, {"shape_attributes": {"name": "rect", "x": 226, "y": 549, "width": 22, "height": 15}, "region_attributes": {"label": "300", "key_type": "value", "formal_key": "answer"}}, {"shape_attributes": {"name": "rect", "x": 425, "y": 628, "width": 39, "height": 21}, "region_attributes": {"label": "W25", "key_type": "value", "formal_key": "answer"}}, {"shape_attributes": {"name": "rect", "x": 362, "y": 751, "width": 35, "height": 15}, "region_attributes": {"label": "APAC", "key_type": "value", "formal_key": "answer"}}, {"shape_attributes": {"name": "rect", "x": 68, "y": 845, "width": 15, "height": 15}, "region_attributes": {"label": "C:", "key_type": "key", "formal_key": "question"}}, {"shape_attributes": {"name": "rect", "x": 376, "y": 304, "width": 42, "height": 17}, "region_attributes": {"label": "602399", "key_type": "value", "formal_key": "answer"}}, {"shape_attributes": {"name": "rect", "x": 127, "y": 130, "width": 468, "height": 27}, "region_attributes": {"label": "RESPONSE CODE REQUEST CONFIRMATION", "key_type": "key", "formal_key": "header"}}, {"shape_attributes": {"name": "rect", "x": 219, "y": 201, "width": 70, "height": 15}, "region_attributes": {"label": "Joe Leinster", "key_type": "value", "formal_key": "answer"}}, {"shape_attributes": {"name": "rect", "x": 219, "y": 230, "width": 70, "height": 18}, "region_attributes": {"label": "Joyce Bagby", "key_type": "value", "formal_key": "answer"}}, {"shape_attributes": {"name": "rect", "x": 221, "y": 258, "width": 108, "height": 20}, "region_attributes": {"label": "September 10, 1996", "key_type": "value", "formal_key": "answer"}}, {"shape_attributes": {"name": "rect", "x": 282, "y": 309, "width": 85, "height": 15}, "region_attributes": {"label": "PPS Program #", "key_type": "key", "formal_key": "question"}}, {"shape_attributes": {"name": "rect", "x": 440, "y": 307, "width": 79, "height": 19}, "region_attributes": {"label": "Requested By:", "key_type": "key", "formal_key": "question"}}, {"shape_attributes": {"name": "rect", "x": 109, "y": 334, "width": 257, "height": 20}, "region_attributes": {"label": "Sneak Preview Confirmation Call- Charlotte Tests", "key_type": "value", "formal_key": "answer"}}, {"shape_attributes": {"name": "rect", "x": 134, "y": 363, "width": 315, "height": 19}, "region_attributes": {"label": "Record of confirmation calls for sneak preview appointments", "key_type": "value", "formal_key": "answer"}}, {"shape_attributes": {"name": "rect", "x": 68, "y": 465, "width": 135, "height": 15}, "region_attributes": {"label": "Fullfillment Data Entry at", "key_type": "key", "formal_key": "question"}}, {"shape_attributes": {"name": "rect", "x": 68, "y": 494, "width": 111, "height": 17}, "region_attributes": {"label": "Circulation Quantity:", "key_type": "key", "formal_key": "question"}}, {"shape_attributes": {"name": "rect", "x": 70, "y": 525, "width": 115, "height": 14}, "region_attributes": {"label": "Estimated Response:", "key_type": "key", "formal_key": "question"}}, {"shape_attributes": {"name": "rect", "x": 70, "y": 554, "width": 122, "height": 15}, "region_attributes": {"label": "Estimated Responders:", "key_type": "key", "formal_key": "question"}}, {"shape_attributes": {"name": "rect", "x": 68, "y": 582, "width": 122, "height": 17}, "region_attributes": {"label": "Distribution Drop Date:", "key_type": "key", "formal_key": "question"}}, {"shape_attributes": {"name": "rect", "x": 207, "y": 580, "width": 45, "height": 17}, "region_attributes": {"label": "10/ 03/ 96", "key_type": "value", "formal_key": "answer"}}, {"shape_attributes": {"name": "rect", "x": 219, "y": 520, "width": 53, "height": 18}, "region_attributes": {"label": "100.00 %", "key_type": "value", "formal_key": "answer"}}, {"shape_attributes": {"name": "rect", "x": 358, "y": 582, "width": 82, "height": 18}, "region_attributes": {"label": "Expiration Date:", "key_type": "key", "formal_key": "question"}}, {"shape_attributes": {"name": "rect", "x": 228, "y": 630, "width": 177, "height": 21}, "region_attributes": {"label": "Response Code Assigned:", "key_type": "key", "formal_key": "question"}}, {"shape_attributes": {"name": "rect", "x": 66, "y": 705, "width": 344, "height": 32}, "region_attributes": {"label": "Address, postal requirements, barcodes, document storage, and batch numbers to be supplied by:", "key_type": "key", "formal_key": "question"}}, {"shape_attributes": {"name": "rect", "x": 358, "y": 767, "width": 117, "height": 15}, "region_attributes": {"label": "DE Fullfillment Vendor", "key_type": "key", "formal_key": "question"}}, {"shape_attributes": {"name": "rect", "x": 91, "y": 844, "width": 104, "height": 17}, "region_attributes": {"label": "Suzi Hicks RJR- IR", "key_type": "value", "formal_key": "answer"}}, {"shape_attributes": {"name": "rect", "x": 91, "y": 862, "width": 83, "height": 20}, "region_attributes": {"label": "Karen Giddens", "key_type": "value", "formal_key": "answer"}}, {"shape_attributes": {"name": "rect", "x": 94, "y": 884, "width": 67, "height": 17}, "region_attributes": {"label": "Drew Huyett", "key_type": "value", "formal_key": "answer"}}, {"shape_attributes": {"name": "rect", "x": 89, "y": 908, "width": 84, "height": 15}, "region_attributes": {"label": "Jackson Roper", "key_type": "value", "formal_key": "answer"}}, {"shape_attributes": {"name": "rect", "x": 418, "y": 839, "width": 81, "height": 17}, "region_attributes": {"label": "Debbie Lockery", "key_type": "value", "formal_key": "answer"}}, {"shape_attributes": {"name": "rect", "x": 418, "y": 862, "width": 89, "height": 17}, "region_attributes": {"label": "Vanessa Oakley", "key_type": "value", "formal_key": "answer"}}, {"shape_attributes": {"name": "rect", "x": 418, "y": 884, "width": 126, "height": 19}, "region_attributes": {"label": "Melissa Andrews - TBM", "key_type": "value", "formal_key": "answer"}}, {"shape_attributes": {"name": "rect", "x": 416, "y": 906, "width": 122, "height": 18}, "region_attributes": {"label": "Tammi LaManna - M/ B", "key_type": "value", "formal_key": "answer"}}, {"shape_attributes": {"name": "rect", "x": 694, "y": 867, "width": 16, "height": 94}, "region_attributes": {"label": "52251 2963", "key_type": "value", "formal_key": "others"}}]}}}