﻿{"file_name": "0011856542.json", "attributes": {"_via_img_metadata": {"regions": [{"shape_attributes": {"name": "rect", "x": 425, "y": 258, "width": 37, "height": 14}, "region_attributes": {"label": "DATE", "key_type": "key", "formal_key": "question"}}, {"shape_attributes": {"name": "rect", "x": 259, "y": 255, "width": 42, "height": 15}, "region_attributes": {"label": "BD-FF", "key_type": "value", "formal_key": "answer"}}, {"shape_attributes": {"name": "rect", "x": 500, "y": 259, "width": 51, "height": 14}, "region_attributes": {"label": "1/4/90", "key_type": "value", "formal_key": "answer"}}, {"shape_attributes": {"name": "rect", "x": 257, "y": 382, "width": 73, "height": 15}, "region_attributes": {"label": "Marketing", "key_type": "value", "formal_key": "answer"}}, {"shape_attributes": {"name": "rect", "x": 65, "y": 755, "width": 26, "height": 13}, "region_attributes": {"label": "cc:", "key_type": "key", "formal_key": "question"}}, {"shape_attributes": {"name": "rect", "x": 363, "y": 737, "width": 218, "height": 57}, "region_attributes": {"label": "", "key_type": "value", "formal_key": "answer"}}, {"shape_attributes": {"name": "rect", "x": 256, "y": 150, "width": 202, "height": 24}, "region_attributes": {"label": "PROJECT INITIATION FORM", "key_type": "key", "formal_key": "header"}}, {"shape_attributes": {"name": "rect", "x": 71, "y": 250, "width": 111, "height": 18}, "region_attributes": {"label": "PROJECT CODE", "key_type": "key", "formal_key": "question"}}, {"shape_attributes": {"name": "rect", "x": 72, "y": 294, "width": 106, "height": 16}, "region_attributes": {"label": "PROJECT NAME", "key_type": "key", "formal_key": "question"}}, {"shape_attributes": {"name": "rect", "x": 259, "y": 296, "width": 315, "height": 20}, "region_attributes": {"label": "BULL DURHAM Full Flavor King Size Cigarettes", "key_type": "value", "formal_key": "answer"}}, {"shape_attributes": {"name": "rect", "x": 262, "y": 338, "width": 163, "height": 21}, "region_attributes": {"label": "J. F. Anders/ J. E. Mann", "key_type": "value", "formal_key": "answer"}}, {"shape_attributes": {"name": "rect", "x": 68, "y": 334, "width": 126, "height": 19}, "region_attributes": {"label": "PROJECT LEADER", "key_type": "key", "formal_key": "question"}}, {"shape_attributes": {"name": "rect", "x": 71, "y": 375, "width": 147, "height": 18}, "region_attributes": {"label": "WORK REQUESTED BY", "key_type": "key", "formal_key": "question"}}, {"shape_attributes": {"name": "rect", "x": 66, "y": 417, "width": 154, "height": 20}, "region_attributes": {"label": "PROJECT OBJECTIVE", "key_type": "key", "formal_key": "question"}}, {"shape_attributes": {"name": "rect", "x": 255, "y": 423, "width": 384, "height": 158}, "region_attributes": {"label": "Develop 14- mg \"tar\" delivery king size cigarette for generic pricing directed toward young male smokers. Cigarette dimensions- 85 mm x 24.9 mm circumference- 20 mm filter- 24 mm tipping. Offshore tobacco blend with unique flavor formulation. Cork tipping.", "key_type": "value", "formal_key": "answer"}}, {"shape_attributes": {"name": "rect", "x": 66, "y": 581, "width": 109, "height": 40}, "region_attributes": {"label": "OTHER PERSONNEL ASSIGNED", "key_type": "key", "formal_key": "question"}}, {"shape_attributes": {"name": "rect", "x": 368, "y": 718, "width": 98, "height": 14}, "region_attributes": {"label": "Approved by", "key_type": "key", "formal_key": "question"}}, {"shape_attributes": {"name": "rect", "x": 106, "y": 756, "width": 207, "height": 117}, "region_attributes": {"label": "RSS RDC PHL PRC DRB Records Project Leader Other Personnel Assigned", "key_type": "value", "formal_key": "answer"}}]}}}