﻿{"file_name": "0011976929.json", "attributes": {"_via_img_metadata": {"regions": [{"shape_attributes": {"name": "rect", "x": 420, "y": 380, "width": 54, "height": 18}, "region_attributes": {"label": "Dates:", "key_type": "key", "formal_key": "question"}}, {"shape_attributes": {"name": "rect", "x": 543, "y": 841, "width": 110, "height": 21}, "region_attributes": {"label": "466603840", "key_type": "value", "formal_key": "others"}}, {"shape_attributes": {"name": "rect", "x": 102, "y": 869, "width": 47, "height": 17}, "region_attributes": {"label": "/934g", "key_type": "value", "formal_key": "others"}}, {"shape_attributes": {"name": "rect", "x": 75, "y": 869, "width": 28, "height": 18}, "region_attributes": {"label": "/lr", "key_type": "value", "formal_key": "others"}}, {"shape_attributes": {"name": "rect", "x": 327, "y": 383, "width": 29, "height": 15}, "region_attributes": {"label": "700", "key_type": "value", "formal_key": "answer"}}, {"shape_attributes": {"name": "rect", "x": 489, "y": 176, "width": 54, "height": 22}, "region_attributes": {"label": "Dundee", "key_type": "value", "formal_key": "answer"}}, {"shape_attributes": {"name": "rect", "x": 54, "y": 184, "width": 52, "height": 21}, "region_attributes": {"label": "State:", "key_type": "key", "formal_key": "question"}}, {"shape_attributes": {"name": "rect", "x": 147, "y": 183, "width": 70, "height": 17}, "region_attributes": {"label": "Illinois", "key_type": "value", "formal_key": "answer"}}, {"shape_attributes": {"name": "rect", "x": 284, "y": 96, "width": 124, "height": 17}, "region_attributes": {"label": "SPECIAL EVENTS", "key_type": "key", "formal_key": "header"}}, {"shape_attributes": {"name": "rect", "x": 358, "y": 182, "width": 82, "height": 17}, "region_attributes": {"label": "City/ Town:", "key_type": "key", "formal_key": "question"}}, {"shape_attributes": {"name": "rect", "x": 57, "y": 243, "width": 120, "height": 20}, "region_attributes": {"label": "Type of Event:", "key_type": "key", "formal_key": "question"}}, {"shape_attributes": {"name": "rect", "x": 300, "y": 237, "width": 117, "height": 19}, "region_attributes": {"label": "Beauty Contest", "key_type": "value", "formal_key": "answer"}}, {"shape_attributes": {"name": "rect", "x": 59, "y": 384, "width": 185, "height": 18}, "region_attributes": {"label": "Estimated Attendance", "key_type": "key", "formal_key": "question"}}, {"shape_attributes": {"name": "rect", "x": 489, "y": 376, "width": 180, "height": 17}, "region_attributes": {"label": "March 3rd, 4th & 5th,", "key_type": "value", "formal_key": "answer"}}, {"shape_attributes": {"name": "rect", "x": 60, "y": 441, "width": 123, "height": 19}, "region_attributes": {"label": "Name of Event:", "key_type": "key", "formal_key": "question"}}, {"shape_attributes": {"name": "rect", "x": 297, "y": 433, "width": 238, "height": 19}, "region_attributes": {"label": "Mrs. Illinois Beauty Pageant", "key_type": "value", "formal_key": "answer"}}, {"shape_attributes": {"name": "rect", "x": 64, "y": 525, "width": 217, "height": 19}, "region_attributes": {"label": "Contact (Name/ Telephone):", "key_type": "key", "formal_key": "question"}}, {"shape_attributes": {"name": "rect", "x": 300, "y": 521, "width": 313, "height": 18}, "region_attributes": {"label": "Ms. Joy Weathers (Sales) 312/ 426 - 8000", "key_type": "value", "formal_key": "answer"}}, {"shape_attributes": {"name": "rect", "x": 64, "y": 584, "width": 197, "height": 15}, "region_attributes": {"label": "Audience Concentration", "key_type": "key", "formal_key": "question"}}, {"shape_attributes": {"name": "rect", "x": 300, "y": 577, "width": 260, "height": 48}, "region_attributes": {"label": "90 % White - 10 % Black Age category 21 yrs. to 45 yrs.", "key_type": "value", "formal_key": "answer"}}, {"shape_attributes": {"name": "rect", "x": 67, "y": 691, "width": 398, "height": 21}, "region_attributes": {"label": "Recommended Brand(s) and Promotional Activity:", "key_type": "key", "formal_key": "question"}}, {"shape_attributes": {"name": "rect", "x": 503, "y": 690, "width": 138, "height": 18}, "region_attributes": {"label": "BARCLAY sampling", "key_type": "value", "formal_key": "answer"}}, {"shape_attributes": {"name": "rect", "x": 165, "y": 721, "width": 177, "height": 19}, "region_attributes": {"label": "2 - 12M cases mixed.", "key_type": "value", "formal_key": "answer"}}, {"shape_attributes": {"name": "rect", "x": 169, "y": 747, "width": 309, "height": 21}, "region_attributes": {"label": "To be placed on tables by B & W Reps.", "key_type": "value", "formal_key": "answer"}}]}}}