﻿{"file_name": "0011973451.json", "attributes": {"_via_img_metadata": {"regions": [{"shape_attributes": {"name": "rect", "x": 59, "y": 817, "width": 108, "height": 17}, "region_attributes": {"label": "APPROVALS:", "key_type": "key", "formal_key": "header"}}, {"shape_attributes": {"name": "rect", "x": 57, "y": 73, "width": 34, "height": 13}, "region_attributes": {"label": "Date:", "key_type": "key", "formal_key": "question"}}, {"shape_attributes": {"name": "rect", "x": 57, "y": 281, "width": 70, "height": 11}, "region_attributes": {"label": "OBJECTIVE:", "key_type": "key", "formal_key": "question"}}, {"shape_attributes": {"name": "rect", "x": 59, "y": 691, "width": 38, "height": 8}, "region_attributes": {"label": "Cartons:", "key_type": "key", "formal_key": "question"}}, {"shape_attributes": {"name": "rect", "x": 59, "y": 707, "width": 31, "height": 8}, "region_attributes": {"label": "Cases:", "key_type": "key", "formal_key": "question"}}, {"shape_attributes": {"name": "rect", "x": 57, "y": 737, "width": 71, "height": 13}, "region_attributes": {"label": "TIMETABLE:", "key_type": "key", "formal_key": "header"}}, {"shape_attributes": {"name": "rect", "x": 59, "y": 757, "width": 67, "height": 10}, "region_attributes": {"label": "Manufacturing:", "key_type": "key", "formal_key": "question"}}, {"shape_attributes": {"name": "rect", "x": 346, "y": 823, "width": 20, "height": 11}, "region_attributes": {"label": "Date", "key_type": "key", "formal_key": "question"}}, {"shape_attributes": {"name": "rect", "x": 60, "y": 422, "width": 25, "height": 11}, "region_attributes": {"label": "TBD", "key_type": "value", "formal_key": "answer"}}, {"shape_attributes": {"name": "rect", "x": 462, "y": 603, "width": 25, "height": 13}, "region_attributes": {"label": "TBD", "key_type": "value", "formal_key": "answer"}}, {"shape_attributes": {"name": "rect", "x": 67, "y": 521, "width": 24, "height": 13}, "region_attributes": {"label": "TBD", "key_type": "value", "formal_key": "answer"}}, {"shape_attributes": {"name": "rect", "x": 134, "y": 605, "width": 24, "height": 11}, "region_attributes": {"label": "TBD", "key_type": "value", "formal_key": "answer"}}, {"shape_attributes": {"name": "rect", "x": 289, "y": 705, "width": 21, "height": 11}, "region_attributes": {"label": "500", "key_type": "value", "formal_key": "answer"}}, {"shape_attributes": {"name": "rect", "x": 434, "y": 704, "width": 27, "height": 11}, "region_attributes": {"label": "$250", "key_type": "value", "formal_key": "answer"}}, {"shape_attributes": {"name": "rect", "x": 521, "y": 939, "width": 120, "height": 18}, "region_attributes": {"label": "670886182", "key_type": "value", "formal_key": "others"}}, {"shape_attributes": {"name": "rect", "x": 677, "y": 821, "width": 21, "height": 11}, "region_attributes": {"label": "Date", "key_type": "key", "formal_key": "question"}}, {"shape_attributes": {"name": "rect", "x": 385, "y": 756, "width": 43, "height": 13}, "region_attributes": {"label": "Shipping:", "key_type": "key", "formal_key": "question"}}, {"shape_attributes": {"name": "rect", "x": 56, "y": 591, "width": 22, "height": 8}, "region_attributes": {"label": "Start", "key_type": "key", "formal_key": "question"}}, {"shape_attributes": {"name": "rect", "x": 81, "y": 589, "width": 17, "height": 11}, "region_attributes": {"label": "Up:", "key_type": "key", "formal_key": "question"}}, {"shape_attributes": {"name": "rect", "x": 57, "y": 570, "width": 54, "height": 13}, "region_attributes": {"label": "VOLUME:", "key_type": "key", "formal_key": "question"}}, {"shape_attributes": {"name": "rect", "x": 54, "y": 52, "width": 419, "height": 18}, "region_attributes": {"label": "NEW EXPORT PRODUCT DEVELOPMENT CHARTER", "key_type": "key", "formal_key": "header"}}, {"shape_attributes": {"name": "rect", "x": 94, "y": 73, "width": 50, "height": 11}, "region_attributes": {"label": "6/ 24/ 94", "key_type": "value", "formal_key": "answer"}}, {"shape_attributes": {"name": "rect", "x": 56, "y": 105, "width": 146, "height": 14}, "region_attributes": {"label": "BRAND/PROJECT NAME:", "key_type": "key", "formal_key": "question"}}, {"shape_attributes": {"name": "rect", "x": 57, "y": 133, "width": 496, "height": 28}, "region_attributes": {"label": "RICHLAND Kings (Soft Pack) -Duty Free (Phoenix)", "key_type": "value", "formal_key": "answer"}}, {"shape_attributes": {"name": "rect", "x": 57, "y": 191, "width": 70, "height": 16}, "region_attributes": {"label": "MARKET (S):", "key_type": "key", "formal_key": "question"}}, {"shape_attributes": {"name": "rect", "x": 57, "y": 221, "width": 208, "height": 22}, "region_attributes": {"label": "World- wide Duty Free", "key_type": "value", "formal_key": "answer"}}, {"shape_attributes": {"name": "rect", "x": 66, "y": 292, "width": 500, "height": 38}, "region_attributes": {"label": "Generate incremental volume for B& W by providing a low price brand to various international duty- free markets.", "key_type": "value", "formal_key": "answer"}}, {"shape_attributes": {"name": "rect", "x": 57, "y": 372, "width": 136, "height": 13}, "region_attributes": {"label": "SOURCE OF BUSINESS:", "key_type": "key", "formal_key": "header"}}, {"shape_attributes": {"name": "rect", "x": 57, "y": 391, "width": 122, "height": 10}, "region_attributes": {"label": "Major Competitive Brands:", "key_type": "key", "formal_key": "question"}}, {"shape_attributes": {"name": "rect", "x": 384, "y": 390, "width": 78, "height": 10}, "region_attributes": {"label": "Target Audience:", "key_type": "key", "formal_key": "question"}}, {"shape_attributes": {"name": "rect", "x": 384, "y": 420, "width": 140, "height": 13}, "region_attributes": {"label": "Value- conscious Smokers", "key_type": "value", "formal_key": "answer"}}, {"shape_attributes": {"name": "rect", "x": 57, "y": 489, "width": 155, "height": 11}, "region_attributes": {"label": "COST OR RETAIL PRICING:", "key_type": "key", "formal_key": "question"}}, {"shape_attributes": {"name": "rect", "x": 384, "y": 589, "width": 102, "height": 11}, "region_attributes": {"label": "Est. Monthly Ongoing:", "key_type": "key", "formal_key": "question"}}, {"shape_attributes": {"name": "rect", "x": 57, "y": 654, "width": 179, "height": 13}, "region_attributes": {"label": "INITIAL MATERIALS REQUIRED:", "key_type": "key", "formal_key": "header"}}, {"shape_attributes": {"name": "rect", "x": 289, "y": 656, "width": 54, "height": 11}, "region_attributes": {"label": "Qty In Units", "key_type": "key", "formal_key": "question"}}, {"shape_attributes": {"name": "rect", "x": 383, "y": 656, "width": 52, "height": 10}, "region_attributes": {"label": "Dollar Cost", "key_type": "key", "formal_key": "question"}}, {"shape_attributes": {"name": "rect", "x": 289, "y": 670, "width": 49, "height": 14}, "region_attributes": {"label": "On Hand", "key_type": "value", "formal_key": "answer"}}, {"shape_attributes": {"name": "rect", "x": 291, "y": 687, "width": 50, "height": 14}, "region_attributes": {"label": "On Hand", "key_type": "value", "formal_key": "answer"}}, {"shape_attributes": {"name": "rect", "x": 59, "y": 675, "width": 81, "height": 10}, "region_attributes": {"label": "Pack Flats Labels:", "key_type": "key", "formal_key": "question"}}, {"shape_attributes": {"name": "rect", "x": 59, "y": 774, "width": 91, "height": 10}, "region_attributes": {"label": "Product Specs Date:", "key_type": "key", "formal_key": "question"}}, {"shape_attributes": {"name": "rect", "x": 384, "y": 771, "width": 102, "height": 11}, "region_attributes": {"label": "In- Market Arrival Date:", "key_type": "key", "formal_key": "question"}}, {"shape_attributes": {"name": "rect", "x": 384, "y": 789, "width": 60, "height": 10}, "region_attributes": {"label": "Launch Date:", "key_type": "key", "formal_key": "question"}}, {"shape_attributes": {"name": "rect", "x": 59, "y": 791, "width": 105, "height": 8}, "region_attributes": {"label": "Start Manufacture Date:", "key_type": "key", "formal_key": "question"}}, {"shape_attributes": {"name": "rect", "x": 59, "y": 841, "width": 67, "height": 9}, "region_attributes": {"label": "Group Prod Dir", "key_type": "key", "formal_key": "question"}}, {"shape_attributes": {"name": "rect", "x": 59, "y": 874, "width": 66, "height": 10}, "region_attributes": {"label": "Dir. Int' Admin", "key_type": "key", "formal_key": "question"}}, {"shape_attributes": {"name": "rect", "x": 59, "y": 908, "width": 71, "height": 11}, "region_attributes": {"label": "Regional Dir/ VP", "key_type": "key", "formal_key": "question"}}, {"shape_attributes": {"name": "rect", "x": 384, "y": 839, "width": 74, "height": 12}, "region_attributes": {"label": "VP Int'l Planning", "key_type": "key", "formal_key": "question"}}, {"shape_attributes": {"name": "rect", "x": 383, "y": 873, "width": 82, "height": 11}, "region_attributes": {"label": "VP Int'l Marketing", "key_type": "key", "formal_key": "question"}}, {"shape_attributes": {"name": "rect", "x": 385, "y": 906, "width": 65, "height": 11}, "region_attributes": {"label": "Senior VP Int'l", "key_type": "key", "formal_key": "question"}}]}}}