﻿{"file_name": "0012947358.json", "attributes": {"_via_img_metadata": {"regions": [{"shape_attributes": {"name": "rect", "x": 53, "y": 228, "width": 21, "height": 15}, "region_attributes": {"label": "VIA:", "key_type": "key", "formal_key": "header"}}, {"shape_attributes": {"name": "rect", "x": 422, "y": 43, "width": 18, "height": 13}, "region_attributes": {"label": "TO:", "key_type": "key", "formal_key": "question"}}, {"shape_attributes": {"name": "rect", "x": 405, "y": 99, "width": 35, "height": 13}, "region_attributes": {"label": "FROM:", "key_type": "key", "formal_key": "question"}}, {"shape_attributes": {"name": "rect", "x": 420, "y": 128, "width": 17, "height": 11}, "region_attributes": {"label": "Per", "key_type": "key", "formal_key": "question"}}, {"shape_attributes": {"name": "rect", "x": 408, "y": 183, "width": 29, "height": 15}, "region_attributes": {"label": "DATE:", "key_type": "key", "formal_key": "question"}}, {"shape_attributes": {"name": "rect", "x": 542, "y": 177, "width": 24, "height": 13}, "region_attributes": {"label": "VIA:", "key_type": "key", "formal_key": "header"}}, {"shape_attributes": {"name": "rect", "x": 53, "y": 270, "width": 17, "height": 11}, "region_attributes": {"label": "RE:", "key_type": "key", "formal_key": "question"}}, {"shape_attributes": {"name": "rect", "x": 47, "y": 309, "width": 22, "height": 13}, "region_attributes": {"label": "FOR", "key_type": "key", "formal_key": "question"}}, {"shape_attributes": {"name": "rect", "x": 250, "y": 267, "width": 21, "height": 15}, "region_attributes": {"label": "IN", "key_type": "key", "formal_key": "question"}}, {"shape_attributes": {"name": "rect", "x": 70, "y": 412, "width": 61, "height": 13}, "region_attributes": {"label": "Document(s)", "key_type": "key", "formal_key": "question"}}, {"shape_attributes": {"name": "rect", "x": 134, "y": 412, "width": 38, "height": 13}, "region_attributes": {"label": "Served:", "key_type": "key", "formal_key": "question"}}, {"shape_attributes": {"name": "rect", "x": 71, "y": 440, "width": 31, "height": 11}, "region_attributes": {"label": "Court:", "key_type": "key", "formal_key": "question"}}, {"shape_attributes": {"name": "rect", "x": 73, "y": 684, "width": 45, "height": 13}, "region_attributes": {"label": "Remarks", "key_type": "key", "formal_key": "question"}}, {"shape_attributes": {"name": "rect", "x": 426, "y": 781, "width": 17, "height": 14}, "region_attributes": {"label": "BY:", "key_type": "key", "formal_key": "question"}}, {"shape_attributes": {"name": "rect", "x": 427, "y": 811, "width": 17, "height": 13}, "region_attributes": {"label": "Per", "key_type": "key", "formal_key": "question"}}, {"shape_attributes": {"name": "rect", "x": 47, "y": 130, "width": 20, "height": 14}, "region_attributes": {"label": "", "key_type": "key", "formal_key": "question"}}, {"shape_attributes": {"name": "rect", "x": 78, "y": 230, "width": 20, "height": 13}, "region_attributes": {"label": "(X)", "key_type": "value", "formal_key": "answer"}}, {"shape_attributes": {"name": "rect", "x": 310, "y": 265, "width": 71, "height": 15}, "region_attributes": {"label": "FLORIDA", "key_type": "value", "formal_key": "answer"}}, {"shape_attributes": {"name": "rect", "x": 568, "y": 190, "width": 17, "height": 13}, "region_attributes": {"label": "(X)", "key_type": "value", "formal_key": "answer"}}, {"shape_attributes": {"name": "rect", "x": 475, "y": 166, "width": 21, "height": 11}, "region_attributes": {"label": "(city)", "key_type": "value", "formal_key": "others"}}, {"shape_attributes": {"name": "rect", "x": 596, "y": 165, "width": 28, "height": 11}, "region_attributes": {"label": "(State)", "key_type": "value", "formal_key": "others"}}, {"shape_attributes": {"name": "rect", "x": 471, "y": 82, "width": 22, "height": 10}, "region_attributes": {"label": "(City)", "key_type": "value", "formal_key": "others"}}, {"shape_attributes": {"name": "rect", "x": 515, "y": 109, "width": 46, "height": 10}, "region_attributes": {"label": "(Originating", "key_type": "value", "formal_key": "others"}}, {"shape_attributes": {"name": "rect", "x": 564, "y": 109, "width": 25, "height": 10}, "region_attributes": {"label": "Agent)", "key_type": "value", "formal_key": "others"}}, {"shape_attributes": {"name": "rect", "x": 589, "y": 81, "width": 28, "height": 11}, "region_attributes": {"label": "(State)", "key_type": "value", "formal_key": "others"}}, {"shape_attributes": {"name": "rect", "x": 535, "y": 54, "width": 11, "height": 10}, "region_attributes": {"label": "(C", "key_type": "value", "formal_key": "others"}}, {"shape_attributes": {"name": "rect", "x": 546, "y": 54, "width": 8, "height": 8}, "region_attributes": {"label": "T.", "key_type": "value", "formal_key": "others"}}, {"shape_attributes": {"name": "rect", "x": 554, "y": 54, "width": 29, "height": 8}, "region_attributes": {"label": "Office)", "key_type": "value", "formal_key": "others"}}, {"shape_attributes": {"name": "rect", "x": 608, "y": 317, "width": 27, "height": 10}, "region_attributes": {"label": "(Name", "key_type": "value", "formal_key": "others"}}, {"shape_attributes": {"name": "rect", "x": 635, "y": 316, "width": 24, "height": 13}, "region_attributes": {"label": "State)", "key_type": "value", "formal_key": "others"}}, {"shape_attributes": {"name": "rect", "x": 434, "y": 209, "width": 126, "height": 123}, "region_attributes": {"label": "", "key_type": "value", "formal_key": "others"}}, {"shape_attributes": {"name": "rect", "x": 553, "y": 606, "width": 134, "height": 137}, "region_attributes": {"label": "", "key_type": "value", "formal_key": "others"}}, {"shape_attributes": {"name": "rect", "x": 535, "y": 848, "width": 36, "height": 11}, "region_attributes": {"label": "(Address)", "key_type": "value", "formal_key": "others"}}, {"shape_attributes": {"name": "rect", "x": 60, "y": 684, "width": 11, "height": 13}, "region_attributes": {"label": "9.", "key_type": "value", "formal_key": "others"}}, {"shape_attributes": {"name": "rect", "x": 59, "y": 631, "width": 11, "height": 13}, "region_attributes": {"label": "8.", "key_type": "value", "formal_key": "others"}}, {"shape_attributes": {"name": "rect", "x": 59, "y": 603, "width": 10, "height": 11}, "region_attributes": {"label": "7.", "key_type": "value", "formal_key": "others"}}, {"shape_attributes": {"name": "rect", "x": 56, "y": 578, "width": 13, "height": 11}, "region_attributes": {"label": "6.", "key_type": "value", "formal_key": "others"}}, {"shape_attributes": {"name": "rect", "x": 59, "y": 521, "width": 11, "height": 14}, "region_attributes": {"label": "5.", "key_type": "value", "formal_key": "others"}}, {"shape_attributes": {"name": "rect", "x": 54, "y": 466, "width": 14, "height": 11}, "region_attributes": {"label": "4.", "key_type": "value", "formal_key": "others"}}, {"shape_attributes": {"name": "rect", "x": 57, "y": 441, "width": 10, "height": 13}, "region_attributes": {"label": "3.", "key_type": "value", "formal_key": "others"}}, {"shape_attributes": {"name": "rect", "x": 57, "y": 413, "width": 11, "height": 11}, "region_attributes": {"label": "2.", "key_type": "value", "formal_key": "others"}}, {"shape_attributes": {"name": "rect", "x": 57, "y": 370, "width": 10, "height": 13}, "region_attributes": {"label": "1.", "key_type": "value", "formal_key": "others"}}, {"shape_attributes": {"name": "rect", "x": 28, "y": 32, "width": 209, "height": 74}, "region_attributes": {"label": "C T SYSTEM The Corporation Trust Company C T Corporation System and Associated Companies", "key_type": "key", "formal_key": "header"}}, {"shape_attributes": {"name": "rect", "x": 440, "y": 38, "width": 232, "height": 16}, "region_attributes": {"label": "The Corporation Trust Company", "key_type": "value", "formal_key": "answer"}}, {"shape_attributes": {"name": "rect", "x": 457, "y": 64, "width": 155, "height": 16}, "region_attributes": {"label": "New York, New York", "key_type": "value", "formal_key": "others"}}, {"shape_attributes": {"name": "rect", "x": 458, "y": 92, "width": 176, "height": 15}, "region_attributes": {"label": "C T Corporation System", "key_type": "value", "formal_key": "answer"}}, {"shape_attributes": {"name": "rect", "x": 458, "y": 122, "width": 142, "height": 15}, "region_attributes": {"label": "Phyllis G. Jennings", "key_type": "value", "formal_key": "answer"}}, {"shape_attributes": {"name": "rect", "x": 461, "y": 148, "width": 154, "height": 16}, "region_attributes": {"label": "Jacksonville, Florida", "key_type": "value", "formal_key": "answer"}}, {"shape_attributes": {"name": "rect", "x": 454, "y": 180, "width": 60, "height": 15}, "region_attributes": {"label": "1- -27 -69", "key_type": "value", "formal_key": "answer"}}, {"shape_attributes": {"name": "rect", "x": 568, "y": 176, "width": 91, "height": 13}, "region_attributes": {"label": "() Certified Mail", "key_type": "key", "formal_key": "question"}}, {"shape_attributes": {"name": "rect", "x": 587, "y": 189, "width": 87, "height": 14}, "region_attributes": {"label": "Certified Air Mail", "key_type": "key", "formal_key": "question"}}, {"shape_attributes": {"name": "rect", "x": 81, "y": 126, "width": 249, "height": 60}, "region_attributes": {"label": "Walliam Degenhardt Tax Director The American Tobacco Company 245 Park Avenue New York New York 1001", "key_type": "value", "formal_key": "others"}}, {"shape_attributes": {"name": "rect", "x": 148, "y": 186, "width": 84, "height": 13}, "region_attributes": {"label": "Recipienti", "key_type": "value", "formal_key": "others"}}, {"shape_attributes": {"name": "rect", "x": 99, "y": 229, "width": 72, "height": 14}, "region_attributes": {"label": "Certified Mail", "key_type": "key", "formal_key": "question"}}, {"shape_attributes": {"name": "rect", "x": 175, "y": 229, "width": 72, "height": 14}, "region_attributes": {"label": "() Messenger", "key_type": "key", "formal_key": "question"}}, {"shape_attributes": {"name": "rect", "x": 80, "y": 246, "width": 111, "height": 14}, "region_attributes": {"label": "() Certified Air Mail", "key_type": "key", "formal_key": "question"}}, {"shape_attributes": {"name": "rect", "x": 75, "y": 267, "width": 167, "height": 18}, "region_attributes": {"label": "PROCESS SERVED", "key_type": "value", "formal_key": "answer"}}, {"shape_attributes": {"name": "rect", "x": 589, "y": 300, "width": 42, "height": 15}, "region_attributes": {"label": "N. J.", "key_type": "value", "formal_key": "others"}}, {"shape_attributes": {"name": "rect", "x": 88, "y": 307, "width": 283, "height": 15}, "region_attributes": {"label": "THE AMERICAN TOBACCO COMPANY", "key_type": "value", "formal_key": "answer"}}, {"shape_attributes": {"name": "rect", "x": 261, "y": 323, "width": 80, "height": 8}, "region_attributes": {"label": "Name of Company", "key_type": "value", "formal_key": "others"}}, {"shape_attributes": {"name": "rect", "x": 77, "y": 335, "width": 521, "height": 19}, "region_attributes": {"label": "Enclosed are copies of legal proces served upon the statutory agent of the above company as follows:", "key_type": "key", "formal_key": "question"}}, {"shape_attributes": {"name": "rect", "x": 70, "y": 369, "width": 73, "height": 13}, "region_attributes": {"label": "Title of Action:", "key_type": "key", "formal_key": "question"}}, {"shape_attributes": {"name": "rect", "x": 147, "y": 356, "width": 511, "height": 41}, "region_attributes": {"label": "Reuben Sunstein, Plaintiff, v. The American Tobacco Company, a New Jorsey corporation, Defendant.", "key_type": "value", "formal_key": "answer"}}, {"shape_attributes": {"name": "rect", "x": 186, "y": 408, "width": 176, "height": 17}, "region_attributes": {"label": "Summons and Complaint", "key_type": "value", "formal_key": "answer"}}, {"shape_attributes": {"name": "rect", "x": 117, "y": 430, "width": 369, "height": 23}, "region_attributes": {"label": "Circuit Court, Dade County, Florida. No. 69 -1351", "key_type": "value", "formal_key": "answer"}}, {"shape_attributes": {"name": "rect", "x": 71, "y": 465, "width": 87, "height": 14}, "region_attributes": {"label": "Nature of Action:", "key_type": "key", "formal_key": "question"}}, {"shape_attributes": {"name": "rect", "x": 168, "y": 454, "width": 499, "height": 22}, "region_attributes": {"label": "For personal injuries resulting after smoking \"Pall Mall\" and \"Lucky", "key_type": "value", "formal_key": "others"}}, {"shape_attributes": {"name": "rect", "x": 63, "y": 469, "width": 620, "height": 41}, "region_attributes": {"label": "Strike\" cigarettes manufactured by defendant, wherein plaintiff alleges breach of was- anties, seeks damages in excess of $5, 000 and demands trial by jury.", "key_type": "value", "formal_key": "answer"}}, {"shape_attributes": {"name": "rect", "x": 71, "y": 520, "width": 157, "height": 15}, "region_attributes": {"label": "On Whom Process was Served:", "key_type": "key", "formal_key": "question"}}, {"shape_attributes": {"name": "rect", "x": 244, "y": 510, "width": 445, "height": 39}, "region_attributes": {"label": "Phyllis G. Jonnings, Asst. Socy,. The Corporation Company, Jacksonville, Florida", "key_type": "value", "formal_key": "answer"}}, {"shape_attributes": {"name": "rect", "x": 70, "y": 575, "width": 134, "height": 15}, "region_attributes": {"label": "Date and Hour of Service", "key_type": "key", "formal_key": "question"}}, {"shape_attributes": {"name": "rect", "x": 74, "y": 602, "width": 141, "height": 13}, "region_attributes": {"label": "Appearance or Answer Dues", "key_type": "key", "formal_key": "question"}}, {"shape_attributes": {"name": "rect", "x": 71, "y": 628, "width": 110, "height": 15}, "region_attributes": {"label": "Plaintiff's Attorney(s):", "key_type": "key", "formal_key": "question"}}, {"shape_attributes": {"name": "rect", "x": 244, "y": 624, "width": 161, "height": 47}, "region_attributes": {"label": "Max A. Goldfarb 414 Biscayne Building Miami, Florida", "key_type": "value", "formal_key": "answer"}}, {"shape_attributes": {"name": "rect", "x": 246, "y": 568, "width": 232, "height": 21}, "region_attributes": {"label": "January 27, 1969 9: 00 a. m.", "key_type": "value", "formal_key": "answer"}}, {"shape_attributes": {"name": "rect", "x": 247, "y": 592, "width": 411, "height": 21}, "region_attributes": {"label": "Within 20 days after service, exclusive of day of service.", "key_type": "value", "formal_key": "answer"}}, {"shape_attributes": {"name": "rect", "x": 418, "y": 751, "width": 170, "height": 16}, "region_attributes": {"label": "RECEIVED AND FORWARDED ON", "key_type": "key", "formal_key": "question"}}, {"shape_attributes": {"name": "rect", "x": 610, "y": 746, "width": 80, "height": 18}, "region_attributes": {"label": "1 29/29/ 69 (Date)", "key_type": "value", "formal_key": "answer"}}, {"shape_attributes": {"name": "rect", "x": 448, "y": 778, "width": 211, "height": 16}, "region_attributes": {"label": "THE CORPORATION TRUST COMPANY", "key_type": "value", "formal_key": "answer"}}, {"shape_attributes": {"name": "rect", "x": 448, "y": 795, "width": 166, "height": 56}, "region_attributes": {"label": "V. Colvellm Asst. Secy. 277 Park Avenue", "key_type": "value", "formal_key": "answer"}}, {"shape_attributes": {"name": "rect", "x": 450, "y": 856, "width": 172, "height": 16}, "region_attributes": {"label": "New York, New York 10017", "key_type": "value", "formal_key": "others"}}, {"shape_attributes": {"name": "rect", "x": 574, "y": 880, "width": 109, "height": 13}, "region_attributes": {"label": "", "key_type": "value", "formal_key": "others"}}, {"shape_attributes": {"name": "rect", "x": 25, "y": 782, "width": 352, "height": 30}, "region_attributes": {"label": "KINDLY ACKNOWLEDGE RECEIPT BY SIGNING AND RETURNING TO US THE ENCLOSED CARBON COPY OF THIS TRANSMITTAL FORM,", "key_type": "value", "formal_key": "others"}}]}}}