﻿{"file_name": "0012199830.json", "attributes": {"_via_img_metadata": {"regions": [{"shape_attributes": {"name": "rect", "x": 165, "y": 140, "width": 60, "height": 13}, "region_attributes": {"label": "Customer", "key_type": "key", "formal_key": "question"}}, {"shape_attributes": {"name": "rect", "x": 275, "y": 142, "width": 22, "height": 13}, "region_attributes": {"label": "B&W", "key_type": "value", "formal_key": "answer"}}, {"shape_attributes": {"name": "rect", "x": 557, "y": 130, "width": 155, "height": 31}, "region_attributes": {"label": "RECEIVED", "key_type": "key", "formal_key": "question"}}, {"shape_attributes": {"name": "rect", "x": 147, "y": 912, "width": 74, "height": 14}, "region_attributes": {"label": "Technician", "key_type": "key", "formal_key": "question"}}, {"shape_attributes": {"name": "rect", "x": 570, "y": 964, "width": 122, "height": 28}, "region_attributes": {"label": "605110969", "key_type": "value", "formal_key": "others"}}, {"shape_attributes": {"name": "rect", "x": 295, "y": 615, "width": 54, "height": 15}, "region_attributes": {"label": "Toluene", "key_type": "value", "formal_key": "answer"}}, {"shape_attributes": {"name": "rect", "x": 254, "y": 68, "width": 273, "height": 20}, "region_attributes": {"label": "AARBERG -STRAHAN INKS & COATINGS CORP.", "key_type": "key", "formal_key": "header"}}, {"shape_attributes": {"name": "rect", "x": 316, "y": 99, "width": 157, "height": 19}, "region_attributes": {"label": "Formula Composit Form", "key_type": "value", "formal_key": "others"}}, {"shape_attributes": {"name": "rect", "x": 585, "y": 173, "width": 93, "height": 21}, "region_attributes": {"label": "DEC 1 1 1989", "key_type": "value", "formal_key": "answer"}}, {"shape_attributes": {"name": "rect", "x": 589, "y": 207, "width": 82, "height": 23}, "region_attributes": {"label": "A. C. D.", "key_type": "value", "formal_key": "others"}}, {"shape_attributes": {"name": "rect", "x": 274, "y": 173, "width": 87, "height": 15}, "region_attributes": {"label": "Falcon Green", "key_type": "value", "formal_key": "others"}}, {"shape_attributes": {"name": "rect", "x": 272, "y": 201, "width": 69, "height": 15}, "region_attributes": {"label": "SKGC-4518 ", "key_type": "value", "formal_key": "answer"}}, {"shape_attributes": {"name": "rect", "x": 163, "y": 196, "width": 81, "height": 15}, "region_attributes": {"label": "Formula No.", "key_type": "key", "formal_key": "question"}}, {"shape_attributes": {"name": "rect", "x": 250, "y": 244, "width": 112, "height": 17}, "region_attributes": {"label": "Solids Composit", "key_type": "key", "formal_key": "question"}}, {"shape_attributes": {"name": "rect", "x": 302, "y": 277, "width": 153, "height": 15}, "region_attributes": {"label": "Lecithin (Food Grade)", "key_type": "value", "formal_key": "answer"}}, {"shape_attributes": {"name": "rect", "x": 302, "y": 299, "width": 169, "height": 18}, "region_attributes": {"label": "Epoxidized Soy Bean Oil", "key_type": "value", "formal_key": "answer"}}, {"shape_attributes": {"name": "rect", "x": 300, "y": 321, "width": 252, "height": 17}, "region_attributes": {"label": "Cellulose Nitrate Wet w /2 Propanol", "key_type": "value", "formal_key": "answer"}}, {"shape_attributes": {"name": "rect", "x": 299, "y": 344, "width": 134, "height": 15}, "region_attributes": {"label": "Pigment, Yellow 34", "key_type": "value", "formal_key": "answer"}}, {"shape_attributes": {"name": "rect", "x": 299, "y": 365, "width": 132, "height": 17}, "region_attributes": {"label": "Pigment, Blue 15: 4", "key_type": "value", "formal_key": "answer"}}, {"shape_attributes": {"name": "rect", "x": 300, "y": 385, "width": 412, "height": 22}, "region_attributes": {"label": "Ester of Modified Tricyclic Carboxylic Acid Jonrez IM824", "key_type": "value", "formal_key": "answer"}}, {"shape_attributes": {"name": "rect", "x": 155, "y": 543, "width": 89, "height": 15}, "region_attributes": {"label": "Total Solids", "key_type": "key", "formal_key": "question"}}, {"shape_attributes": {"name": "rect", "x": 243, "y": 582, "width": 217, "height": 20}, "region_attributes": {"label": "Solvent Composit to % V. O. C. s", "key_type": "value", "formal_key": "answer"}}, {"shape_attributes": {"name": "rect", "x": 296, "y": 637, "width": 127, "height": 17}, "region_attributes": {"label": "Isopropyl Acetate", "key_type": "value", "formal_key": "answer"}}, {"shape_attributes": {"name": "rect", "x": 295, "y": 659, "width": 117, "height": 16}, "region_attributes": {"label": "N- Propyl Acetate", "key_type": "value", "formal_key": "answer"}}, {"shape_attributes": {"name": "rect", "x": 140, "y": 835, "width": 97, "height": 18}, "region_attributes": {"label": "Total V. O. C. s", "key_type": "key", "formal_key": "question"}}, {"shape_attributes": {"name": "rect", "x": 251, "y": 860, "width": 55, "height": 19}, "region_attributes": {"label": "100. 00%", "key_type": "value", "formal_key": "answer"}}, {"shape_attributes": {"name": "rect", "x": 228, "y": 911, "width": 55, "height": 40}, "region_attributes": {"label": "DLR 12/ 5/ 89", "key_type": "value", "formal_key": "answer"}}]}}}