﻿{"file_name": "0012529284.json", "attributes": {"_via_img_metadata": {"regions": [{"shape_attributes": {"name": "rect", "x": 88, "y": 85, "width": 37, "height": 18}, "region_attributes": {"label": "Date:", "key_type": "key", "formal_key": "question"}}, {"shape_attributes": {"name": "rect", "x": 88, "y": 112, "width": 91, "height": 19}, "region_attributes": {"label": "Description:", "key_type": "key", "formal_key": "question"}}, {"shape_attributes": {"name": "rect", "x": 493, "y": 82, "width": 24, "height": 18}, "region_attributes": {"label": "No.", "key_type": "key", "formal_key": "question"}}, {"shape_attributes": {"name": "rect", "x": 91, "y": 177, "width": 66, "height": 12}, "region_attributes": {"label": "Supplier:", "key_type": "key", "formal_key": "question"}}, {"shape_attributes": {"name": "rect", "x": 90, "y": 290, "width": 69, "height": 19}, "region_attributes": {"label": "Reasons:", "key_type": "key", "formal_key": "question"}}, {"shape_attributes": {"name": "rect", "x": 207, "y": 235, "width": 73, "height": 15}, "region_attributes": {"label": "Increase", "key_type": "key", "formal_key": "question"}}, {"shape_attributes": {"name": "rect", "x": 301, "y": 232, "width": 64, "height": 16}, "region_attributes": {"label": "Decrease", "key_type": "key", "formal_key": "question"}}, {"shape_attributes": {"name": "rect", "x": 201, "y": 431, "width": 111, "height": 103}, "region_attributes": {"label": "", "key_type": "value", "formal_key": "others"}}, {"shape_attributes": {"name": "rect", "x": 85, "y": 394, "width": 81, "height": 19}, "region_attributes": {"label": "PROJECTED:", "key_type": "key", "formal_key": "header"}}, {"shape_attributes": {"name": "rect", "x": 573, "y": 409, "width": 39, "height": 15}, "region_attributes": {"label": "1987", "key_type": "key", "formal_key": "question"}}, {"shape_attributes": {"name": "rect", "x": 226, "y": 561, "width": 40, "height": 12}, "region_attributes": {"label": "Com-", "key_type": "value", "formal_key": "others"}}, {"shape_attributes": {"name": "rect", "x": 88, "y": 871, "width": 27, "height": 13}, "region_attributes": {"label": "cc:", "key_type": "key", "formal_key": "question"}}, {"shape_attributes": {"name": "rect", "x": 442, "y": 810, "width": 34, "height": 19}, "region_attributes": {"label": "Date", "key_type": "key", "formal_key": "question"}}, {"shape_attributes": {"name": "rect", "x": 443, "y": 781, "width": 31, "height": 16}, "region_attributes": {"label": "Date", "key_type": "key", "formal_key": "question"}}, {"shape_attributes": {"name": "rect", "x": 442, "y": 750, "width": 33, "height": 19}, "region_attributes": {"label": "Date", "key_type": "key", "formal_key": "question"}}, {"shape_attributes": {"name": "rect", "x": 442, "y": 722, "width": 34, "height": 15}, "region_attributes": {"label": "Date", "key_type": "key", "formal_key": "question"}}, {"shape_attributes": {"name": "rect", "x": 442, "y": 693, "width": 37, "height": 16}, "region_attributes": {"label": "Date", "key_type": "key", "formal_key": "question"}}, {"shape_attributes": {"name": "rect", "x": 85, "y": 945, "width": 64, "height": 16}, "region_attributes": {"label": "MRD00008", "key_type": "value", "formal_key": "others"}}, {"shape_attributes": {"name": "rect", "x": 608, "y": 934, "width": 124, "height": 28}, "region_attributes": {"label": "465915249", "key_type": "value", "formal_key": "others"}}, {"shape_attributes": {"name": "rect", "x": 253, "y": 829, "width": 40, "height": 13}, "region_attributes": {"label": "", "key_type": "key", "formal_key": "question"}}, {"shape_attributes": {"name": "rect", "x": 289, "y": 70, "width": 184, "height": 18}, "region_attributes": {"label": "CHANGE OF AUTHORIZED COST", "key_type": "key", "formal_key": "header"}}, {"shape_attributes": {"name": "rect", "x": 150, "y": 87, "width": 66, "height": 15}, "region_attributes": {"label": "12- -4 -87", "key_type": "value", "formal_key": "answer"}}, {"shape_attributes": {"name": "rect", "x": 552, "y": 85, "width": 36, "height": 18}, "region_attributes": {"label": "C -5-51", "key_type": "value", "formal_key": "answer"}}, {"shape_attributes": {"name": "rect", "x": 204, "y": 112, "width": 449, "height": 21}, "region_attributes": {"label": "CAPRI A&U EXPANSION - CALIFORNIA: WAVE 2 (87 -113) ,", "key_type": "value", "formal_key": "answer"}}, {"shape_attributes": {"name": "rect", "x": 105, "y": 142, "width": 321, "height": 21}, "region_attributes": {"label": "WAVE 3 (87 \u2013114) AND WAVE 4 (87 -115) .", "key_type": "value", "formal_key": "answer"}}, {"shape_attributes": {"name": "rect", "x": 204, "y": 177, "width": 226, "height": 16}, "region_attributes": {"label": "Kapuler Marketing Research", "key_type": "value", "formal_key": "answer"}}, {"shape_attributes": {"name": "rect", "x": 90, "y": 202, "width": 259, "height": 18}, "region_attributes": {"label": "Previous $ Commitments This Project", "key_type": "key", "formal_key": "question"}}, {"shape_attributes": {"name": "rect", "x": 395, "y": 202, "width": 136, "height": 19}, "region_attributes": {"label": "$ 212, 475 + 10%", "key_type": "value", "formal_key": "answer"}}, {"shape_attributes": {"name": "rect", "x": 90, "y": 232, "width": 109, "height": 18}, "region_attributes": {"label": "Amt. of Change:", "key_type": "key", "formal_key": "header"}}, {"shape_attributes": {"name": "rect", "x": 397, "y": 232, "width": 269, "height": 18}, "region_attributes": {"label": "$ NA ( % Change)", "key_type": "value", "formal_key": "others"}}, {"shape_attributes": {"name": "rect", "x": 395, "y": 262, "width": 135, "height": 19}, "region_attributes": {"label": "$ 212, 475 + 10%", "key_type": "value", "formal_key": "answer"}}, {"shape_attributes": {"name": "rect", "x": 90, "y": 262, "width": 230, "height": 16}, "region_attributes": {"label": "Adjusted Total Cost of Project:", "key_type": "key", "formal_key": "question"}}, {"shape_attributes": {"name": "rect", "x": 201, "y": 319, "width": 393, "height": 30}, "region_attributes": {"label": "Adjustment due to timing of projects falling into 1988.", "key_type": "value", "formal_key": "answer"}}, {"shape_attributes": {"name": "rect", "x": 90, "y": 424, "width": 142, "height": 18}, "region_attributes": {"label": "Internal Init. Date", "key_type": "key", "formal_key": "question"}}, {"shape_attributes": {"name": "rect", "x": 88, "y": 454, "width": 114, "height": 17}, "region_attributes": {"label": "Ext. Auth. Date", "key_type": "key", "formal_key": "question"}}, {"shape_attributes": {"name": "rect", "x": 87, "y": 482, "width": 112, "height": 20}, "region_attributes": {"label": "Field Complete", "key_type": "key", "formal_key": "question"}}, {"shape_attributes": {"name": "rect", "x": 88, "y": 512, "width": 125, "height": 34}, "region_attributes": {"label": "Final Report Due (Supplier Rpt.)", "key_type": "key", "formal_key": "question"}}, {"shape_attributes": {"name": "rect", "x": 323, "y": 394, "width": 196, "height": 19}, "region_attributes": {"label": "Summary of Research Budget", "key_type": "key", "formal_key": "header"}}, {"shape_attributes": {"name": "rect", "x": 543, "y": 424, "width": 93, "height": 17}, "region_attributes": {"label": "", "key_type": "value", "formal_key": "answer"}}, {"shape_attributes": {"name": "rect", "x": 540, "y": 451, "width": 102, "height": 21}, "region_attributes": {"label": "(886, 220. 53)", "key_type": "value", "formal_key": "answer"}}, {"shape_attributes": {"name": "rect", "x": 545, "y": 481, "width": 91, "height": 21}, "region_attributes": {"label": "+14, 165. 00", "key_type": "value", "formal_key": "answer"}}, {"shape_attributes": {"name": "rect", "x": 325, "y": 422, "width": 132, "height": 18}, "region_attributes": {"label": "Total Area Budget:", "key_type": "key", "formal_key": "question"}}, {"shape_attributes": {"name": "rect", "x": 323, "y": 454, "width": 197, "height": 17}, "region_attributes": {"label": "Current Balance Available:", "key_type": "key", "formal_key": "question"}}, {"shape_attributes": {"name": "rect", "x": 322, "y": 484, "width": 159, "height": 32}, "region_attributes": {"label": "This Change: (From Current Budget)", "key_type": "key", "formal_key": "question"}}, {"shape_attributes": {"name": "rect", "x": 323, "y": 527, "width": 82, "height": 17}, "region_attributes": {"label": "This Amount", "key_type": "key", "formal_key": "question"}}, {"shape_attributes": {"name": "rect", "x": 326, "y": 545, "width": 188, "height": 16}, "region_attributes": {"label": "(From Next Year' s Budget)", "key_type": "key", "formal_key": "question"}}, {"shape_attributes": {"name": "rect", "x": 421, "y": 528, "width": 94, "height": 15}, "region_attributes": {"label": "-14, 165. 00", "key_type": "value", "formal_key": "answer"}}, {"shape_attributes": {"name": "rect", "x": 174, "y": 575, "width": 153, "height": 16}, "region_attributes": {"label": "Start plete FR", "key_type": "key", "formal_key": "question"}}, {"shape_attributes": {"name": "rect", "x": 540, "y": 584, "width": 102, "height": 21}, "region_attributes": {"label": "(872, 055. 53)", "key_type": "value", "formal_key": "answer"}}, {"shape_attributes": {"name": "rect", "x": 525, "y": 644, "width": 113, "height": 19}, "region_attributes": {"label": "1, 652, 955. 53", "key_type": "value", "formal_key": "answer"}}, {"shape_attributes": {"name": "rect", "x": 549, "y": 692, "width": 63, "height": 16}, "region_attributes": {"label": "12 -4 -87", "key_type": "value", "formal_key": "answer"}}, {"shape_attributes": {"name": "rect", "x": 525, "y": 799, "width": 125, "height": 31}, "region_attributes": {"label": "12 /2 /87", "key_type": "value", "formal_key": "answer"}}, {"shape_attributes": {"name": "rect", "x": 504, "y": 867, "width": 168, "height": 21}, "region_attributes": {"label": "1987 -113 /114 /115 -CA", "key_type": "value", "formal_key": "answer"}}, {"shape_attributes": {"name": "rect", "x": 412, "y": 871, "width": 86, "height": 15}, "region_attributes": {"label": "Project No.", "key_type": "key", "formal_key": "question"}}, {"shape_attributes": {"name": "rect", "x": 407, "y": 900, "width": 96, "height": 15}, "region_attributes": {"label": "Account Name", "key_type": "key", "formal_key": "question"}}, {"shape_attributes": {"name": "rect", "x": 90, "y": 856, "width": 75, "height": 12}, "region_attributes": {"label": "Original -", "key_type": "key", "formal_key": "question"}}, {"shape_attributes": {"name": "rect", "x": 169, "y": 856, "width": 93, "height": 17}, "region_attributes": {"label": "Project File", "key_type": "value", "formal_key": "answer"}}, {"shape_attributes": {"name": "rect", "x": 168, "y": 870, "width": 119, "height": 17}, "region_attributes": {"label": "S. Willinger (3)", "key_type": "value", "formal_key": "answer"}}, {"shape_attributes": {"name": "rect", "x": 166, "y": 888, "width": 99, "height": 14}, "region_attributes": {"label": "G. D. Raphael", "key_type": "value", "formal_key": "answer"}}, {"shape_attributes": {"name": "rect", "x": 160, "y": 900, "width": 175, "height": 17}, "region_attributes": {"label": "V. Hansberry (If Int.)", "key_type": "value", "formal_key": "answer"}}, {"shape_attributes": {"name": "rect", "x": 85, "y": 811, "width": 100, "height": 15}, "region_attributes": {"label": "Budget Check", "key_type": "key", "formal_key": "question"}}, {"shape_attributes": {"name": "rect", "x": 85, "y": 781, "width": 96, "height": 16}, "region_attributes": {"label": "Approved By:", "key_type": "key", "formal_key": "question"}}, {"shape_attributes": {"name": "rect", "x": 88, "y": 749, "width": 88, "height": 19}, "region_attributes": {"label": "Approved By:", "key_type": "key", "formal_key": "question"}}, {"shape_attributes": {"name": "rect", "x": 88, "y": 722, "width": 90, "height": 15}, "region_attributes": {"label": "Approved By:", "key_type": "key", "formal_key": "question"}}, {"shape_attributes": {"name": "rect", "x": 87, "y": 692, "width": 97, "height": 15}, "region_attributes": {"label": "Submitted By:", "key_type": "key", "formal_key": "question"}}, {"shape_attributes": {"name": "rect", "x": 210, "y": 692, "width": 126, "height": 15}, "region_attributes": {"label": "S. L. Willinger", "key_type": "value", "formal_key": "answer"}}, {"shape_attributes": {"name": "rect", "x": 323, "y": 645, "width": 135, "height": 18}, "region_attributes": {"label": "Committed To Date:", "key_type": "key", "formal_key": "question"}}, {"shape_attributes": {"name": "rect", "x": 325, "y": 588, "width": 88, "height": 15}, "region_attributes": {"label": "New Balance:", "key_type": "key", "formal_key": "question"}}, {"shape_attributes": {"name": "rect", "x": 30, "y": 585, "width": 296, "height": 51}, "region_attributes": {"label": "87 -113 (70, 825) 9 /23 10 /11 11 /16 87 -114 (70. 825) 10 /13 10 /29 12 /7 87 -115 (70, 825 11 /16 12 /7 1 /11", "key_type": "value", "formal_key": "answer"}}, {"shape_attributes": {"name": "rect", "x": 186, "y": 795, "width": 160, "height": 52}, "region_attributes": {"label": "", "key_type": "value", "formal_key": "answer"}}, {"shape_attributes": {"name": "rect", "x": 210, "y": 828, "width": 34, "height": 10}, "region_attributes": {"label": "", "key_type": "key", "formal_key": "question"}}]}}}