﻿{"file_name": "0012529295.json", "attributes": {"_via_img_metadata": {"regions": [{"shape_attributes": {"name": "rect", "x": 54, "y": 132, "width": 38, "height": 18}, "region_attributes": {"label": "Date:", "key_type": "key", "formal_key": "question"}}, {"shape_attributes": {"name": "rect", "x": 104, "y": 265, "width": 64, "height": 14}, "region_attributes": {"label": "Supplier", "key_type": "key", "formal_key": "question"}}, {"shape_attributes": {"name": "rect", "x": 52, "y": 364, "width": 79, "height": 17}, "region_attributes": {"label": "Projected:", "key_type": "key", "formal_key": "header"}}, {"shape_attributes": {"name": "rect", "x": 574, "y": 204, "width": 14, "height": 14}, "region_attributes": {"label": "x", "key_type": "value", "formal_key": "answer"}}, {"shape_attributes": {"name": "rect", "x": 410, "y": 296, "width": 21, "height": 13}, "region_attributes": {"label": "-0-", "key_type": "value", "formal_key": "answer"}}, {"shape_attributes": {"name": "rect", "x": 410, "y": 322, "width": 21, "height": 17}, "region_attributes": {"label": "-O-", "key_type": "value", "formal_key": "answer"}}, {"shape_attributes": {"name": "rect", "x": 413, "y": 706, "width": 34, "height": 14}, "region_attributes": {"label": "Date", "key_type": "key", "formal_key": "question"}}, {"shape_attributes": {"name": "rect", "x": 414, "y": 732, "width": 32, "height": 17}, "region_attributes": {"label": "Date", "key_type": "key", "formal_key": "question"}}, {"shape_attributes": {"name": "rect", "x": 412, "y": 761, "width": 35, "height": 18}, "region_attributes": {"label": "Date", "key_type": "key", "formal_key": "question"}}, {"shape_attributes": {"name": "rect", "x": 412, "y": 787, "width": 34, "height": 22}, "region_attributes": {"label": "Date", "key_type": "key", "formal_key": "question"}}, {"shape_attributes": {"name": "rect", "x": 410, "y": 818, "width": 34, "height": 18}, "region_attributes": {"label": "Date", "key_type": "key", "formal_key": "question"}}, {"shape_attributes": {"name": "rect", "x": 50, "y": 848, "width": 61, "height": 18}, "region_attributes": {"label": "Original", "key_type": "key", "formal_key": "question"}}, {"shape_attributes": {"name": "rect", "x": 42, "y": 867, "width": 33, "height": 9}, "region_attributes": {"label": "cc:", "key_type": "key", "formal_key": "question"}}, {"shape_attributes": {"name": "rect", "x": 496, "y": 133, "width": 21, "height": 18}, "region_attributes": {"label": "No.", "key_type": "key", "formal_key": "question"}}, {"shape_attributes": {"name": "rect", "x": 545, "y": 204, "width": 25, "height": 19}, "region_attributes": {"label": "Yes", "key_type": "key", "formal_key": "question"}}, {"shape_attributes": {"name": "rect", "x": 593, "y": 206, "width": 18, "height": 17}, "region_attributes": {"label": "No", "key_type": "key", "formal_key": "question"}}, {"shape_attributes": {"name": "rect", "x": 440, "y": 483, "width": 33, "height": 15}, "region_attributes": {"label": "-0-", "key_type": "value", "formal_key": "others"}}, {"shape_attributes": {"name": "rect", "x": 461, "y": 893, "width": 42, "height": 17}, "region_attributes": {"label": "CAPRI", "key_type": "value", "formal_key": "answer"}}, {"shape_attributes": {"name": "rect", "x": 45, "y": 921, "width": 71, "height": 17}, "region_attributes": {"label": "/lsbg1006", "key_type": "value", "formal_key": "others"}}, {"shape_attributes": {"name": "rect", "x": 560, "y": 919, "width": 129, "height": 24}, "region_attributes": {"label": "465915288", "key_type": "value", "formal_key": "others"}}, {"shape_attributes": {"name": "rect", "x": 114, "y": 850, "width": 11, "height": 12}, "region_attributes": {"label": "-", "key_type": "key", "formal_key": "question"}}, {"shape_attributes": {"name": "rect", "x": 263, "y": 86, "width": 214, "height": 19}, "region_attributes": {"label": "MARKET RESEARCH AUTHORIZATION", "key_type": "key", "formal_key": "header"}}, {"shape_attributes": {"name": "rect", "x": 261, "y": 103, "width": 222, "height": 18}, "region_attributes": {"label": "(Recommended Proposal Attached)", "key_type": "value", "formal_key": "others"}}, {"shape_attributes": {"name": "rect", "x": 505, "y": 17, "width": 205, "height": 105}, "region_attributes": {"label": "6DR IV per II Revised MRA request one on LS to be", "key_type": "value", "formal_key": "others"}}, {"shape_attributes": {"name": "rect", "x": 567, "y": 131, "width": 43, "height": 17}, "region_attributes": {"label": "C- 40", "key_type": "value", "formal_key": "answer"}}, {"shape_attributes": {"name": "rect", "x": 103, "y": 131, "width": 66, "height": 19}, "region_attributes": {"label": "10/ /9 87", "key_type": "value", "formal_key": "answer"}}, {"shape_attributes": {"name": "rect", "x": 53, "y": 159, "width": 213, "height": 20}, "region_attributes": {"label": "Description: CAPRI Expansion:", "key_type": "key", "formal_key": "question"}}, {"shape_attributes": {"name": "rect", "x": 277, "y": 160, "width": 180, "height": 19}, "region_attributes": {"label": "California- A&U Wave II", "key_type": "value", "formal_key": "answer"}}, {"shape_attributes": {"name": "rect", "x": 54, "y": 205, "width": 96, "height": 17}, "region_attributes": {"label": "Requested By:", "key_type": "key", "formal_key": "question"}}, {"shape_attributes": {"name": "rect", "x": 162, "y": 203, "width": 123, "height": 18}, "region_attributes": {"label": "S. H. Trebilcock", "key_type": "value", "formal_key": "answer"}}, {"shape_attributes": {"name": "rect", "x": 344, "y": 206, "width": 190, "height": 17}, "region_attributes": {"label": "Research Request Attached:", "key_type": "key", "formal_key": "header"}}, {"shape_attributes": {"name": "rect", "x": 54, "y": 233, "width": 226, "height": 19}, "region_attributes": {"label": "Competitive Proposals Obtained:", "key_type": "key", "formal_key": "header"}}, {"shape_attributes": {"name": "rect", "x": 284, "y": 263, "width": 62, "height": 16}, "region_attributes": {"label": "Cost ($)", "key_type": "key", "formal_key": "question"}}, {"shape_attributes": {"name": "rect", "x": 394, "y": 250, "width": 48, "height": 31}, "region_attributes": {"label": "Est. Travel", "key_type": "key", "formal_key": "question"}}, {"shape_attributes": {"name": "rect", "x": 488, "y": 265, "width": 77, "height": 14}, "region_attributes": {"label": "Total Cost", "key_type": "key", "formal_key": "question"}}, {"shape_attributes": {"name": "rect", "x": 605, "y": 251, "width": 72, "height": 30}, "region_attributes": {"label": "Cost Per Interview", "key_type": "key", "formal_key": "question"}}, {"shape_attributes": {"name": "rect", "x": 605, "y": 294, "width": 51, "height": 18}, "region_attributes": {"label": "$47 .22", "key_type": "value", "formal_key": "answer"}}, {"shape_attributes": {"name": "rect", "x": 605, "y": 318, "width": 53, "height": 22}, "region_attributes": {"label": "$74 .67", "key_type": "value", "formal_key": "answer"}}, {"shape_attributes": {"name": "rect", "x": 459, "y": 322, "width": 120, "height": 19}, "region_attributes": {"label": "$112 000 +/ - 10%", "key_type": "value", "formal_key": "answer"}}, {"shape_attributes": {"name": "rect", "x": 465, "y": 291, "width": 105, "height": 19}, "region_attributes": {"label": "$70 ,825 + - 10%", "key_type": "value", "formal_key": "answer"}}, {"shape_attributes": {"name": "rect", "x": 252, "y": 291, "width": 123, "height": 22}, "region_attributes": {"label": "$70 70,825 +/ - 10%", "key_type": "value", "formal_key": "answer"}}, {"shape_attributes": {"name": "rect", "x": 256, "y": 321, "width": 121, "height": 20}, "region_attributes": {"label": "$112, 000 +/ - 10%", "key_type": "value", "formal_key": "answer"}}, {"shape_attributes": {"name": "rect", "x": 59, "y": 292, "width": 169, "height": 21}, "region_attributes": {"label": "Kapuler Market Research", "key_type": "value", "formal_key": "answer"}}, {"shape_attributes": {"name": "rect", "x": 60, "y": 322, "width": 134, "height": 19}, "region_attributes": {"label": "Market Facts, Inc.", "key_type": "value", "formal_key": "answer"}}, {"shape_attributes": {"name": "rect", "x": 48, "y": 381, "width": 118, "height": 17}, "region_attributes": {"label": "Initiation Date", "key_type": "key", "formal_key": "question"}}, {"shape_attributes": {"name": "rect", "x": 52, "y": 409, "width": 85, "height": 15}, "region_attributes": {"label": "Field Start", "key_type": "key", "formal_key": "question"}}, {"shape_attributes": {"name": "rect", "x": 52, "y": 436, "width": 105, "height": 19}, "region_attributes": {"label": "Field Complete", "key_type": "key", "formal_key": "question"}}, {"shape_attributes": {"name": "rect", "x": 52, "y": 466, "width": 119, "height": 19}, "region_attributes": {"label": "Final Report Due", "key_type": "key", "formal_key": "question"}}, {"shape_attributes": {"name": "rect", "x": 171, "y": 380, "width": 51, "height": 20}, "region_attributes": {"label": "8/ 3/ 87", "key_type": "value", "formal_key": "answer"}}, {"shape_attributes": {"name": "rect", "x": 177, "y": 407, "width": 67, "height": 21}, "region_attributes": {"label": "9/ 23/ 87*", "key_type": "value", "formal_key": "answer"}}, {"shape_attributes": {"name": "rect", "x": 169, "y": 438, "width": 61, "height": 19}, "region_attributes": {"label": "10/ 11/ 87", "key_type": "value", "formal_key": "answer"}}, {"shape_attributes": {"name": "rect", "x": 180, "y": 466, "width": 63, "height": 21}, "region_attributes": {"label": "11/ 16/ 87", "key_type": "value", "formal_key": "answer"}}, {"shape_attributes": {"name": "rect", "x": 301, "y": 364, "width": 192, "height": 19}, "region_attributes": {"label": "Summary of Research Budget", "key_type": "key", "formal_key": "header"}}, {"shape_attributes": {"name": "rect", "x": 296, "y": 382, "width": 138, "height": 19}, "region_attributes": {"label": "Total Area Budget:", "key_type": "key", "formal_key": "question"}}, {"shape_attributes": {"name": "rect", "x": 300, "y": 409, "width": 168, "height": 20}, "region_attributes": {"label": "Current Bal. Available:", "key_type": "key", "formal_key": "question"}}, {"shape_attributes": {"name": "rect", "x": 297, "y": 440, "width": 157, "height": 30}, "region_attributes": {"label": "This Change (From Current Budget)", "key_type": "key", "formal_key": "question"}}, {"shape_attributes": {"name": "rect", "x": 534, "y": 379, "width": 91, "height": 21}, "region_attributes": {"label": "780, 900. 00", "key_type": "value", "formal_key": "answer"}}, {"shape_attributes": {"name": "rect", "x": 525, "y": 408, "width": 103, "height": 22}, "region_attributes": {"label": "(381, 583. 08)", "key_type": "value", "formal_key": "answer"}}, {"shape_attributes": {"name": "rect", "x": 535, "y": 440, "width": 89, "height": 19}, "region_attributes": {"label": "-70, 825. 00", "key_type": "value", "formal_key": "answer"}}, {"shape_attributes": {"name": "rect", "x": 297, "y": 525, "width": 92, "height": 19}, "region_attributes": {"label": "New Balance", "key_type": "key", "formal_key": "question"}}, {"shape_attributes": {"name": "rect", "x": 525, "y": 525, "width": 105, "height": 21}, "region_attributes": {"label": "(452 ,408, 08)", "key_type": "value", "formal_key": "answer"}}, {"shape_attributes": {"name": "rect", "x": 513, "y": 570, "width": 113, "height": 22}, "region_attributes": {"label": "1, 233, 308. 08", "key_type": "value", "formal_key": "answer"}}, {"shape_attributes": {"name": "rect", "x": 295, "y": 571, "width": 135, "height": 35}, "region_attributes": {"label": "Committed to Date: (Current Year)", "key_type": "key", "formal_key": "question"}}, {"shape_attributes": {"name": "rect", "x": 50, "y": 613, "width": 89, "height": 18}, "region_attributes": {"label": "Sample Size", "key_type": "key", "formal_key": "question"}}, {"shape_attributes": {"name": "rect", "x": 152, "y": 614, "width": 42, "height": 18}, "region_attributes": {"label": "1. 500", "key_type": "value", "formal_key": "answer"}}, {"shape_attributes": {"name": "rect", "x": 47, "y": 629, "width": 159, "height": 18}, "region_attributes": {"label": "Recommemded Supplier:", "key_type": "key", "formal_key": "question"}}, {"shape_attributes": {"name": "rect", "x": 224, "y": 630, "width": 195, "height": 21}, "region_attributes": {"label": "Kapuler Marketing Research", "key_type": "value", "formal_key": "answer"}}, {"shape_attributes": {"name": "rect", "x": 52, "y": 645, "width": 211, "height": 18}, "region_attributes": {"label": "Reason(s) for Recommendation", "key_type": "key", "formal_key": "question"}}, {"shape_attributes": {"name": "rect", "x": 274, "y": 643, "width": 82, "height": 16}, "region_attributes": {"label": "Low bidder.", "key_type": "value", "formal_key": "answer"}}, {"shape_attributes": {"name": "rect", "x": 52, "y": 702, "width": 93, "height": 18}, "region_attributes": {"label": "Submitted By:", "key_type": "key", "formal_key": "question"}}, {"shape_attributes": {"name": "rect", "x": 34, "y": 496, "width": 264, "height": 123}, "region_attributes": {"label": "*Actual start date on the part of supplier Technically was due to start 9/ 7 (the) 10 week post intro period) See Project File Note) LJS 10/ 13/ 87", "key_type": "value", "formal_key": "others"}}, {"shape_attributes": {"name": "rect", "x": 51, "y": 730, "width": 92, "height": 17}, "region_attributes": {"label": "Approved By:", "key_type": "key", "formal_key": "question"}}, {"shape_attributes": {"name": "rect", "x": 52, "y": 763, "width": 87, "height": 14}, "region_attributes": {"label": "Approved By:", "key_type": "key", "formal_key": "question"}}, {"shape_attributes": {"name": "rect", "x": 47, "y": 791, "width": 94, "height": 16}, "region_attributes": {"label": "Approved By:", "key_type": "key", "formal_key": "question"}}, {"shape_attributes": {"name": "rect", "x": 47, "y": 817, "width": 98, "height": 18}, "region_attributes": {"label": "Budget Check:", "key_type": "key", "formal_key": "question"}}, {"shape_attributes": {"name": "rect", "x": 150, "y": 697, "width": 166, "height": 40}, "region_attributes": {"label": "L J L. J. Spurtier", "key_type": "value", "formal_key": "answer"}}, {"shape_attributes": {"name": "rect", "x": 147, "y": 719, "width": 236, "height": 48}, "region_attributes": {"label": "L. E. Gravely ", "key_type": "value", "formal_key": "answer"}}, {"shape_attributes": {"name": "rect", "x": 147, "y": 836, "width": 84, "height": 15}, "region_attributes": {"label": "K. F. Lyle", "key_type": "value", "formal_key": "answer"}}, {"shape_attributes": {"name": "rect", "x": 131, "y": 849, "width": 91, "height": 17}, "region_attributes": {"label": "Project File", "key_type": "value", "formal_key": "answer"}}, {"shape_attributes": {"name": "rect", "x": 125, "y": 864, "width": 123, "height": 15}, "region_attributes": {"label": "S. Willinger (3)", "key_type": "value", "formal_key": "answer"}}, {"shape_attributes": {"name": "rect", "x": 130, "y": 880, "width": 105, "height": 14}, "region_attributes": {"label": "G. D. Raphael", "key_type": "value", "formal_key": "answer"}}, {"shape_attributes": {"name": "rect", "x": 130, "y": 892, "width": 161, "height": 20}, "region_attributes": {"label": "V. Hansberry (If Int.)", "key_type": "value", "formal_key": "answer"}}, {"shape_attributes": {"name": "rect", "x": 367, "y": 864, "width": 84, "height": 19}, "region_attributes": {"label": "Project No.", "key_type": "key", "formal_key": "question"}}, {"shape_attributes": {"name": "rect", "x": 355, "y": 894, "width": 94, "height": 15}, "region_attributes": {"label": "Account Name", "key_type": "key", "formal_key": "question"}}, {"shape_attributes": {"name": "rect", "x": 462, "y": 861, "width": 74, "height": 19}, "region_attributes": {"label": "1987- 113CA", "key_type": "value", "formal_key": "answer"}}, {"shape_attributes": {"name": "rect", "x": 461, "y": 699, "width": 83, "height": 29}, "region_attributes": {"label": "10/ 9/ 87", "key_type": "value", "formal_key": "answer"}}, {"shape_attributes": {"name": "rect", "x": 456, "y": 725, "width": 86, "height": 25}, "region_attributes": {"label": "10/ 13/ 87", "key_type": "value", "formal_key": "answer"}}, {"shape_attributes": {"name": "rect", "x": 298, "y": 483, "width": 184, "height": 33}, "region_attributes": {"label": "This Amount (From Next Year's Budget)", "key_type": "key", "formal_key": "question"}}]}}}