﻿{"file_name": "0012178355.json", "attributes": {"_via_img_metadata": {"regions": [{"shape_attributes": {"name": "rect", "x": 43, "y": 89, "width": 34, "height": 14}, "region_attributes": {"label": "BRAND", "key_type": "key", "formal_key": "question"}}, {"shape_attributes": {"name": "rect", "x": 117, "y": 105, "width": 59, "height": 11}, "region_attributes": {"label": "Domestic", "key_type": "key", "formal_key": "question"}}, {"shape_attributes": {"name": "rect", "x": 200, "y": 105, "width": 11, "height": 10}, "region_attributes": {"label": "X", "key_type": "value", "formal_key": "answer"}}, {"shape_attributes": {"name": "rect", "x": 235, "y": 103, "width": 39, "height": 14}, "region_attributes": {"label": "Export", "key_type": "key", "formal_key": "question"}}, {"shape_attributes": {"name": "rect", "x": 45, "y": 244, "width": 82, "height": 13}, "region_attributes": {"label": "Description:", "key_type": "key", "formal_key": "question"}}, {"shape_attributes": {"name": "rect", "x": 388, "y": 506, "width": 29, "height": 15}, "region_attributes": {"label": "Date", "key_type": "key", "formal_key": "question"}}, {"shape_attributes": {"name": "rect", "x": 172, "y": 535, "width": 81, "height": 14}, "region_attributes": {"label": "ENDORSEMENTS", "key_type": "key", "formal_key": "question"}}, {"shape_attributes": {"name": "rect", "x": 360, "y": 535, "width": 31, "height": 13}, "region_attributes": {"label": "Date", "key_type": "key", "formal_key": "question"}}, {"shape_attributes": {"name": "rect", "x": 75, "y": 561, "width": 21, "height": 15}, "region_attributes": {"label": "CQA", "key_type": "key", "formal_key": "question"}}, {"shape_attributes": {"name": "rect", "x": 77, "y": 644, "width": 22, "height": 15}, "region_attributes": {"label": "ELT", "key_type": "key", "formal_key": "question"}}, {"shape_attributes": {"name": "rect", "x": 78, "y": 670, "width": 61, "height": 15}, "region_attributes": {"label": "Marketing", "key_type": "key", "formal_key": "question"}}, {"shape_attributes": {"name": "rect", "x": 173, "y": 698, "width": 54, "height": 15}, "region_attributes": {"label": "APPROVAL", "key_type": "key", "formal_key": "question"}}, {"shape_attributes": {"name": "rect", "x": 362, "y": 701, "width": 31, "height": 14}, "region_attributes": {"label": "Date", "key_type": "key", "formal_key": "question"}}, {"shape_attributes": {"name": "rect", "x": 77, "y": 729, "width": 25, "height": 15}, "region_attributes": {"label": "CQA", "key_type": "key", "formal_key": "question"}}, {"shape_attributes": {"name": "rect", "x": 80, "y": 757, "width": 61, "height": 14}, "region_attributes": {"label": "President", "key_type": "key", "formal_key": "question"}}, {"shape_attributes": {"name": "rect", "x": 74, "y": 411, "width": 64, "height": 13}, "region_attributes": {"label": "Rationale", "key_type": "key", "formal_key": "question"}}, {"shape_attributes": {"name": "rect", "x": 344, "y": 103, "width": 54, "height": 15}, "region_attributes": {"label": "Military", "key_type": "key", "formal_key": "question"}}, {"shape_attributes": {"name": "rect", "x": 479, "y": 103, "width": 60, "height": 14}, "region_attributes": {"label": "Contract", "key_type": "key", "formal_key": "question"}}, {"shape_attributes": {"name": "rect", "x": 310, "y": 187, "width": 11, "height": 15}, "region_attributes": {"label": "X", "key_type": "value", "formal_key": "answer"}}, {"shape_attributes": {"name": "rect", "x": 365, "y": 216, "width": 73, "height": 11}, "region_attributes": {"label": "Processing", "key_type": "key", "formal_key": "question"}}, {"shape_attributes": {"name": "rect", "x": 309, "y": 423, "width": 14, "height": 14}, "region_attributes": {"label": "X", "key_type": "value", "formal_key": "answer"}}, {"shape_attributes": {"name": "rect", "x": 311, "y": 453, "width": 11, "height": 13}, "region_attributes": {"label": "X", "key_type": "value", "formal_key": "answer"}}, {"shape_attributes": {"name": "rect", "x": 49, "y": 797, "width": 35, "height": 15}, "region_attributes": {"label": "10111", "key_type": "value", "formal_key": "others"}}, {"shape_attributes": {"name": "rect", "x": 560, "y": 845, "width": 115, "height": 22}, "region_attributes": {"label": "621626776", "key_type": "value", "formal_key": "others"}}, {"shape_attributes": {"name": "rect", "x": 42, "y": 49, "width": 90, "height": 11}, "region_attributes": {"label": "Attachment II", "key_type": "key", "formal_key": "header"}}, {"shape_attributes": {"name": "rect", "x": 232, "y": 61, "width": 197, "height": 14}, "region_attributes": {"label": "SPECIFICATION CHANGE PROPOSAL", "key_type": "key", "formal_key": "header"}}, {"shape_attributes": {"name": "rect", "x": 124, "y": 89, "width": 90, "height": 15}, "region_attributes": {"label": "ELI CUTTER KS", "key_type": "value", "formal_key": "answer"}}, {"shape_attributes": {"name": "rect", "x": 365, "y": 88, "width": 237, "height": 15}, "region_attributes": {"label": "SPECIFICATION CHANGE NUMBER 84- 79", "key_type": "key", "formal_key": "question"}}, {"shape_attributes": {"name": "rect", "x": 71, "y": 131, "width": 346, "height": 16}, "region_attributes": {"label": "TYPE OF SPECIFICATION CHANGE (Check all that apply)", "key_type": "key", "formal_key": "header"}}, {"shape_attributes": {"name": "rect", "x": 71, "y": 148, "width": 139, "height": 13}, "region_attributes": {"label": "Packaging, Temporary", "key_type": "key", "formal_key": "question"}}, {"shape_attributes": {"name": "rect", "x": 70, "y": 159, "width": 160, "height": 15}, "region_attributes": {"label": "Cigarette Design, Trial", "key_type": "key", "formal_key": "question"}}, {"shape_attributes": {"name": "rect", "x": 70, "y": 172, "width": 147, "height": 18}, "region_attributes": {"label": "Tar Adjustment < 1 mg", "key_type": "key", "formal_key": "question"}}, {"shape_attributes": {"name": "rect", "x": 71, "y": 189, "width": 77, "height": 14}, "region_attributes": {"label": "New Product", "key_type": "key", "formal_key": "question"}}, {"shape_attributes": {"name": "rect", "x": 70, "y": 203, "width": 136, "height": 14}, "region_attributes": {"label": "Equivalent Additive", "key_type": "key", "formal_key": "question"}}, {"shape_attributes": {"name": "rect", "x": 71, "y": 215, "width": 213, "height": 17}, "region_attributes": {"label": "Equivalent Filter/ Paper/ /Tipping", "key_type": "key", "formal_key": "question"}}, {"shape_attributes": {"name": "rect", "x": 366, "y": 145, "width": 135, "height": 16}, "region_attributes": {"label": "Packaging, Permanent", "key_type": "key", "formal_key": "question"}}, {"shape_attributes": {"name": "rect", "x": 363, "y": 159, "width": 192, "height": 15}, "region_attributes": {"label": "Cigarette Design, Permanent", "key_type": "key", "formal_key": "question"}}, {"shape_attributes": {"name": "rect", "x": 366, "y": 173, "width": 150, "height": 15}, "region_attributes": {"label": "Tar Adjustment > 1 mg", "key_type": "key", "formal_key": "question"}}, {"shape_attributes": {"name": "rect", "x": 365, "y": 189, "width": 131, "height": 14}, "region_attributes": {"label": "Discontinue Product", "key_type": "key", "formal_key": "question"}}, {"shape_attributes": {"name": "rect", "x": 365, "y": 201, "width": 201, "height": 15}, "region_attributes": {"label": "Equivalent Packaging Material", "key_type": "key", "formal_key": "question"}}, {"shape_attributes": {"name": "rect", "x": 141, "y": 243, "width": 450, "height": 15}, "region_attributes": {"label": "ELI CUTTER KS, for test market, using AMELIA \"B\" Blend (XLF -680G)", "key_type": "value", "formal_key": "answer"}}, {"shape_attributes": {"name": "rect", "x": 46, "y": 271, "width": 104, "height": 15}, "region_attributes": {"label": "*Cost Summary-", "key_type": "key", "formal_key": "header"}}, {"shape_attributes": {"name": "rect", "x": 74, "y": 297, "width": 197, "height": 16}, "region_attributes": {"label": "REQUESTED IMPLEMENTATION DATE", "key_type": "key", "formal_key": "question"}}, {"shape_attributes": {"name": "rect", "x": 304, "y": 300, "width": 51, "height": 13}, "region_attributes": {"label": "9 /17 /84", "key_type": "value", "formal_key": "answer"}}, {"shape_attributes": {"name": "rect", "x": 74, "y": 327, "width": 82, "height": 13}, "region_attributes": {"label": "COST SUMMARY", "key_type": "key", "formal_key": "header"}}, {"shape_attributes": {"name": "rect", "x": 101, "y": 342, "width": 151, "height": 13}, "region_attributes": {"label": "Obsolete Material Cost", "key_type": "key", "formal_key": "question"}}, {"shape_attributes": {"name": "rect", "x": 101, "y": 355, "width": 211, "height": 15}, "region_attributes": {"label": "Special Equipment/ Material Cost", "key_type": "key", "formal_key": "question"}}, {"shape_attributes": {"name": "rect", "x": 102, "y": 370, "width": 208, "height": 14}, "region_attributes": {"label": "Est. Annual Product Cost Change", "key_type": "key", "formal_key": "question"}}, {"shape_attributes": {"name": "rect", "x": 73, "y": 395, "width": 212, "height": 15}, "region_attributes": {"label": "ATTACHMENTS (Check if Included)", "key_type": "key", "formal_key": "header"}}, {"shape_attributes": {"name": "rect", "x": 77, "y": 423, "width": 175, "height": 15}, "region_attributes": {"label": "Product Specification List", "key_type": "key", "formal_key": "question"}}, {"shape_attributes": {"name": "rect", "x": 75, "y": 439, "width": 130, "height": 14}, "region_attributes": {"label": "Packaging Art Stat.", "key_type": "key", "formal_key": "question"}}, {"shape_attributes": {"name": "rect", "x": 74, "y": 451, "width": 120, "height": 15}, "region_attributes": {"label": "Processing Detail", "key_type": "key", "formal_key": "question"}}, {"shape_attributes": {"name": "rect", "x": 74, "y": 466, "width": 205, "height": 13}, "region_attributes": {"label": "Initial Production Requirement", "key_type": "key", "formal_key": "question"}}, {"shape_attributes": {"name": "rect", "x": 367, "y": 411, "width": 90, "height": 14}, "region_attributes": {"label": "Cost Analysis", "key_type": "key", "formal_key": "question"}}, {"shape_attributes": {"name": "rect", "x": 367, "y": 423, "width": 131, "height": 16}, "region_attributes": {"label": "Spec. Change Detail", "key_type": "key", "formal_key": "question"}}, {"shape_attributes": {"name": "rect", "x": 365, "y": 437, "width": 177, "height": 16}, "region_attributes": {"label": "Casing Flavoring Formulae", "key_type": "key", "formal_key": "question"}}, {"shape_attributes": {"name": "rect", "x": 365, "y": 451, "width": 102, "height": 14}, "region_attributes": {"label": "Blend Formulae", "key_type": "key", "formal_key": "question"}}, {"shape_attributes": {"name": "rect", "x": 75, "y": 507, "width": 84, "height": 15}, "region_attributes": {"label": "Prepared By:", "key_type": "key", "formal_key": "question"}}, {"shape_attributes": {"name": "rect", "x": 226, "y": 506, "width": 76, "height": 15}, "region_attributes": {"label": "D. M. Frank", "key_type": "value", "formal_key": "answer"}}, {"shape_attributes": {"name": "rect", "x": 462, "y": 506, "width": 59, "height": 15}, "region_attributes": {"label": "10/ 10/ 84", "key_type": "value", "formal_key": "answer"}}, {"shape_attributes": {"name": "rect", "x": 77, "y": 589, "width": 96, "height": 16}, "region_attributes": {"label": "RD&E - Product", "key_type": "key", "formal_key": "question"}}, {"shape_attributes": {"name": "rect", "x": 77, "y": 617, "width": 95, "height": 15}, "region_attributes": {"label": "RD&E - Process", "key_type": "key", "formal_key": "question"}}]}}}