﻿{"file_name": "0012602424.json", "attributes": {"_via_img_metadata": {"regions": [{"shape_attributes": {"name": "rect", "x": 85, "y": 57, "width": 43, "height": 22}, "region_attributes": {"label": "DATE:", "key_type": "key", "formal_key": "question"}}, {"shape_attributes": {"name": "rect", "x": 81, "y": 127, "width": 80, "height": 24}, "region_attributes": {"label": "SUPPLIER:", "key_type": "key", "formal_key": "question"}}, {"shape_attributes": {"name": "rect", "x": 82, "y": 172, "width": 71, "height": 21}, "region_attributes": {"label": "PREVIOUS", "key_type": "key", "formal_key": "question"}}, {"shape_attributes": {"name": "rect", "x": 161, "y": 175, "width": 11, "height": 17}, "region_attributes": {"label": "$", "key_type": "key", "formal_key": "question"}}, {"shape_attributes": {"name": "rect", "x": 177, "y": 170, "width": 99, "height": 25}, "region_attributes": {"label": "COMMITMENTS", "key_type": "key", "formal_key": "question"}}, {"shape_attributes": {"name": "rect", "x": 284, "y": 173, "width": 36, "height": 22}, "region_attributes": {"label": "THIS", "key_type": "key", "formal_key": "question"}}, {"shape_attributes": {"name": "rect", "x": 328, "y": 173, "width": 68, "height": 25}, "region_attributes": {"label": "PROJECI:", "key_type": "key", "formal_key": "question"}}, {"shape_attributes": {"name": "rect", "x": 476, "y": 177, "width": 13, "height": 20}, "region_attributes": {"label": "$", "key_type": "key", "formal_key": "question"}}, {"shape_attributes": {"name": "rect", "x": 476, "y": 205, "width": 11, "height": 21}, "region_attributes": {"label": "$", "key_type": "key", "formal_key": "question"}}, {"shape_attributes": {"name": "rect", "x": 476, "y": 258, "width": 10, "height": 20}, "region_attributes": {"label": "$", "key_type": "key", "formal_key": "question"}}, {"shape_attributes": {"name": "rect", "x": 78, "y": 296, "width": 73, "height": 25}, "region_attributes": {"label": "REASONS:", "key_type": "key", "formal_key": "question"}}, {"shape_attributes": {"name": "rect", "x": 359, "y": 624, "width": 85, "height": 17}, "region_attributes": {"label": "COMMITTED", "key_type": "key", "formal_key": "question"}}, {"shape_attributes": {"name": "rect", "x": 451, "y": 626, "width": 21, "height": 17}, "region_attributes": {"label": "TO", "key_type": "key", "formal_key": "question"}}, {"shape_attributes": {"name": "rect", "x": 475, "y": 624, "width": 50, "height": 20}, "region_attributes": {"label": "DATE", "key_type": "key", "formal_key": "question"}}, {"shape_attributes": {"name": "rect", "x": 440, "y": 642, "width": 52, "height": 15}, "region_attributes": {"label": "Year)", "key_type": "key", "formal_key": "question"}}, {"shape_attributes": {"name": "rect", "x": 360, "y": 640, "width": 75, "height": 21}, "region_attributes": {"label": "(Current", "key_type": "key", "formal_key": "question"}}, {"shape_attributes": {"name": "rect", "x": 588, "y": 697, "width": 41, "height": 21}, "region_attributes": {"label": "DATE", "key_type": "key", "formal_key": "question"}}, {"shape_attributes": {"name": "rect", "x": 589, "y": 735, "width": 38, "height": 17}, "region_attributes": {"label": "DATE", "key_type": "key", "formal_key": "question"}}, {"shape_attributes": {"name": "rect", "x": 587, "y": 772, "width": 42, "height": 18}, "region_attributes": {"label": "DATE", "key_type": "key", "formal_key": "question"}}, {"shape_attributes": {"name": "rect", "x": 588, "y": 809, "width": 39, "height": 18}, "region_attributes": {"label": "DATE", "key_type": "key", "formal_key": "question"}}, {"shape_attributes": {"name": "rect", "x": 587, "y": 845, "width": 41, "height": 18}, "region_attributes": {"label": "DATE", "key_type": "key", "formal_key": "question"}}, {"shape_attributes": {"name": "rect", "x": 285, "y": 694, "width": 45, "height": 15}, "region_attributes": {"label": "BEATTY", "key_type": "key", "formal_key": "question"}}, {"shape_attributes": {"name": "rect", "x": 261, "y": 694, "width": 15, "height": 15}, "region_attributes": {"label": "A.", "key_type": "key", "formal_key": "question"}}, {"shape_attributes": {"name": "rect", "x": 239, "y": 693, "width": 17, "height": 15}, "region_attributes": {"label": "D.", "key_type": "key", "formal_key": "question"}}, {"shape_attributes": {"name": "rect", "x": 239, "y": 729, "width": 15, "height": 17}, "region_attributes": {"label": "T.", "key_type": "key", "formal_key": "question"}}, {"shape_attributes": {"name": "rect", "x": 260, "y": 729, "width": 17, "height": 17}, "region_attributes": {"label": "E.", "key_type": "key", "formal_key": "question"}}, {"shape_attributes": {"name": "rect", "x": 284, "y": 767, "width": 56, "height": 14}, "region_attributes": {"label": "SPROUGE", "key_type": "key", "formal_key": "question"}}, {"shape_attributes": {"name": "rect", "x": 286, "y": 730, "width": 43, "height": 15}, "region_attributes": {"label": "ALBERT", "key_type": "key", "formal_key": "question"}}, {"shape_attributes": {"name": "rect", "x": 260, "y": 767, "width": 18, "height": 14}, "region_attributes": {"label": "A.", "key_type": "key", "formal_key": "question"}}, {"shape_attributes": {"name": "rect", "x": 240, "y": 768, "width": 15, "height": 11}, "region_attributes": {"label": "B.", "key_type": "key", "formal_key": "question"}}, {"shape_attributes": {"name": "rect", "x": 70, "y": 865, "width": 70, "height": 22}, "region_attributes": {"label": "ORIGINAL", "key_type": "key", "formal_key": "question"}}, {"shape_attributes": {"name": "rect", "x": 68, "y": 887, "width": 28, "height": 20}, "region_attributes": {"label": "CC:", "key_type": "key", "formal_key": "question"}}, {"shape_attributes": {"name": "rect", "x": 38, "y": 430, "width": 95, "height": 20}, "region_attributes": {"label": "PROJECTED:", "key_type": "key", "formal_key": "header"}}, {"shape_attributes": {"name": "rect", "x": 219, "y": 655, "width": 156, "height": 53}, "region_attributes": {"label": "", "key_type": "value", "formal_key": "answer"}}, {"shape_attributes": {"name": "rect", "x": 223, "y": 708, "width": 152, "height": 32}, "region_attributes": {"label": "", "key_type": "value", "formal_key": "answer"}}, {"shape_attributes": {"name": "rect", "x": 362, "y": 781, "width": 123, "height": 42}, "region_attributes": {"label": "", "key_type": "value", "formal_key": "answer"}}, {"shape_attributes": {"name": "rect", "x": 328, "y": 804, "width": 162, "height": 60}, "region_attributes": {"label": "", "key_type": "value", "formal_key": "answer"}}, {"shape_attributes": {"name": "rect", "x": 624, "y": 922, "width": 128, "height": 21}, "region_attributes": {"label": "681925147", "key_type": "value", "formal_key": "others"}}, {"shape_attributes": {"name": "rect", "x": 293, "y": 17, "width": 224, "height": 28}, "region_attributes": {"label": "CHANGE OF AUTHORIZED COST", "key_type": "key", "formal_key": "header"}}, {"shape_attributes": {"name": "rect", "x": 441, "y": 60, "width": 161, "height": 24}, "region_attributes": {"label": "AUTHORIZATION NO.:", "key_type": "key", "formal_key": "question"}}, {"shape_attributes": {"name": "rect", "x": 642, "y": 66, "width": 48, "height": 17}, "region_attributes": {"label": "NP -75", "key_type": "value", "formal_key": "answer"}}, {"shape_attributes": {"name": "rect", "x": 187, "y": 57, "width": 58, "height": 20}, "region_attributes": {"label": "11/ 28/ 84", "key_type": "value", "formal_key": "answer"}}, {"shape_attributes": {"name": "rect", "x": 82, "y": 98, "width": 117, "height": 24}, "region_attributes": {"label": "PROJECT NAME:", "key_type": "key", "formal_key": "question"}}, {"shape_attributes": {"name": "rect", "x": 215, "y": 103, "width": 386, "height": 23}, "region_attributes": {"label": "GEMINI AWARENESS ATTITUDE & USAGE MONITOR. - PORTLAND", "key_type": "value", "formal_key": "answer"}}, {"shape_attributes": {"name": "rect", "x": 203, "y": 133, "width": 177, "height": 17}, "region_attributes": {"label": "BURKE MARKETING RESEARCH", "key_type": "value", "formal_key": "answer"}}, {"shape_attributes": {"name": "rect", "x": 496, "y": 175, "width": 69, "height": 21}, "region_attributes": {"label": "220, 000", "key_type": "value", "formal_key": "others"}}, {"shape_attributes": {"name": "rect", "x": 504, "y": 205, "width": 214, "height": 27}, "region_attributes": {"label": "+1 ,000 (0 .5% CHANGE)", "key_type": "value", "formal_key": "answer"}}, {"shape_attributes": {"name": "rect", "x": 497, "y": 251, "width": 64, "height": 20}, "region_attributes": {"label": "221, 000", "key_type": "value", "formal_key": "answer"}}, {"shape_attributes": {"name": "rect", "x": 78, "y": 201, "width": 329, "height": 48}, "region_attributes": {"label": "AMOUNT OF CHANGE INCREASE ): (CIRCLE ONE)", "key_type": "key", "formal_key": "question"}}, {"shape_attributes": {"name": "rect", "x": 80, "y": 253, "width": 272, "height": 24}, "region_attributes": {"label": "ADJUSTED TOTAL COST OF PROJECT:", "key_type": "key", "formal_key": "question"}}, {"shape_attributes": {"name": "rect", "x": 135, "y": 330, "width": 559, "height": 59}, "region_attributes": {"label": "REVISED COST DUE TO A QUESTION ADDED TO THE SECOND WAVE AND CHANGES MADE IN WORDING OF OTHER QUESTIONS. THIS COVERS THE COST OF ADDITIONAL TELEPHONE INTERVIEW LENGTH, CODING OF THE OPEN- END, PROGRAMING CHANGES, TABULATION AND ANALYSIS.", "key_type": "value", "formal_key": "answer"}}, {"shape_attributes": {"name": "rect", "x": 42, "y": 450, "width": 96, "height": 14}, "region_attributes": {"label": "Field Start", "key_type": "key", "formal_key": "question"}}, {"shape_attributes": {"name": "rect", "x": 41, "y": 465, "width": 126, "height": 17}, "region_attributes": {"label": "Field Complete", "key_type": "key", "formal_key": "question"}}, {"shape_attributes": {"name": "rect", "x": 42, "y": 479, "width": 143, "height": 21}, "region_attributes": {"label": "Final Report Due", "key_type": "key", "formal_key": "question"}}, {"shape_attributes": {"name": "rect", "x": 223, "y": 448, "width": 85, "height": 17}, "region_attributes": {"label": "Aug. 1984", "key_type": "value", "formal_key": "answer"}}, {"shape_attributes": {"name": "rect", "x": 223, "y": 466, "width": 83, "height": 13}, "region_attributes": {"label": "Dec. 1984", "key_type": "value", "formal_key": "answer"}}, {"shape_attributes": {"name": "rect", "x": 225, "y": 480, "width": 84, "height": 15}, "region_attributes": {"label": "Jan. 1985", "key_type": "value", "formal_key": "answer"}}, {"shape_attributes": {"name": "rect", "x": 365, "y": 434, "width": 155, "height": 20}, "region_attributes": {"label": "TOTAL AREA BUDGET:", "key_type": "key", "formal_key": "question"}}, {"shape_attributes": {"name": "rect", "x": 363, "y": 461, "width": 197, "height": 17}, "region_attributes": {"label": "CURRENT BAL. AVAILABLE:", "key_type": "key", "formal_key": "question"}}, {"shape_attributes": {"name": "rect", "x": 363, "y": 486, "width": 183, "height": 34}, "region_attributes": {"label": "THIS CHANGE: (From Current Budget)", "key_type": "key", "formal_key": "question"}}, {"shape_attributes": {"name": "rect", "x": 360, "y": 525, "width": 106, "height": 17}, "region_attributes": {"label": "THIS AMOUNT", "key_type": "key", "formal_key": "question"}}, {"shape_attributes": {"name": "rect", "x": 366, "y": 542, "width": 219, "height": 18}, "region_attributes": {"label": "(From Next Year's Budget)", "key_type": "key", "formal_key": "question"}}, {"shape_attributes": {"name": "rect", "x": 359, "y": 564, "width": 112, "height": 18}, "region_attributes": {"label": "NEW BALANCE:", "key_type": "key", "formal_key": "question"}}, {"shape_attributes": {"name": "rect", "x": 644, "y": 564, "width": 82, "height": 18}, "region_attributes": {"label": "16, 395. 66", "key_type": "value", "formal_key": "answer"}}, {"shape_attributes": {"name": "rect", "x": 494, "y": 528, "width": 55, "height": 14}, "region_attributes": {"label": "200. 00", "key_type": "value", "formal_key": "answer"}}, {"shape_attributes": {"name": "rect", "x": 645, "y": 459, "width": 78, "height": 17}, "region_attributes": {"label": "17 195. 66", "key_type": "value", "formal_key": "answer"}}, {"shape_attributes": {"name": "rect", "x": 662, "y": 483, "width": 67, "height": 20}, "region_attributes": {"label": "-800. 00", "key_type": "value", "formal_key": "answer"}}, {"shape_attributes": {"name": "rect", "x": 531, "y": 423, "width": 195, "height": 29}, "region_attributes": {"label": "1984 (REV) 3, 488, 000. 00", "key_type": "value", "formal_key": "answer"}}, {"shape_attributes": {"name": "rect", "x": 616, "y": 624, "width": 112, "height": 18}, "region_attributes": {"label": "3, 493, 204. 34", "key_type": "value", "formal_key": "others"}}, {"shape_attributes": {"name": "rect", "x": 573, "y": 666, "width": 79, "height": 34}, "region_attributes": {"label": "11/ /29 /84", "key_type": "value", "formal_key": "answer"}}, {"shape_attributes": {"name": "rect", "x": 538, "y": 705, "width": 89, "height": 43}, "region_attributes": {"label": "12 /10 /84", "key_type": "value", "formal_key": "others"}}, {"shape_attributes": {"name": "rect", "x": 559, "y": 743, "width": 86, "height": 32}, "region_attributes": {"label": "12- 10- 84", "key_type": "value", "formal_key": "answer"}}, {"shape_attributes": {"name": "rect", "x": 567, "y": 786, "width": 92, "height": 30}, "region_attributes": {"label": "12/ 11/ 84", "key_type": "value", "formal_key": "answer"}}, {"shape_attributes": {"name": "rect", "x": 568, "y": 821, "width": 66, "height": 22}, "region_attributes": {"label": "12 -11", "key_type": "value", "formal_key": "answer"}}, {"shape_attributes": {"name": "rect", "x": 68, "y": 675, "width": 118, "height": 22}, "region_attributes": {"label": "SUBMITTED BY:", "key_type": "key", "formal_key": "question"}}, {"shape_attributes": {"name": "rect", "x": 68, "y": 711, "width": 108, "height": 23}, "region_attributes": {"label": "APPROVED BY:", "key_type": "key", "formal_key": "question"}}, {"shape_attributes": {"name": "rect", "x": 70, "y": 750, "width": 106, "height": 21}, "region_attributes": {"label": "APPROVED BY:", "key_type": "key", "formal_key": "question"}}, {"shape_attributes": {"name": "rect", "x": 68, "y": 785, "width": 106, "height": 21}, "region_attributes": {"label": "APPROVED BY:", "key_type": "key", "formal_key": "question"}}, {"shape_attributes": {"name": "rect", "x": 70, "y": 823, "width": 106, "height": 21}, "region_attributes": {"label": "APPROVED BY:", "key_type": "key", "formal_key": "question"}}, {"shape_attributes": {"name": "rect", "x": 147, "y": 863, "width": 127, "height": 27}, "region_attributes": {"label": "- PROJECT FILE", "key_type": "value", "formal_key": "answer"}}, {"shape_attributes": {"name": "rect", "x": 163, "y": 880, "width": 196, "height": 54}, "region_attributes": {"label": "S. WILLINGER (3) \u2611 RESEARCH GROUP MANAGER", "key_type": "value", "formal_key": "answer"}}, {"shape_attributes": {"name": "rect", "x": 236, "y": 839, "width": 102, "height": 17}, "region_attributes": {"label": "A. J. MELLMAN", "key_type": "key", "formal_key": "question"}}, {"shape_attributes": {"name": "rect", "x": 236, "y": 802, "width": 100, "height": 17}, "region_attributes": {"label": "L. R. GRAVELY", "key_type": "key", "formal_key": "question"}}, {"shape_attributes": {"name": "rect", "x": 230, "y": 732, "width": 164, "height": 52}, "region_attributes": {"label": "B a ", "key_type": "value", "formal_key": "answer"}}, {"shape_attributes": {"name": "rect", "x": 408, "y": 890, "width": 106, "height": 24}, "region_attributes": {"label": "PROJECT No.", "key_type": "key", "formal_key": "question"}}, {"shape_attributes": {"name": "rect", "x": 412, "y": 923, "width": 114, "height": 20}, "region_attributes": {"label": "ACCOUNT NAME", "key_type": "key", "formal_key": "question"}}, {"shape_attributes": {"name": "rect", "x": 531, "y": 894, "width": 78, "height": 16}, "region_attributes": {"label": "1984- 175NP", "key_type": "value", "formal_key": "answer"}}, {"shape_attributes": {"name": "rect", "x": 531, "y": 923, "width": 91, "height": 15}, "region_attributes": {"label": "New Products", "key_type": "value", "formal_key": "answer"}}]}}}