﻿{"file_name": "0013255595.json", "attributes": {"_via_img_metadata": {"regions": [{"shape_attributes": {"name": "rect", "x": 91, "y": 158, "width": 43, "height": 21}, "region_attributes": {"label": "DATE:", "key_type": "key", "formal_key": "question"}}, {"shape_attributes": {"name": "rect", "x": 89, "y": 187, "width": 71, "height": 20}, "region_attributes": {"label": "SUBJECT:", "key_type": "key", "formal_key": "question"}}, {"shape_attributes": {"name": "rect", "x": 89, "y": 240, "width": 59, "height": 20}, "region_attributes": {"label": "WRITER:", "key_type": "key", "formal_key": "question"}}, {"shape_attributes": {"name": "rect", "x": 87, "y": 286, "width": 91, "height": 20}, "region_attributes": {"label": "APPROVALS:", "key_type": "key", "formal_key": "question"}}, {"shape_attributes": {"name": "rect", "x": 87, "y": 508, "width": 56, "height": 20}, "region_attributes": {"label": "Other:", "key_type": "key", "formal_key": "question"}}, {"shape_attributes": {"name": "rect", "x": 439, "y": 426, "width": 31, "height": 21}, "region_attributes": {"label": "YES", "key_type": "key", "formal_key": "question"}}, {"shape_attributes": {"name": "rect", "x": 570, "y": 433, "width": 20, "height": 17}, "region_attributes": {"label": "NO", "key_type": "key", "formal_key": "question"}}, {"shape_attributes": {"name": "rect", "x": 602, "y": 323, "width": 42, "height": 18}, "region_attributes": {"label": "DATE", "key_type": "key", "formal_key": "question"}}, {"shape_attributes": {"name": "rect", "x": 218, "y": 91, "width": 307, "height": 49}, "region_attributes": {"label": "PUBLIC COMMUNICATIONS APPROVAL SHEET The Tobacco Institute", "key_type": "key", "formal_key": "header"}}, {"shape_attributes": {"name": "rect", "x": 539, "y": 53, "width": 102, "height": 22}, "region_attributes": {"label": "Attachment A", "key_type": "key", "formal_key": "header"}}, {"shape_attributes": {"name": "rect", "x": 415, "y": 314, "width": 141, "height": 24}, "region_attributes": {"label": "NAME OR INITIALS", "key_type": "key", "formal_key": "question"}}, {"shape_attributes": {"name": "rect", "x": 88, "y": 342, "width": 110, "height": 19}, "region_attributes": {"label": "Division Head", "key_type": "value", "formal_key": "answer"}}, {"shape_attributes": {"name": "rect", "x": 87, "y": 367, "width": 113, "height": 21}, "region_attributes": {"label": "Bill Kloepfer", "key_type": "value", "formal_key": "answer"}}, {"shape_attributes": {"name": "rect", "x": 88, "y": 397, "width": 103, "height": 18}, "region_attributes": {"label": "Sam Chilcote", "key_type": "value", "formal_key": "answer"}}, {"shape_attributes": {"name": "rect", "x": 88, "y": 425, "width": 306, "height": 22}, "region_attributes": {"label": "Legal Approval Recommended/ Required:", "key_type": "key", "formal_key": "header"}}, {"shape_attributes": {"name": "rect", "x": 88, "y": 448, "width": 35, "height": 20}, "region_attributes": {"label": "SH &B", "key_type": "value", "formal_key": "others"}}, {"shape_attributes": {"name": "rect", "x": 87, "y": 479, "width": 31, "height": 17}, "region_attributes": {"label": "C& B", "key_type": "value", "formal_key": "others"}}]}}}