﻿{"file_name": "00283813.json", "attributes": {"_via_img_metadata": {"regions": [{"shape_attributes": {"name": "rect", "x": 461, "y": 22, "width": 47, "height": 18}, "region_attributes": {"label": "Date:", "key_type": "key", "formal_key": "question"}}, {"shape_attributes": {"name": "rect", "x": 571, "y": 75, "width": 22, "height": 18}, "region_attributes": {"label": "on", "key_type": "key", "formal_key": "question"}}, {"shape_attributes": {"name": "rect", "x": 380, "y": 49, "width": 41, "height": 13}, "region_attributes": {"label": "5031", "key_type": "value", "formal_key": "answer"}}, {"shape_attributes": {"name": "rect", "x": 54, "y": 123, "width": 52, "height": 14}, "region_attributes": {"label": "BLEND", "key_type": "key", "formal_key": "question"}}, {"shape_attributes": {"name": "rect", "x": 179, "y": 124, "width": 59, "height": 17}, "region_attributes": {"label": "CASING", "key_type": "key", "formal_key": "question"}}, {"shape_attributes": {"name": "rect", "x": 309, "y": 124, "width": 80, "height": 18}, "region_attributes": {"label": "RECASING", "key_type": "key", "formal_key": "question"}}, {"shape_attributes": {"name": "rect", "x": 56, "y": 295, "width": 105, "height": 15}, "region_attributes": {"label": "Cigarettes:", "key_type": "key", "formal_key": "header"}}, {"shape_attributes": {"name": "rect", "x": 74, "y": 321, "width": 50, "height": 14}, "region_attributes": {"label": "Brand", "key_type": "key", "formal_key": "question"}}, {"shape_attributes": {"name": "rect", "x": 74, "y": 339, "width": 59, "height": 14}, "region_attributes": {"label": "Length", "key_type": "key", "formal_key": "question"}}, {"shape_attributes": {"name": "rect", "x": 74, "y": 355, "width": 124, "height": 15}, "region_attributes": {"label": "Circumference", "key_type": "key", "formal_key": "question"}}, {"shape_attributes": {"name": "rect", "x": 75, "y": 373, "width": 47, "height": 14}, "region_attributes": {"label": "Paper", "key_type": "key", "formal_key": "question"}}, {"shape_attributes": {"name": "rect", "x": 75, "y": 388, "width": 77, "height": 15}, "region_attributes": {"label": "Firmness", "key_type": "key", "formal_key": "question"}}, {"shape_attributes": {"name": "rect", "x": 75, "y": 406, "width": 39, "height": 14}, "region_attributes": {"label": "Draw", "key_type": "key", "formal_key": "question"}}, {"shape_attributes": {"name": "rect", "x": 73, "y": 422, "width": 59, "height": 14}, "region_attributes": {"label": "Weight", "key_type": "key", "formal_key": "question"}}, {"shape_attributes": {"name": "rect", "x": 75, "y": 455, "width": 45, "height": 14}, "region_attributes": {"label": "Print", "key_type": "key", "formal_key": "question"}}, {"shape_attributes": {"name": "rect", "x": 419, "y": 426, "width": 94, "height": 18}, "region_attributes": {"label": "Wrappings:", "key_type": "key", "formal_key": "header"}}, {"shape_attributes": {"name": "rect", "x": 439, "y": 450, "width": 60, "height": 17}, "region_attributes": {"label": "Labels", "key_type": "key", "formal_key": "question"}}, {"shape_attributes": {"name": "rect", "x": 439, "y": 471, "width": 77, "height": 15}, "region_attributes": {"label": "Closures", "key_type": "key", "formal_key": "question"}}, {"shape_attributes": {"name": "rect", "x": 437, "y": 504, "width": 68, "height": 15}, "region_attributes": {"label": "Cartons", "key_type": "key", "formal_key": "question"}}, {"shape_attributes": {"name": "rect", "x": 436, "y": 521, "width": 81, "height": 15}, "region_attributes": {"label": "Markings", "key_type": "key", "formal_key": "question"}}, {"shape_attributes": {"name": "rect", "x": 550, "y": 489, "width": 41, "height": 14}, "region_attributes": {"label": "Gold", "key_type": "value", "formal_key": "answer"}}, {"shape_attributes": {"name": "rect", "x": 53, "y": 515, "width": 122, "height": 17}, "region_attributes": {"label": "Requirements:", "key_type": "key", "formal_key": "header"}}, {"shape_attributes": {"name": "rect", "x": 50, "y": 651, "width": 142, "height": 15}, "region_attributes": {"label": "Responsibility:", "key_type": "key", "formal_key": "header"}}, {"shape_attributes": {"name": "rect", "x": 73, "y": 542, "width": 95, "height": 15}, "region_attributes": {"label": "Laboratory", "key_type": "key", "formal_key": "question"}}, {"shape_attributes": {"name": "rect", "x": 73, "y": 559, "width": 57, "height": 17}, "region_attributes": {"label": "Others", "key_type": "key", "formal_key": "question"}}, {"shape_attributes": {"name": "rect", "x": 71, "y": 726, "width": 77, "height": 17}, "region_attributes": {"label": "Shipping", "key_type": "key", "formal_key": "question"}}, {"shape_attributes": {"name": "rect", "x": 50, "y": 760, "width": 80, "height": 17}, "region_attributes": {"label": "Reports:", "key_type": "key", "formal_key": "header"}}, {"shape_attributes": {"name": "rect", "x": 658, "y": 768, "width": 18, "height": 94}, "region_attributes": {"label": "00283913", "key_type": "value", "formal_key": "others"}}, {"shape_attributes": {"name": "rect", "x": 440, "y": 899, "width": 265, "height": 52}, "region_attributes": {"label": "", "key_type": "value", "formal_key": "others"}}, {"shape_attributes": {"name": "rect", "x": 316, "y": 638, "width": 21, "height": 8}, "region_attributes": {"label": "-", "key_type": "value", "formal_key": "others"}}, {"shape_attributes": {"name": "rect", "x": 20, "y": 95, "width": 28, "height": 32}, "region_attributes": {"label": "", "key_type": "value", "formal_key": "others"}}, {"shape_attributes": {"name": "rect", "x": 20, "y": 469, "width": 28, "height": 31}, "region_attributes": {"label": "", "key_type": "value", "formal_key": "others"}}, {"shape_attributes": {"name": "rect", "x": 21, "y": 825, "width": 17, "height": 41}, "region_attributes": {"label": "", "key_type": "value", "formal_key": "others"}}, {"shape_attributes": {"name": "rect", "x": 601, "y": 21, "width": 69, "height": 21}, "region_attributes": {"label": "7/ 16/ 68", "key_type": "value", "formal_key": "answer"}}, {"shape_attributes": {"name": "rect", "x": 663, "y": 73, "width": 72, "height": 21}, "region_attributes": {"label": "7/ 10/ 68", "key_type": "value", "formal_key": "answer"}}, {"shape_attributes": {"name": "rect", "x": 334, "y": 71, "width": 191, "height": 18}, "region_attributes": {"label": "Mr. C. L. Tucker, Jr.", "key_type": "value", "formal_key": "answer"}}, {"shape_attributes": {"name": "rect", "x": 56, "y": 70, "width": 229, "height": 20}, "region_attributes": {"label": "Original request made by", "key_type": "key", "formal_key": "question"}}, {"shape_attributes": {"name": "rect", "x": 263, "y": 45, "width": 94, "height": 20}, "region_attributes": {"label": "Sample No.", "key_type": "key", "formal_key": "question"}}, {"shape_attributes": {"name": "rect", "x": 57, "y": 95, "width": 303, "height": 21}, "region_attributes": {"label": "Sample specifications written by", "key_type": "key", "formal_key": "question"}}, {"shape_attributes": {"name": "rect", "x": 426, "y": 98, "width": 169, "height": 20}, "region_attributes": {"label": "John H. M. Bohlken", "key_type": "value", "formal_key": "answer"}}, {"shape_attributes": {"name": "rect", "x": 64, "y": 158, "width": 289, "height": 52}, "region_attributes": {"label": "OLD GOLD STRAIGHT Tobacco Blend Control for Sample No. 5030", "key_type": "value", "formal_key": "others"}}, {"shape_attributes": {"name": "rect", "x": 637, "y": 128, "width": 134, "height": 18}, "region_attributes": {"label": "MENTHOL FLAVOR", "key_type": "key", "formal_key": "question"}}, {"shape_attributes": {"name": "rect", "x": 448, "y": 126, "width": 116, "height": 18}, "region_attributes": {"label": "FINAL FLAVOR", "key_type": "key", "formal_key": "question"}}, {"shape_attributes": {"name": "rect", "x": 239, "y": 323, "width": 159, "height": 17}, "region_attributes": {"label": "OLD GOLD STRAIGHT", "key_type": "value", "formal_key": "answer"}}, {"shape_attributes": {"name": "rect", "x": 239, "y": 339, "width": 55, "height": 14}, "region_attributes": {"label": "85 mm.", "key_type": "value", "formal_key": "answer"}}, {"shape_attributes": {"name": "rect", "x": 240, "y": 355, "width": 73, "height": 16}, "region_attributes": {"label": "25. 3 mm.", "key_type": "value", "formal_key": "answer"}}, {"shape_attributes": {"name": "rect", "x": 237, "y": 372, "width": 95, "height": 14}, "region_attributes": {"label": "Ecusta 556", "key_type": "value", "formal_key": "answer"}}, {"shape_attributes": {"name": "rect", "x": 237, "y": 387, "width": 160, "height": 16}, "region_attributes": {"label": "OLD GOLD STRAIGHT", "key_type": "value", "formal_key": "answer"}}, {"shape_attributes": {"name": "rect", "x": 239, "y": 405, "width": 158, "height": 15}, "region_attributes": {"label": "OLD GOLD STRAIGHT", "key_type": "value", "formal_key": "answer"}}, {"shape_attributes": {"name": "rect", "x": 237, "y": 420, "width": 161, "height": 15}, "region_attributes": {"label": "OLD GOLD STRAIGHT", "key_type": "value", "formal_key": "answer"}}, {"shape_attributes": {"name": "rect", "x": 237, "y": 459, "width": 159, "height": 17}, "region_attributes": {"label": "OLD GOLD STRAIGHT", "key_type": "value", "formal_key": "answer"}}, {"shape_attributes": {"name": "rect", "x": 73, "y": 440, "width": 124, "height": 15}, "region_attributes": {"label": "Tipping Paper", "key_type": "key", "formal_key": "question"}}, {"shape_attributes": {"name": "rect", "x": 73, "y": 473, "width": 125, "height": 15}, "region_attributes": {"label": "Filter Length", "key_type": "key", "formal_key": "question"}}, {"shape_attributes": {"name": "rect", "x": 550, "y": 454, "width": 161, "height": 18}, "region_attributes": {"label": "OLD GOLD STRAIGHT", "key_type": "value", "formal_key": "answer"}}, {"shape_attributes": {"name": "rect", "x": 550, "y": 471, "width": 122, "height": 16}, "region_attributes": {"label": "Standard Blue", "key_type": "value", "formal_key": "answer"}}, {"shape_attributes": {"name": "rect", "x": 552, "y": 506, "width": 158, "height": 15}, "region_attributes": {"label": "OLD GOLD STRAIGHT", "key_type": "value", "formal_key": "answer"}}, {"shape_attributes": {"name": "rect", "x": 550, "y": 522, "width": 197, "height": 32}, "region_attributes": {"label": "Sample number on each pack and carton", "key_type": "value", "formal_key": "answer"}}, {"shape_attributes": {"name": "rect", "x": 439, "y": 486, "width": 87, "height": 16}, "region_attributes": {"label": "Tear Tape", "key_type": "key", "formal_key": "question"}}, {"shape_attributes": {"name": "rect", "x": 236, "y": 542, "width": 78, "height": 20}, "region_attributes": {"label": "One Tray", "key_type": "value", "formal_key": "answer"}}, {"shape_attributes": {"name": "rect", "x": 52, "y": 591, "width": 190, "height": 16}, "region_attributes": {"label": "Laboratory Analysis:", "key_type": "key", "formal_key": "question"}}, {"shape_attributes": {"name": "rect", "x": 232, "y": 566, "width": 209, "height": 55}, "region_attributes": {"label": "", "key_type": "value", "formal_key": "others"}}, {"shape_attributes": {"name": "rect", "x": 581, "y": 582, "width": 133, "height": 41}, "region_attributes": {"label": "", "key_type": "value", "formal_key": "others"}}, {"shape_attributes": {"name": "rect", "x": 344, "y": 634, "width": 189, "height": 25}, "region_attributes": {"label": "", "key_type": "value", "formal_key": "others"}}, {"shape_attributes": {"name": "rect", "x": 78, "y": 634, "width": 232, "height": 18}, "region_attributes": {"label": "Benzo (A) Pyrene Analyses", "key_type": "value", "formal_key": "answer"}}, {"shape_attributes": {"name": "rect", "x": 70, "y": 617, "width": 610, "height": 24}, "region_attributes": {"label": "Tars and Nicotine, Taste Panel, Burning Time, Gas Phase Analysis,", "key_type": "value", "formal_key": "answer"}}, {"shape_attributes": {"name": "rect", "x": 73, "y": 676, "width": 123, "height": 17}, "region_attributes": {"label": "Tobacco Blend", "key_type": "key", "formal_key": "question"}}, {"shape_attributes": {"name": "rect", "x": 73, "y": 690, "width": 160, "height": 18}, "region_attributes": {"label": "Filter Production", "key_type": "key", "formal_key": "question"}}, {"shape_attributes": {"name": "rect", "x": 71, "y": 708, "width": 152, "height": 18}, "region_attributes": {"label": "Making & Packing", "key_type": "key", "formal_key": "question"}}, {"shape_attributes": {"name": "rect", "x": 263, "y": 677, "width": 224, "height": 17}, "region_attributes": {"label": "Manufacturing - A. Kraus", "key_type": "value", "formal_key": "answer"}}, {"shape_attributes": {"name": "rect", "x": 264, "y": 707, "width": 368, "height": 20}, "region_attributes": {"label": "Product Development, John H. M. Bohlker", "key_type": "value", "formal_key": "answer"}}, {"shape_attributes": {"name": "rect", "x": 70, "y": 784, "width": 95, "height": 16}, "region_attributes": {"label": "Written by", "key_type": "key", "formal_key": "question"}}, {"shape_attributes": {"name": "rect", "x": 70, "y": 802, "width": 105, "height": 15}, "region_attributes": {"label": "Original to", "key_type": "key", "formal_key": "question"}}, {"shape_attributes": {"name": "rect", "x": 68, "y": 818, "width": 89, "height": 17}, "region_attributes": {"label": "Copies to", "key_type": "key", "formal_key": "question"}}, {"shape_attributes": {"name": "rect", "x": 197, "y": 786, "width": 168, "height": 15}, "region_attributes": {"label": "John H. M. Bohlken", "key_type": "value", "formal_key": "answer"}}, {"shape_attributes": {"name": "rect", "x": 196, "y": 803, "width": 196, "height": 15}, "region_attributes": {"label": "Mr. C. L. Tucker, Jr.", "key_type": "value", "formal_key": "answer"}}, {"shape_attributes": {"name": "rect", "x": 196, "y": 818, "width": 150, "height": 16}, "region_attributes": {"label": "Dr. A. W. Spears", "key_type": "value", "formal_key": "answer"}}]}}}