﻿{"file_name": "0030031163.json", "attributes": {"_via_img_metadata": {"regions": [{"shape_attributes": {"name": "rect", "x": 81, "y": 415, "width": 38, "height": 14}, "region_attributes": {"label": "NAME", "key_type": "key", "formal_key": "question"}}, {"shape_attributes": {"name": "rect", "x": 513, "y": 369, "width": 61, "height": 13}, "region_attributes": {"label": "Strokes", "key_type": "key", "formal_key": "question"}}, {"shape_attributes": {"name": "rect", "x": 85, "y": 797, "width": 39, "height": 13}, "region_attributes": {"label": "NAME", "key_type": "key", "formal_key": "question"}}, {"shape_attributes": {"name": "rect", "x": 701, "y": 898, "width": 24, "height": 34}, "region_attributes": {"label": "A", "key_type": "value", "formal_key": "others"}}, {"shape_attributes": {"name": "rect", "x": 465, "y": 353, "width": 36, "height": 13}, "region_attributes": {"label": "<>", "key_type": "key", "formal_key": "question"}}, {"shape_attributes": {"name": "rect", "x": 466, "y": 370, "width": 35, "height": 11}, "region_attributes": {"label": "<>", "key_type": "key", "formal_key": "question"}}, {"shape_attributes": {"name": "rect", "x": 258, "y": 45, "width": 218, "height": 24}, "region_attributes": {"label": "SPORTS REGISTRATION", "key_type": "key", "formal_key": "header"}}, {"shape_attributes": {"name": "rect", "x": 246, "y": 67, "width": 249, "height": 85}, "region_attributes": {"label": "37TH ANNUAL MEETING AUGUST 15-18, 1996 RYE- TOWN HILTON HOTEL RYE, NEW YORK", "key_type": "value", "formal_key": "others"}}, {"shape_attributes": {"name": "rect", "x": 80, "y": 183, "width": 579, "height": 32}, "region_attributes": {"label": "Make copies of this form if necessary. Complete applicable section (s) and return to NYSAWMD.", "key_type": "value", "formal_key": "others"}}, {"shape_attributes": {"name": "rect", "x": 218, "y": 229, "width": 303, "height": 20}, "region_attributes": {"label": "LORILLARD TOBACCO COMPANY", "key_type": "key", "formal_key": "header"}}, {"shape_attributes": {"name": "rect", "x": 80, "y": 286, "width": 189, "height": 20}, "region_attributes": {"label": "GOLF TOURNAMENT", "key_type": "key", "formal_key": "question"}}, {"shape_attributes": {"name": "rect", "x": 254, "y": 291, "width": 406, "height": 33}, "region_attributes": {"label": "(Ladies & Men) . . . Friday, August 16, Tee off at 8:00 A. M. SHARP (no green fee)", "key_type": "value", "formal_key": "answer"}}, {"shape_attributes": {"name": "rect", "x": 81, "y": 353, "width": 367, "height": 17}, "region_attributes": {"label": "I will participate in the Golf Tournament", "key_type": "key", "formal_key": "question"}}, {"shape_attributes": {"name": "rect", "x": 142, "y": 369, "width": 139, "height": 16}, "region_attributes": {"label": "My handicap is:", "key_type": "key", "formal_key": "question"}}, {"shape_attributes": {"name": "rect", "x": 82, "y": 444, "width": 83, "height": 15}, "region_attributes": {"label": "FIRM NAME", "key_type": "key", "formal_key": "question"}}, {"shape_attributes": {"name": "rect", "x": 155, "y": 549, "width": 457, "height": 21}, "region_attributes": {"label": "BROWN & WILLIAMSON TOBACCO CORPORATION", "key_type": "key", "formal_key": "header"}}, {"shape_attributes": {"name": "rect", "x": 84, "y": 594, "width": 210, "height": 17}, "region_attributes": {"label": "TENNIS TOURNAMENT", "key_type": "key", "formal_key": "question"}}, {"shape_attributes": {"name": "rect", "x": 265, "y": 595, "width": 358, "height": 35}, "region_attributes": {"label": "(Ladies & Men) . . . Friday, August 16, starting time is 3:00 P. M.", "key_type": "value", "formal_key": "answer"}}, {"shape_attributes": {"name": "rect", "x": 84, "y": 661, "width": 507, "height": 30}, "region_attributes": {"label": "I will participate in the Tennis Tournament I would classify myself as (please check appropriate box)", "key_type": "key", "formal_key": "question"}}, {"shape_attributes": {"name": "rect", "x": 85, "y": 705, "width": 118, "height": 16}, "region_attributes": {"label": "<> Beginner", "key_type": "key", "formal_key": "question"}}, {"shape_attributes": {"name": "rect", "x": 85, "y": 722, "width": 81, "height": 13}, "region_attributes": {"label": "<> Fair", "key_type": "key", "formal_key": "question"}}, {"shape_attributes": {"name": "rect", "x": 87, "y": 736, "width": 81, "height": 13}, "region_attributes": {"label": "<> Good", "key_type": "key", "formal_key": "question"}}, {"shape_attributes": {"name": "rect", "x": 87, "y": 751, "width": 125, "height": 13}, "region_attributes": {"label": "<> Excellent", "key_type": "key", "formal_key": "question"}}, {"shape_attributes": {"name": "rect", "x": 85, "y": 828, "width": 82, "height": 13}, "region_attributes": {"label": "FIRM NAME", "key_type": "key", "formal_key": "question"}}, {"shape_attributes": {"name": "rect", "x": 109, "y": 905, "width": 535, "height": 15}, "region_attributes": {"label": "NYSAWMD, INC. 211 EAST 43RD STREET, NEW YORK, NY 10017-4707", "key_type": "key", "formal_key": "question"}}, {"shape_attributes": {"name": "rect", "x": 88, "y": 937, "width": 60, "height": 11}, "region_attributes": {"label": "CONVFORM.96 ", "key_type": "value", "formal_key": "others"}}]}}}