﻿{"file_name": "0030041455.json", "attributes": {"_via_img_metadata": {"regions": [{"shape_attributes": {"name": "rect", "x": 327, "y": 237, "width": 13, "height": 14}, "region_attributes": {"label": "5", "key_type": "value", "formal_key": "answer"}}, {"shape_attributes": {"name": "rect", "x": 330, "y": 272, "width": 11, "height": 15}, "region_attributes": {"label": "0", "key_type": "value", "formal_key": "answer"}}, {"shape_attributes": {"name": "rect", "x": 324, "y": 115, "width": 14, "height": 14}, "region_attributes": {"label": "2", "key_type": "value", "formal_key": "answer"}}, {"shape_attributes": {"name": "rect", "x": 742, "y": 885, "width": 24, "height": 27}, "region_attributes": {"label": "A", "key_type": "value", "formal_key": "others"}}, {"shape_attributes": {"name": "rect", "x": 198, "y": 38, "width": 289, "height": 22}, "region_attributes": {"label": "KOOL & GPC GOLF BAG SURVEY", "key_type": "key", "formal_key": "header"}}, {"shape_attributes": {"name": "rect", "x": 52, "y": 113, "width": 110, "height": 19}, "region_attributes": {"label": "Section Number", "key_type": "key", "formal_key": "question"}}, {"shape_attributes": {"name": "rect", "x": 53, "y": 148, "width": 217, "height": 18}, "region_attributes": {"label": "Section Sales Manager's Name", "key_type": "key", "formal_key": "question"}}, {"shape_attributes": {"name": "rect", "x": 341, "y": 149, "width": 81, "height": 17}, "region_attributes": {"label": "Peter Hatch", "key_type": "value", "formal_key": "answer"}}, {"shape_attributes": {"name": "rect", "x": 50, "y": 201, "width": 548, "height": 21}, "region_attributes": {"label": "Please place the following order for KOOL and/ or GPC Golf Bags for my Section:", "key_type": "key", "formal_key": "question"}}, {"shape_attributes": {"name": "rect", "x": 60, "y": 239, "width": 114, "height": 15}, "region_attributes": {"label": "KOOL Golf Bags", "key_type": "value", "formal_key": "answer"}}, {"shape_attributes": {"name": "rect", "x": 71, "y": 272, "width": 100, "height": 19}, "region_attributes": {"label": "GPC Golf Bags", "key_type": "value", "formal_key": "answer"}}, {"shape_attributes": {"name": "rect", "x": 53, "y": 324, "width": 582, "height": 39}, "region_attributes": {"label": "Send the completed survey to Linda Daniels in Field Supply via fax (502- 568- 7189) OR CC: Mail no later than June 7.", "key_type": "value", "formal_key": "others"}}, {"shape_attributes": {"name": "rect", "x": 53, "y": 383, "width": 52, "height": 12}, "region_attributes": {"label": "0022A wk4", "key_type": "value", "formal_key": "others"}}]}}}