﻿{"file_name": "0060077689.json", "attributes": {"_via_img_metadata": {"regions": [{"shape_attributes": {"name": "rect", "x": 263, "y": 80, "width": 41, "height": 13}, "region_attributes": {"label": "LOCATION", "key_type": "key", "formal_key": "question"}}, {"shape_attributes": {"name": "rect", "x": 263, "y": 108, "width": 60, "height": 14}, "region_attributes": {"label": "REQUISITIONER", "key_type": "key", "formal_key": "question"}}, {"shape_attributes": {"name": "rect", "x": 41, "y": 134, "width": 38, "height": 13}, "region_attributes": {"label": "SUPPLIER", "key_type": "key", "formal_key": "question"}}, {"shape_attributes": {"name": "rect", "x": 373, "y": 250, "width": 13, "height": 10}, "region_attributes": {"label": "", "key_type": "key", "formal_key": "question"}}, {"shape_attributes": {"name": "rect", "x": 372, "y": 278, "width": 25, "height": 8}, "region_attributes": {"label": "TERMS", "key_type": "key", "formal_key": "question"}}, {"shape_attributes": {"name": "rect", "x": 39, "y": 275, "width": 24, "height": 8}, "region_attributes": {"label": "FO", "key_type": "key", "formal_key": "question"}}, {"shape_attributes": {"name": "rect", "x": 74, "y": 303, "width": 66, "height": 14}, "region_attributes": {"label": "QUANTITY", "key_type": "key", "formal_key": "question"}}, {"shape_attributes": {"name": "rect", "x": 327, "y": 306, "width": 84, "height": 13}, "region_attributes": {"label": "DESCRIPTION", "key_type": "key", "formal_key": "question"}}, {"shape_attributes": {"name": "rect", "x": 606, "y": 306, "width": 42, "height": 15}, "region_attributes": {"label": "PRICE", "key_type": "key", "formal_key": "question"}}, {"shape_attributes": {"name": "rect", "x": 64, "y": 169, "width": 35, "height": 13}, "region_attributes": {"label": "Attn:", "key_type": "key", "formal_key": "question"}}, {"shape_attributes": {"name": "rect", "x": 225, "y": 820, "width": 22, "height": 11}, "region_attributes": {"label": "DATE", "key_type": "key", "formal_key": "question"}}, {"shape_attributes": {"name": "rect", "x": 226, "y": 849, "width": 24, "height": 8}, "region_attributes": {"label": "DATE", "key_type": "key", "formal_key": "question"}}, {"shape_attributes": {"name": "rect", "x": 226, "y": 877, "width": 22, "height": 7}, "region_attributes": {"label": "DATE", "key_type": "key", "formal_key": "question"}}, {"shape_attributes": {"name": "rect", "x": 304, "y": 877, "width": 13, "height": 10}, "region_attributes": {"label": "BY", "key_type": "key", "formal_key": "question"}}, {"shape_attributes": {"name": "rect", "x": 304, "y": 849, "width": 22, "height": 11}, "region_attributes": {"label": "DATE", "key_type": "key", "formal_key": "question"}}, {"shape_attributes": {"name": "rect", "x": 47, "y": 877, "width": 28, "height": 8}, "region_attributes": {"label": "OTHER", "key_type": "key", "formal_key": "question"}}, {"shape_attributes": {"name": "rect", "x": 469, "y": 834, "width": 46, "height": 15}, "region_attributes": {"label": "M14789", "key_type": "value", "formal_key": "answer"}}, {"shape_attributes": {"name": "rect", "x": 222, "y": 795, "width": 15, "height": 21}, "region_attributes": {"label": "\u2611", "key_type": "value", "formal_key": "answer"}}, {"shape_attributes": {"name": "rect", "x": 443, "y": 878, "width": 24, "height": 10}, "region_attributes": {"label": "BUYER", "key_type": "key", "formal_key": "question"}}, {"shape_attributes": {"name": "rect", "x": 443, "y": 852, "width": 21, "height": 8}, "region_attributes": {"label": "DATE", "key_type": "key", "formal_key": "question"}}, {"shape_attributes": {"name": "rect", "x": 34, "y": 818, "width": 10, "height": 75}, "region_attributes": {"label": "APPROVAL", "key_type": "value", "formal_key": "others"}}, {"shape_attributes": {"name": "rect", "x": 43, "y": 41, "width": 53, "height": 53}, "region_attributes": {"label": "", "key_type": "value", "formal_key": "others"}}, {"shape_attributes": {"name": "rect", "x": 99, "y": 39, "width": 87, "height": 57}, "region_attributes": {"label": "THE AMERICAN TOBACCO COMPANY", "key_type": "key", "formal_key": "header"}}, {"shape_attributes": {"name": "rect", "x": 492, "y": 56, "width": 210, "height": 22}, "region_attributes": {"label": "PURCHASE REQUISITION", "key_type": "key", "formal_key": "header"}}, {"shape_attributes": {"name": "rect", "x": 644, "y": 36, "width": 57, "height": 12}, "region_attributes": {"label": "AT 135 ", "key_type": "value", "formal_key": "others"}}, {"shape_attributes": {"name": "rect", "x": 325, "y": 85, "width": 95, "height": 17}, "region_attributes": {"label": "STAMFORD, CT", "key_type": "value", "formal_key": "answer"}}, {"shape_attributes": {"name": "rect", "x": 483, "y": 81, "width": 75, "height": 10}, "region_attributes": {"label": "AUTHORIZATION NO.", "key_type": "key", "formal_key": "question"}}, {"shape_attributes": {"name": "rect", "x": 482, "y": 110, "width": 47, "height": 10}, "region_attributes": {"label": "BUDGET NO.", "key_type": "key", "formal_key": "question"}}, {"shape_attributes": {"name": "rect", "x": 265, "y": 122, "width": 119, "height": 14}, "region_attributes": {"label": "Mr. G. Schumacher", "key_type": "value", "formal_key": "answer"}}, {"shape_attributes": {"name": "rect", "x": 66, "y": 122, "width": 100, "height": 15}, "region_attributes": {"label": "January 3, 1995", "key_type": "value", "formal_key": "answer"}}, {"shape_attributes": {"name": "rect", "x": 41, "y": 106, "width": 84, "height": 12}, "region_attributes": {"label": "DATE OF REQUISITION", "key_type": "key", "formal_key": "question"}}, {"shape_attributes": {"name": "rect", "x": 64, "y": 151, "width": 216, "height": 15}, "region_attributes": {"label": "WEBCRAFT TECHNOLOGIES INC", "key_type": "value", "formal_key": "answer"}}, {"shape_attributes": {"name": "rect", "x": 101, "y": 168, "width": 98, "height": 14}, "region_attributes": {"label": "Mr. Steven Katz", "key_type": "value", "formal_key": "answer"}}, {"shape_attributes": {"name": "rect", "x": 64, "y": 182, "width": 206, "height": 31}, "region_attributes": {"label": "Route 4 and Adams Station North Brunswick, NJ 08901- 0623", "key_type": "value", "formal_key": "answer"}}, {"shape_attributes": {"name": "rect", "x": 388, "y": 151, "width": 158, "height": 17}, "region_attributes": {"label": "NO SHIPPING REQUIRED", "key_type": "value", "formal_key": "answer"}}, {"shape_attributes": {"name": "rect", "x": 373, "y": 137, "width": 30, "height": 11}, "region_attributes": {"label": "SHIP TO", "key_type": "key", "formal_key": "question"}}, {"shape_attributes": {"name": "rect", "x": 39, "y": 246, "width": 148, "height": 12}, "region_attributes": {"label": "SHIPMENT TO ARRIVE NOT LATER THAN", "key_type": "key", "formal_key": "question"}}, {"shape_attributes": {"name": "rect", "x": 64, "y": 258, "width": 166, "height": 17}, "region_attributes": {"label": "NO SHIPPING REQUIRED.", "key_type": "value", "formal_key": "answer"}}, {"shape_attributes": {"name": "rect", "x": 385, "y": 279, "width": 81, "height": 16}, "region_attributes": {"label": "NET 30 Days", "key_type": "value", "formal_key": "answer"}}, {"shape_attributes": {"name": "rect", "x": 179, "y": 318, "width": 263, "height": 20}, "region_attributes": {"label": "CARLTON \"Free\" Carton\" Direct Mail Piece", "key_type": "value", "formal_key": "answer"}}, {"shape_attributes": {"name": "rect", "x": 179, "y": 352, "width": 359, "height": 30}, "region_attributes": {"label": "This Purchase order is to cover all costs incurred to- date listed below.", "key_type": "value", "formal_key": "answer"}}, {"shape_attributes": {"name": "rect", "x": 179, "y": 398, "width": 290, "height": 14}, "region_attributes": {"label": "42,000 lbs. of 80 lb Sterling C/ 2/ S - 36- 1/ 2\" roll", "key_type": "value", "formal_key": "answer"}}, {"shape_attributes": {"name": "rect", "x": 177, "y": 413, "width": 292, "height": 16}, "region_attributes": {"label": "31,000 lbs. of 80 lb. Sterling C/ 2/ S - 26- 1/ 2\" roll", "key_type": "value", "formal_key": "answer"}}, {"shape_attributes": {"name": "rect", "x": 179, "y": 444, "width": 327, "height": 16}, "region_attributes": {"label": "Prep. (line negatives, paper prints, camera/ stripping)", "key_type": "value", "formal_key": "answer"}}, {"shape_attributes": {"name": "rect", "x": 179, "y": 472, "width": 156, "height": 17}, "region_attributes": {"label": "Federal Express charges", "key_type": "value", "formal_key": "answer"}}, {"shape_attributes": {"name": "rect", "x": 179, "y": 504, "width": 269, "height": 14}, "region_attributes": {"label": "ALL MATERIALS HAVE BEEN CANCELLED.", "key_type": "value", "formal_key": "answer"}}, {"shape_attributes": {"name": "rect", "x": 419, "y": 542, "width": 258, "height": 130}, "region_attributes": {"label": "Charges to 1 /4 /95", "key_type": "value", "formal_key": "others"}}, {"shape_attributes": {"name": "rect", "x": 575, "y": 398, "width": 67, "height": 14}, "region_attributes": {"label": "$20, 580. 00", "key_type": "value", "formal_key": "answer"}}, {"shape_attributes": {"name": "rect", "x": 574, "y": 415, "width": 68, "height": 14}, "region_attributes": {"label": "$15, 190. 00", "key_type": "value", "formal_key": "answer"}}, {"shape_attributes": {"name": "rect", "x": 592, "y": 444, "width": 51, "height": 15}, "region_attributes": {"label": "$431 .25", "key_type": "value", "formal_key": "answer"}}, {"shape_attributes": {"name": "rect", "x": 599, "y": 473, "width": 43, "height": 15}, "region_attributes": {"label": "$48 .75", "key_type": "value", "formal_key": "answer"}}, {"shape_attributes": {"name": "rect", "x": 35, "y": 764, "width": 92, "height": 11}, "region_attributes": {"label": "DEPARTMENT CHARGED", "key_type": "key", "formal_key": "question"}}, {"shape_attributes": {"name": "rect", "x": 256, "y": 764, "width": 102, "height": 11}, "region_attributes": {"label": "ACCOUNTING CHARGE NO.", "key_type": "key", "formal_key": "question"}}, {"shape_attributes": {"name": "rect", "x": 378, "y": 763, "width": 70, "height": 13}, "region_attributes": {"label": "EXTRA COPIES TO:", "key_type": "key", "formal_key": "question"}}, {"shape_attributes": {"name": "rect", "x": 385, "y": 777, "width": 58, "height": 14}, "region_attributes": {"label": "D. Barcia", "key_type": "value", "formal_key": "answer"}}, {"shape_attributes": {"name": "rect", "x": 261, "y": 777, "width": 85, "height": 15}, "region_attributes": {"label": "Adv. Expense", "key_type": "value", "formal_key": "answer"}}, {"shape_attributes": {"name": "rect", "x": 60, "y": 778, "width": 115, "height": 11}, "region_attributes": {"label": "Brand Operations", "key_type": "value", "formal_key": "answer"}}, {"shape_attributes": {"name": "rect", "x": 35, "y": 792, "width": 74, "height": 10}, "region_attributes": {"label": "STATE TAX STATUS", "key_type": "key", "formal_key": "header"}}, {"shape_attributes": {"name": "rect", "x": 236, "y": 804, "width": 128, "height": 13}, "region_attributes": {"label": "NOT TO BE CHARGED BY SUPPLIER", "key_type": "key", "formal_key": "question"}}, {"shape_attributes": {"name": "rect", "x": 432, "y": 804, "width": 68, "height": 12}, "region_attributes": {"label": "\u2610 TO BE CHARGED", "key_type": "key", "formal_key": "question"}}, {"shape_attributes": {"name": "rect", "x": 47, "y": 820, "width": 71, "height": 10}, "region_attributes": {"label": "LOCAL APPROVAL", "key_type": "key", "formal_key": "question"}}, {"shape_attributes": {"name": "rect", "x": 47, "y": 846, "width": 151, "height": 14}, "region_attributes": {"label": "ADMIN CTR/MGMT CTR. (AS REQUIRED)", "key_type": "key", "formal_key": "question"}}, {"shape_attributes": {"name": "rect", "x": 306, "y": 821, "width": 92, "height": 10}, "region_attributes": {"label": "LOCAL P/ORELEASE NO.", "key_type": "key", "formal_key": "question"}}, {"shape_attributes": {"name": "rect", "x": 443, "y": 821, "width": 174, "height": 12}, "region_attributes": {"label": "ADMIN CTR/MGMT CTR PURCHASE ORDER NO.", "key_type": "key", "formal_key": "question"}}, {"shape_attributes": {"name": "rect", "x": 469, "y": 855, "width": 99, "height": 16}, "region_attributes": {"label": "January 3, 1995", "key_type": "value", "formal_key": "answer"}}, {"shape_attributes": {"name": "rect", "x": 468, "y": 876, "width": 186, "height": 25}, "region_attributes": {"label": "M. Stock/ smm ", "key_type": "value", "formal_key": "answer"}}]}}}