﻿{"file_name": "0060214859.json", "attributes": {"_via_img_metadata": {"regions": [{"shape_attributes": {"name": "rect", "x": 68, "y": 175, "width": 71, "height": 18}, "region_attributes": {"label": "Report", "key_type": "key", "formal_key": "question"}}, {"shape_attributes": {"name": "rect", "x": 163, "y": 179, "width": 28, "height": 17}, "region_attributes": {"label": "517", "key_type": "value", "formal_key": "answer"}}, {"shape_attributes": {"name": "rect", "x": 148, "y": 373, "width": 78, "height": 18}, "region_attributes": {"label": "ACCEPTED", "key_type": "key", "formal_key": "question"}}, {"shape_attributes": {"name": "rect", "x": 102, "y": 433, "width": 22, "height": 17}, "region_attributes": {"label": "XX", "key_type": "value", "formal_key": "answer"}}, {"shape_attributes": {"name": "rect", "x": 149, "y": 433, "width": 75, "height": 18}, "region_attributes": {"label": "REJECTED", "key_type": "key", "formal_key": "question"}}, {"shape_attributes": {"name": "rect", "x": 492, "y": 226, "width": 41, "height": 15}, "region_attributes": {"label": "Date", "key_type": "key", "formal_key": "question"}}, {"shape_attributes": {"name": "rect", "x": 494, "y": 257, "width": 73, "height": 17}, "region_attributes": {"label": "Supplier", "key_type": "key", "formal_key": "question"}}, {"shape_attributes": {"name": "rect", "x": 63, "y": 615, "width": 85, "height": 18}, "region_attributes": {"label": "Comments:", "key_type": "key", "formal_key": "question"}}, {"shape_attributes": {"name": "rect", "x": 59, "y": 781, "width": 122, "height": 18}, "region_attributes": {"label": "Distribution:", "key_type": "key", "formal_key": "question"}}, {"shape_attributes": {"name": "rect", "x": 377, "y": 754, "width": 36, "height": 17}, "region_attributes": {"label": "6926", "key_type": "value", "formal_key": "answer"}}, {"shape_attributes": {"name": "rect", "x": 265, "y": 756, "width": 102, "height": 14}, "region_attributes": {"label": "Telephone#", "key_type": "key", "formal_key": "question"}}, {"shape_attributes": {"name": "rect", "x": 641, "y": 851, "width": 57, "height": 27}, "region_attributes": {"label": "", "key_type": "value", "formal_key": "answer"}}, {"shape_attributes": {"name": "rect", "x": 594, "y": 859, "width": 31, "height": 29}, "region_attributes": {"label": "By", "key_type": "key", "formal_key": "question"}}, {"shape_attributes": {"name": "rect", "x": 471, "y": 853, "width": 42, "height": 28}, "region_attributes": {"label": "No", "key_type": "key", "formal_key": "question"}}, {"shape_attributes": {"name": "rect", "x": 524, "y": 853, "width": 56, "height": 27}, "region_attributes": {"label": "436", "key_type": "value", "formal_key": "answer"}}, {"shape_attributes": {"name": "rect", "x": 730, "y": 758, "width": 22, "height": 91}, "region_attributes": {"label": "505991060", "key_type": "value", "formal_key": "others"}}, {"shape_attributes": {"name": "rect", "x": 98, "y": 256, "width": 139, "height": 14}, "region_attributes": {"label": "Material Tested", "key_type": "key", "formal_key": "question"}}, {"shape_attributes": {"name": "rect", "x": 253, "y": 254, "width": 159, "height": 18}, "region_attributes": {"label": "P- 830 GLASS FIBER", "key_type": "value", "formal_key": "answer"}}, {"shape_attributes": {"name": "rect", "x": 588, "y": 226, "width": 103, "height": 19}, "region_attributes": {"label": "10- NOV- 1986", "key_type": "value", "formal_key": "answer"}}, {"shape_attributes": {"name": "rect", "x": 587, "y": 257, "width": 119, "height": 16}, "region_attributes": {"label": "OWENS CORNING", "key_type": "value", "formal_key": "answer"}}, {"shape_attributes": {"name": "rect", "x": 668, "y": 289, "width": 66, "height": 16}, "region_attributes": {"label": "2 ROLLS", "key_type": "value", "formal_key": "answer"}}, {"shape_attributes": {"name": "rect", "x": 493, "y": 288, "width": 159, "height": 20}, "region_attributes": {"label": "Quantity Received", "key_type": "key", "formal_key": "question"}}, {"shape_attributes": {"name": "rect", "x": 98, "y": 284, "width": 136, "height": 16}, "region_attributes": {"label": "Lot or Sample#", "key_type": "key", "formal_key": "question"}}, {"shape_attributes": {"name": "rect", "x": 254, "y": 285, "width": 114, "height": 16}, "region_attributes": {"label": "ROLL 34 & 35", "key_type": "value", "formal_key": "answer"}}, {"shape_attributes": {"name": "rect", "x": 254, "y": 316, "width": 64, "height": 16}, "region_attributes": {"label": "11- 6- 86", "key_type": "value", "formal_key": "answer"}}, {"shape_attributes": {"name": "rect", "x": 96, "y": 314, "width": 123, "height": 17}, "region_attributes": {"label": "Date Received", "key_type": "key", "formal_key": "question"}}, {"shape_attributes": {"name": "rect", "x": 66, "y": 479, "width": 544, "height": 24}, "region_attributes": {"label": "Following physical/ visual properties out of specifications:", "key_type": "key", "formal_key": "question"}}, {"shape_attributes": {"name": "rect", "x": 620, "y": 483, "width": 121, "height": 18}, "region_attributes": {"label": "WEIGHT OUT OF", "key_type": "value", "formal_key": "answer"}}, {"shape_attributes": {"name": "rect", "x": 74, "y": 510, "width": 656, "height": 66}, "region_attributes": {"label": "SPECIFICATIONS ON ROLLS 34 & 35. WT. AV. ROLL 34 (183. 04) ; WT. AV. ROLL 35 (183. 44) : SPECS. 190 -210 GMS/ SQM. LOI OUT DE SPEC. ON ROLL 34 (AV 2. 49%) SPECIFICATIONS (2.6 6- 3. 1% .", "key_type": "value", "formal_key": "answer"}}, {"shape_attributes": {"name": "rect", "x": 57, "y": 714, "width": 164, "height": 51}, "region_attributes": {"label": "Kwb Kenneth W. Smits Technologist - QA", "key_type": "value", "formal_key": "others"}}, {"shape_attributes": {"name": "rect", "x": 198, "y": 785, "width": 216, "height": 18}, "region_attributes": {"label": "Mr. Lucien L. Bass, III", "key_type": "value", "formal_key": "answer"}}, {"shape_attributes": {"name": "rect", "x": 198, "y": 797, "width": 161, "height": 18}, "region_attributes": {"label": "Dr. L. H. O' Conner", "key_type": "value", "formal_key": "answer"}}, {"shape_attributes": {"name": "rect", "x": 198, "y": 814, "width": 161, "height": 17}, "region_attributes": {"label": "Mr. L. W. Peterson", "key_type": "value", "formal_key": "answer"}}, {"shape_attributes": {"name": "rect", "x": 197, "y": 832, "width": 172, "height": 13}, "region_attributes": {"label": "Mr. W. B. Scantland", "key_type": "value", "formal_key": "answer"}}, {"shape_attributes": {"name": "rect", "x": 197, "y": 845, "width": 124, "height": 14}, "region_attributes": {"label": "Ms. R. deLacy", "key_type": "value", "formal_key": "answer"}}, {"shape_attributes": {"name": "rect", "x": 197, "y": 859, "width": 155, "height": 16}, "region_attributes": {"label": "Mr. M. D. Shannon", "key_type": "value", "formal_key": "answer"}}, {"shape_attributes": {"name": "rect", "x": 197, "y": 874, "width": 137, "height": 19}, "region_attributes": {"label": "Mr. R. L. McGee", "key_type": "value", "formal_key": "answer"}}, {"shape_attributes": {"name": "rect", "x": 520, "y": 750, "width": 152, "height": 102}, "region_attributes": {"label": "RJR SECRET ADDRESSED ONLY", "key_type": "value", "formal_key": "others"}}]}}}