﻿{"file_name": "0060080406.json", "attributes": {"_via_img_metadata": {"regions": [{"shape_attributes": {"name": "rect", "x": 550, "y": 137, "width": 70, "height": 15}, "region_attributes": {"label": "02/04/91", "key_type": "value", "formal_key": "others"}}, {"shape_attributes": {"name": "rect", "x": 500, "y": 141, "width": 28, "height": 11}, "region_attributes": {"label": "DATE", "key_type": "key", "formal_key": "question"}}, {"shape_attributes": {"name": "rect", "x": 525, "y": 168, "width": 75, "height": 14}, "region_attributes": {"label": "DESCRIPTION", "key_type": "key", "formal_key": "question"}}, {"shape_attributes": {"name": "rect", "x": 304, "y": 169, "width": 45, "height": 14}, "region_attributes": {"label": "MEDIUM", "key_type": "key", "formal_key": "question"}}, {"shape_attributes": {"name": "rect", "x": 101, "y": 135, "width": 49, "height": 14}, "region_attributes": {"label": "SALES", "key_type": "key", "formal_key": "question"}}, {"shape_attributes": {"name": "rect", "x": 96, "y": 168, "width": 36, "height": 13}, "region_attributes": {"label": "BRAND", "key_type": "key", "formal_key": "question"}}, {"shape_attributes": {"name": "rect", "x": 10, "y": 141, "width": 70, "height": 13}, "region_attributes": {"label": "ORIGINATOR", "key_type": "key", "formal_key": "question"}}, {"shape_attributes": {"name": "rect", "x": 429, "y": 320, "width": 31, "height": 17}, "region_attributes": {"label": "THRU", "key_type": "value", "formal_key": "others"}}, {"shape_attributes": {"name": "rect", "x": 10, "y": 348, "width": 50, "height": 15}, "region_attributes": {"label": "REMARKS", "key_type": "key", "formal_key": "header"}}, {"shape_attributes": {"name": "rect", "x": 60, "y": 501, "width": 56, "height": 11}, "region_attributes": {"label": "LABELS", "key_type": "value", "formal_key": "others"}}, {"shape_attributes": {"name": "rect", "x": 59, "y": 487, "width": 57, "height": 11}, "region_attributes": {"label": "DECALS", "key_type": "value", "formal_key": "others"}}, {"shape_attributes": {"name": "rect", "x": 229, "y": 486, "width": 61, "height": 13}, "region_attributes": {"label": "MOBILES", "key_type": "value", "formal_key": "others"}}, {"shape_attributes": {"name": "rect", "x": 500, "y": 595, "width": 81, "height": 15}, "region_attributes": {"label": "35,000.00", "key_type": "value", "formal_key": "others"}}, {"shape_attributes": {"name": "rect", "x": 82, "y": 627, "width": 66, "height": 11}, "region_attributes": {"label": "APPROVALS", "key_type": "key", "formal_key": "header"}}, {"shape_attributes": {"name": "rect", "x": 270, "y": 651, "width": 31, "height": 18}, "region_attributes": {"label": "JAN", "key_type": "key", "formal_key": "question"}}, {"shape_attributes": {"name": "rect", "x": 271, "y": 666, "width": 31, "height": 15}, "region_attributes": {"label": "FEB", "key_type": "key", "formal_key": "question"}}, {"shape_attributes": {"name": "rect", "x": 272, "y": 680, "width": 28, "height": 15}, "region_attributes": {"label": "MAR", "key_type": "key", "formal_key": "question"}}, {"shape_attributes": {"name": "rect", "x": 10, "y": 661, "width": 36, "height": 11}, "region_attributes": {"label": "Agency", "key_type": "key", "formal_key": "question"}}, {"shape_attributes": {"name": "rect", "x": 10, "y": 689, "width": 54, "height": 14}, "region_attributes": {"label": "Forecasting", "key_type": "key", "formal_key": "question"}}, {"shape_attributes": {"name": "rect", "x": 10, "y": 716, "width": 46, "height": 17}, "region_attributes": {"label": "Marketing", "key_type": "key", "formal_key": "question"}}, {"shape_attributes": {"name": "rect", "x": 8, "y": 747, "width": 29, "height": 11}, "region_attributes": {"label": "Sales", "key_type": "key", "formal_key": "question"}}, {"shape_attributes": {"name": "rect", "x": 36, "y": 804, "width": 24, "height": 14}, "region_attributes": {"label": "Sales", "key_type": "key", "formal_key": "question"}}, {"shape_attributes": {"name": "rect", "x": 10, "y": 837, "width": 45, "height": 11}, "region_attributes": {"label": "President", "key_type": "key", "formal_key": "question"}}, {"shape_attributes": {"name": "rect", "x": 518, "y": 849, "width": 41, "height": 15}, "region_attributes": {"label": "5060", "key_type": "value", "formal_key": "answer"}}, {"shape_attributes": {"name": "rect", "x": 612, "y": 853, "width": 13, "height": 13}, "region_attributes": {"label": "Yr.", "key_type": "value", "formal_key": "others"}}, {"shape_attributes": {"name": "rect", "x": 676, "y": 848, "width": 15, "height": 15}, "region_attributes": {"label": "91", "key_type": "value", "formal_key": "others"}}, {"shape_attributes": {"name": "rect", "x": 66, "y": 32, "width": 86, "height": 60}, "region_attributes": {"label": "THE AMERICAN TOBACCO COMPANY", "key_type": "key", "formal_key": "header"}}, {"shape_attributes": {"name": "rect", "x": 173, "y": 34, "width": 165, "height": 32}, "region_attributes": {"label": "SIX STAMFORD FORUM P. O. BOX 10380 STAMFORD CONNECTICUT 06904- 2380", "key_type": "value", "formal_key": "others"}}, {"shape_attributes": {"name": "rect", "x": 622, "y": 34, "width": 58, "height": 11}, "region_attributes": {"label": "AT [1- 89)", "key_type": "value", "formal_key": "others"}}, {"shape_attributes": {"name": "rect", "x": 459, "y": 43, "width": 222, "height": 40}, "region_attributes": {"label": "ADVERTISING AND SELLING AUTHORIZATION", "key_type": "value", "formal_key": "others"}}, {"shape_attributes": {"name": "rect", "x": 22, "y": 99, "width": 647, "height": 19}, "region_attributes": {"label": "DO NOT MAKE ANY COMMITMENT OR AUTHORIZE ANY EXPENDITURE OF ANY KIND FOR ACCOUNT OF THIS COMPANY UNTIL EXECUTIVE APPROVAL HAS BEEN OBTAINED HEREON (BE GUIDED BY PPM 60,020 IN COMPLETING THIS FORM)", "key_type": "value", "formal_key": "others"}}, {"shape_attributes": {"name": "rect", "x": 57, "y": 191, "width": 198, "height": 19}, "region_attributes": {"label": "BULL DURHAM Filter Box", "key_type": "value", "formal_key": "answer"}}, {"shape_attributes": {"name": "rect", "x": 57, "y": 207, "width": 200, "height": 15}, "region_attributes": {"label": "BULL DURHAM Lights BOX", "key_type": "value", "formal_key": "answer"}}, {"shape_attributes": {"name": "rect", "x": 346, "y": 141, "width": 39, "height": 14}, "region_attributes": {"label": "JOB NO", "key_type": "key", "formal_key": "question"}}, {"shape_attributes": {"name": "rect", "x": 506, "y": 191, "width": 199, "height": 30}, "region_attributes": {"label": "COLLATERAL MERCHANDISING MATERIALS", "key_type": "value", "formal_key": "answer"}}, {"shape_attributes": {"name": "rect", "x": 176, "y": 320, "width": 78, "height": 18}, "region_attributes": {"label": "PERIOD - FROM", "key_type": "value", "formal_key": "others"}}, {"shape_attributes": {"name": "rect", "x": 278, "y": 318, "width": 43, "height": 14}, "region_attributes": {"label": "01/ 91", "key_type": "value", "formal_key": "others"}}, {"shape_attributes": {"name": "rect", "x": 482, "y": 316, "width": 45, "height": 20}, "region_attributes": {"label": "03/ 91", "key_type": "value", "formal_key": "others"}}, {"shape_attributes": {"name": "rect", "x": 60, "y": 384, "width": 630, "height": 35}, "region_attributes": {"label": "To cover the cost of collateral merchandising materials to be used in 1991 in connection with the merchandising and promotion of BULL DURHAM.", "key_type": "key", "formal_key": "question"}}, {"shape_attributes": {"name": "rect", "x": 59, "y": 429, "width": 575, "height": 30}, "region_attributes": {"label": "These costs will include but are not exclusive to the the following materials:", "key_type": "key", "formal_key": "question"}}, {"shape_attributes": {"name": "rect", "x": 57, "y": 471, "width": 148, "height": 17}, "region_attributes": {"label": "CARTON END PANELS", "key_type": "value", "formal_key": "others"}}, {"shape_attributes": {"name": "rect", "x": 466, "y": 471, "width": 123, "height": 15}, "region_attributes": {"label": "SCORED CARTONS", "key_type": "value", "formal_key": "others"}}, {"shape_attributes": {"name": "rect", "x": 468, "y": 485, "width": 120, "height": 14}, "region_attributes": {"label": "SHELF DANGLERS", "key_type": "value", "formal_key": "others"}}, {"shape_attributes": {"name": "rect", "x": 468, "y": 499, "width": 182, "height": 17}, "region_attributes": {"label": "SIDING INDOOR TALKERS", "key_type": "value", "formal_key": "others"}}, {"shape_attributes": {"name": "rect", "x": 229, "y": 513, "width": 166, "height": 15}, "region_attributes": {"label": "PACKAGE I. D. STRIPS", "key_type": "value", "formal_key": "others"}}, {"shape_attributes": {"name": "rect", "x": 229, "y": 497, "width": 188, "height": 20}, "region_attributes": {"label": "POSTERS (LARGE WINDOW)", "key_type": "value", "formal_key": "others"}}, {"shape_attributes": {"name": "rect", "x": 230, "y": 471, "width": 95, "height": 17}, "region_attributes": {"label": "LIGHT THIEF", "key_type": "value", "formal_key": "others"}}, {"shape_attributes": {"name": "rect", "x": 60, "y": 513, "width": 97, "height": 16}, "region_attributes": {"label": "JUMBO PACKS", "key_type": "value", "formal_key": "others"}}, {"shape_attributes": {"name": "rect", "x": 402, "y": 601, "width": 44, "height": 15}, "region_attributes": {"label": "TOTALS $", "key_type": "key", "formal_key": "question"}}, {"shape_attributes": {"name": "rect", "x": 380, "y": 627, "width": 144, "height": 13}, "region_attributes": {"label": "ACCOUNTING DISTRIBUTION", "key_type": "key", "formal_key": "header"}}, {"shape_attributes": {"name": "rect", "x": 10, "y": 774, "width": 78, "height": 18}, "region_attributes": {"label": "V. P. - Marketing", "key_type": "key", "formal_key": "question"}}, {"shape_attributes": {"name": "rect", "x": 13, "y": 863, "width": 70, "height": 14}, "region_attributes": {"label": "Chairman/ CEO", "key_type": "key", "formal_key": "question"}}, {"shape_attributes": {"name": "rect", "x": 304, "y": 654, "width": 104, "height": 14}, "region_attributes": {"label": "$ 10.000.", "key_type": "value", "formal_key": "answer"}}, {"shape_attributes": {"name": "rect", "x": 307, "y": 666, "width": 103, "height": 15}, "region_attributes": {"label": "$ 10.000.", "key_type": "value", "formal_key": "answer"}}, {"shape_attributes": {"name": "rect", "x": 306, "y": 677, "width": 105, "height": 18}, "region_attributes": {"label": "$ 15,000.", "key_type": "value", "formal_key": "answer"}}, {"shape_attributes": {"name": "rect", "x": 444, "y": 796, "width": 67, "height": 15}, "region_attributes": {"label": "Account Code", "key_type": "key", "formal_key": "question"}}, {"shape_attributes": {"name": "rect", "x": 444, "y": 825, "width": 63, "height": 15}, "region_attributes": {"label": "Budget Code", "key_type": "key", "formal_key": "question"}}, {"shape_attributes": {"name": "rect", "x": 444, "y": 853, "width": 45, "height": 14}, "region_attributes": {"label": "Auth No.", "key_type": "key", "formal_key": "question"}}, {"shape_attributes": {"name": "rect", "x": 547, "y": 792, "width": 59, "height": 20}, "region_attributes": {"label": "10- 320", "key_type": "value", "formal_key": "answer"}}]}}}