﻿{"file_name": "0060000813.json", "attributes": {"_via_img_metadata": {"regions": [{"shape_attributes": {"name": "rect", "x": 334, "y": 172, "width": 43, "height": 20}, "region_attributes": {"label": "Brand:", "key_type": "key", "formal_key": "question"}}, {"shape_attributes": {"name": "rect", "x": 511, "y": 203, "width": 45, "height": 17}, "region_attributes": {"label": "Power:", "key_type": "key", "formal_key": "question"}}, {"shape_attributes": {"name": "rect", "x": 332, "y": 201, "width": 46, "height": 15}, "region_attributes": {"label": "Pulse:", "key_type": "key", "formal_key": "question"}}, {"shape_attributes": {"name": "rect", "x": 92, "y": 170, "width": 53, "height": 14}, "region_attributes": {"label": "Modules:", "key_type": "key", "formal_key": "question"}}, {"shape_attributes": {"name": "rect", "x": 91, "y": 286, "width": 88, "height": 17}, "region_attributes": {"label": "Scorching:", "key_type": "key", "formal_key": "question"}}, {"shape_attributes": {"name": "rect", "x": 91, "y": 313, "width": 87, "height": 15}, "region_attributes": {"label": "Cratering:", "key_type": "key", "formal_key": "question"}}, {"shape_attributes": {"name": "rect", "x": 89, "y": 335, "width": 88, "height": 20}, "region_attributes": {"label": "Comments:", "key_type": "key", "formal_key": "question"}}, {"shape_attributes": {"name": "rect", "x": 92, "y": 430, "width": 84, "height": 17}, "region_attributes": {"label": "Scorching:", "key_type": "key", "formal_key": "question"}}, {"shape_attributes": {"name": "rect", "x": 89, "y": 454, "width": 85, "height": 15}, "region_attributes": {"label": "Cratering", "key_type": "key", "formal_key": "question"}}, {"shape_attributes": {"name": "rect", "x": 91, "y": 480, "width": 87, "height": 17}, "region_attributes": {"label": "Comments:", "key_type": "key", "formal_key": "question"}}, {"shape_attributes": {"name": "rect", "x": 91, "y": 517, "width": 53, "height": 18}, "region_attributes": {"label": "Module:", "key_type": "key", "formal_key": "question"}}, {"shape_attributes": {"name": "rect", "x": 330, "y": 522, "width": 46, "height": 17}, "region_attributes": {"label": "Brand:", "key_type": "key", "formal_key": "question"}}, {"shape_attributes": {"name": "rect", "x": 330, "y": 547, "width": 46, "height": 17}, "region_attributes": {"label": "Pulse:", "key_type": "key", "formal_key": "question"}}, {"shape_attributes": {"name": "rect", "x": 91, "y": 631, "width": 84, "height": 18}, "region_attributes": {"label": "Scorching:", "key_type": "key", "formal_key": "question"}}, {"shape_attributes": {"name": "rect", "x": 89, "y": 658, "width": 84, "height": 17}, "region_attributes": {"label": "Cratering:", "key_type": "key", "formal_key": "question"}}, {"shape_attributes": {"name": "rect", "x": 91, "y": 684, "width": 82, "height": 18}, "region_attributes": {"label": "Comments:", "key_type": "key", "formal_key": "question"}}, {"shape_attributes": {"name": "rect", "x": 88, "y": 772, "width": 85, "height": 17}, "region_attributes": {"label": "Scorching:", "key_type": "key", "formal_key": "question"}}, {"shape_attributes": {"name": "rect", "x": 85, "y": 800, "width": 88, "height": 18}, "region_attributes": {"label": "Cratering:", "key_type": "key", "formal_key": "question"}}, {"shape_attributes": {"name": "rect", "x": 88, "y": 830, "width": 87, "height": 17}, "region_attributes": {"label": "Comments:", "key_type": "key", "formal_key": "question"}}, {"shape_attributes": {"name": "rect", "x": 506, "y": 549, "width": 49, "height": 15}, "region_attributes": {"label": "Power:", "key_type": "key", "formal_key": "question"}}, {"shape_attributes": {"name": "rect", "x": 197, "y": 169, "width": 24, "height": 15}, "region_attributes": {"label": "412", "key_type": "value", "formal_key": "answer"}}, {"shape_attributes": {"name": "rect", "x": 236, "y": 284, "width": 106, "height": 17}, "region_attributes": {"label": "Insignificant.", "key_type": "value", "formal_key": "answer"}}, {"shape_attributes": {"name": "rect", "x": 236, "y": 427, "width": 106, "height": 17}, "region_attributes": {"label": "Insignificant.", "key_type": "value", "formal_key": "answer"}}, {"shape_attributes": {"name": "rect", "x": 91, "y": 103, "width": 63, "height": 18}, "region_attributes": {"label": "Week of:", "key_type": "key", "formal_key": "question"}}, {"shape_attributes": {"name": "rect", "x": 249, "y": 80, "width": 36, "height": 15}, "region_attributes": {"label": "P. S.", "key_type": "key", "formal_key": "question"}}, {"shape_attributes": {"name": "rect", "x": 388, "y": 78, "width": 42, "height": 17}, "region_attributes": {"label": "73 -91", "key_type": "value", "formal_key": "answer"}}, {"shape_attributes": {"name": "rect", "x": 394, "y": 110, "width": 103, "height": 15}, "region_attributes": {"label": "Date Received", "key_type": "key", "formal_key": "question"}}, {"shape_attributes": {"name": "rect", "x": 547, "y": 110, "width": 59, "height": 16}, "region_attributes": {"label": "1 /25 /91", "key_type": "value", "formal_key": "answer"}}, {"shape_attributes": {"name": "rect", "x": 247, "y": 131, "width": 321, "height": 32}, "region_attributes": {"label": "LASER PERFORATED TIPPING APPEARANCE CHECK HOLE DEPTH, SCORCHING, CRATERING", "key_type": "key", "formal_key": "header"}}, {"shape_attributes": {"name": "rect", "x": 94, "y": 196, "width": 99, "height": 18}, "region_attributes": {"label": "Shift & Date:", "key_type": "key", "formal_key": "question"}}, {"shape_attributes": {"name": "rect", "x": 387, "y": 169, "width": 259, "height": 18}, "region_attributes": {"label": "CARLTON Filter 100's - 4 Mg Laser", "key_type": "value", "formal_key": "answer"}}, {"shape_attributes": {"name": "rect", "x": 472, "y": 190, "width": 121, "height": 15}, "region_attributes": {"label": "Mfg. for Taiwan", "key_type": "value", "formal_key": "answer"}}, {"shape_attributes": {"name": "rect", "x": 339, "y": 237, "width": 126, "height": 20}, "region_attributes": {"label": "FRONT CIGARETTES", "key_type": "key", "formal_key": "header"}}, {"shape_attributes": {"name": "rect", "x": 228, "y": 260, "width": 255, "height": 15}, "region_attributes": {"label": "<1 mm 13 .0 mm from end", "key_type": "value", "formal_key": "answer"}}, {"shape_attributes": {"name": "rect", "x": 236, "y": 310, "width": 168, "height": 17}, "region_attributes": {"label": "None to insignificant.", "key_type": "value", "formal_key": "answer"}}, {"shape_attributes": {"name": "rect", "x": 233, "y": 334, "width": 247, "height": 20}, "region_attributes": {"label": "Excellent appearance (18 holes).", "key_type": "value", "formal_key": "answer"}}, {"shape_attributes": {"name": "rect", "x": 91, "y": 260, "width": 86, "height": 20}, "region_attributes": {"label": "Hole Depth:", "key_type": "key", "formal_key": "question"}}, {"shape_attributes": {"name": "rect", "x": 91, "y": 402, "width": 86, "height": 18}, "region_attributes": {"label": "Hole Depth:", "key_type": "key", "formal_key": "question"}}, {"shape_attributes": {"name": "rect", "x": 229, "y": 408, "width": 254, "height": 15}, "region_attributes": {"label": "<1 mm 13 .0 mm from end", "key_type": "value", "formal_key": "answer"}}, {"shape_attributes": {"name": "rect", "x": 346, "y": 381, "width": 119, "height": 17}, "region_attributes": {"label": "BACK CIGARETTES", "key_type": "key", "formal_key": "header"}}, {"shape_attributes": {"name": "rect", "x": 233, "y": 453, "width": 172, "height": 15}, "region_attributes": {"label": "None to insignificant.", "key_type": "value", "formal_key": "answer"}}, {"shape_attributes": {"name": "rect", "x": 237, "y": 476, "width": 244, "height": 18}, "region_attributes": {"label": "Excellent appearance (18 holes).", "key_type": "value", "formal_key": "answer"}}, {"shape_attributes": {"name": "rect", "x": 89, "y": 542, "width": 101, "height": 21}, "region_attributes": {"label": "Shift & Date:", "key_type": "key", "formal_key": "question"}}, {"shape_attributes": {"name": "rect", "x": 337, "y": 584, "width": 125, "height": 20}, "region_attributes": {"label": "FRONT CIGARETTES", "key_type": "key", "formal_key": "header"}}, {"shape_attributes": {"name": "rect", "x": 89, "y": 606, "width": 85, "height": 17}, "region_attributes": {"label": "Hole Depth:", "key_type": "key", "formal_key": "question"}}, {"shape_attributes": {"name": "rect", "x": 346, "y": 726, "width": 116, "height": 20}, "region_attributes": {"label": "BACK CIGARETTES", "key_type": "key", "formal_key": "header"}}, {"shape_attributes": {"name": "rect", "x": 88, "y": 749, "width": 85, "height": 17}, "region_attributes": {"label": "Hole Depth:", "key_type": "key", "formal_key": "question"}}, {"shape_attributes": {"name": "rect", "x": 534, "y": 877, "width": 111, "height": 20}, "region_attributes": {"label": "ATXO2 0062194", "key_type": "value", "formal_key": "others"}}]}}}