﻿{"file_name": "0060091229.json", "attributes": {"_via_img_metadata": {"regions": [{"shape_attributes": {"name": "rect", "x": 183, "y": 860, "width": 88, "height": 8}, "region_attributes": {"label": "Attention:", "key_type": "key", "formal_key": "question"}}, {"shape_attributes": {"name": "rect", "x": 203, "y": 50, "width": 306, "height": 47}, "region_attributes": {"label": "MARDEN- KANE. INC. 666 FIFTH AVE. NEW YORK, N.Y. 10103 (212) 582-6600", "key_type": "key", "formal_key": "header"}}, {"shape_attributes": {"name": "rect", "x": 262, "y": 164, "width": 183, "height": 15}, "region_attributes": {"label": "TRAVEL INFORMATION SHEET", "key_type": "key", "formal_key": "header"}}, {"shape_attributes": {"name": "rect", "x": 75, "y": 201, "width": 561, "height": 40}, "region_attributes": {"label": "This information will be used by Marden- Kane in making travel arrangements for your round- trip to Los Angeles, California.", "key_type": "value", "formal_key": "others"}}, {"shape_attributes": {"name": "rect", "x": 71, "y": 259, "width": 107, "height": 17}, "region_attributes": {"label": "Finalist Name:", "key_type": "key", "formal_key": "question"}}, {"shape_attributes": {"name": "rect", "x": 75, "y": 304, "width": 96, "height": 13}, "region_attributes": {"label": "Home Address:", "key_type": "key", "formal_key": "question"}}, {"shape_attributes": {"name": "rect", "x": 76, "y": 347, "width": 110, "height": 13}, "region_attributes": {"label": "Home Telephone:", "key_type": "key", "formal_key": "question"}}, {"shape_attributes": {"name": "rect", "x": 76, "y": 390, "width": 139, "height": 14}, "region_attributes": {"label": "Business Telephone:", "key_type": "key", "formal_key": "question"}}, {"shape_attributes": {"name": "rect", "x": 73, "y": 432, "width": 105, "height": 17}, "region_attributes": {"label": "Name of Guests", "key_type": "key", "formal_key": "question"}}, {"shape_attributes": {"name": "rect", "x": 80, "y": 473, "width": 179, "height": 15}, "region_attributes": {"label": "Relationship to Finalist:", "key_type": "key", "formal_key": "question"}}, {"shape_attributes": {"name": "rect", "x": 78, "y": 515, "width": 156, "height": 30}, "region_attributes": {"label": "Major Airport Nearest your home:", "key_type": "key", "formal_key": "question"}}, {"shape_attributes": {"name": "rect", "x": 78, "y": 575, "width": 134, "height": 27}, "region_attributes": {"label": "Distance from your home to airport:", "key_type": "key", "formal_key": "question"}}, {"shape_attributes": {"name": "rect", "x": 78, "y": 630, "width": 159, "height": 43}, "region_attributes": {"label": "Do you prefer airline seats in smoking or non- smoking section:", "key_type": "key", "formal_key": "question"}}, {"shape_attributes": {"name": "rect", "x": 78, "y": 713, "width": 178, "height": 41}, "region_attributes": {"label": "Any special dietary meal and/ you or your guest would prefer", "key_type": "key", "formal_key": "question"}}, {"shape_attributes": {"name": "rect", "x": 78, "y": 817, "width": 87, "height": 10}, "region_attributes": {"label": "RETURN TO:", "key_type": "key", "formal_key": "question"}}, {"shape_attributes": {"name": "rect", "x": 183, "y": 814, "width": 175, "height": 44}, "region_attributes": {"label": "Harden- Kane, Inc. 666 Fifth Avenue New York, N. Y. 10103", "key_type": "value", "formal_key": "answer"}}, {"shape_attributes": {"name": "rect", "x": 277, "y": 855, "width": 107, "height": 16}, "region_attributes": {"label": "Ms. L. Sobel", "key_type": "value", "formal_key": "answer"}}]}}}