﻿{"file_name": "0060036622.json", "attributes": {"_via_img_metadata": {"regions": [{"shape_attributes": {"name": "rect", "x": 247, "y": 60, "width": 22, "height": 14}, "region_attributes": {"label": "TO:", "key_type": "key", "formal_key": "question"}}, {"shape_attributes": {"name": "rect", "x": 247, "y": 116, "width": 41, "height": 14}, "region_attributes": {"label": "From:", "key_type": "key", "formal_key": "question"}}, {"shape_attributes": {"name": "rect", "x": 291, "y": 258, "width": 101, "height": 13}, "region_attributes": {"label": "Contribution", "key_type": "key", "formal_key": "question"}}, {"shape_attributes": {"name": "rect", "x": 249, "y": 286, "width": 75, "height": 14}, "region_attributes": {"label": "Requested", "key_type": "key", "formal_key": "question"}}, {"shape_attributes": {"name": "rect", "x": 331, "y": 286, "width": 20, "height": 15}, "region_attributes": {"label": "by", "key_type": "key", "formal_key": "question"}}, {"shape_attributes": {"name": "rect", "x": 642, "y": 860, "width": 34, "height": 14}, "region_attributes": {"label": "1976", "key_type": "key", "formal_key": "question"}}, {"shape_attributes": {"name": "rect", "x": 265, "y": 254, "width": 21, "height": 20}, "region_attributes": {"label": "\u2611", "key_type": "value", "formal_key": "answer"}}, {"shape_attributes": {"name": "rect", "x": 356, "y": 344, "width": 61, "height": 14}, "region_attributes": {"label": "Message", "key_type": "key", "formal_key": "question"}}, {"shape_attributes": {"name": "rect", "x": 353, "y": 763, "width": 21, "height": 20}, "region_attributes": {"label": "", "key_type": "value", "formal_key": "answer"}}, {"shape_attributes": {"name": "rect", "x": 296, "y": 59, "width": 146, "height": 14}, "region_attributes": {"label": "Mr. G. J. Schramm", "key_type": "value", "formal_key": "answer"}}, {"shape_attributes": {"name": "rect", "x": 507, "y": 59, "width": 129, "height": 14}, "region_attributes": {"label": "Mr. W. P. Myhan", "key_type": "value", "formal_key": "answer"}}, {"shape_attributes": {"name": "rect", "x": 507, "y": 73, "width": 137, "height": 14}, "region_attributes": {"label": "Mr. F. X. Whelan", "key_type": "value", "formal_key": "answer"}}, {"shape_attributes": {"name": "rect", "x": 296, "y": 74, "width": 162, "height": 14}, "region_attributes": {"label": "Mr. R. H. Stinnette", "key_type": "value", "formal_key": "answer"}}, {"shape_attributes": {"name": "rect", "x": 296, "y": 88, "width": 153, "height": 14}, "region_attributes": {"label": "Mr. J. B. McCarthy", "key_type": "value", "formal_key": "answer"}}, {"shape_attributes": {"name": "rect", "x": 296, "y": 115, "width": 105, "height": 14}, "region_attributes": {"label": "E. E. Curtin", "key_type": "value", "formal_key": "answer"}}, {"shape_attributes": {"name": "rect", "x": 247, "y": 186, "width": 380, "height": 45}, "region_attributes": {"label": "Request for contribution or membership to be considered by contributions Committee at next meeting", "key_type": "value", "formal_key": "others"}}, {"shape_attributes": {"name": "rect", "x": 448, "y": 256, "width": 112, "height": 17}, "region_attributes": {"label": "\u2610 Membership", "key_type": "key", "formal_key": "question"}}, {"shape_attributes": {"name": "rect", "x": 377, "y": 271, "width": 189, "height": 57}, "region_attributes": {"label": "Harvard Medical School and Dr. Gary Huber Boston, Massachusetts", "key_type": "value", "formal_key": "answer"}}, {"shape_attributes": {"name": "rect", "x": 454, "y": 341, "width": 113, "height": 15}, "region_attributes": {"label": "Letter 8/ 1/ 76", "key_type": "value", "formal_key": "answer"}}, {"shape_attributes": {"name": "rect", "x": 249, "y": 372, "width": 209, "height": 14}, "region_attributes": {"label": "For American Brands, Inc.", "key_type": "key", "formal_key": "question"}}, {"shape_attributes": {"name": "rect", "x": 267, "y": 429, "width": 354, "height": 14}, "region_attributes": {"label": "Recent actions regarding above solicitor ", "key_type": "key", "formal_key": "question"}}, {"shape_attributes": {"name": "rect", "x": 331, "y": 453, "width": 232, "height": 15}, "region_attributes": {"label": "1976 $ 40, 921. 30 by A. B., Inc.", "key_type": "value", "formal_key": "answer"}}, {"shape_attributes": {"name": "rect", "x": 330, "y": 466, "width": 234, "height": 16}, "region_attributes": {"label": "1975 84, 309. 94 A. B., Inc.", "key_type": "value", "formal_key": "answer"}}, {"shape_attributes": {"name": "rect", "x": 328, "y": 479, "width": 238, "height": 17}, "region_attributes": {"label": "1974 92, 131. 29 A. B., Inc.", "key_type": "value", "formal_key": "answer"}}, {"shape_attributes": {"name": "rect", "x": 331, "y": 492, "width": 235, "height": 18}, "region_attributes": {"label": "1973 91, 630. 53 A. B., Inc.", "key_type": "value", "formal_key": "answer"}}, {"shape_attributes": {"name": "rect", "x": 267, "y": 584, "width": 78, "height": 13}, "region_attributes": {"label": "Remarks -", "key_type": "key", "formal_key": "question"}}, {"shape_attributes": {"name": "rect", "x": 243, "y": 457, "width": 78, "height": 11}, "region_attributes": {"label": "Payment -", "key_type": "key", "formal_key": "question"}}, {"shape_attributes": {"name": "rect", "x": 246, "y": 620, "width": 390, "height": 59}, "region_attributes": {"label": "For confirmation by the Committee. Check for $ 43, 910. 30 representing the ninth semi- annual installment to the Harvard Project transmitted August 1976.", "key_type": "value", "formal_key": "answer"}}, {"shape_attributes": {"name": "rect", "x": 251, "y": 749, "width": 354, "height": 16}, "region_attributes": {"label": "Decision of Committee on Present Request -", "key_type": "key", "formal_key": "question"}}, {"shape_attributes": {"name": "rect", "x": 268, "y": 778, "width": 62, "height": 17}, "region_attributes": {"label": "Pay - $", "key_type": "key", "formal_key": "question"}}, {"shape_attributes": {"name": "rect", "x": 270, "y": 804, "width": 185, "height": 18}, "region_attributes": {"label": "Declined - Send letter", "key_type": "key", "formal_key": "question"}}, {"shape_attributes": {"name": "rect", "x": 546, "y": 806, "width": 68, "height": 14}, "region_attributes": {"label": "YES NO", "key_type": "value", "formal_key": "answer"}}, {"shape_attributes": {"name": "rect", "x": 270, "y": 834, "width": 237, "height": 14}, "region_attributes": {"label": "Consideration deferred until", "key_type": "key", "formal_key": "question"}}, {"shape_attributes": {"name": "rect", "x": 372, "y": 860, "width": 168, "height": 17}, "region_attributes": {"label": "Committee meeting ", "key_type": "key", "formal_key": "question"}}, {"shape_attributes": {"name": "rect", "x": 561, "y": 834, "width": 48, "height": 42}, "region_attributes": {"label": "8/ 26", "key_type": "value", "formal_key": "answer"}}]}}}