﻿{"file_name": "0060024314.json", "attributes": {"_via_img_metadata": {"regions": [{"shape_attributes": {"name": "rect", "x": 110, "y": 158, "width": 46, "height": 14}, "region_attributes": {"label": "Facility:", "key_type": "key", "formal_key": "question"}}, {"shape_attributes": {"name": "rect", "x": 542, "y": 156, "width": 52, "height": 15}, "region_attributes": {"label": "Permit#:", "key_type": "key", "formal_key": "question"}}, {"shape_attributes": {"name": "rect", "x": 120, "y": 281, "width": 73, "height": 17}, "region_attributes": {"label": "DESCRIPTION:", "key_type": "key", "formal_key": "question"}}, {"shape_attributes": {"name": "rect", "x": 119, "y": 394, "width": 28, "height": 14}, "region_attributes": {"label": "CAS#", "key_type": "key", "formal_key": "question"}}, {"shape_attributes": {"name": "rect", "x": 119, "y": 432, "width": 89, "height": 14}, "region_attributes": {"label": "MANUFACTURER:", "key_type": "key", "formal_key": "question"}}, {"shape_attributes": {"name": "rect", "x": 494, "y": 471, "width": 18, "height": 13}, "region_attributes": {"label": "No", "key_type": "key", "formal_key": "question"}}, {"shape_attributes": {"name": "rect", "x": 497, "y": 323, "width": 45, "height": 15}, "region_attributes": {"label": "Inorganic", "key_type": "key", "formal_key": "question"}}, {"shape_attributes": {"name": "rect", "x": 536, "y": 432, "width": 49, "height": 13}, "region_attributes": {"label": "PHONE", "key_type": "key", "formal_key": "question"}}, {"shape_attributes": {"name": "rect", "x": 135, "y": 764, "width": 28, "height": 13}, "region_attributes": {"label": "Other", "key_type": "key", "formal_key": "question"}}, {"shape_attributes": {"name": "rect", "x": 381, "y": 324, "width": 36, "height": 13}, "region_attributes": {"label": "Organic", "key_type": "value", "formal_key": "answer"}}, {"shape_attributes": {"name": "rect", "x": 376, "y": 471, "width": 20, "height": 11}, "region_attributes": {"label": "Yes", "key_type": "value", "formal_key": "answer"}}, {"shape_attributes": {"name": "rect", "x": 295, "y": 568, "width": 34, "height": 15}, "region_attributes": {"label": "74880", "key_type": "value", "formal_key": "answer"}}, {"shape_attributes": {"name": "rect", "x": 309, "y": 596, "width": 28, "height": 10}, "region_attributes": {"label": "6240", "key_type": "value", "formal_key": "answer"}}, {"shape_attributes": {"name": "rect", "x": 612, "y": 175, "width": 28, "height": 15}, "region_attributes": {"label": "0001", "key_type": "value", "formal_key": "answer"}}, {"shape_attributes": {"name": "rect", "x": 228, "y": 53, "width": 364, "height": 46}, "region_attributes": {"label": "CITY OF REIDSVILLE CHEMICAL MANAGEMENT PLAN 1993 INVENTORY CHEMICAL USAGE FACT SHEET", "key_type": "key", "formal_key": "header"}}, {"shape_attributes": {"name": "rect", "x": 251, "y": 112, "width": 313, "height": 31}, "region_attributes": {"label": "Process Chemicals Used in Excess of 100 Pounds/ Day, Water Treatment Chemicals, Cleaning Compounds", "key_type": "value", "formal_key": "others"}}, {"shape_attributes": {"name": "rect", "x": 161, "y": 176, "width": 185, "height": 17}, "region_attributes": {"label": "The American Tobacco Company", "key_type": "value", "formal_key": "answer"}}, {"shape_attributes": {"name": "rect", "x": 335, "y": 211, "width": 137, "height": 15}, "region_attributes": {"label": "CHEMICAL DESCRIPTION", "key_type": "key", "formal_key": "header"}}, {"shape_attributes": {"name": "rect", "x": 123, "y": 246, "width": 152, "height": 18}, "region_attributes": {"label": "PRODUCT (CHEMICAL) NAME:", "key_type": "key", "formal_key": "question"}}, {"shape_attributes": {"name": "rect", "x": 295, "y": 256, "width": 100, "height": 15}, "region_attributes": {"label": "Fuller G2315 DC", "key_type": "value", "formal_key": "answer"}}, {"shape_attributes": {"name": "rect", "x": 196, "y": 286, "width": 101, "height": 16}, "region_attributes": {"label": "Liquid Adhesive", "key_type": "value", "formal_key": "answer"}}, {"shape_attributes": {"name": "rect", "x": 119, "y": 320, "width": 199, "height": 15}, "region_attributes": {"label": "PRODUCT CLASSIFICATION (Circle Dne):", "key_type": "key", "formal_key": "question"}}, {"shape_attributes": {"name": "rect", "x": 119, "y": 358, "width": 116, "height": 16}, "region_attributes": {"label": "CHEMICAL FORMULA:", "key_type": "key", "formal_key": "question"}}, {"shape_attributes": {"name": "rect", "x": 267, "y": 362, "width": 85, "height": 16}, "region_attributes": {"label": "Vinyl Acetate", "key_type": "value", "formal_key": "answer"}}, {"shape_attributes": {"name": "rect", "x": 454, "y": 395, "width": 161, "height": 16}, "region_attributes": {"label": "PERCENT ACTIVES (Non -water):", "key_type": "key", "formal_key": "question"}}, {"shape_attributes": {"name": "rect", "x": 623, "y": 391, "width": 42, "height": 31}, "region_attributes": {"label": ".5%", "key_type": "value", "formal_key": "answer"}}, {"shape_attributes": {"name": "rect", "x": 584, "y": 441, "width": 81, "height": 15}, "region_attributes": {"label": "", "key_type": "value", "formal_key": "answer"}}, {"shape_attributes": {"name": "rect", "x": 237, "y": 439, "width": 133, "height": 15}, "region_attributes": {"label": "H. B. Fuller Company", "key_type": "value", "formal_key": "answer"}}, {"shape_attributes": {"name": "rect", "x": 197, "y": 399, "width": 52, "height": 15}, "region_attributes": {"label": "108 -05 -4", "key_type": "value", "formal_key": "answer"}}, {"shape_attributes": {"name": "rect", "x": 116, "y": 468, "width": 139, "height": 17}, "region_attributes": {"label": "MSDS ON FILE? (Circle One):", "key_type": "key", "formal_key": "question"}}, {"shape_attributes": {"name": "rect", "x": 346, "y": 518, "width": 101, "height": 13}, "region_attributes": {"label": "CHEMICAL USAGE", "key_type": "key", "formal_key": "header"}}, {"shape_attributes": {"name": "rect", "x": 115, "y": 556, "width": 145, "height": 15}, "region_attributes": {"label": "1993 ANNUAL USAGE (LBS.):", "key_type": "key", "formal_key": "question"}}, {"shape_attributes": {"name": "rect", "x": 115, "y": 592, "width": 179, "height": 16}, "region_attributes": {"label": "1993 AVG. MONTHLY USAGE (LBS.)", "key_type": "key", "formal_key": "question"}}, {"shape_attributes": {"name": "rect", "x": 113, "y": 626, "width": 224, "height": 19}, "region_attributes": {"label": "APPLICATION (Circle One and Briefly Describe):", "key_type": "key", "formal_key": "question"}}, {"shape_attributes": {"name": "rect", "x": 138, "y": 654, "width": 86, "height": 14}, "region_attributes": {"label": "Producion Process", "key_type": "key", "formal_key": "question"}}, {"shape_attributes": {"name": "rect", "x": 289, "y": 648, "width": 89, "height": 15}, "region_attributes": {"label": "label adhesive", "key_type": "value", "formal_key": "answer"}}, {"shape_attributes": {"name": "rect", "x": 135, "y": 691, "width": 78, "height": 13}, "region_attributes": {"label": "Water Treatment:", "key_type": "key", "formal_key": "question"}}, {"shape_attributes": {"name": "rect", "x": 137, "y": 726, "width": 106, "height": 16}, "region_attributes": {"label": "Housekeeping Cleaning", "key_type": "key", "formal_key": "question"}}, {"shape_attributes": {"name": "rect", "x": 527, "y": 876, "width": 108, "height": 14}, "region_attributes": {"label": "ATXO2 0132045", "key_type": "value", "formal_key": "others"}}]}}}