﻿{"file_name": "0060207528.json", "attributes": {"_via_img_metadata": {"regions": [{"shape_attributes": {"name": "rect", "x": 66, "y": 240, "width": 68, "height": 14}, "region_attributes": {"label": "CONTRACT:", "key_type": "key", "formal_key": "question"}}, {"shape_attributes": {"name": "rect", "x": 64, "y": 271, "width": 54, "height": 13}, "region_attributes": {"label": "CLIENT:", "key_type": "key", "formal_key": "question"}}, {"shape_attributes": {"name": "rect", "x": 66, "y": 327, "width": 52, "height": 15}, "region_attributes": {"label": "MARKET:", "key_type": "key", "formal_key": "question"}}, {"shape_attributes": {"name": "rect", "x": 316, "y": 419, "width": 20, "height": 27}, "region_attributes": {"label": "9", "key_type": "value", "formal_key": "answer"}}, {"shape_attributes": {"name": "rect", "x": 459, "y": 419, "width": 39, "height": 25}, "region_attributes": {"label": "45", "key_type": "value", "formal_key": "answer"}}, {"shape_attributes": {"name": "rect", "x": 601, "y": 415, "width": 42, "height": 25}, "region_attributes": {"label": "54", "key_type": "value", "formal_key": "answer"}}, {"shape_attributes": {"name": "rect", "x": 594, "y": 443, "width": 41, "height": 14}, "region_attributes": {"label": "TOTAL", "key_type": "key", "formal_key": "question"}}, {"shape_attributes": {"name": "rect", "x": 429, "y": 443, "width": 87, "height": 15}, "region_attributes": {"label": "ILLUMINATED", "key_type": "key", "formal_key": "question"}}, {"shape_attributes": {"name": "rect", "x": 291, "y": 444, "width": 56, "height": 17}, "region_attributes": {"label": "REGULAR", "key_type": "key", "formal_key": "question"}}, {"shape_attributes": {"name": "rect", "x": 67, "y": 489, "width": 43, "height": 17}, "region_attributes": {"label": "D.E.C", "key_type": "key", "formal_key": "question"}}, {"shape_attributes": {"name": "rect", "x": 66, "y": 536, "width": 46, "height": 14}, "region_attributes": {"label": "S.P.V.", "key_type": "key", "formal_key": "question"}}, {"shape_attributes": {"name": "rect", "x": 122, "y": 478, "width": 77, "height": 25}, "region_attributes": {"label": "534.1", "key_type": "value", "formal_key": "answer"}}, {"shape_attributes": {"name": "rect", "x": 355, "y": 853, "width": 71, "height": 14}, "region_attributes": {"label": "SIGNATURE", "key_type": "key", "formal_key": "question"}}, {"shape_attributes": {"name": "rect", "x": 356, "y": 895, "width": 35, "height": 15}, "region_attributes": {"label": "DATE", "key_type": "key", "formal_key": "question"}}, {"shape_attributes": {"name": "rect", "x": 423, "y": 799, "width": 272, "height": 67}, "region_attributes": {"label": "", "key_type": "value", "formal_key": "answer"}}, {"shape_attributes": {"name": "rect", "x": 67, "y": 911, "width": 31, "height": 14}, "region_attributes": {"label": "ATT.", "key_type": "value", "formal_key": "others"}}, {"shape_attributes": {"name": "rect", "x": 542, "y": 476, "width": 74, "height": 22}, "region_attributes": {"label": "527.6", "key_type": "value", "formal_key": "answer"}}, {"shape_attributes": {"name": "rect", "x": 146, "y": 43, "width": 443, "height": 26}, "region_attributes": {"label": "LAURENCE, CHARLES, FREE & LAWSON, INC.", "key_type": "key", "formal_key": "header"}}, {"shape_attributes": {"name": "rect", "x": 176, "y": 73, "width": 382, "height": 19}, "region_attributes": {"label": "260 MADISON AVENUE, NEW YORK, NY 10016 (212) 213- 4646", "key_type": "value", "formal_key": "others"}}, {"shape_attributes": {"name": "rect", "x": 208, "y": 133, "width": 290, "height": 18}, "region_attributes": {"label": "30- SHEET POSTING COMPLETION REPORT FORM", "key_type": "key", "formal_key": "header"}}, {"shape_attributes": {"name": "rect", "x": 64, "y": 162, "width": 566, "height": 48}, "region_attributes": {"label": "PLEASE RETURN TWO (2) COPIES OF THE LOCATION LIST ALONG WITH TWO (2) COPIES OF THIS COMPLETION REPORT FORM TO THE ATTENTION OF MR. JOSEPH VAZQUEZ AT THE ABOVE ADDRESS", "key_type": "value", "formal_key": "others"}}, {"shape_attributes": {"name": "rect", "x": 158, "y": 239, "width": 78, "height": 17}, "region_attributes": {"label": "A- 530- 1059", "key_type": "value", "formal_key": "answer"}}, {"shape_attributes": {"name": "rect", "x": 130, "y": 267, "width": 211, "height": 19}, "region_attributes": {"label": "THE AMERICAN TOBACCO COMPANY", "key_type": "value", "formal_key": "answer"}}, {"shape_attributes": {"name": "rect", "x": 158, "y": 295, "width": 150, "height": 18}, "region_attributes": {"label": "PALL MALL RED LIGHTS", "key_type": "value", "formal_key": "answer"}}, {"shape_attributes": {"name": "rect", "x": 67, "y": 299, "width": 81, "height": 15}, "region_attributes": {"label": "BRAND NAME:", "key_type": "key", "formal_key": "question"}}, {"shape_attributes": {"name": "rect", "x": 147, "y": 331, "width": 71, "height": 16}, "region_attributes": {"label": "Akron OH.", "key_type": "value", "formal_key": "answer"}}, {"shape_attributes": {"name": "rect", "x": 205, "y": 358, "width": 175, "height": 18}, "region_attributes": {"label": "Patrick Media Group, Inc", "key_type": "value", "formal_key": "answer"}}, {"shape_attributes": {"name": "rect", "x": 170, "y": 380, "width": 114, "height": 33}, "region_attributes": {"label": "F 75 GRP", "key_type": "value", "formal_key": "answer"}}, {"shape_attributes": {"name": "rect", "x": 64, "y": 356, "width": 113, "height": 18}, "region_attributes": {"label": "PLANT OPERATOR:", "key_type": "key", "formal_key": "question"}}, {"shape_attributes": {"name": "rect", "x": 64, "y": 387, "width": 97, "height": 17}, "region_attributes": {"label": "SIZE SHOWING:", "key_type": "key", "formal_key": "question"}}, {"shape_attributes": {"name": "rect", "x": 66, "y": 430, "width": 125, "height": 20}, "region_attributes": {"label": "NUMBER OF PANELS", "key_type": "key", "formal_key": "header"}}, {"shape_attributes": {"name": "rect", "x": 531, "y": 500, "width": 99, "height": 15}, "region_attributes": {"label": "PLANT AVERAGE", "key_type": "key", "formal_key": "question"}}, {"shape_attributes": {"name": "rect", "x": 531, "y": 545, "width": 103, "height": 19}, "region_attributes": {"label": "PLANT AVERAGE", "key_type": "key", "formal_key": "question"}}, {"shape_attributes": {"name": "rect", "x": 67, "y": 591, "width": 299, "height": 19}, "region_attributes": {"label": "DATE POSTERS RECEIVED FROM LITHOGRAPHER:", "key_type": "key", "formal_key": "question"}}, {"shape_attributes": {"name": "rect", "x": 385, "y": 567, "width": 86, "height": 41}, "region_attributes": {"label": "6/ 27/ 89", "key_type": "value", "formal_key": "answer"}}, {"shape_attributes": {"name": "rect", "x": 64, "y": 620, "width": 105, "height": 17}, "region_attributes": {"label": "POSTER DESIGN:", "key_type": "key", "formal_key": "question"}}, {"shape_attributes": {"name": "rect", "x": 187, "y": 616, "width": 298, "height": 23}, "region_attributes": {"label": "THE TASTE BREAKS THROUGH", "key_type": "value", "formal_key": "answer"}}, {"shape_attributes": {"name": "rect", "x": 67, "y": 649, "width": 171, "height": 16}, "region_attributes": {"label": "SCHEDULED POSTING DATE:", "key_type": "key", "formal_key": "question"}}, {"shape_attributes": {"name": "rect", "x": 272, "y": 645, "width": 55, "height": 20}, "region_attributes": {"label": "7/ 16/ 89", "key_type": "value", "formal_key": "answer"}}, {"shape_attributes": {"name": "rect", "x": 263, "y": 665, "width": 84, "height": 32}, "region_attributes": {"label": "7/ 21/ 89", "key_type": "value", "formal_key": "answer"}}, {"shape_attributes": {"name": "rect", "x": 66, "y": 677, "width": 173, "height": 18}, "region_attributes": {"label": "DATE POSTING COMPLETED:", "key_type": "key", "formal_key": "question"}}, {"shape_attributes": {"name": "rect", "x": 221, "y": 718, "width": 448, "height": 77}, "region_attributes": {"label": "THIS WILL CERTIFY THAT I HAVE EXAMINED THE RECORDS OF OUR BILLPOSTERS, AND VERIFY THAT ALL LOCATIONS LISTED ON THE ATTACHED LOCATION LIST WERE PROPERLY POSTED WITH THE CORRECT DESIGN WITHIN FIVE WORKING DAYS OF THE POSTING DATE ACCEPTED ON THE CONTRACT", "key_type": "value", "formal_key": "others"}}, {"shape_attributes": {"name": "rect", "x": 434, "y": 865, "width": 199, "height": 19}, "region_attributes": {"label": "Plant Manager/ Posting Supt", "key_type": "key", "formal_key": "question"}}, {"shape_attributes": {"name": "rect", "x": 411, "y": 880, "width": 98, "height": 42}, "region_attributes": {"label": "2/ 25/ 89", "key_type": "value", "formal_key": "answer"}}]}}}