﻿{"file_name": "0060262650.json", "attributes": {"_via_img_metadata": {"regions": [{"shape_attributes": {"name": "rect", "x": 503, "y": 63, "width": 57, "height": 18}, "region_attributes": {"label": "Telephone:", "key_type": "key", "formal_key": "question"}}, {"shape_attributes": {"name": "rect", "x": 444, "y": 134, "width": 77, "height": 20}, "region_attributes": {"label": "TELEPHONE", "key_type": "key", "formal_key": "question"}}, {"shape_attributes": {"name": "rect", "x": 14, "y": 165, "width": 28, "height": 17}, "region_attributes": {"label": "AME", "key_type": "key", "formal_key": "question"}}, {"shape_attributes": {"name": "rect", "x": 372, "y": 166, "width": 81, "height": 20}, "region_attributes": {"label": "AFFILLATION", "key_type": "key", "formal_key": "question"}}, {"shape_attributes": {"name": "rect", "x": 13, "y": 193, "width": 49, "height": 18}, "region_attributes": {"label": "DDRESS", "key_type": "key", "formal_key": "question"}}, {"shape_attributes": {"name": "rect", "x": 446, "y": 222, "width": 78, "height": 20}, "region_attributes": {"label": "TELEPHONE", "key_type": "key", "formal_key": "question"}}, {"shape_attributes": {"name": "rect", "x": 372, "y": 254, "width": 81, "height": 15}, "region_attributes": {"label": "AFFILIATION", "key_type": "key", "formal_key": "question"}}, {"shape_attributes": {"name": "rect", "x": 8, "y": 254, "width": 38, "height": 14}, "region_attributes": {"label": "AME", "key_type": "key", "formal_key": "question"}}, {"shape_attributes": {"name": "rect", "x": 7, "y": 282, "width": 57, "height": 17}, "region_attributes": {"label": "DDRESS", "key_type": "key", "formal_key": "question"}}, {"shape_attributes": {"name": "rect", "x": 349, "y": 448, "width": 41, "height": 15}, "region_attributes": {"label": "Position", "key_type": "key", "formal_key": "question"}}, {"shape_attributes": {"name": "rect", "x": 8, "y": 447, "width": 45, "height": 15}, "region_attributes": {"label": "resider", "key_type": "key", "formal_key": "question"}}, {"shape_attributes": {"name": "rect", "x": 20, "y": 468, "width": 50, "height": 18}, "region_attributes": {"label": "Affiliation", "key_type": "key", "formal_key": "question"}}, {"shape_attributes": {"name": "rect", "x": 22, "y": 521, "width": 47, "height": 17}, "region_attributes": {"label": "Affiliation", "key_type": "key", "formal_key": "question"}}, {"shape_attributes": {"name": "rect", "x": 349, "y": 500, "width": 39, "height": 15}, "region_attributes": {"label": "Position", "key_type": "key", "formal_key": "question"}}, {"shape_attributes": {"name": "rect", "x": 351, "y": 573, "width": 39, "height": 15}, "region_attributes": {"label": "Position", "key_type": "key", "formal_key": "question"}}, {"shape_attributes": {"name": "rect", "x": 20, "y": 592, "width": 52, "height": 17}, "region_attributes": {"label": "Affiliation", "key_type": "key", "formal_key": "question"}}, {"shape_attributes": {"name": "rect", "x": 20, "y": 615, "width": 31, "height": 17}, "region_attributes": {"label": "Topic.", "key_type": "key", "formal_key": "question"}}, {"shape_attributes": {"name": "rect", "x": 21, "y": 666, "width": 50, "height": 14}, "region_attributes": {"label": "Affiliation", "key_type": "key", "formal_key": "question"}}, {"shape_attributes": {"name": "rect", "x": 21, "y": 689, "width": 29, "height": 13}, "region_attributes": {"label": "Topic", "key_type": "key", "formal_key": "question"}}, {"shape_attributes": {"name": "rect", "x": 352, "y": 642, "width": 39, "height": 20}, "region_attributes": {"label": "Position", "key_type": "key", "formal_key": "question"}}, {"shape_attributes": {"name": "rect", "x": 349, "y": 718, "width": 42, "height": 15}, "region_attributes": {"label": "Position", "key_type": "key", "formal_key": "question"}}, {"shape_attributes": {"name": "rect", "x": 349, "y": 788, "width": 42, "height": 15}, "region_attributes": {"label": "Position", "key_type": "key", "formal_key": "question"}}, {"shape_attributes": {"name": "rect", "x": 22, "y": 807, "width": 50, "height": 17}, "region_attributes": {"label": "Affiliation", "key_type": "key", "formal_key": "question"}}, {"shape_attributes": {"name": "rect", "x": 20, "y": 831, "width": 29, "height": 15}, "region_attributes": {"label": "T\u03bfpic", "key_type": "key", "formal_key": "question"}}, {"shape_attributes": {"name": "rect", "x": 22, "y": 737, "width": 50, "height": 17}, "region_attributes": {"label": "Affiliation", "key_type": "key", "formal_key": "question"}}, {"shape_attributes": {"name": "rect", "x": 21, "y": 761, "width": 28, "height": 14}, "region_attributes": {"label": "Topic", "key_type": "key", "formal_key": "question"}}, {"shape_attributes": {"name": "rect", "x": 529, "y": 149, "width": 22, "height": 10}, "region_attributes": {"label": "", "key_type": "value", "formal_key": "others"}}, {"shape_attributes": {"name": "rect", "x": 552, "y": 151, "width": 22, "height": 10}, "region_attributes": {"label": "", "key_type": "value", "formal_key": "others"}}, {"shape_attributes": {"name": "rect", "x": 605, "y": 149, "width": 36, "height": 13}, "region_attributes": {"label": "", "key_type": "value", "formal_key": "others"}}, {"shape_attributes": {"name": "rect", "x": 605, "y": 237, "width": 38, "height": 10}, "region_attributes": {"label": "", "key_type": "value", "formal_key": "others"}}, {"shape_attributes": {"name": "rect", "x": 419, "y": 493, "width": 85, "height": 20}, "region_attributes": {"label": "Professor", "key_type": "value", "formal_key": "answer"}}, {"shape_attributes": {"name": "rect", "x": 413, "y": 635, "width": 85, "height": 21}, "region_attributes": {"label": "Professor", "key_type": "value", "formal_key": "answer"}}, {"shape_attributes": {"name": "rect", "x": 419, "y": 707, "width": 91, "height": 18}, "region_attributes": {"label": "Professor", "key_type": "value", "formal_key": "answer"}}, {"shape_attributes": {"name": "rect", "x": 413, "y": 779, "width": 131, "height": 17}, "region_attributes": {"label": "Cytogeneticist", "key_type": "value", "formal_key": "answer"}}, {"shape_attributes": {"name": "rect", "x": 21, "y": 546, "width": 29, "height": 15}, "region_attributes": {"label": "Topic", "key_type": "key", "formal_key": "question"}}, {"shape_attributes": {"name": "rect", "x": 75, "y": 11, "width": 150, "height": 45}, "region_attributes": {"label": "Annual Meeting Los Angeles", "key_type": "key", "formal_key": "header"}}, {"shape_attributes": {"name": "rect", "x": 106, "y": 53, "width": 91, "height": 20}, "region_attributes": {"label": "26- 31 May 1983", "key_type": "value", "formal_key": "others"}}, {"shape_attributes": {"name": "rect", "x": 256, "y": 0, "width": 213, "height": 21}, "region_attributes": {"label": "ACCEPTED SYMPOSIUM", "key_type": "key", "formal_key": "question"}}, {"shape_attributes": {"name": "rect", "x": 261, "y": 22, "width": 202, "height": 22}, "region_attributes": {"label": "Preliminary Program Information", "key_type": "value", "formal_key": "others"}}, {"shape_attributes": {"name": "rect", "x": 254, "y": 59, "width": 219, "height": 22}, "region_attributes": {"label": "Submit not later than 1 November", "key_type": "value", "formal_key": "others"}}, {"shape_attributes": {"name": "rect", "x": 501, "y": 0, "width": 135, "height": 20}, "region_attributes": {"label": "Return this form to:", "key_type": "key", "formal_key": "question"}}, {"shape_attributes": {"name": "rect", "x": 500, "y": 17, "width": 132, "height": 47}, "region_attributes": {"label": "AAAS Meetings Office 1101 Vermont Ave., N W. Washington, D. C. 20005", "key_type": "value", "formal_key": "answer"}}, {"shape_attributes": {"name": "rect", "x": 559, "y": 64, "width": 82, "height": 17}, "region_attributes": {"label": "(202) 842- 9530", "key_type": "value", "formal_key": "answer"}}, {"shape_attributes": {"name": "rect", "x": 173, "y": 101, "width": 343, "height": 18}, "region_attributes": {"label": "READ REVERSE SIDE BEFORE FILLING OUT THIS FORM", "key_type": "key", "formal_key": "header"}}, {"shape_attributes": {"name": "rect", "x": 527, "y": 127, "width": 114, "height": 24}, "region_attributes": {"label": "202/ 457- 4850", "key_type": "value", "formal_key": "answer"}}, {"shape_attributes": {"name": "rect", "x": 14, "y": 137, "width": 323, "height": 18}, "region_attributes": {"label": "RINCIPAL ORGANIZER (who will receive correspondence):", "key_type": "key", "formal_key": "question"}}, {"shape_attributes": {"name": "rect", "x": 61, "y": 165, "width": 187, "height": 17}, "region_attributes": {"label": "Marvin A Kastenbaum", "key_type": "value", "formal_key": "answer"}}, {"shape_attributes": {"name": "rect", "x": 61, "y": 191, "width": 259, "height": 23}, "region_attributes": {"label": "1825 Eye Street, NW Suite 800", "key_type": "value", "formal_key": "answer"}}, {"shape_attributes": {"name": "rect", "x": 323, "y": 193, "width": 103, "height": 20}, "region_attributes": {"label": "CITY STATE, ", "key_type": "key", "formal_key": "question"}}, {"shape_attributes": {"name": "rect", "x": 433, "y": 190, "width": 185, "height": 21}, "region_attributes": {"label": "Washington DC 20006", "key_type": "value", "formal_key": "answer"}}, {"shape_attributes": {"name": "rect", "x": 529, "y": 236, "width": 44, "height": 13}, "region_attributes": {"label": "", "key_type": "value", "formal_key": "others"}}, {"shape_attributes": {"name": "rect", "x": 10, "y": 221, "width": 176, "height": 22}, "region_attributes": {"label": "O ORGANIZER (if applicable):", "key_type": "key", "formal_key": "question"}}, {"shape_attributes": {"name": "rect", "x": 324, "y": 282, "width": 100, "height": 17}, "region_attributes": {"label": "CITY, STATE, ZIP", "key_type": "key", "formal_key": "question"}}, {"shape_attributes": {"name": "rect", "x": 10, "y": 360, "width": 178, "height": 20}, "region_attributes": {"label": "INAL TITLE OF SYMPOSIUM", "key_type": "key", "formal_key": "question"}}, {"shape_attributes": {"name": "rect", "x": 288, "y": 324, "width": 114, "height": 18}, "region_attributes": {"label": "FOR ONE SESSION", "key_type": "key", "formal_key": "header"}}, {"shape_attributes": {"name": "rect", "x": 279, "y": 351, "width": 191, "height": 22}, "region_attributes": {"label": "THE HUMAN CHROMOSOME", "key_type": "value", "formal_key": "answer"}}, {"shape_attributes": {"name": "rect", "x": 64, "y": 439, "width": 194, "height": 22}, "region_attributes": {"label": "Dr. William J. Schull", "key_type": "value", "formal_key": "answer"}}, {"shape_attributes": {"name": "rect", "x": 391, "y": 436, "width": 247, "height": 24}, "region_attributes": {"label": "Director - Genetics Centers", "key_type": "value", "formal_key": "answer"}}, {"shape_attributes": {"name": "rect", "x": 73, "y": 461, "width": 585, "height": 24}, "region_attributes": {"label": "Univ. of Texas Graduate School of Biomedical Sciences (Houston)", "key_type": "value", "formal_key": "answer"}}, {"shape_attributes": {"name": "rect", "x": 10, "y": 499, "width": 53, "height": 18}, "region_attributes": {"label": "- Speaker", "key_type": "key", "formal_key": "question"}}, {"shape_attributes": {"name": "rect", "x": 74, "y": 494, "width": 159, "height": 18}, "region_attributes": {"label": "Dr. Jorge J. Yunis", "key_type": "value", "formal_key": "answer"}}, {"shape_attributes": {"name": "rect", "x": 94, "y": 510, "width": 339, "height": 22}, "region_attributes": {"label": "Univ. of Minnesota School of Medicine", "key_type": "value", "formal_key": "answer"}}, {"shape_attributes": {"name": "rect", "x": 67, "y": 534, "width": 519, "height": 23}, "region_attributes": {"label": "The Oncogene, the Fragile Site, and Nonrandom Aberrations", "key_type": "value", "formal_key": "answer"}}, {"shape_attributes": {"name": "rect", "x": 10, "y": 571, "width": 55, "height": 20}, "region_attributes": {"label": "- Speaker", "key_type": "key", "formal_key": "question"}}, {"shape_attributes": {"name": "rect", "x": 75, "y": 561, "width": 163, "height": 23}, "region_attributes": {"label": "Dr. Sheldon Wolff", "key_type": "value", "formal_key": "answer"}}, {"shape_attributes": {"name": "rect", "x": 391, "y": 559, "width": 322, "height": 23}, "region_attributes": {"label": "Chairman - Professor of Cytogenetic", "key_type": "value", "formal_key": "answer"}}, {"shape_attributes": {"name": "rect", "x": 74, "y": 582, "width": 639, "height": 24}, "region_attributes": {"label": "Laborat. Radiobiology& Environmental Health - U. of Cal. San Francis", "key_type": "value", "formal_key": "answer"}}, {"shape_attributes": {"name": "rect", "x": 92, "y": 608, "width": 240, "height": 22}, "region_attributes": {"label": "Sister- -Chromatid Exchanges", "key_type": "value", "formal_key": "answer"}}, {"shape_attributes": {"name": "rect", "x": 10, "y": 645, "width": 53, "height": 17}, "region_attributes": {"label": "- Speaker", "key_type": "key", "formal_key": "question"}}, {"shape_attributes": {"name": "rect", "x": 67, "y": 637, "width": 178, "height": 20}, "region_attributes": {"label": "Dr. Patricia Jacobs", "key_type": "value", "formal_key": "answer"}}, {"shape_attributes": {"name": "rect", "x": 87, "y": 656, "width": 357, "height": 23}, "region_attributes": {"label": "University of Hawai - Dept. of Anatomy", "key_type": "value", "formal_key": "answer"}}, {"shape_attributes": {"name": "rect", "x": 66, "y": 679, "width": 343, "height": 24}, "region_attributes": {"label": "Abnormal Human Chromosome Complements", "key_type": "value", "formal_key": "answer"}}, {"shape_attributes": {"name": "rect", "x": 92, "y": 707, "width": 165, "height": 22}, "region_attributes": {"label": "Dr. Raymond White", "key_type": "value", "formal_key": "answer"}}, {"shape_attributes": {"name": "rect", "x": 8, "y": 716, "width": 55, "height": 17}, "region_attributes": {"label": "- Speaker", "key_type": "key", "formal_key": "question"}}, {"shape_attributes": {"name": "rect", "x": 95, "y": 729, "width": 169, "height": 23}, "region_attributes": {"label": "University of Utah", "key_type": "value", "formal_key": "answer"}}, {"shape_attributes": {"name": "rect", "x": 95, "y": 749, "width": 368, "height": 24}, "region_attributes": {"label": "Human Linkage Map based on DNA Markers", "key_type": "value", "formal_key": "answer"}}, {"shape_attributes": {"name": "rect", "x": 10, "y": 788, "width": 54, "height": 18}, "region_attributes": {"label": "- Speaker", "key_type": "key", "formal_key": "question"}}, {"shape_attributes": {"name": "rect", "x": 75, "y": 779, "width": 190, "height": 22}, "region_attributes": {"label": "Dr. Michael A. Bender", "key_type": "value", "formal_key": "answer"}}, {"shape_attributes": {"name": "rect", "x": 98, "y": 799, "width": 483, "height": 24}, "region_attributes": {"label": "Brookhaven National Laboratory - Medical Department", "key_type": "value", "formal_key": "answer"}}, {"shape_attributes": {"name": "rect", "x": 94, "y": 824, "width": 224, "height": 22}, "region_attributes": {"label": "Cyrogeneric Epidemiology", "key_type": "value", "formal_key": "answer"}}, {"shape_attributes": {"name": "rect", "x": 603, "y": 852, "width": 88, "height": 18}, "region_attributes": {"label": "See Reverse Side", "key_type": "value", "formal_key": "others"}}]}}}