﻿{"file_name": "0060068489.json", "attributes": {"_via_img_metadata": {"regions": [{"shape_attributes": {"name": "rect", "x": 554, "y": 181, "width": 36, "height": 12}, "region_attributes": {"label": "DATE", "key_type": "key", "formal_key": "question"}}, {"shape_attributes": {"name": "rect", "x": 534, "y": 201, "width": 79, "height": 9}, "region_attributes": {"label": "DESCRIPTION", "key_type": "key", "formal_key": "question"}}, {"shape_attributes": {"name": "rect", "x": 307, "y": 198, "width": 45, "height": 13}, "region_attributes": {"label": "MEDIUM", "key_type": "key", "formal_key": "question"}}, {"shape_attributes": {"name": "rect", "x": 606, "y": 178, "width": 61, "height": 13}, "region_attributes": {"label": "3/17/82", "key_type": "value", "formal_key": "answer"}}, {"shape_attributes": {"name": "rect", "x": 299, "y": 219, "width": 63, "height": 15}, "region_attributes": {"label": "Outdoor", "key_type": "value", "formal_key": "answer"}}, {"shape_attributes": {"name": "rect", "x": 25, "y": 177, "width": 49, "height": 13}, "region_attributes": {"label": "AGENCY", "key_type": "key", "formal_key": "question"}}, {"shape_attributes": {"name": "rect", "x": 69, "y": 198, "width": 43, "height": 10}, "region_attributes": {"label": "BRAND", "key_type": "key", "formal_key": "question"}}, {"shape_attributes": {"name": "rect", "x": 416, "y": 178, "width": 18, "height": 15}, "region_attributes": {"label": "NO.", "key_type": "key", "formal_key": "question"}}, {"shape_attributes": {"name": "rect", "x": 223, "y": 289, "width": 46, "height": 13}, "region_attributes": {"label": "April", "key_type": "value", "formal_key": "answer"}}, {"shape_attributes": {"name": "rect", "x": 407, "y": 293, "width": 39, "height": 12}, "region_attributes": {"label": "THRU", "key_type": "value", "formal_key": "answer"}}, {"shape_attributes": {"name": "rect", "x": 534, "y": 287, "width": 36, "height": 15}, "region_attributes": {"label": "July", "key_type": "value", "formal_key": "answer"}}, {"shape_attributes": {"name": "rect", "x": 100, "y": 382, "width": 37, "height": 13}, "region_attributes": {"label": "SPACE", "key_type": "key", "formal_key": "question"}}, {"shape_attributes": {"name": "rect", "x": 99, "y": 488, "width": 85, "height": 13}, "region_attributes": {"label": "CONTINGENCY", "key_type": "key", "formal_key": "question"}}, {"shape_attributes": {"name": "rect", "x": 21, "y": 344, "width": 49, "height": 13}, "region_attributes": {"label": "1,680", "key_type": "key", "formal_key": "question"}}, {"shape_attributes": {"name": "rect", "x": 391, "y": 513, "width": 70, "height": 10}, "region_attributes": {"label": "2.000.00", "key_type": "value", "formal_key": "answer"}}, {"shape_attributes": {"name": "rect", "x": 292, "y": 591, "width": 40, "height": 15}, "region_attributes": {"label": "TOTAL", "key_type": "key", "formal_key": "question"}}, {"shape_attributes": {"name": "rect", "x": 569, "y": 594, "width": 69, "height": 13}, "region_attributes": {"label": "APPROVALS", "key_type": "key", "formal_key": "header"}}, {"shape_attributes": {"name": "rect", "x": 506, "y": 624, "width": 36, "height": 13}, "region_attributes": {"label": "Agency", "key_type": "key", "formal_key": "question"}}, {"shape_attributes": {"name": "rect", "x": 506, "y": 648, "width": 40, "height": 10}, "region_attributes": {"label": "Product", "key_type": "key", "formal_key": "question"}}, {"shape_attributes": {"name": "rect", "x": 504, "y": 674, "width": 33, "height": 12}, "region_attributes": {"label": "Media", "key_type": "key", "formal_key": "question"}}, {"shape_attributes": {"name": "rect", "x": 506, "y": 699, "width": 30, "height": 12}, "region_attributes": {"label": "Sales", "key_type": "key", "formal_key": "question"}}, {"shape_attributes": {"name": "rect", "x": 506, "y": 725, "width": 49, "height": 12}, "region_attributes": {"label": "Marketing", "key_type": "key", "formal_key": "question"}}, {"shape_attributes": {"name": "rect", "x": 507, "y": 750, "width": 48, "height": 12}, "region_attributes": {"label": "Executive", "key_type": "key", "formal_key": "question"}}, {"shape_attributes": {"name": "rect", "x": 506, "y": 775, "width": 57, "height": 12}, "region_attributes": {"label": "Accounting", "key_type": "key", "formal_key": "question"}}, {"shape_attributes": {"name": "rect", "x": 25, "y": 645, "width": 58, "height": 15}, "region_attributes": {"label": "REMARKS:", "key_type": "key", "formal_key": "question"}}, {"shape_attributes": {"name": "rect", "x": 418, "y": 78, "width": 288, "height": 19}, "region_attributes": {"label": "ADVERTISING AND SELLING AUTHORIZATION", "key_type": "key", "formal_key": "header"}}, {"shape_attributes": {"name": "rect", "x": 636, "y": 67, "width": 68, "height": 10}, "region_attributes": {"label": "NYO 09 (10-81)", "key_type": "value", "formal_key": "others"}}, {"shape_attributes": {"name": "rect", "x": 25, "y": 55, "width": 280, "height": 55}, "region_attributes": {"label": "The American Tobacco Company DIVISION OF AMERICAN BRANDS INC. 265 PARK AVENUE, NEW YORK, NEW YORK 00267", "key_type": "key", "formal_key": "header"}}, {"shape_attributes": {"name": "rect", "x": 94, "y": 132, "width": 544, "height": 25}, "region_attributes": {"label": "DO NOT MAKE ANY COMMITMENT OR AUTHORIZE ANY EXPENDITURE OF ANY KIND FOR. ACCOUNT OF THIS COMPANY UNTIL EXECUTIVE APPROVAL HAS BEEN OBTAINED HEREON.", "key_type": "value", "formal_key": "others"}}, {"shape_attributes": {"name": "rect", "x": 123, "y": 175, "width": 222, "height": 15}, "region_attributes": {"label": "corporate Media Department", "key_type": "value", "formal_key": "answer"}}, {"shape_attributes": {"name": "rect", "x": 512, "y": 220, "width": 151, "height": 29}, "region_attributes": {"label": "30 sheet Posters (White Background)", "key_type": "value", "formal_key": "answer"}}, {"shape_attributes": {"name": "rect", "x": 13, "y": 216, "width": 174, "height": 30}, "region_attributes": {"label": "LUCKY STRIKE LOW Tar Filters Box- 100%", "key_type": "value", "formal_key": "answer"}}, {"shape_attributes": {"name": "rect", "x": 69, "y": 290, "width": 86, "height": 15}, "region_attributes": {"label": "PERIOD. FROM", "key_type": "key", "formal_key": "question"}}, {"shape_attributes": {"name": "rect", "x": 175, "y": 307, "width": 508, "height": 25}, "region_attributes": {"label": "ENTER ESTIMATES OF AMOUNTS TO BE EXPENDED BY MONTHS UNDER \"REMARKS\" OR ON ATTACHMENT. MAXIMUM EXPENDITURES AUTHORIZED", "key_type": "value", "formal_key": "others"}}, {"shape_attributes": {"name": "rect", "x": 516, "y": 356, "width": 158, "height": 45}, "region_attributes": {"label": "1,600 posters plus 5% overrun (80) $ 16.00 each", "key_type": "value", "formal_key": "others"}}, {"shape_attributes": {"name": "rect", "x": 376, "y": 355, "width": 87, "height": 15}, "region_attributes": {"label": "$ 26,880,00", "key_type": "value", "formal_key": "answer"}}, {"shape_attributes": {"name": "rect", "x": 352, "y": 584, "width": 110, "height": 16}, "region_attributes": {"label": "$ 28,880.00", "key_type": "value", "formal_key": "answer"}}, {"shape_attributes": {"name": "rect", "x": 93, "y": 668, "width": 341, "height": 27}, "region_attributes": {"label": "For posting in Cincinnati, Covington and Tampa/St. Petersburg.", "key_type": "value", "formal_key": "answer"}}, {"shape_attributes": {"name": "rect", "x": 93, "y": 705, "width": 401, "height": 111}, "region_attributes": {"label": "Posters are captioned for identification, \"LUCKY STRIKES AGAIN (printed in red) with the word \"New\" printed in a snipe effect in the upper left corner. These posters have a white background and will be further identified as such in order to differentiate from a second design which will have a solid red background with white lettering.", "key_type": "value", "formal_key": "answer"}}, {"shape_attributes": {"name": "rect", "x": 93, "y": 823, "width": 375, "height": 41}, "region_attributes": {"label": "Posters are printed six colors (four color process and two impressions of red) on white 70# outdoor poster paper.", "key_type": "value", "formal_key": "answer"}}, {"shape_attributes": {"name": "rect", "x": 509, "y": 826, "width": 87, "height": 13}, "region_attributes": {"label": "Budget Allocation", "key_type": "key", "formal_key": "question"}}, {"shape_attributes": {"name": "rect", "x": 506, "y": 852, "width": 87, "height": 14}, "region_attributes": {"label": "Authorization No.", "key_type": "key", "formal_key": "question"}}, {"shape_attributes": {"name": "rect", "x": 618, "y": 850, "width": 38, "height": 13}, "region_attributes": {"label": "M- 49", "key_type": "value", "formal_key": "answer"}}, {"shape_attributes": {"name": "rect", "x": 617, "y": 825, "width": 38, "height": 13}, "region_attributes": {"label": "L- 3a", "key_type": "value", "formal_key": "answer"}}, {"shape_attributes": {"name": "rect", "x": 94, "y": 512, "width": 218, "height": 13}, "region_attributes": {"label": "Estimated Freight Charges", "key_type": "key", "formal_key": "question"}}, {"shape_attributes": {"name": "rect", "x": 100, "y": 460, "width": 115, "height": 13}, "region_attributes": {"label": "DISPLAY MATERIAL", "key_type": "key", "formal_key": "question"}}, {"shape_attributes": {"name": "rect", "x": 97, "y": 436, "width": 162, "height": 13}, "region_attributes": {"label": "MECHANICAL PRODUCTION", "key_type": "key", "formal_key": "question"}}, {"shape_attributes": {"name": "rect", "x": 100, "y": 409, "width": 64, "height": 13}, "region_attributes": {"label": "ART WORK", "key_type": "key", "formal_key": "question"}}, {"shape_attributes": {"name": "rect", "x": 102, "y": 332, "width": 55, "height": 15}, "region_attributes": {"label": "AIR TIME", "key_type": "key", "formal_key": "question"}}, {"shape_attributes": {"name": "rect", "x": 96, "y": 346, "width": 165, "height": 25}, "region_attributes": {"label": "30 Sheet Posters ", "key_type": "key", "formal_key": "question"}}]}}}