﻿{"file_name": "0060136394.json", "attributes": {"_via_img_metadata": {"regions": [{"shape_attributes": {"name": "rect", "x": 226, "y": 412, "width": 43, "height": 11}, "region_attributes": {"label": "SIGNED", "key_type": "key", "formal_key": "question"}}, {"shape_attributes": {"name": "rect", "x": 520, "y": 411, "width": 34, "height": 13}, "region_attributes": {"label": "DATE", "key_type": "key", "formal_key": "question"}}, {"shape_attributes": {"name": "rect", "x": 506, "y": 356, "width": 43, "height": 11}, "region_attributes": {"label": "TOTAL:", "key_type": "key", "formal_key": "question"}}, {"shape_attributes": {"name": "rect", "x": 35, "y": 309, "width": 109, "height": 31}, "region_attributes": {"label": "", "key_type": "value", "formal_key": "others"}}, {"shape_attributes": {"name": "rect", "x": 208, "y": 145, "width": 42, "height": 14}, "region_attributes": {"label": "CLIENT", "key_type": "key", "formal_key": "question"}}, {"shape_attributes": {"name": "rect", "x": 207, "y": 172, "width": 59, "height": 11}, "region_attributes": {"label": "PROGRAM", "key_type": "key", "formal_key": "question"}}, {"shape_attributes": {"name": "rect", "x": 247, "y": 196, "width": 53, "height": 11}, "region_attributes": {"label": "STATIONS", "key_type": "key", "formal_key": "question"}}, {"shape_attributes": {"name": "rect", "x": 246, "y": 221, "width": 49, "height": 14}, "region_attributes": {"label": "", "key_type": "key", "formal_key": "question"}}, {"shape_attributes": {"name": "rect", "x": 85, "y": 20, "width": 38, "height": 17}, "region_attributes": {"label": "RS#39", "key_type": "value", "formal_key": "others"}}, {"shape_attributes": {"name": "rect", "x": 36, "y": 10, "width": 20, "height": 8}, "region_attributes": {"label": "RS", "key_type": "value", "formal_key": "others"}}, {"shape_attributes": {"name": "rect", "x": 56, "y": 77, "width": 57, "height": 7}, "region_attributes": {"label": "Accounting", "key_type": "value", "formal_key": "others"}}, {"shape_attributes": {"name": "rect", "x": 209, "y": 57, "width": 507, "height": 74}, "region_attributes": {"label": "Batten, Barton, Durstine & Osborn INCORPORATED CHANGE IN RADIO SCHEDULE", "key_type": "key", "formal_key": "header"}}, {"shape_attributes": {"name": "rect", "x": 654, "y": 10, "width": 61, "height": 64}, "region_attributes": {"label": "WHAS 11/3/56 10/26/57", "key_type": "value", "formal_key": "others"}}, {"shape_attributes": {"name": "rect", "x": 309, "y": 134, "width": 320, "height": 21}, "region_attributes": {"label": "THE AMERICAN TOBACCO COMPANY (LUCKY STRIKE)", "key_type": "value", "formal_key": "answer"}}, {"shape_attributes": {"name": "rect", "x": 313, "y": 165, "width": 121, "height": 16}, "region_attributes": {"label": "1/2 HOUR PROGRAMES", "key_type": "value", "formal_key": "answer"}}, {"shape_attributes": {"name": "rect", "x": 309, "y": 191, "width": 210, "height": 19}, "region_attributes": {"label": "WHAS LOUISVILLE, KENTUCKY", "key_type": "value", "formal_key": "answer"}}, {"shape_attributes": {"name": "rect", "x": 310, "y": 218, "width": 103, "height": 15}, "region_attributes": {"label": "CONTRACT #1032", "key_type": "value", "formal_key": "answer"}}, {"shape_attributes": {"name": "rect", "x": 175, "y": 240, "width": 458, "height": 17}, "region_attributes": {"label": "ENTIRE SCHEDULE CANCELLED LAST BROADCAST SATURDAY, APRIL 13, 1957", "key_type": "value", "formal_key": "others"}}, {"shape_attributes": {"name": "rect", "x": 176, "y": 271, "width": 172, "height": 13}, "region_attributes": {"label": "REVISED CONTRACT TOTALS.", "key_type": "key", "formal_key": "question"}}, {"shape_attributes": {"name": "rect", "x": 359, "y": 296, "width": 161, "height": 15}, "region_attributes": {"label": "24 @ $ 150.00 TIME", "key_type": "value", "formal_key": "answer"}}, {"shape_attributes": {"name": "rect", "x": 359, "y": 324, "width": 172, "height": 18}, "region_attributes": {"label": "24 @ $ 125.00 NET TALENT", "key_type": "value", "formal_key": "answer"}}, {"shape_attributes": {"name": "rect", "x": 561, "y": 351, "width": 78, "height": 17}, "region_attributes": {"label": "$ 6.600.00", "key_type": "value", "formal_key": "answer"}}, {"shape_attributes": {"name": "rect", "x": 584, "y": 408, "width": 96, "height": 16}, "region_attributes": {"label": "APRIL 1,1957", "key_type": "value", "formal_key": "answer"}}, {"shape_attributes": {"name": "rect", "x": 309, "y": 409, "width": 95, "height": 15}, "region_attributes": {"label": "HOPE MARTINEZ", "key_type": "value", "formal_key": "answer"}}, {"shape_attributes": {"name": "rect", "x": 54, "y": 439, "width": 77, "height": 14}, "region_attributes": {"label": "Form No. RA 905", "key_type": "value", "formal_key": "others"}}, {"shape_attributes": {"name": "rect", "x": 34, "y": 152, "width": 124, "height": 71}, "region_attributes": {"label": "GEN'L ACCT DEPT. APTEKICKSER MURIEL, KAMNIT PRE MALARA (2) HOPE MARTINEZ", "key_type": "value", "formal_key": "others"}}, {"shape_attributes": {"name": "rect", "x": 36, "y": 94, "width": 108, "height": 45}, "region_attributes": {"label": "M. BOGGIANO Director) FRANK TOWERS", "key_type": "value", "formal_key": "others"}}]}}}