﻿{"file_name": "0060094595.json", "attributes": {"_via_img_metadata": {"regions": [{"shape_attributes": {"name": "rect", "x": 98, "y": 306, "width": 42, "height": 14}, "region_attributes": {"label": "Weight", "key_type": "key", "formal_key": "question"}}, {"shape_attributes": {"name": "rect", "x": 98, "y": 331, "width": 31, "height": 15}, "region_attributes": {"label": "Draw", "key_type": "key", "formal_key": "question"}}, {"shape_attributes": {"name": "rect", "x": 98, "y": 358, "width": 24, "height": 15}, "region_attributes": {"label": "Tar", "key_type": "key", "formal_key": "question"}}, {"shape_attributes": {"name": "rect", "x": 96, "y": 385, "width": 57, "height": 14}, "region_attributes": {"label": "Nicotine", "key_type": "key", "formal_key": "question"}}, {"shape_attributes": {"name": "rect", "x": 302, "y": 475, "width": 11, "height": 15}, "region_attributes": {"label": "0", "key_type": "value", "formal_key": "answer"}}, {"shape_attributes": {"name": "rect", "x": 303, "y": 499, "width": 10, "height": 17}, "region_attributes": {"label": "5", "key_type": "value", "formal_key": "answer"}}, {"shape_attributes": {"name": "rect", "x": 303, "y": 527, "width": 11, "height": 17}, "region_attributes": {"label": "7", "key_type": "value", "formal_key": "answer"}}, {"shape_attributes": {"name": "rect", "x": 297, "y": 566, "width": 14, "height": 15}, "region_attributes": {"label": "12", "key_type": "value", "formal_key": "answer"}}, {"shape_attributes": {"name": "rect", "x": 404, "y": 476, "width": 18, "height": 14}, "region_attributes": {"label": "23", "key_type": "value", "formal_key": "answer"}}, {"shape_attributes": {"name": "rect", "x": 413, "y": 503, "width": 10, "height": 14}, "region_attributes": {"label": "0", "key_type": "value", "formal_key": "answer"}}, {"shape_attributes": {"name": "rect", "x": 412, "y": 529, "width": 13, "height": 11}, "region_attributes": {"label": "1", "key_type": "value", "formal_key": "answer"}}, {"shape_attributes": {"name": "rect", "x": 413, "y": 567, "width": 11, "height": 13}, "region_attributes": {"label": "0", "key_type": "value", "formal_key": "answer"}}, {"shape_attributes": {"name": "rect", "x": 510, "y": 473, "width": 17, "height": 14}, "region_attributes": {"label": "11", "key_type": "value", "formal_key": "answer"}}, {"shape_attributes": {"name": "rect", "x": 515, "y": 500, "width": 11, "height": 15}, "region_attributes": {"label": "5", "key_type": "value", "formal_key": "answer"}}, {"shape_attributes": {"name": "rect", "x": 515, "y": 527, "width": 11, "height": 14}, "region_attributes": {"label": "4", "key_type": "value", "formal_key": "answer"}}, {"shape_attributes": {"name": "rect", "x": 518, "y": 566, "width": 10, "height": 13}, "region_attributes": {"label": "4", "key_type": "value", "formal_key": "answer"}}, {"shape_attributes": {"name": "rect", "x": 613, "y": 472, "width": 17, "height": 15}, "region_attributes": {"label": "23", "key_type": "value", "formal_key": "answer"}}, {"shape_attributes": {"name": "rect", "x": 622, "y": 527, "width": 13, "height": 13}, "region_attributes": {"label": "1", "key_type": "value", "formal_key": "answer"}}, {"shape_attributes": {"name": "rect", "x": 622, "y": 500, "width": 10, "height": 10}, "region_attributes": {"label": "0", "key_type": "value", "formal_key": "answer"}}, {"shape_attributes": {"name": "rect", "x": 622, "y": 564, "width": 11, "height": 13}, "region_attributes": {"label": "0", "key_type": "value", "formal_key": "answer"}}, {"shape_attributes": {"name": "rect", "x": 592, "y": 406, "width": 38, "height": 15}, "region_attributes": {"label": "Basic", "key_type": "value", "formal_key": "answer"}}, {"shape_attributes": {"name": "rect", "x": 384, "y": 411, "width": 38, "height": 11}, "region_attributes": {"label": "Basic", "key_type": "value", "formal_key": "answer"}}, {"shape_attributes": {"name": "rect", "x": 274, "y": 412, "width": 36, "height": 13}, "region_attributes": {"label": "Basic", "key_type": "value", "formal_key": "answer"}}, {"shape_attributes": {"name": "rect", "x": 678, "y": 828, "width": 19, "height": 107}, "region_attributes": {"label": "80620665", "key_type": "value", "formal_key": "others"}}, {"shape_attributes": {"name": "rect", "x": 87, "y": 232, "width": 143, "height": 17}, "region_attributes": {"label": "Characteristic Tested", "key_type": "key", "formal_key": "question"}}, {"shape_attributes": {"name": "rect", "x": 271, "y": 219, "width": 130, "height": 36}, "region_attributes": {"label": "BETWEEN THE ACTS 25 %% mm. Butt", "key_type": "key", "formal_key": "header"}}, {"shape_attributes": {"name": "rect", "x": 492, "y": 219, "width": 100, "height": 33}, "region_attributes": {"label": "MADISON 25 mm. Butt", "key_type": "key", "formal_key": "header"}}, {"shape_attributes": {"name": "rect", "x": 85, "y": 267, "width": 97, "height": 16}, "region_attributes": {"label": "Smoke Analysis", "key_type": "value", "formal_key": "answer"}}, {"shape_attributes": {"name": "rect", "x": 250, "y": 265, "width": 97, "height": 17}, "region_attributes": {"label": "Present Sample", "key_type": "key", "formal_key": "question"}}, {"shape_attributes": {"name": "rect", "x": 360, "y": 267, "width": 86, "height": 25}, "region_attributes": {"label": "Mean of Last 12 Samples", "key_type": "key", "formal_key": "question"}}, {"shape_attributes": {"name": "rect", "x": 458, "y": 264, "width": 98, "height": 17}, "region_attributes": {"label": "Present Sample", "key_type": "key", "formal_key": "question"}}, {"shape_attributes": {"name": "rect", "x": 567, "y": 263, "width": 89, "height": 27}, "region_attributes": {"label": "Mean of Last 12 Samples", "key_type": "key", "formal_key": "question"}}, {"shape_attributes": {"name": "rect", "x": 270, "y": 304, "width": 38, "height": 15}, "region_attributes": {"label": "1 .089", "key_type": "value", "formal_key": "answer"}}, {"shape_attributes": {"name": "rect", "x": 278, "y": 331, "width": 29, "height": 14}, "region_attributes": {"label": "0. .34", "key_type": "value", "formal_key": "answer"}}, {"shape_attributes": {"name": "rect", "x": 281, "y": 356, "width": 28, "height": 16}, "region_attributes": {"label": "39. .7", "key_type": "value", "formal_key": "answer"}}, {"shape_attributes": {"name": "rect", "x": 278, "y": 385, "width": 33, "height": 13}, "region_attributes": {"label": "4 .26", "key_type": "value", "formal_key": "answer"}}, {"shape_attributes": {"name": "rect", "x": 99, "y": 411, "width": 125, "height": 14}, "region_attributes": {"label": "ction to Litmus", "key_type": "key", "formal_key": "question"}}, {"shape_attributes": {"name": "rect", "x": 384, "y": 304, "width": 36, "height": 15}, "region_attributes": {"label": "1 .106", "key_type": "value", "formal_key": "answer"}}, {"shape_attributes": {"name": "rect", "x": 390, "y": 328, "width": 30, "height": 16}, "region_attributes": {"label": "0 .37", "key_type": "value", "formal_key": "answer"}}, {"shape_attributes": {"name": "rect", "x": 391, "y": 355, "width": 29, "height": 15}, "region_attributes": {"label": "35 .6", "key_type": "value", "formal_key": "answer"}}, {"shape_attributes": {"name": "rect", "x": 391, "y": 380, "width": 30, "height": 17}, "region_attributes": {"label": "3 .83", "key_type": "value", "formal_key": "answer"}}, {"shape_attributes": {"name": "rect", "x": 486, "y": 303, "width": 35, "height": 14}, "region_attributes": {"label": "1 .111", "key_type": "value", "formal_key": "answer"}}, {"shape_attributes": {"name": "rect", "x": 492, "y": 327, "width": 33, "height": 17}, "region_attributes": {"label": "0 .34", "key_type": "value", "formal_key": "answer"}}, {"shape_attributes": {"name": "rect", "x": 494, "y": 355, "width": 36, "height": 14}, "region_attributes": {"label": "37 .8", "key_type": "value", "formal_key": "answer"}}, {"shape_attributes": {"name": "rect", "x": 493, "y": 380, "width": 31, "height": 17}, "region_attributes": {"label": "3 .45", "key_type": "value", "formal_key": "answer"}}, {"shape_attributes": {"name": "rect", "x": 487, "y": 408, "width": 39, "height": 15}, "region_attributes": {"label": "Basic", "key_type": "value", "formal_key": "answer"}}, {"shape_attributes": {"name": "rect", "x": 589, "y": 299, "width": 38, "height": 16}, "region_attributes": {"label": "1 .132", "key_type": "value", "formal_key": "answer"}}, {"shape_attributes": {"name": "rect", "x": 598, "y": 328, "width": 31, "height": 14}, "region_attributes": {"label": "0\uf703 .37", "key_type": "value", "formal_key": "answer"}}, {"shape_attributes": {"name": "rect", "x": 596, "y": 352, "width": 34, "height": 15}, "region_attributes": {"label": "31 .0", "key_type": "value", "formal_key": "answer"}}, {"shape_attributes": {"name": "rect", "x": 596, "y": 377, "width": 31, "height": 17}, "region_attributes": {"label": "2 2.99", "key_type": "value", "formal_key": "answer"}}, {"shape_attributes": {"name": "rect", "x": 94, "y": 439, "width": 55, "height": 13}, "region_attributes": {"label": "urn Test", "key_type": "value", "formal_key": "answer"}}, {"shape_attributes": {"name": "rect", "x": 99, "y": 464, "width": 118, "height": 25}, "region_attributes": {"label": "Static -Complete Cigar", "key_type": "key", "formal_key": "question"}}, {"shape_attributes": {"name": "rect", "x": 154, "y": 500, "width": 71, "height": 16}, "region_attributes": {"label": "-1 /2 Cigar", "key_type": "key", "formal_key": "question"}}, {"shape_attributes": {"name": "rect", "x": 154, "y": 527, "width": 71, "height": 16}, "region_attributes": {"label": "-1 /3 Cigar", "key_type": "key", "formal_key": "question"}}, {"shape_attributes": {"name": "rect", "x": 155, "y": 557, "width": 84, "height": 26}, "region_attributes": {"label": "-Went out immediately", "key_type": "key", "formal_key": "question"}}, {"shape_attributes": {"name": "rect", "x": 99, "y": 594, "width": 115, "height": 27}, "region_attributes": {"label": "Dynamic -Time in seconds", "key_type": "value", "formal_key": "answer"}}, {"shape_attributes": {"name": "rect", "x": 156, "y": 634, "width": 78, "height": 27}, "region_attributes": {"label": "-% Burned Completely", "key_type": "value", "formal_key": "answer"}}, {"shape_attributes": {"name": "rect", "x": 571, "y": 689, "width": 44, "height": 17}, "region_attributes": {"label": "SOC- 36", "key_type": "value", "formal_key": "others"}}, {"shape_attributes": {"name": "rect", "x": 137, "y": 89, "width": 412, "height": 118}, "region_attributes": {"label": "P. LORILLARD CO. , INC. RESEARCH DIVISION QUALITY CONTROL DEPARTMENT SMOKE ANALYSIS AND BURNING TEST REPORT WEEKLY PRODUCTION LITTLE CIGARS NON FILTERS WEEK ENDING 11/ 25 /66", "key_type": "key", "formal_key": "header"}}]}}}