﻿{"file_name": "0060007216.json", "attributes": {"_via_img_metadata": {"regions": [{"shape_attributes": {"name": "rect", "x": 439, "y": 273, "width": 35, "height": 13}, "region_attributes": {"label": "DATE", "key_type": "key", "formal_key": "question"}}, {"shape_attributes": {"name": "rect", "x": 275, "y": 270, "width": 33, "height": 15}, "region_attributes": {"label": "PMRM", "key_type": "value", "formal_key": "answer"}}, {"shape_attributes": {"name": "rect", "x": 275, "y": 500, "width": 71, "height": 16}, "region_attributes": {"label": "Cigarette", "key_type": "key", "formal_key": "question"}}, {"shape_attributes": {"name": "rect", "x": 353, "y": 499, "width": 86, "height": 16}, "region_attributes": {"label": "dimensions:", "key_type": "key", "formal_key": "question"}}, {"shape_attributes": {"name": "rect", "x": 274, "y": 525, "width": 66, "height": 11}, "region_attributes": {"label": "ference.", "key_type": "value", "formal_key": "answer"}}, {"shape_attributes": {"name": "rect", "x": 114, "y": 725, "width": 23, "height": 11}, "region_attributes": {"label": "cc:", "key_type": "key", "formal_key": "question"}}, {"shape_attributes": {"name": "rect", "x": 151, "y": 722, "width": 25, "height": 13}, "region_attributes": {"label": "RSS", "key_type": "value", "formal_key": "answer"}}, {"shape_attributes": {"name": "rect", "x": 152, "y": 735, "width": 25, "height": 12}, "region_attributes": {"label": "RDC", "key_type": "value", "formal_key": "answer"}}, {"shape_attributes": {"name": "rect", "x": 154, "y": 747, "width": 23, "height": 13}, "region_attributes": {"label": "PHL", "key_type": "value", "formal_key": "answer"}}, {"shape_attributes": {"name": "rect", "x": 152, "y": 761, "width": 24, "height": 12}, "region_attributes": {"label": "PRC", "key_type": "value", "formal_key": "answer"}}, {"shape_attributes": {"name": "rect", "x": 152, "y": 773, "width": 24, "height": 11}, "region_attributes": {"label": "BMC", "key_type": "value", "formal_key": "answer"}}, {"shape_attributes": {"name": "rect", "x": 154, "y": 785, "width": 53, "height": 12}, "region_attributes": {"label": "Records", "key_type": "value", "formal_key": "answer"}}, {"shape_attributes": {"name": "rect", "x": 286, "y": 183, "width": 181, "height": 15}, "region_attributes": {"label": "PROJECT INITIATION FORM", "key_type": "key", "formal_key": "header"}}, {"shape_attributes": {"name": "rect", "x": 116, "y": 270, "width": 95, "height": 16}, "region_attributes": {"label": "PROJECT CODE", "key_type": "key", "formal_key": "question"}}, {"shape_attributes": {"name": "rect", "x": 116, "y": 309, "width": 93, "height": 14}, "region_attributes": {"label": "PROJECT NAME", "key_type": "key", "formal_key": "question"}}, {"shape_attributes": {"name": "rect", "x": 116, "y": 348, "width": 111, "height": 16}, "region_attributes": {"label": "PROJECT LEADER", "key_type": "key", "formal_key": "question"}}, {"shape_attributes": {"name": "rect", "x": 116, "y": 385, "width": 131, "height": 15}, "region_attributes": {"label": "WORK REQUESTED BY", "key_type": "key", "formal_key": "question"}}, {"shape_attributes": {"name": "rect", "x": 116, "y": 424, "width": 134, "height": 16}, "region_attributes": {"label": "PROJECT OBJECTIVE", "key_type": "key", "formal_key": "question"}}, {"shape_attributes": {"name": "rect", "x": 115, "y": 551, "width": 116, "height": 28}, "region_attributes": {"label": "OTHER PERSONNEL ASSIGNED", "key_type": "key", "formal_key": "question"}}, {"shape_attributes": {"name": "rect", "x": 483, "y": 270, "width": 111, "height": 16}, "region_attributes": {"label": "April 30, 1985", "key_type": "value", "formal_key": "answer"}}, {"shape_attributes": {"name": "rect", "x": 275, "y": 307, "width": 192, "height": 17}, "region_attributes": {"label": "PALL MALL Regular Menthol", "key_type": "value", "formal_key": "answer"}}, {"shape_attributes": {"name": "rect", "x": 273, "y": 346, "width": 96, "height": 17}, "region_attributes": {"label": "J. F. Anders", "key_type": "value", "formal_key": "answer"}}, {"shape_attributes": {"name": "rect", "x": 275, "y": 384, "width": 147, "height": 16}, "region_attributes": {"label": "R. S. Sprinkle, III", "key_type": "value", "formal_key": "answer"}}, {"shape_attributes": {"name": "rect", "x": 275, "y": 422, "width": 318, "height": 67}, "region_attributes": {"label": "To develop a nonfilter menthol cigarette delivering 21- 24 mg \"tar\" as a menthol companion to PALL MALL Famous Cigarettes.", "key_type": "value", "formal_key": "answer"}}, {"shape_attributes": {"name": "rect", "x": 455, "y": 499, "width": 155, "height": 13}, "region_attributes": {"label": "84 x 24.9 mm circum-", "key_type": "value", "formal_key": "answer"}}, {"shape_attributes": {"name": "rect", "x": 275, "y": 563, "width": 93, "height": 15}, "region_attributes": {"label": "E. P. Barbee", "key_type": "value", "formal_key": "answer"}}, {"shape_attributes": {"name": "rect", "x": 390, "y": 684, "width": 88, "height": 14}, "region_attributes": {"label": "Approved by", "key_type": "key", "formal_key": "question"}}, {"shape_attributes": {"name": "rect", "x": 152, "y": 810, "width": 190, "height": 16}, "region_attributes": {"label": "Other Personnel Assigned", "key_type": "value", "formal_key": "answer"}}, {"shape_attributes": {"name": "rect", "x": 152, "y": 797, "width": 110, "height": 13}, "region_attributes": {"label": "Project Leader", "key_type": "value", "formal_key": "answer"}}, {"shape_attributes": {"name": "rect", "x": 504, "y": 869, "width": 115, "height": 18}, "region_attributes": {"label": "ATX02 0226607", "key_type": "value", "formal_key": "others"}}, {"shape_attributes": {"name": "rect", "x": 392, "y": 701, "width": 178, "height": 48}, "region_attributes": {"label": "R. S. Sprinkle III", "key_type": "value", "formal_key": "answer"}}]}}}