﻿{"file_name": "0060302201.json", "attributes": {"_via_img_metadata": {"regions": [{"shape_attributes": {"name": "rect", "x": 54, "y": 119, "width": 39, "height": 14}, "region_attributes": {"label": "NAME:", "key_type": "key", "formal_key": "question"}}, {"shape_attributes": {"name": "rect", "x": 53, "y": 545, "width": 67, "height": 13}, "region_attributes": {"label": "COMMENTS:", "key_type": "key", "formal_key": "question"}}, {"shape_attributes": {"name": "rect", "x": 126, "y": 548, "width": 41, "height": 12}, "region_attributes": {"label": "none", "key_type": "value", "formal_key": "answer"}}, {"shape_attributes": {"name": "rect", "x": 382, "y": 119, "width": 65, "height": 11}, "region_attributes": {"label": "DIVISION", "key_type": "key", "formal_key": "question"}}, {"shape_attributes": {"name": "rect", "x": 54, "y": 742, "width": 57, "height": 17}, "region_attributes": {"label": "COMMENTS", "key_type": "key", "formal_key": "question"}}, {"shape_attributes": {"name": "rect", "x": 351, "y": 285, "width": 34, "height": 17}, "region_attributes": {"label": "yes", "key_type": "value", "formal_key": "answer"}}, {"shape_attributes": {"name": "rect", "x": 164, "y": 58, "width": 394, "height": 35}, "region_attributes": {"label": "RESEARCH COMPLETED OR IN PROGRESS WHICH HAS POSSIBILITIES FOR PRESENTATION OR PUBLICATION", "key_type": "key", "formal_key": "header"}}, {"shape_attributes": {"name": "rect", "x": 107, "y": 120, "width": 113, "height": 14}, "region_attributes": {"label": "Ronald. W Davis", "key_type": "value", "formal_key": "answer"}}, {"shape_attributes": {"name": "rect", "x": 452, "y": 118, "width": 184, "height": 15}, "region_attributes": {"label": "Analytical- Radiochemistry", "key_type": "value", "formal_key": "answer"}}, {"shape_attributes": {"name": "rect", "x": 53, "y": 145, "width": 108, "height": 16}, "region_attributes": {"label": "NATURE OF WORK:", "key_type": "key", "formal_key": "question"}}, {"shape_attributes": {"name": "rect", "x": 171, "y": 143, "width": 385, "height": 19}, "region_attributes": {"label": "Total aldehyde analysis in cigarette mainstream ", "key_type": "value", "formal_key": "answer"}}, {"shape_attributes": {"name": "rect", "x": 54, "y": 198, "width": 453, "height": 21}, "region_attributes": {"label": "PRESENT STATUS OF WORK (Cite progress reports where appropriate)", "key_type": "key", "formal_key": "question"}}, {"shape_attributes": {"name": "rect", "x": 512, "y": 202, "width": 153, "height": 14}, "region_attributes": {"label": "Techniques worked out", "key_type": "value", "formal_key": "answer"}}, {"shape_attributes": {"name": "rect", "x": 55, "y": 228, "width": 612, "height": 47}, "region_attributes": {"label": "and reported for pure aldehyde samples; must be adapted for cigarette mainstream smoke by further laboratory work", "key_type": "value", "formal_key": "answer"}}, {"shape_attributes": {"name": "rect", "x": 54, "y": 284, "width": 297, "height": 19}, "region_attributes": {"label": "HAS WORK BEEN REPORTED IN MANUSCRIPT ", "key_type": "key", "formal_key": "question"}}, {"shape_attributes": {"name": "rect", "x": 397, "y": 284, "width": 198, "height": 19}, "region_attributes": {"label": "IF SO, GIVE DATE AND TITLE:", "key_type": "key", "formal_key": "question"}}, {"shape_attributes": {"name": "rect", "x": 53, "y": 314, "width": 445, "height": 20}, "region_attributes": {"label": "MBTH- reagent for analysis of aliphatic aldehydes 7 / 5 / 67", "key_type": "value", "formal_key": "answer"}}, {"shape_attributes": {"name": "rect", "x": 54, "y": 343, "width": 320, "height": 17}, "region_attributes": {"label": "NAMES OF OTHER PERSONS COLLABORATING IN WORK:", "key_type": "key", "formal_key": "question"}}, {"shape_attributes": {"name": "rect", "x": 382, "y": 343, "width": 106, "height": 17}, "region_attributes": {"label": "L. W. McDowell", "key_type": "value", "formal_key": "answer"}}, {"shape_attributes": {"name": "rect", "x": 55, "y": 400, "width": 291, "height": 19}, "region_attributes": {"label": "ESTIMATE OF TIME NEEDED TO COMPLETE WORK:", "key_type": "key", "formal_key": "question"}}, {"shape_attributes": {"name": "rect", "x": 354, "y": 402, "width": 169, "height": 13}, "region_attributes": {"label": "approximately one month", "key_type": "value", "formal_key": "answer"}}, {"shape_attributes": {"name": "rect", "x": 54, "y": 429, "width": 446, "height": 19}, "region_attributes": {"label": "ESTIMATE OF TIME NEEDED TO PREPARE MANUSCRIPT FOR PRESENTATION:", "key_type": "key", "formal_key": "question"}}, {"shape_attributes": {"name": "rect", "x": 500, "y": 426, "width": 217, "height": 20}, "region_attributes": {"label": "several weeks after completion", "key_type": "value", "formal_key": "answer"}}, {"shape_attributes": {"name": "rect", "x": 55, "y": 458, "width": 440, "height": 17}, "region_attributes": {"label": "ESTIMATE OF TIME NEEDED TO PREPARE MANUSCRIPT FOR PUBLICATION:", "key_type": "key", "formal_key": "question"}}, {"shape_attributes": {"name": "rect", "x": 500, "y": 456, "width": 218, "height": 29}, "region_attributes": {"label": "several weeks after completion of work", "key_type": "value", "formal_key": "answer"}}, {"shape_attributes": {"name": "rect", "x": 51, "y": 487, "width": 209, "height": 14}, "region_attributes": {"label": "SCIENTIFIC METING OF CHOICE:", "key_type": "key", "formal_key": "question"}}, {"shape_attributes": {"name": "rect", "x": 259, "y": 489, "width": 85, "height": 12}, "region_attributes": {"label": "none as yet", "key_type": "value", "formal_key": "answer"}}, {"shape_attributes": {"name": "rect", "x": 53, "y": 513, "width": 209, "height": 17}, "region_attributes": {"label": "SCIENTIFIC JOURNAL OF CHOICE:", "key_type": "key", "formal_key": "question"}}, {"shape_attributes": {"name": "rect", "x": 262, "y": 515, "width": 109, "height": 15}, "region_attributes": {"label": "Tobacco Science", "key_type": "value", "formal_key": "answer"}}, {"shape_attributes": {"name": "rect", "x": 54, "y": 656, "width": 222, "height": 18}, "region_attributes": {"label": "COMMENTS BY MANAGER OR DIRECTOR", "key_type": "key", "formal_key": "question"}}, {"shape_attributes": {"name": "rect", "x": 52, "y": 683, "width": 202, "height": 18}, "region_attributes": {"label": "DOES WORK MERIT PUBLICATION?", "key_type": "key", "formal_key": "question"}}, {"shape_attributes": {"name": "rect", "x": 53, "y": 711, "width": 241, "height": 19}, "region_attributes": {"label": "CAN TIME BE SPARED FOR COMPLETION?", "key_type": "key", "formal_key": "question"}}, {"shape_attributes": {"name": "rect", "x": 134, "y": 735, "width": 560, "height": 30}, "region_attributes": {"label": "been with applicability", "key_type": "value", "formal_key": "answer"}}, {"shape_attributes": {"name": "rect", "x": 75, "y": 761, "width": 524, "height": 53}, "region_attributes": {"label": "may provide a technique.", "key_type": "value", "formal_key": "answer"}}]}}}