﻿{"file_name": "0060165115.json", "attributes": {"_via_img_metadata": {"regions": [{"shape_attributes": {"name": "rect", "x": 95, "y": 258, "width": 47, "height": 20}, "region_attributes": {"label": "DATE:", "key_type": "key", "formal_key": "question"}}, {"shape_attributes": {"name": "rect", "x": 96, "y": 309, "width": 49, "height": 18}, "region_attributes": {"label": "FROM:", "key_type": "key", "formal_key": "question"}}, {"shape_attributes": {"name": "rect", "x": 98, "y": 359, "width": 27, "height": 15}, "region_attributes": {"label": "TO:", "key_type": "key", "formal_key": "question"}}, {"shape_attributes": {"name": "rect", "x": 99, "y": 422, "width": 77, "height": 20}, "region_attributes": {"label": "ADDRESS:", "key_type": "key", "formal_key": "question"}}, {"shape_attributes": {"name": "rect", "x": 487, "y": 173, "width": 41, "height": 8}, "region_attributes": {"label": "Telephone", "key_type": "key", "formal_key": "question"}}, {"shape_attributes": {"name": "rect", "x": 486, "y": 182, "width": 32, "height": 8}, "region_attributes": {"label": "Telefax", "key_type": "key", "formal_key": "question"}}, {"shape_attributes": {"name": "rect", "x": 98, "y": 626, "width": 34, "height": 17}, "region_attributes": {"label": "Re.:", "key_type": "key", "formal_key": "question"}}, {"shape_attributes": {"name": "rect", "x": 303, "y": 154, "width": 57, "height": 21}, "region_attributes": {"label": "2463", "key_type": "value", "formal_key": "answer"}}, {"shape_attributes": {"name": "rect", "x": 648, "y": 779, "width": 43, "height": 144}, "region_attributes": {"label": "2505430204", "key_type": "value", "formal_key": "others"}}, {"shape_attributes": {"name": "rect", "x": 686, "y": 954, "width": 20, "height": 8}, "region_attributes": {"label": "27/94", "key_type": "value", "formal_key": "others"}}, {"shape_attributes": {"name": "rect", "x": 487, "y": 138, "width": 52, "height": 13}, "region_attributes": {"label": "Contract", "key_type": "key", "formal_key": "header"}}, {"shape_attributes": {"name": "rect", "x": 542, "y": 138, "width": 60, "height": 13}, "region_attributes": {"label": "Research", "key_type": "key", "formal_key": "header"}}, {"shape_attributes": {"name": "rect", "x": 486, "y": 94, "width": 162, "height": 45}, "region_attributes": {"label": "INBIFO", "key_type": "key", "formal_key": "header"}}, {"shape_attributes": {"name": "rect", "x": 95, "y": 110, "width": 290, "height": 20}, "region_attributes": {"label": "INBIFO Institut f\u00fcr biologische Forschung GmbH", "key_type": "key", "formal_key": "question"}}, {"shape_attributes": {"name": "rect", "x": 96, "y": 156, "width": 162, "height": 19}, "region_attributes": {"label": "TELEFAX MESSAGE No.:", "key_type": "key", "formal_key": "question"}}, {"shape_attributes": {"name": "rect", "x": 98, "y": 193, "width": 304, "height": 12}, "region_attributes": {"label": "INBIFO bioloische Forschnung GmbH Fuggesstr 3- D- 51149 Cologne", "key_type": "value", "formal_key": "others"}}, {"shape_attributes": {"name": "rect", "x": 267, "y": 263, "width": 71, "height": 14}, "region_attributes": {"label": "28 Apr. 98", "key_type": "value", "formal_key": "answer"}}, {"shape_attributes": {"name": "rect", "x": 267, "y": 309, "width": 137, "height": 17}, "region_attributes": {"label": "Dr. Wolf Reininghaus", "key_type": "value", "formal_key": "answer"}}, {"shape_attributes": {"name": "rect", "x": 267, "y": 359, "width": 155, "height": 30}, "region_attributes": {"label": "Dr. Don Leyden, Dept. Scientific Affairs", "key_type": "value", "formal_key": "answer"}}, {"shape_attributes": {"name": "rect", "x": 487, "y": 330, "width": 144, "height": 29}, "region_attributes": {"label": "98 -04 -28 12: 05 OUT", "key_type": "value", "formal_key": "others"}}, {"shape_attributes": {"name": "rect", "x": 267, "y": 422, "width": 217, "height": 32}, "region_attributes": {"label": "Philip Morris Europe Fabriques de Tabac Reunies S. A.", "key_type": "value", "formal_key": "answer"}}, {"shape_attributes": {"name": "rect", "x": 267, "y": 469, "width": 129, "height": 16}, "region_attributes": {"label": "CH- 2003 Neuchatel", "key_type": "value", "formal_key": "answer"}}, {"shape_attributes": {"name": "rect", "x": 335, "y": 514, "width": 119, "height": 17}, "region_attributes": {"label": "0041- 32- 888 5776", "key_type": "value", "formal_key": "answer"}}, {"shape_attributes": {"name": "rect", "x": 267, "y": 517, "width": 55, "height": 14}, "region_attributes": {"label": "Fax no:", "key_type": "key", "formal_key": "question"}}, {"shape_attributes": {"name": "rect", "x": 511, "y": 401, "width": 134, "height": 99}, "region_attributes": {"label": "Telefax- Original Ablage", "key_type": "value", "formal_key": "others"}}, {"shape_attributes": {"name": "rect", "x": 99, "y": 563, "width": 236, "height": 15}, "region_attributes": {"label": "NUMBER OF FOLLOWING PAGES", "key_type": "key", "formal_key": "question"}}, {"shape_attributes": {"name": "rect", "x": 370, "y": 553, "width": 193, "height": 42}, "region_attributes": {"label": "21 ", "key_type": "value", "formal_key": "answer"}}, {"shape_attributes": {"name": "rect", "x": 135, "y": 627, "width": 143, "height": 15}, "region_attributes": {"label": "TPM/ Nocotine ratio", "key_type": "value", "formal_key": "answer"}}, {"shape_attributes": {"name": "rect", "x": 101, "y": 670, "width": 156, "height": 18}, "region_attributes": {"label": "For your information!", "key_type": "value", "formal_key": "others"}}, {"shape_attributes": {"name": "rect", "x": 552, "y": 936, "width": 68, "height": 10}, "region_attributes": {"label": "Cologne HRB 367", "key_type": "value", "formal_key": "answer"}}, {"shape_attributes": {"name": "rect", "x": 561, "y": 947, "width": 80, "height": 10}, "region_attributes": {"label": "Dr. Wolf Reninghaus", "key_type": "value", "formal_key": "answer"}}, {"shape_attributes": {"name": "rect", "x": 493, "y": 946, "width": 69, "height": 10}, "region_attributes": {"label": "General Manager", "key_type": "key", "formal_key": "question"}}, {"shape_attributes": {"name": "rect", "x": 493, "y": 937, "width": 58, "height": 10}, "region_attributes": {"label": "Trade Register", "key_type": "key", "formal_key": "question"}}, {"shape_attributes": {"name": "rect", "x": 529, "y": 172, "width": 59, "height": 11}, "region_attributes": {"label": "(0 22 03) 303 -1", "key_type": "value", "formal_key": "answer"}}, {"shape_attributes": {"name": "rect", "x": 518, "y": 182, "width": 67, "height": 10}, "region_attributes": {"label": "(0 22 03) 303 -362", "key_type": "value", "formal_key": "answer"}}, {"shape_attributes": {"name": "rect", "x": 494, "y": 212, "width": 59, "height": 26}, "region_attributes": {"label": "-/BVI DLEY FAX", "key_type": "value", "formal_key": "others"}}]}}}