﻿{"file_name": "0060173256.json", "attributes": {"_via_img_metadata": {"regions": [{"shape_attributes": {"name": "rect", "x": 264, "y": 133, "width": 80, "height": 17}, "region_attributes": {"label": "Description", "key_type": "key", "formal_key": "question"}}, {"shape_attributes": {"name": "rect", "x": 493, "y": 133, "width": 67, "height": 17}, "region_attributes": {"label": "Displays", "key_type": "value", "formal_key": "answer"}}, {"shape_attributes": {"name": "rect", "x": 155, "y": 186, "width": 64, "height": 15}, "region_attributes": {"label": "BRANDS", "key_type": "key", "formal_key": "question"}}, {"shape_attributes": {"name": "rect", "x": 370, "y": 225, "width": 82, "height": 14}, "region_attributes": {"label": "Adjustment", "key_type": "key", "formal_key": "question"}}, {"shape_attributes": {"name": "rect", "x": 166, "y": 225, "width": 52, "height": 14}, "region_attributes": {"label": "Carlton", "key_type": "value", "formal_key": "answer"}}, {"shape_attributes": {"name": "rect", "x": 584, "y": 314, "width": 57, "height": 14}, "region_attributes": {"label": "Amount", "key_type": "key", "formal_key": "question"}}, {"shape_attributes": {"name": "rect", "x": 156, "y": 342, "width": 52, "height": 15}, "region_attributes": {"label": "Displays", "key_type": "value", "formal_key": "answer"}}, {"shape_attributes": {"name": "rect", "x": 575, "y": 341, "width": 59, "height": 17}, "region_attributes": {"label": "31,000.00", "key_type": "value", "formal_key": "answer"}}, {"shape_attributes": {"name": "rect", "x": 573, "y": 369, "width": 64, "height": 15}, "region_attributes": {"label": "(31,000.00)", "key_type": "value", "formal_key": "answer"}}, {"shape_attributes": {"name": "rect", "x": 41, "y": 782, "width": 91, "height": 15}, "region_attributes": {"label": "Distribution:", "key_type": "key", "formal_key": "question"}}, {"shape_attributes": {"name": "rect", "x": 332, "y": 758, "width": 89, "height": 39}, "region_attributes": {"label": "", "key_type": "value", "formal_key": "answer"}}, {"shape_attributes": {"name": "rect", "x": 432, "y": 774, "width": 34, "height": 21}, "region_attributes": {"label": "5/5", "key_type": "value", "formal_key": "answer"}}, {"shape_attributes": {"name": "rect", "x": 570, "y": 757, "width": 110, "height": 39}, "region_attributes": {"label": "", "key_type": "value", "formal_key": "answer"}}, {"shape_attributes": {"name": "rect", "x": 603, "y": 737, "width": 32, "height": 14}, "region_attributes": {"label": "0.00", "key_type": "value", "formal_key": "others"}}, {"shape_attributes": {"name": "rect", "x": 663, "y": 841, "width": 24, "height": 14}, "region_attributes": {"label": "Date", "key_type": "key", "formal_key": "question"}}, {"shape_attributes": {"name": "rect", "x": 663, "y": 797, "width": 24, "height": 13}, "region_attributes": {"label": "Date", "key_type": "key", "formal_key": "question"}}, {"shape_attributes": {"name": "rect", "x": 425, "y": 797, "width": 24, "height": 14}, "region_attributes": {"label": "Date", "key_type": "key", "formal_key": "question"}}, {"shape_attributes": {"name": "rect", "x": 425, "y": 839, "width": 25, "height": 14}, "region_attributes": {"label": "Date", "key_type": "key", "formal_key": "question"}}, {"shape_attributes": {"name": "rect", "x": 36, "y": 21, "width": 103, "height": 71}, "region_attributes": {"label": "THE AMERICAN TOBACCO COMPANY", "key_type": "key", "formal_key": "header"}}, {"shape_attributes": {"name": "rect", "x": 355, "y": 36, "width": 330, "height": 38}, "region_attributes": {"label": "APPROVED MARKETING PROJECT EXPENSE RECOMMENDATION", "key_type": "key", "formal_key": "header"}}, {"shape_attributes": {"name": "rect", "x": 137, "y": 133, "width": 103, "height": 16}, "region_attributes": {"label": "S0002 Supp 2", "key_type": "value", "formal_key": "answer"}}, {"shape_attributes": {"name": "rect", "x": 149, "y": 205, "width": 86, "height": 15}, "region_attributes": {"label": "Private Stock", "key_type": "value", "formal_key": "answer"}}, {"shape_attributes": {"name": "rect", "x": 356, "y": 186, "width": 111, "height": 16}, "region_attributes": {"label": "Current Budget", "key_type": "key", "formal_key": "question"}}, {"shape_attributes": {"name": "rect", "x": 547, "y": 184, "width": 86, "height": 19}, "region_attributes": {"label": "$ 7,569,000.00", "key_type": "value", "formal_key": "answer"}}, {"shape_attributes": {"name": "rect", "x": 356, "y": 263, "width": 112, "height": 17}, "region_attributes": {"label": "Revised Budget", "key_type": "key", "formal_key": "question"}}, {"shape_attributes": {"name": "rect", "x": 547, "y": 263, "width": 87, "height": 16}, "region_attributes": {"label": "$ 7,569,000.00", "key_type": "value", "formal_key": "answer"}}, {"shape_attributes": {"name": "rect", "x": 598, "y": 225, "width": 37, "height": 15}, "region_attributes": {"label": "$ 0.00", "key_type": "value", "formal_key": "answer"}}, {"shape_attributes": {"name": "rect", "x": 349, "y": 341, "width": 103, "height": 17}, "region_attributes": {"label": "CAR- MMT- DSP", "key_type": "value", "formal_key": "answer"}}, {"shape_attributes": {"name": "rect", "x": 351, "y": 366, "width": 98, "height": 16}, "region_attributes": {"label": "PRV- MMT- DSP", "key_type": "value", "formal_key": "answer"}}, {"shape_attributes": {"name": "rect", "x": 253, "y": 782, "width": 78, "height": 18}, "region_attributes": {"label": "Prepared By:", "key_type": "key", "formal_key": "question"}}, {"shape_attributes": {"name": "rect", "x": 476, "y": 781, "width": 85, "height": 20}, "region_attributes": {"label": "Approved By:", "key_type": "key", "formal_key": "question"}}, {"shape_attributes": {"name": "rect", "x": 478, "y": 825, "width": 82, "height": 18}, "region_attributes": {"label": "Approved By:", "key_type": "key", "formal_key": "question"}}, {"shape_attributes": {"name": "rect", "x": 253, "y": 825, "width": 78, "height": 18}, "region_attributes": {"label": "Prepared By:", "key_type": "key", "formal_key": "question"}}, {"shape_attributes": {"name": "rect", "x": 138, "y": 795, "width": 54, "height": 33}, "region_attributes": {"label": "", "key_type": "value", "formal_key": "answer"}}, {"shape_attributes": {"name": "rect", "x": 53, "y": 799, "width": 71, "height": 26}, "region_attributes": {"label": "Accounting File", "key_type": "key", "formal_key": "question"}}, {"shape_attributes": {"name": "rect", "x": 41, "y": 134, "width": 75, "height": 15}, "region_attributes": {"label": "Project No", "key_type": "key", "formal_key": "question"}}, {"shape_attributes": {"name": "rect", "x": 87, "y": 313, "width": 119, "height": 17}, "region_attributes": {"label": "Offer Description", "key_type": "key", "formal_key": "question"}}, {"shape_attributes": {"name": "rect", "x": 395, "y": 313, "width": 97, "height": 18}, "region_attributes": {"label": "Charge Code", "key_type": "key", "formal_key": "question"}}]}}}