﻿{"file_name": "0060270727.json", "attributes": {"_via_img_metadata": {"regions": [{"shape_attributes": {"name": "rect", "x": 335, "y": 113, "width": 29, "height": 15}, "region_attributes": {"label": "1987", "key_type": "value", "formal_key": "answer"}}, {"shape_attributes": {"name": "rect", "x": 335, "y": 141, "width": 43, "height": 17}, "region_attributes": {"label": "MALIBU", "key_type": "value", "formal_key": "answer"}}, {"shape_attributes": {"name": "rect", "x": 316, "y": 230, "width": 85, "height": 13}, "region_attributes": {"label": "", "key_type": "key", "formal_key": "question"}}, {"shape_attributes": {"name": "rect", "x": 235, "y": 228, "width": 11, "height": 14}, "region_attributes": {"label": "", "key_type": "value", "formal_key": "answer"}}, {"shape_attributes": {"name": "rect", "x": 314, "y": 288, "width": 96, "height": 14}, "region_attributes": {"label": "NONMENTHOL:", "key_type": "key", "formal_key": "question"}}, {"shape_attributes": {"name": "rect", "x": 113, "y": 113, "width": 22, "height": 17}, "region_attributes": {"label": "(1)", "key_type": "value", "formal_key": "others"}}, {"shape_attributes": {"name": "rect", "x": 145, "y": 228, "width": 57, "height": 15}, "region_attributes": {"label": "FILTER", "key_type": "key", "formal_key": "question"}}, {"shape_attributes": {"name": "rect", "x": 144, "y": 286, "width": 68, "height": 14}, "region_attributes": {"label": "MENTHOL:", "key_type": "key", "formal_key": "question"}}, {"shape_attributes": {"name": "rect", "x": 145, "y": 346, "width": 49, "height": 15}, "region_attributes": {"label": "\"TAR\":", "key_type": "key", "formal_key": "question"}}, {"shape_attributes": {"name": "rect", "x": 176, "y": 627, "width": 10, "height": 6}, "region_attributes": {"label": "-", "key_type": "key", "formal_key": "question"}}, {"shape_attributes": {"name": "rect", "x": 194, "y": 684, "width": 7, "height": 8}, "region_attributes": {"label": "-", "key_type": "key", "formal_key": "question"}}, {"shape_attributes": {"name": "rect", "x": 176, "y": 715, "width": 7, "height": 6}, "region_attributes": {"label": "-", "key_type": "key", "formal_key": "question"}}, {"shape_attributes": {"name": "rect", "x": 176, "y": 743, "width": 8, "height": 6}, "region_attributes": {"label": "-", "key_type": "key", "formal_key": "question"}}, {"shape_attributes": {"name": "rect", "x": 194, "y": 859, "width": 6, "height": 7}, "region_attributes": {"label": "-", "key_type": "key", "formal_key": "question"}}, {"shape_attributes": {"name": "rect", "x": 536, "y": 885, "width": 17, "height": 13}, "region_attributes": {"label": "94", "key_type": "value", "formal_key": "answer"}}, {"shape_attributes": {"name": "rect", "x": 399, "y": 345, "width": 78, "height": 15}, "region_attributes": {"label": "NICOTINE:", "key_type": "key", "formal_key": "question"}}, {"shape_attributes": {"name": "rect", "x": 395, "y": 503, "width": 18, "height": 15}, "region_attributes": {"label": "34", "key_type": "value", "formal_key": "answer"}}, {"shape_attributes": {"name": "rect", "x": 401, "y": 532, "width": 10, "height": 13}, "region_attributes": {"label": "0", "key_type": "value", "formal_key": "answer"}}, {"shape_attributes": {"name": "rect", "x": 394, "y": 561, "width": 17, "height": 14}, "region_attributes": {"label": "38", "key_type": "value", "formal_key": "answer"}}, {"shape_attributes": {"name": "rect", "x": 401, "y": 680, "width": 8, "height": 15}, "region_attributes": {"label": "1", "key_type": "value", "formal_key": "answer"}}, {"shape_attributes": {"name": "rect", "x": 394, "y": 764, "width": 15, "height": 18}, "region_attributes": {"label": "20", "key_type": "value", "formal_key": "answer"}}, {"shape_attributes": {"name": "rect", "x": 399, "y": 858, "width": 8, "height": 15}, "region_attributes": {"label": "1", "key_type": "value", "formal_key": "answer"}}, {"shape_attributes": {"name": "rect", "x": 112, "y": 144, "width": 22, "height": 14}, "region_attributes": {"label": "(2)", "key_type": "value", "formal_key": "others"}}, {"shape_attributes": {"name": "rect", "x": 112, "y": 170, "width": 24, "height": 15}, "region_attributes": {"label": "(3)", "key_type": "value", "formal_key": "others"}}, {"shape_attributes": {"name": "rect", "x": 113, "y": 200, "width": 20, "height": 17}, "region_attributes": {"label": "(4)", "key_type": "value", "formal_key": "others"}}, {"shape_attributes": {"name": "rect", "x": 112, "y": 229, "width": 22, "height": 15}, "region_attributes": {"label": "(5)", "key_type": "value", "formal_key": "others"}}, {"shape_attributes": {"name": "rect", "x": 113, "y": 260, "width": 22, "height": 13}, "region_attributes": {"label": "(6)", "key_type": "value", "formal_key": "others"}}, {"shape_attributes": {"name": "rect", "x": 112, "y": 288, "width": 22, "height": 15}, "region_attributes": {"label": "(7)", "key_type": "value", "formal_key": "others"}}, {"shape_attributes": {"name": "rect", "x": 112, "y": 318, "width": 21, "height": 11}, "region_attributes": {"label": "(8)", "key_type": "value", "formal_key": "others"}}, {"shape_attributes": {"name": "rect", "x": 112, "y": 346, "width": 22, "height": 14}, "region_attributes": {"label": "(9)", "key_type": "value", "formal_key": "others"}}, {"shape_attributes": {"name": "rect", "x": 112, "y": 376, "width": 29, "height": 13}, "region_attributes": {"label": "(10)", "key_type": "value", "formal_key": "others"}}, {"shape_attributes": {"name": "rect", "x": 112, "y": 405, "width": 28, "height": 17}, "region_attributes": {"label": "(11)", "key_type": "value", "formal_key": "others"}}, {"shape_attributes": {"name": "rect", "x": 112, "y": 433, "width": 29, "height": 17}, "region_attributes": {"label": "(12)", "key_type": "value", "formal_key": "others"}}, {"shape_attributes": {"name": "rect", "x": 110, "y": 506, "width": 29, "height": 17}, "region_attributes": {"label": "(13)", "key_type": "value", "formal_key": "others"}}, {"shape_attributes": {"name": "rect", "x": 112, "y": 535, "width": 29, "height": 17}, "region_attributes": {"label": "(14)", "key_type": "value", "formal_key": "others"}}, {"shape_attributes": {"name": "rect", "x": 110, "y": 563, "width": 28, "height": 17}, "region_attributes": {"label": "(15)", "key_type": "value", "formal_key": "others"}}, {"shape_attributes": {"name": "rect", "x": 109, "y": 595, "width": 31, "height": 15}, "region_attributes": {"label": "(16)", "key_type": "value", "formal_key": "others"}}, {"shape_attributes": {"name": "rect", "x": 109, "y": 623, "width": 29, "height": 15}, "region_attributes": {"label": "(17)", "key_type": "value", "formal_key": "others"}}, {"shape_attributes": {"name": "rect", "x": 109, "y": 652, "width": 31, "height": 15}, "region_attributes": {"label": "(18)", "key_type": "value", "formal_key": "others"}}, {"shape_attributes": {"name": "rect", "x": 109, "y": 682, "width": 29, "height": 17}, "region_attributes": {"label": "(19)", "key_type": "value", "formal_key": "others"}}, {"shape_attributes": {"name": "rect", "x": 109, "y": 712, "width": 29, "height": 14}, "region_attributes": {"label": "(20)", "key_type": "value", "formal_key": "others"}}, {"shape_attributes": {"name": "rect", "x": 109, "y": 740, "width": 29, "height": 14}, "region_attributes": {"label": "(21)", "key_type": "value", "formal_key": "others"}}, {"shape_attributes": {"name": "rect", "x": 109, "y": 770, "width": 29, "height": 15}, "region_attributes": {"label": "(22)", "key_type": "value", "formal_key": "others"}}, {"shape_attributes": {"name": "rect", "x": 109, "y": 799, "width": 28, "height": 17}, "region_attributes": {"label": "(23)", "key_type": "value", "formal_key": "others"}}, {"shape_attributes": {"name": "rect", "x": 108, "y": 828, "width": 31, "height": 18}, "region_attributes": {"label": "(24)", "key_type": "value", "formal_key": "others"}}, {"shape_attributes": {"name": "rect", "x": 109, "y": 856, "width": 29, "height": 17}, "region_attributes": {"label": "(25)", "key_type": "value", "formal_key": "others"}}, {"shape_attributes": {"name": "rect", "x": 109, "y": 891, "width": 29, "height": 17}, "region_attributes": {"label": "(26)", "key_type": "value", "formal_key": "others"}}, {"shape_attributes": {"name": "rect", "x": 300, "y": 71, "width": 182, "height": 16}, "region_attributes": {"label": "CIGARETTE REPORT FORM", "key_type": "key", "formal_key": "header"}}, {"shape_attributes": {"name": "rect", "x": 145, "y": 113, "width": 112, "height": 18}, "region_attributes": {"label": "YEAR COVERED:", "key_type": "key", "formal_key": "question"}}, {"shape_attributes": {"name": "rect", "x": 145, "y": 144, "width": 154, "height": 14}, "region_attributes": {"label": "BRAND FAMILY NAME:", "key_type": "key", "formal_key": "question"}}, {"shape_attributes": {"name": "rect", "x": 145, "y": 172, "width": 169, "height": 14}, "region_attributes": {"label": "VARIETY DESCRIPTION:", "key_type": "key", "formal_key": "question"}}, {"shape_attributes": {"name": "rect", "x": 334, "y": 169, "width": 122, "height": 18}, "region_attributes": {"label": "King Size, Filter", "key_type": "value", "formal_key": "answer"}}, {"shape_attributes": {"name": "rect", "x": 145, "y": 200, "width": 127, "height": 17}, "region_attributes": {"label": "PRODUCT LENGTH:", "key_type": "key", "formal_key": "question"}}, {"shape_attributes": {"name": "rect", "x": 332, "y": 198, "width": 67, "height": 20}, "region_attributes": {"label": "King Size", "key_type": "value", "formal_key": "answer"}}, {"shape_attributes": {"name": "rect", "x": 527, "y": 229, "width": 92, "height": 18}, "region_attributes": {"label": "(check one)", "key_type": "value", "formal_key": "answer"}}, {"shape_attributes": {"name": "rect", "x": 432, "y": 254, "width": 185, "height": 21}, "region_attributes": {"label": "X (check one)", "key_type": "value", "formal_key": "answer"}}, {"shape_attributes": {"name": "rect", "x": 433, "y": 284, "width": 184, "height": 21}, "region_attributes": {"label": "X (check one)", "key_type": "value", "formal_key": "answer"}}, {"shape_attributes": {"name": "rect", "x": 316, "y": 260, "width": 84, "height": 15}, "region_attributes": {"label": "SOFT PACK:", "key_type": "key", "formal_key": "question"}}, {"shape_attributes": {"name": "rect", "x": 144, "y": 258, "width": 86, "height": 15}, "region_attributes": {"label": "HARD PACK:", "key_type": "key", "formal_key": "question"}}, {"shape_attributes": {"name": "rect", "x": 144, "y": 316, "width": 128, "height": 16}, "region_attributes": {"label": "PACK SIZE SOLD:", "key_type": "key", "formal_key": "question"}}, {"shape_attributes": {"name": "rect", "x": 332, "y": 311, "width": 29, "height": 17}, "region_attributes": {"label": "20' s", "key_type": "value", "formal_key": "answer"}}, {"shape_attributes": {"name": "rect", "x": 235, "y": 341, "width": 35, "height": 16}, "region_attributes": {"label": "16 mg", "key_type": "value", "formal_key": "answer"}}, {"shape_attributes": {"name": "rect", "x": 500, "y": 338, "width": 137, "height": 22}, "region_attributes": {"label": "1. 3 mg (Appendix C)", "key_type": "value", "formal_key": "answer"}}, {"shape_attributes": {"name": "rect", "x": 151, "y": 373, "width": 160, "height": 18}, "region_attributes": {"label": "VARIETY UNIT SALES:", "key_type": "key", "formal_key": "question"}}, {"shape_attributes": {"name": "rect", "x": 376, "y": 376, "width": 34, "height": 15}, "region_attributes": {"label": "1, 800", "key_type": "value", "formal_key": "answer"}}, {"shape_attributes": {"name": "rect", "x": 369, "y": 404, "width": 42, "height": 14}, "region_attributes": {"label": "59, 791", "key_type": "value", "formal_key": "answer"}}, {"shape_attributes": {"name": "rect", "x": 151, "y": 404, "width": 178, "height": 17}, "region_attributes": {"label": "VARIETY DOLLAR SALES:", "key_type": "key", "formal_key": "question"}}, {"shape_attributes": {"name": "rect", "x": 152, "y": 434, "width": 142, "height": 15}, "region_attributes": {"label": "FIRST SALES DATE:", "key_type": "key", "formal_key": "question"}}, {"shape_attributes": {"name": "rect", "x": 303, "y": 433, "width": 57, "height": 17}, "region_attributes": {"label": "10/ 26/ 87", "key_type": "value", "formal_key": "answer"}}, {"shape_attributes": {"name": "rect", "x": 401, "y": 432, "width": 137, "height": 17}, "region_attributes": {"label": "LAST SALES DATE:", "key_type": "key", "formal_key": "question"}}, {"shape_attributes": {"name": "rect", "x": 286, "y": 475, "width": 313, "height": 18}, "region_attributes": {"label": "REPORTABLE EXPENDITURES (In Thousands)", "key_type": "key", "formal_key": "header"}}, {"shape_attributes": {"name": "rect", "x": 151, "y": 506, "width": 128, "height": 15}, "region_attributes": {"label": "CAT- A - EXPENSES:", "key_type": "key", "formal_key": "question"}}, {"shape_attributes": {"name": "rect", "x": 151, "y": 535, "width": 127, "height": 16}, "region_attributes": {"label": "CAT - - EXPENSES:", "key_type": "key", "formal_key": "question"}}, {"shape_attributes": {"name": "rect", "x": 151, "y": 564, "width": 127, "height": 15}, "region_attributes": {"label": "CAT - C - EXPENSES:", "key_type": "key", "formal_key": "question"}}, {"shape_attributes": {"name": "rect", "x": 151, "y": 594, "width": 127, "height": 15}, "region_attributes": {"label": "CAT - D - EXPENSES:", "key_type": "key", "formal_key": "question"}}, {"shape_attributes": {"name": "rect", "x": 149, "y": 624, "width": 129, "height": 14}, "region_attributes": {"label": "CAT E - EXPENSES:", "key_type": "key", "formal_key": "question"}}, {"shape_attributes": {"name": "rect", "x": 149, "y": 652, "width": 129, "height": 15}, "region_attributes": {"label": "CAT - F - EXPENSES:", "key_type": "key", "formal_key": "question"}}, {"shape_attributes": {"name": "rect", "x": 149, "y": 682, "width": 128, "height": 14}, "region_attributes": {"label": "CAT - G EXPENSES:", "key_type": "key", "formal_key": "question"}}, {"shape_attributes": {"name": "rect", "x": 151, "y": 711, "width": 124, "height": 16}, "region_attributes": {"label": "CAT H - EXPENSES:", "key_type": "key", "formal_key": "question"}}, {"shape_attributes": {"name": "rect", "x": 148, "y": 740, "width": 127, "height": 15}, "region_attributes": {"label": "CAT I - EXPENSES:", "key_type": "key", "formal_key": "question"}}, {"shape_attributes": {"name": "rect", "x": 149, "y": 770, "width": 127, "height": 15}, "region_attributes": {"label": "CAT - J - EXPENSES:", "key_type": "key", "formal_key": "question"}}, {"shape_attributes": {"name": "rect", "x": 149, "y": 799, "width": 126, "height": 14}, "region_attributes": {"label": "CAT - K - EXPENSES:", "key_type": "key", "formal_key": "question"}}, {"shape_attributes": {"name": "rect", "x": 149, "y": 827, "width": 128, "height": 17}, "region_attributes": {"label": "CAT - L - EXPENSES:", "key_type": "key", "formal_key": "question"}}, {"shape_attributes": {"name": "rect", "x": 148, "y": 858, "width": 128, "height": 14}, "region_attributes": {"label": "CAT - M EXPENSES:", "key_type": "key", "formal_key": "question"}}, {"shape_attributes": {"name": "rect", "x": 149, "y": 888, "width": 358, "height": 16}, "region_attributes": {"label": "TOTAL REPORTABLE EXPENDITURES FOR VARIETYI:", "key_type": "key", "formal_key": "question"}}]}}}