﻿{"file_name": "0060308461.json", "attributes": {"_via_img_metadata": {"regions": [{"shape_attributes": {"name": "rect", "x": 367, "y": 313, "width": 82, "height": 14}, "region_attributes": {"label": "NICOTINE:", "key_type": "key", "formal_key": "question"}}, {"shape_attributes": {"name": "rect", "x": 285, "y": 257, "width": 96, "height": 15}, "region_attributes": {"label": "NONMENTHOL:", "key_type": "key", "formal_key": "question"}}, {"shape_attributes": {"name": "rect", "x": 285, "y": 200, "width": 89, "height": 14}, "region_attributes": {"label": "NONFILTER:", "key_type": "key", "formal_key": "question"}}, {"shape_attributes": {"name": "rect", "x": 311, "y": 84, "width": 36, "height": 15}, "region_attributes": {"label": "1985", "key_type": "value", "formal_key": "answer"}}, {"shape_attributes": {"name": "rect", "x": 309, "y": 169, "width": 41, "height": 17}, "region_attributes": {"label": "King", "key_type": "value", "formal_key": "answer"}}, {"shape_attributes": {"name": "rect", "x": 309, "y": 281, "width": 39, "height": 15}, "region_attributes": {"label": "20's", "key_type": "value", "formal_key": "answer"}}, {"shape_attributes": {"name": "rect", "x": 196, "y": 197, "width": 15, "height": 17}, "region_attributes": {"label": "X", "key_type": "value", "formal_key": "answer"}}, {"shape_attributes": {"name": "rect", "x": 198, "y": 225, "width": 13, "height": 17}, "region_attributes": {"label": "X", "key_type": "value", "formal_key": "answer"}}, {"shape_attributes": {"name": "rect", "x": 355, "y": 465, "width": 38, "height": 17}, "region_attributes": {"label": "2,303", "key_type": "value", "formal_key": "answer"}}, {"shape_attributes": {"name": "rect", "x": 353, "y": 493, "width": 43, "height": 20}, "region_attributes": {"label": "3,890", "key_type": "value", "formal_key": "answer"}}, {"shape_attributes": {"name": "rect", "x": 370, "y": 521, "width": 24, "height": 14}, "region_attributes": {"label": "741", "key_type": "value", "formal_key": "answer"}}, {"shape_attributes": {"name": "rect", "x": 351, "y": 550, "width": 45, "height": 20}, "region_attributes": {"label": "71,445", "key_type": "value", "formal_key": "answer"}}, {"shape_attributes": {"name": "rect", "x": 373, "y": 605, "width": 25, "height": 20}, "region_attributes": {"label": "193", "key_type": "value", "formal_key": "answer"}}, {"shape_attributes": {"name": "rect", "x": 365, "y": 581, "width": 8, "height": 15}, "region_attributes": {"label": "-", "key_type": "value", "formal_key": "answer"}}, {"shape_attributes": {"name": "rect", "x": 351, "y": 634, "width": 46, "height": 15}, "region_attributes": {"label": "12,787", "key_type": "value", "formal_key": "answer"}}, {"shape_attributes": {"name": "rect", "x": 344, "y": 661, "width": 53, "height": 21}, "region_attributes": {"label": "95,614", "key_type": "value", "formal_key": "answer"}}, {"shape_attributes": {"name": "rect", "x": 342, "y": 696, "width": 50, "height": 15}, "region_attributes": {"label": "291,095", "key_type": "value", "formal_key": "answer"}}, {"shape_attributes": {"name": "rect", "x": 342, "y": 716, "width": 50, "height": 17}, "region_attributes": {"label": "155,718", "key_type": "value", "formal_key": "answer"}}, {"shape_attributes": {"name": "rect", "x": 342, "y": 747, "width": 53, "height": 15}, "region_attributes": {"label": "476,722", "key_type": "value", "formal_key": "answer"}}, {"shape_attributes": {"name": "rect", "x": 348, "y": 781, "width": 45, "height": 14}, "region_attributes": {"label": "85,208", "key_type": "value", "formal_key": "answer"}}, {"shape_attributes": {"name": "rect", "x": 348, "y": 810, "width": 46, "height": 15}, "region_attributes": {"label": "26,055", "key_type": "value", "formal_key": "answer"}}, {"shape_attributes": {"name": "rect", "x": 494, "y": 842, "width": 68, "height": 13}, "region_attributes": {"label": "1,221,771", "key_type": "value", "formal_key": "answer"}}, {"shape_attributes": {"name": "rect", "x": 267, "y": 43, "width": 187, "height": 16}, "region_attributes": {"label": "CIGARETTE REPORT FORM", "key_type": "key", "formal_key": "header"}}, {"shape_attributes": {"name": "rect", "x": 81, "y": 82, "width": 143, "height": 17}, "region_attributes": {"label": "(1) YEAR COVERED:", "key_type": "key", "formal_key": "question"}}, {"shape_attributes": {"name": "rect", "x": 80, "y": 112, "width": 189, "height": 17}, "region_attributes": {"label": "(2) BRAND FAMILY NAME:", "key_type": "key", "formal_key": "question"}}, {"shape_attributes": {"name": "rect", "x": 81, "y": 140, "width": 207, "height": 15}, "region_attributes": {"label": "(3) VARIETY DESCRIPTION", "key_type": "key", "formal_key": "question"}}, {"shape_attributes": {"name": "rect", "x": 81, "y": 168, "width": 164, "height": 15}, "region_attributes": {"label": "(4) PRODUCT LENGTH:", "key_type": "key", "formal_key": "question"}}, {"shape_attributes": {"name": "rect", "x": 81, "y": 198, "width": 98, "height": 16}, "region_attributes": {"label": "(5) FILTER:", "key_type": "key", "formal_key": "question"}}, {"shape_attributes": {"name": "rect", "x": 82, "y": 226, "width": 117, "height": 16}, "region_attributes": {"label": "(6) HARD PACK", "key_type": "key", "formal_key": "question"}}, {"shape_attributes": {"name": "rect", "x": 284, "y": 229, "width": 87, "height": 15}, "region_attributes": {"label": "SOFT PACK:", "key_type": "key", "formal_key": "question"}}, {"shape_attributes": {"name": "rect", "x": 82, "y": 253, "width": 101, "height": 18}, "region_attributes": {"label": "(7) MENTHOL:", "key_type": "key", "formal_key": "question"}}, {"shape_attributes": {"name": "rect", "x": 80, "y": 282, "width": 165, "height": 17}, "region_attributes": {"label": "(8) PACK SIZE SOLD:", "key_type": "key", "formal_key": "question"}}, {"shape_attributes": {"name": "rect", "x": 81, "y": 310, "width": 88, "height": 18}, "region_attributes": {"label": "(9) \"TAR\":", "key_type": "key", "formal_key": "question"}}, {"shape_attributes": {"name": "rect", "x": 81, "y": 339, "width": 207, "height": 16}, "region_attributes": {"label": "(10) VARIETY UNIT SALES:", "key_type": "key", "formal_key": "question"}}, {"shape_attributes": {"name": "rect", "x": 81, "y": 366, "width": 227, "height": 20}, "region_attributes": {"label": "(11) VARIETY DOLLAR SALES:", "key_type": "key", "formal_key": "question"}}, {"shape_attributes": {"name": "rect", "x": 81, "y": 397, "width": 188, "height": 15}, "region_attributes": {"label": "(12) FIRST SALES DATE:", "key_type": "key", "formal_key": "question"}}, {"shape_attributes": {"name": "rect", "x": 372, "y": 398, "width": 139, "height": 14}, "region_attributes": {"label": "LAST SALES DATE:", "key_type": "key", "formal_key": "question"}}, {"shape_attributes": {"name": "rect", "x": 260, "y": 440, "width": 200, "height": 17}, "region_attributes": {"label": "REPORTABLE EXPENDITURES", "key_type": "key", "formal_key": "header"}}, {"shape_attributes": {"name": "rect", "x": 78, "y": 468, "width": 177, "height": 16}, "region_attributes": {"label": "(13) CAT- A- EXPENSES:", "key_type": "key", "formal_key": "question"}}, {"shape_attributes": {"name": "rect", "x": 80, "y": 497, "width": 174, "height": 15}, "region_attributes": {"label": "(14) CAT- B- EXPENSES:", "key_type": "key", "formal_key": "question"}}, {"shape_attributes": {"name": "rect", "x": 75, "y": 524, "width": 179, "height": 17}, "region_attributes": {"label": "(15) CAT- C- EXPENSES:", "key_type": "key", "formal_key": "question"}}, {"shape_attributes": {"name": "rect", "x": 78, "y": 550, "width": 174, "height": 20}, "region_attributes": {"label": "(16) CAT- D- EXPENSES:", "key_type": "key", "formal_key": "question"}}, {"shape_attributes": {"name": "rect", "x": 80, "y": 581, "width": 172, "height": 16}, "region_attributes": {"label": "(17) CAT- E- EXPENSES", "key_type": "key", "formal_key": "question"}}, {"shape_attributes": {"name": "rect", "x": 80, "y": 609, "width": 175, "height": 18}, "region_attributes": {"label": "(18) CAT- F- EXPENSES:", "key_type": "key", "formal_key": "question"}}, {"shape_attributes": {"name": "rect", "x": 77, "y": 638, "width": 174, "height": 16}, "region_attributes": {"label": "(19) CAT- G- EXPENSES:", "key_type": "key", "formal_key": "question"}}, {"shape_attributes": {"name": "rect", "x": 82, "y": 668, "width": 172, "height": 14}, "region_attributes": {"label": "(20) CAT- H- EXPENSES:", "key_type": "key", "formal_key": "question"}}, {"shape_attributes": {"name": "rect", "x": 80, "y": 694, "width": 175, "height": 16}, "region_attributes": {"label": "(21) CAT- I- EXPENSES:", "key_type": "key", "formal_key": "question"}}, {"shape_attributes": {"name": "rect", "x": 78, "y": 723, "width": 175, "height": 15}, "region_attributes": {"label": "(22) CAT- J- EXPENSES:", "key_type": "key", "formal_key": "question"}}, {"shape_attributes": {"name": "rect", "x": 80, "y": 753, "width": 171, "height": 15}, "region_attributes": {"label": "(23) CAT- K- EXPENSES:", "key_type": "key", "formal_key": "question"}}, {"shape_attributes": {"name": "rect", "x": 80, "y": 781, "width": 173, "height": 18}, "region_attributes": {"label": "(24) CAT- L- EXPENSES:", "key_type": "key", "formal_key": "question"}}, {"shape_attributes": {"name": "rect", "x": 80, "y": 809, "width": 172, "height": 18}, "region_attributes": {"label": "(25) CAT- M- EXPENSES:", "key_type": "key", "formal_key": "question"}}, {"shape_attributes": {"name": "rect", "x": 82, "y": 838, "width": 404, "height": 16}, "region_attributes": {"label": "(26) TOTAL REPORTABLE EXPENDITURES FOR VARIETY:", "key_type": "key", "formal_key": "question"}}, {"shape_attributes": {"name": "rect", "x": 310, "y": 115, "width": 105, "height": 15}, "region_attributes": {"label": "LUCKY STRIKE", "key_type": "value", "formal_key": "answer"}}, {"shape_attributes": {"name": "rect", "x": 310, "y": 142, "width": 324, "height": 19}, "region_attributes": {"label": "Low tar, king size, filter, hard pack", "key_type": "value", "formal_key": "answer"}}, {"shape_attributes": {"name": "rect", "x": 492, "y": 200, "width": 98, "height": 15}, "region_attributes": {"label": "(check one)", "key_type": "value", "formal_key": "answer"}}, {"shape_attributes": {"name": "rect", "x": 490, "y": 229, "width": 99, "height": 15}, "region_attributes": {"label": "(check one)", "key_type": "value", "formal_key": "answer"}}, {"shape_attributes": {"name": "rect", "x": 472, "y": 309, "width": 207, "height": 20}, "region_attributes": {"label": "0.8 mg (Jan. '85 Report)", "key_type": "value", "formal_key": "answer"}}, {"shape_attributes": {"name": "rect", "x": 411, "y": 254, "width": 178, "height": 19}, "region_attributes": {"label": "X (check one)", "key_type": "value", "formal_key": "answer"}}, {"shape_attributes": {"name": "rect", "x": 197, "y": 309, "width": 47, "height": 16}, "region_attributes": {"label": "11 mg", "key_type": "value", "formal_key": "answer"}}, {"shape_attributes": {"name": "rect", "x": 339, "y": 341, "width": 57, "height": 15}, "region_attributes": {"label": "238,282", "key_type": "value", "formal_key": "answer"}}, {"shape_attributes": {"name": "rect", "x": 328, "y": 366, "width": 67, "height": 17}, "region_attributes": {"label": "6,117,778", "key_type": "value", "formal_key": "answer"}}]}}}