﻿{"file_name": "0060029036.json", "attributes": {"_via_img_metadata": {"regions": [{"shape_attributes": {"name": "rect", "x": 448, "y": 216, "width": 56, "height": 18}, "region_attributes": {"label": "Brand(s)", "key_type": "key", "formal_key": "question"}}, {"shape_attributes": {"name": "rect", "x": 84, "y": 214, "width": 59, "height": 18}, "region_attributes": {"label": "Company", "key_type": "key", "formal_key": "question"}}, {"shape_attributes": {"name": "rect", "x": 601, "y": 397, "width": 39, "height": 15}, "region_attributes": {"label": "DATE", "key_type": "key", "formal_key": "question"}}, {"shape_attributes": {"name": "rect", "x": 412, "y": 395, "width": 81, "height": 14}, "region_attributes": {"label": "SIGNATURE", "key_type": "key", "formal_key": "question"}}, {"shape_attributes": {"name": "rect", "x": 223, "y": 395, "width": 42, "height": 15}, "region_attributes": {"label": "NAME", "key_type": "key", "formal_key": "question"}}, {"shape_attributes": {"name": "rect", "x": 84, "y": 429, "width": 60, "height": 15}, "region_attributes": {"label": "Originator", "key_type": "key", "formal_key": "question"}}, {"shape_attributes": {"name": "rect", "x": 82, "y": 468, "width": 56, "height": 14}, "region_attributes": {"label": "Manager", "key_type": "key", "formal_key": "question"}}, {"shape_attributes": {"name": "rect", "x": 601, "y": 522, "width": 39, "height": 17}, "region_attributes": {"label": "DATE", "key_type": "key", "formal_key": "question"}}, {"shape_attributes": {"name": "rect", "x": 602, "y": 662, "width": 78, "height": 15}, "region_attributes": {"label": "SECTION(S)", "key_type": "key", "formal_key": "question"}}, {"shape_attributes": {"name": "rect", "x": 412, "y": 522, "width": 81, "height": 15}, "region_attributes": {"label": "SIGNATURE", "key_type": "key", "formal_key": "question"}}, {"shape_attributes": {"name": "rect", "x": 411, "y": 662, "width": 56, "height": 15}, "region_attributes": {"label": "PAGE(S)", "key_type": "key", "formal_key": "question"}}, {"shape_attributes": {"name": "rect", "x": 84, "y": 556, "width": 59, "height": 13}, "region_attributes": {"label": "Insurance", "key_type": "key", "formal_key": "question"}}, {"shape_attributes": {"name": "rect", "x": 82, "y": 589, "width": 28, "height": 13}, "region_attributes": {"label": "Law", "key_type": "key", "formal_key": "question"}}, {"shape_attributes": {"name": "rect", "x": 620, "y": 464, "width": 87, "height": 24}, "region_attributes": {"label": "1-11-94", "key_type": "value", "formal_key": "answer"}}, {"shape_attributes": {"name": "rect", "x": 409, "y": 842, "width": 34, "height": 14}, "region_attributes": {"label": "SME", "key_type": "value", "formal_key": "answer"}}, {"shape_attributes": {"name": "rect", "x": 226, "y": 63, "width": 355, "height": 36}, "region_attributes": {"label": "SPORTS MARKETING ENTERPRISES DOCUMENT CLEARANCE SHEET", "key_type": "key", "formal_key": "header"}}, {"shape_attributes": {"name": "rect", "x": 225, "y": 135, "width": 108, "height": 19}, "region_attributes": {"label": "January 11, 1994", "key_type": "value", "formal_key": "answer"}}, {"shape_attributes": {"name": "rect", "x": 81, "y": 133, "width": 84, "height": 17}, "region_attributes": {"label": "Date Routed:", "key_type": "key", "formal_key": "question"}}, {"shape_attributes": {"name": "rect", "x": 412, "y": 133, "width": 75, "height": 18}, "region_attributes": {"label": "Contract No.", "key_type": "key", "formal_key": "question"}}, {"shape_attributes": {"name": "rect", "x": 554, "y": 135, "width": 71, "height": 16}, "region_attributes": {"label": "4011 00 00", "key_type": "value", "formal_key": "answer"}}, {"shape_attributes": {"name": "rect", "x": 226, "y": 180, "width": 124, "height": 20}, "region_attributes": {"label": "Joe's Place Exhibits", "key_type": "value", "formal_key": "answer"}}, {"shape_attributes": {"name": "rect", "x": 85, "y": 180, "width": 102, "height": 17}, "region_attributes": {"label": "Contract Subject:", "key_type": "key", "formal_key": "question"}}, {"shape_attributes": {"name": "rect", "x": 173, "y": 211, "width": 93, "height": 21}, "region_attributes": {"label": "SPEVCO, INC.", "key_type": "value", "formal_key": "answer"}}, {"shape_attributes": {"name": "rect", "x": 522, "y": 215, "width": 97, "height": 15}, "region_attributes": {"label": "Camel/ Winston", "key_type": "value", "formal_key": "answer"}}, {"shape_attributes": {"name": "rect", "x": 418, "y": 249, "width": 108, "height": 18}, "region_attributes": {"label": "Current Year Cost", "key_type": "key", "formal_key": "question"}}, {"shape_attributes": {"name": "rect", "x": 81, "y": 250, "width": 119, "height": 17}, "region_attributes": {"label": "Total Contract Cost", "key_type": "key", "formal_key": "question"}}, {"shape_attributes": {"name": "rect", "x": 243, "y": 249, "width": 94, "height": 17}, "region_attributes": {"label": "$ 1,340,000.00", "key_type": "value", "formal_key": "answer"}}, {"shape_attributes": {"name": "rect", "x": 582, "y": 250, "width": 66, "height": 17}, "region_attributes": {"label": "1994-1995", "key_type": "value", "formal_key": "answer"}}, {"shape_attributes": {"name": "rect", "x": 82, "y": 286, "width": 101, "height": 17}, "region_attributes": {"label": "Brief Description", "key_type": "key", "formal_key": "question"}}, {"shape_attributes": {"name": "rect", "x": 247, "y": 284, "width": 454, "height": 31}, "region_attributes": {"label": "2 Joe's Place Exhibits for use at Winston Cup, Winston Drag and Camel Super Bike Events.", "key_type": "value", "formal_key": "answer"}}, {"shape_attributes": {"name": "rect", "x": 82, "y": 355, "width": 65, "height": 16}, "region_attributes": {"label": "G/ L Code:", "key_type": "key", "formal_key": "question"}}, {"shape_attributes": {"name": "rect", "x": 404, "y": 353, "width": 133, "height": 17}, "region_attributes": {"label": "Program Budget Code", "key_type": "key", "formal_key": "question"}}, {"shape_attributes": {"name": "rect", "x": 226, "y": 426, "width": 96, "height": 19}, "region_attributes": {"label": "Michael Wright", "key_type": "value", "formal_key": "answer"}}, {"shape_attributes": {"name": "rect", "x": 225, "y": 468, "width": 78, "height": 15}, "region_attributes": {"label": "John Powell", "key_type": "value", "formal_key": "answer"}}, {"shape_attributes": {"name": "rect", "x": 432, "y": 450, "width": 141, "height": 43}, "region_attributes": {"label": "B J. Powell", "key_type": "value", "formal_key": "answer"}}, {"shape_attributes": {"name": "rect", "x": 82, "y": 501, "width": 121, "height": 17}, "region_attributes": {"label": "REVIEW ROUTING", "key_type": "key", "formal_key": "question"}}, {"shape_attributes": {"name": "rect", "x": 82, "y": 624, "width": 90, "height": 17}, "region_attributes": {"label": "FS - Marketing", "key_type": "key", "formal_key": "question"}}, {"shape_attributes": {"name": "rect", "x": 81, "y": 887, "width": 214, "height": 30}, "region_attributes": {"label": "* UP TO AND INCLUDING $ 25,000 ** OVER $ 25,000", "key_type": "value", "formal_key": "others"}}, {"shape_attributes": {"name": "rect", "x": 601, "y": 902, "width": 103, "height": 17}, "region_attributes": {"label": "Revised 10/26/92", "key_type": "value", "formal_key": "others"}}, {"shape_attributes": {"name": "rect", "x": 599, "y": 842, "width": 53, "height": 15}, "region_attributes": {"label": "13 Plaza", "key_type": "value", "formal_key": "answer"}}, {"shape_attributes": {"name": "rect", "x": 737, "y": 774, "width": 15, "height": 95}, "region_attributes": {"label": "51669 8130", "key_type": "value", "formal_key": "others"}}, {"shape_attributes": {"name": "rect", "x": 80, "y": 659, "width": 147, "height": 52}, "region_attributes": {"label": "REVISIONS TO SHELL (Other than Term Compensation or Job", "key_type": "key", "formal_key": "question"}}, {"shape_attributes": {"name": "rect", "x": 81, "y": 733, "width": 141, "height": 15}, "region_attributes": {"label": "APPROVAL ROUTING", "key_type": "key", "formal_key": "question"}}, {"shape_attributes": {"name": "rect", "x": 81, "y": 749, "width": 189, "height": 19}, "region_attributes": {"label": "* Sr. Manager (B. J. Powell)", "key_type": "key", "formal_key": "question"}}, {"shape_attributes": {"name": "rect", "x": 84, "y": 767, "width": 161, "height": 21}, "region_attributes": {"label": "* Director - (G. L. Littell)", "key_type": "key", "formal_key": "question"}}, {"shape_attributes": {"name": "rect", "x": 81, "y": 802, "width": 199, "height": 18}, "region_attributes": {"label": "** Sr. VP T. W. Robertson", "key_type": "key", "formal_key": "question"}}, {"shape_attributes": {"name": "rect", "x": 78, "y": 839, "width": 70, "height": 19}, "region_attributes": {"label": "Return To:", "key_type": "key", "formal_key": "question"}}, {"shape_attributes": {"name": "rect", "x": 222, "y": 841, "width": 126, "height": 32}, "region_attributes": {"label": "MARY SEAGRAVES Ext 1485", "key_type": "value", "formal_key": "answer"}}]}}}