﻿{"file_name": "0060308251.json", "attributes": {"_via_img_metadata": {"regions": [{"shape_attributes": {"name": "rect", "x": 401, "y": 165, "width": 41, "height": 24}, "region_attributes": {"label": "Date", "key_type": "key", "formal_key": "question"}}, {"shape_attributes": {"name": "rect", "x": 344, "y": 433, "width": 82, "height": 24}, "region_attributes": {"label": "Signature", "key_type": "key", "formal_key": "question"}}, {"shape_attributes": {"name": "rect", "x": 211, "y": 295, "width": 45, "height": 17}, "region_attributes": {"label": "From", "key_type": "key", "formal_key": "header"}}, {"shape_attributes": {"name": "rect", "x": 492, "y": 293, "width": 28, "height": 17}, "region_attributes": {"label": "To", "key_type": "key", "formal_key": "header"}}, {"shape_attributes": {"name": "rect", "x": 126, "y": 547, "width": 49, "height": 20}, "region_attributes": {"label": "NOTE:", "key_type": "key", "formal_key": "question"}}, {"shape_attributes": {"name": "rect", "x": 154, "y": 385, "width": 13, "height": 17}, "region_attributes": {"label": "3", "key_type": "value", "formal_key": "answer"}}, {"shape_attributes": {"name": "rect", "x": 429, "y": 390, "width": 15, "height": 13}, "region_attributes": {"label": "2", "key_type": "value", "formal_key": "answer"}}, {"shape_attributes": {"name": "rect", "x": 443, "y": 420, "width": 141, "height": 34}, "region_attributes": {"label": "", "key_type": "value", "formal_key": "answer"}}, {"shape_attributes": {"name": "rect", "x": 229, "y": 94, "width": 297, "height": 20}, "region_attributes": {"label": "A. T. Co. Tar & Nicotine Change Form", "key_type": "key", "formal_key": "header"}}, {"shape_attributes": {"name": "rect", "x": 487, "y": 159, "width": 56, "height": 21}, "region_attributes": {"label": "7/ 24/ 90", "key_type": "value", "formal_key": "answer"}}, {"shape_attributes": {"name": "rect", "x": 285, "y": 228, "width": 133, "height": 22}, "region_attributes": {"label": "CARLTON 100's FMSP", "key_type": "value", "formal_key": "answer"}}, {"shape_attributes": {"name": "rect", "x": 124, "y": 230, "width": 118, "height": 28}, "region_attributes": {"label": "Brand & Style", "key_type": "key", "formal_key": "question"}}, {"shape_attributes": {"name": "rect", "x": 127, "y": 323, "width": 81, "height": 48}, "region_attributes": {"label": "Tar (Mg /Cigt)", "key_type": "key", "formal_key": "question"}}, {"shape_attributes": {"name": "rect", "x": 265, "y": 323, "width": 83, "height": 46}, "region_attributes": {"label": "Nicotine (Mg /Cigt)", "key_type": "key", "formal_key": "question"}}, {"shape_attributes": {"name": "rect", "x": 409, "y": 323, "width": 79, "height": 48}, "region_attributes": {"label": "Tar (Mg /Cigt)", "key_type": "key", "formal_key": "question"}}, {"shape_attributes": {"name": "rect", "x": 543, "y": 324, "width": 82, "height": 46}, "region_attributes": {"label": "Nicotine (Mg/ /Cigt)", "key_type": "key", "formal_key": "question"}}, {"shape_attributes": {"name": "rect", "x": 566, "y": 387, "width": 31, "height": 17}, "region_attributes": {"label": "0 .2", "key_type": "value", "formal_key": "answer"}}, {"shape_attributes": {"name": "rect", "x": 285, "y": 387, "width": 27, "height": 17}, "region_attributes": {"label": "0 .3", "key_type": "value", "formal_key": "answer"}}, {"shape_attributes": {"name": "rect", "x": 187, "y": 546, "width": 291, "height": 19}, "region_attributes": {"label": "Use Separate Form For Each Change", "key_type": "value", "formal_key": "answer"}}]}}}