﻿{"file_name": "0060255888.json", "attributes": {"_via_img_metadata": {"regions": [{"shape_attributes": {"name": "rect", "x": 402, "y": 190, "width": 27, "height": 13}, "region_attributes": {"label": "Date:", "key_type": "key", "formal_key": "question"}}, {"shape_attributes": {"name": "rect", "x": 402, "y": 230, "width": 45, "height": 14}, "region_attributes": {"label": "Contact:", "key_type": "key", "formal_key": "question"}}, {"shape_attributes": {"name": "rect", "x": 73, "y": 235, "width": 41, "height": 13}, "region_attributes": {"label": "Agency:", "key_type": "key", "formal_key": "question"}}, {"shape_attributes": {"name": "rect", "x": 71, "y": 288, "width": 50, "height": 13}, "region_attributes": {"label": "Address:", "key_type": "key", "formal_key": "question"}}, {"shape_attributes": {"name": "rect", "x": 73, "y": 342, "width": 35, "height": 11}, "region_attributes": {"label": "Client:", "key_type": "key", "formal_key": "question"}}, {"shape_attributes": {"name": "rect", "x": 73, "y": 398, "width": 46, "height": 13}, "region_attributes": {"label": "Products:", "key_type": "key", "formal_key": "question"}}, {"shape_attributes": {"name": "rect", "x": 303, "y": 504, "width": 20, "height": 13}, "region_attributes": {"label": "20", "key_type": "value", "formal_key": "answer"}}, {"shape_attributes": {"name": "rect", "x": 304, "y": 518, "width": 18, "height": 13}, "region_attributes": {"label": "30", "key_type": "value", "formal_key": "answer"}}, {"shape_attributes": {"name": "rect", "x": 303, "y": 531, "width": 20, "height": 13}, "region_attributes": {"label": "60", "key_type": "value", "formal_key": "answer"}}, {"shape_attributes": {"name": "rect", "x": 303, "y": 545, "width": 18, "height": 13}, "region_attributes": {"label": "20", "key_type": "value", "formal_key": "answer"}}, {"shape_attributes": {"name": "rect", "x": 306, "y": 560, "width": 17, "height": 13}, "region_attributes": {"label": "30", "key_type": "value", "formal_key": "answer"}}, {"shape_attributes": {"name": "rect", "x": 306, "y": 574, "width": 15, "height": 13}, "region_attributes": {"label": "60", "key_type": "value", "formal_key": "answer"}}, {"shape_attributes": {"name": "rect", "x": 236, "y": 50, "width": 211, "height": 42}, "region_attributes": {"label": "AMERICAN BROADCASTING COMPANY TELEVISION NETWORK", "key_type": "key", "formal_key": "header"}}, {"shape_attributes": {"name": "rect", "x": 222, "y": 99, "width": 239, "height": 37}, "region_attributes": {"label": "1330 Avenue of the Americas, New York, New York 10019 LT - 7777", "key_type": "value", "formal_key": "others"}}, {"shape_attributes": {"name": "rect", "x": 455, "y": 182, "width": 133, "height": 16}, "region_attributes": {"label": "October 9, 1968", "key_type": "value", "formal_key": "answer"}}, {"shape_attributes": {"name": "rect", "x": 464, "y": 216, "width": 159, "height": 17}, "region_attributes": {"label": "Mr. Mary Goldsmith", "key_type": "value", "formal_key": "answer"}}, {"shape_attributes": {"name": "rect", "x": 138, "y": 221, "width": 79, "height": 14}, "region_attributes": {"label": "BBDO Inc.", "key_type": "value", "formal_key": "answer"}}, {"shape_attributes": {"name": "rect", "x": 135, "y": 274, "width": 300, "height": 15}, "region_attributes": {"label": "383 Madison Avenue New York 10017", "key_type": "value", "formal_key": "answer"}}, {"shape_attributes": {"name": "rect", "x": 137, "y": 327, "width": 173, "height": 17}, "region_attributes": {"label": "American Tobacco Co.", "key_type": "value", "formal_key": "answer"}}, {"shape_attributes": {"name": "rect", "x": 137, "y": 378, "width": 169, "height": 16}, "region_attributes": {"label": "Tareyton Cigarettes", "key_type": "value", "formal_key": "answer"}}, {"shape_attributes": {"name": "rect", "x": 73, "y": 451, "width": 206, "height": 15}, "region_attributes": {"label": "Script(s) (and/ or story board(s)) cleared:", "key_type": "key", "formal_key": "header"}}, {"shape_attributes": {"name": "rect", "x": 138, "y": 503, "width": 165, "height": 15}, "region_attributes": {"label": "Phone Booth :", "key_type": "key", "formal_key": "question"}}, {"shape_attributes": {"name": "rect", "x": 140, "y": 518, "width": 164, "height": 15}, "region_attributes": {"label": "Phone Booth :", "key_type": "key", "formal_key": "question"}}, {"shape_attributes": {"name": "rect", "x": 138, "y": 532, "width": 166, "height": 15}, "region_attributes": {"label": "Phone Booth :", "key_type": "key", "formal_key": "question"}}, {"shape_attributes": {"name": "rect", "x": 138, "y": 547, "width": 165, "height": 13}, "region_attributes": {"label": "ECU :", "key_type": "key", "formal_key": "question"}}, {"shape_attributes": {"name": "rect", "x": 138, "y": 561, "width": 166, "height": 13}, "region_attributes": {"label": "ECU :", "key_type": "key", "formal_key": "question"}}, {"shape_attributes": {"name": "rect", "x": 138, "y": 575, "width": 167, "height": 14}, "region_attributes": {"label": "ECU :", "key_type": "key", "formal_key": "question"}}, {"shape_attributes": {"name": "rect", "x": 130, "y": 613, "width": 546, "height": 32}, "region_attributes": {"label": "THESE COMMERCIALS CANNOT BE SCHEDULED UNTIL THIS DEPARTMENT HAS BEEN NOTIFIED OF THEIR CODE NUMBERS.", "key_type": "value", "formal_key": "others"}}, {"shape_attributes": {"name": "rect", "x": 75, "y": 665, "width": 459, "height": 17}, "region_attributes": {"label": "PLEASE NOTIFY THIS DEPARTMENT OF ANY CHANGES THE CODE NUMBER(S).", "key_type": "value", "formal_key": "others"}}, {"shape_attributes": {"name": "rect", "x": 74, "y": 689, "width": 436, "height": 33}, "region_attributes": {"label": "Final approval is, of course, dependent upon our screening the finished film(s), and upon time and placement of the commercial(s).", "key_type": "value", "formal_key": "others"}}, {"shape_attributes": {"name": "rect", "x": 82, "y": 855, "width": 116, "height": 13}, "region_attributes": {"label": "XER. 257/ REV 6/ 68", "key_type": "value", "formal_key": "others"}}, {"shape_attributes": {"name": "rect", "x": 123, "y": 817, "width": 46, "height": 18}, "region_attributes": {"label": "JP/ gb", "key_type": "value", "formal_key": "others"}}, {"shape_attributes": {"name": "rect", "x": 405, "y": 744, "width": 200, "height": 115}, "region_attributes": {"label": "Sincerely. American Broadcasting Company Judse Price Department of BROADCAST STANDARDS AND PRACTICES", "key_type": "value", "formal_key": "others"}}]}}}