﻿{"file_name": "0060025670.json", "attributes": {"_via_img_metadata": {"regions": [{"shape_attributes": {"name": "rect", "x": 149, "y": 170, "width": 68, "height": 11}, "region_attributes": {"label": "Supplier:", "key_type": "key", "formal_key": "question"}}, {"shape_attributes": {"name": "rect", "x": 196, "y": 352, "width": 63, "height": 11}, "region_attributes": {"label": "APPROVED", "key_type": "key", "formal_key": "question"}}, {"shape_attributes": {"name": "rect", "x": 149, "y": 596, "width": 47, "height": 14}, "region_attributes": {"label": "Tester", "key_type": "key", "formal_key": "question"}}, {"shape_attributes": {"name": "rect", "x": 149, "y": 655, "width": 57, "height": 15}, "region_attributes": {"label": "Manager", "key_type": "key", "formal_key": "question"}}, {"shape_attributes": {"name": "rect", "x": 288, "y": 92, "width": 191, "height": 13}, "region_attributes": {"label": "TEST ADHESIVE EVALUATION", "key_type": "key", "formal_key": "header"}}, {"shape_attributes": {"name": "rect", "x": 149, "y": 208, "width": 111, "height": 14}, "region_attributes": {"label": "Adhesive Code:", "key_type": "key", "formal_key": "question"}}, {"shape_attributes": {"name": "rect", "x": 148, "y": 249, "width": 256, "height": 27}, "region_attributes": {"label": "Application: tipping, carton end flaps, etc.)", "key_type": "key", "formal_key": "question"}}, {"shape_attributes": {"name": "rect", "x": 148, "y": 299, "width": 95, "height": 13}, "region_attributes": {"label": "Test Period:", "key_type": "key", "formal_key": "question"}}, {"shape_attributes": {"name": "rect", "x": 405, "y": 353, "width": 95, "height": 13}, "region_attributes": {"label": "NOT APPROVED", "key_type": "key", "formal_key": "question"}}, {"shape_attributes": {"name": "rect", "x": 149, "y": 402, "width": 232, "height": 16}, "region_attributes": {"label": "If not approved state reasons.", "key_type": "value", "formal_key": "others"}}, {"shape_attributes": {"name": "rect", "x": 148, "y": 616, "width": 120, "height": 15}, "region_attributes": {"label": "Quality Control", "key_type": "key", "formal_key": "question"}}, {"shape_attributes": {"name": "rect", "x": 147, "y": 634, "width": 128, "height": 17}, "region_attributes": {"label": "Local Purchasing", "key_type": "key", "formal_key": "question"}}, {"shape_attributes": {"name": "rect", "x": 147, "y": 689, "width": 470, "height": 31}, "region_attributes": {"label": "Complete and return to D. R. Brickey, Department of Research and Development, as soon as possible.", "key_type": "value", "formal_key": "others"}}, {"shape_attributes": {"name": "rect", "x": 520, "y": 883, "width": 114, "height": 14}, "region_attributes": {"label": "ATXO2 0083035", "key_type": "value", "formal_key": "others"}}]}}}