﻿{"file_name": "0071032790.json", "attributes": {"_via_img_metadata": {"regions": [{"shape_attributes": {"name": "rect", "x": 56, "y": 455, "width": 65, "height": 13}, "region_attributes": {"label": "PROJECT", "key_type": "key", "formal_key": "question"}}, {"shape_attributes": {"name": "rect", "x": 126, "y": 455, "width": 83, "height": 12}, "region_attributes": {"label": "OBJECTIVE:", "key_type": "key", "formal_key": "question"}}, {"shape_attributes": {"name": "rect", "x": 475, "y": 281, "width": 47, "height": 15}, "region_attributes": {"label": "DATE:", "key_type": "key", "formal_key": "question"}}, {"shape_attributes": {"name": "rect", "x": 248, "y": 271, "width": 32, "height": 18}, "region_attributes": {"label": "BTF", "key_type": "value", "formal_key": "answer"}}, {"shape_attributes": {"name": "rect", "x": 249, "y": 321, "width": 15, "height": 8}, "region_attributes": {"label": "-", "key_type": "value", "formal_key": "answer"}}, {"shape_attributes": {"name": "rect", "x": 53, "y": 86, "width": 28, "height": 18}, "region_attributes": {"label": "To:", "key_type": "key", "formal_key": "question"}}, {"shape_attributes": {"name": "rect", "x": 100, "y": 86, "width": 45, "height": 18}, "region_attributes": {"label": "Files", "key_type": "value", "formal_key": "answer"}}, {"shape_attributes": {"name": "rect", "x": 555, "y": 90, "width": 103, "height": 15}, "region_attributes": {"label": "CONFIDENTIAL", "key_type": "value", "formal_key": "others"}}, {"shape_attributes": {"name": "rect", "x": 53, "y": 826, "width": 38, "height": 18}, "region_attributes": {"label": "EPB:", "key_type": "key", "formal_key": "question"}}, {"shape_attributes": {"name": "rect", "x": 55, "y": 855, "width": 27, "height": 15}, "region_attributes": {"label": "cc:", "key_type": "key", "formal_key": "question"}}, {"shape_attributes": {"name": "rect", "x": 88, "y": 826, "width": 32, "height": 17}, "region_attributes": {"label": "ODL", "key_type": "value", "formal_key": "answer"}}, {"shape_attributes": {"name": "rect", "x": 259, "y": 166, "width": 201, "height": 17}, "region_attributes": {"label": "PROJECT INITIATION FORM", "key_type": "key", "formal_key": "header"}}, {"shape_attributes": {"name": "rect", "x": 527, "y": 269, "width": 158, "height": 23}, "region_attributes": {"label": "September 16, 1980", "key_type": "value", "formal_key": "answer"}}, {"shape_attributes": {"name": "rect", "x": 53, "y": 281, "width": 113, "height": 17}, "region_attributes": {"label": "PROJECT CODE:", "key_type": "key", "formal_key": "question"}}, {"shape_attributes": {"name": "rect", "x": 53, "y": 324, "width": 113, "height": 17}, "region_attributes": {"label": "PROJECT NAME:", "key_type": "key", "formal_key": "question"}}, {"shape_attributes": {"name": "rect", "x": 56, "y": 367, "width": 127, "height": 15}, "region_attributes": {"label": "PROJECT LEADER:", "key_type": "key", "formal_key": "question"}}, {"shape_attributes": {"name": "rect", "x": 55, "y": 410, "width": 157, "height": 15}, "region_attributes": {"label": "WORK REQUESTED BY:", "key_type": "key", "formal_key": "question"}}, {"shape_attributes": {"name": "rect", "x": 249, "y": 355, "width": 104, "height": 22}, "region_attributes": {"label": "E. P. Barbee", "key_type": "value", "formal_key": "answer"}}, {"shape_attributes": {"name": "rect", "x": 248, "y": 402, "width": 162, "height": 18}, "region_attributes": {"label": "R. S. Sprinkle, III", "key_type": "value", "formal_key": "answer"}}, {"shape_attributes": {"name": "rect", "x": 249, "y": 444, "width": 394, "height": 133}, "region_attributes": {"label": "To develop cigarette Cigarette to utilize a filter tip with longitudinal grooves from the mouth end to the tobacco end in con- junction with perforated tipping paper.", "key_type": "value", "formal_key": "answer"}}, {"shape_attributes": {"name": "rect", "x": 55, "y": 606, "width": 133, "height": 30}, "region_attributes": {"label": "OTHER PERSONNEL ASSIGNED:", "key_type": "key", "formal_key": "question"}}, {"shape_attributes": {"name": "rect", "x": 251, "y": 613, "width": 126, "height": 22}, "region_attributes": {"label": "J. E. Mann, Jr.", "key_type": "value", "formal_key": "answer"}}, {"shape_attributes": {"name": "rect", "x": 249, "y": 643, "width": 116, "height": 20}, "region_attributes": {"label": "D. E. Cawthon", "key_type": "value", "formal_key": "answer"}}, {"shape_attributes": {"name": "rect", "x": 402, "y": 757, "width": 108, "height": 19}, "region_attributes": {"label": "Approved by:", "key_type": "key", "formal_key": "question"}}, {"shape_attributes": {"name": "rect", "x": 405, "y": 771, "width": 233, "height": 73}, "region_attributes": {"label": "R. S. Sprinkle, III", "key_type": "value", "formal_key": "answer"}}, {"shape_attributes": {"name": "rect", "x": 98, "y": 855, "width": 98, "height": 47}, "region_attributes": {"label": "BMC/RMI/EPB JEM/DEC PRC/DRB", "key_type": "value", "formal_key": "answer"}}]}}}