﻿{"file_name": "0071032807.json", "attributes": {"_via_img_metadata": {"regions": [{"shape_attributes": {"name": "rect", "x": 501, "y": 141, "width": 34, "height": 15}, "region_attributes": {"label": "Date", "key_type": "key", "formal_key": "question"}}, {"shape_attributes": {"name": "rect", "x": 197, "y": 295, "width": 70, "height": 17}, "region_attributes": {"label": "Marketing", "key_type": "value", "formal_key": "answer"}}, {"shape_attributes": {"name": "rect", "x": 168, "y": 270, "width": 35, "height": 13}, "region_attributes": {"label": "Mann", "key_type": "value", "formal_key": "answer"}}, {"shape_attributes": {"name": "rect", "x": 299, "y": 81, "width": 174, "height": 17}, "region_attributes": {"label": "Project Initiation Form", "key_type": "key", "formal_key": "header"}}, {"shape_attributes": {"name": "rect", "x": 547, "y": 141, "width": 127, "height": 18}, "region_attributes": {"label": "November 15, 1968", "key_type": "value", "formal_key": "answer"}}, {"shape_attributes": {"name": "rect", "x": 168, "y": 141, "width": 61, "height": 15}, "region_attributes": {"label": "CST- N- 68", "key_type": "value", "formal_key": "answer"}}, {"shape_attributes": {"name": "rect", "x": 54, "y": 141, "width": 90, "height": 18}, "region_attributes": {"label": "Project Code", "key_type": "key", "formal_key": "question"}}, {"shape_attributes": {"name": "rect", "x": 53, "y": 209, "width": 91, "height": 17}, "region_attributes": {"label": "Project Name", "key_type": "key", "formal_key": "question"}}, {"shape_attributes": {"name": "rect", "x": 170, "y": 207, "width": 179, "height": 19}, "region_attributes": {"label": "Charcoal Smoking Tobacco", "key_type": "value", "formal_key": "answer"}}, {"shape_attributes": {"name": "rect", "x": 54, "y": 267, "width": 105, "height": 17}, "region_attributes": {"label": "Project Leader", "key_type": "key", "formal_key": "question"}}, {"shape_attributes": {"name": "rect", "x": 53, "y": 299, "width": 127, "height": 17}, "region_attributes": {"label": "Work Requested by", "key_type": "key", "formal_key": "question"}}, {"shape_attributes": {"name": "rect", "x": 54, "y": 355, "width": 127, "height": 18}, "region_attributes": {"label": "Project Objective", "key_type": "key", "formal_key": "question"}}, {"shape_attributes": {"name": "rect", "x": 200, "y": 353, "width": 455, "height": 49}, "region_attributes": {"label": "A pipe tobacco containing activated charcoal - must show vapor phase reduction.", "key_type": "value", "formal_key": "answer"}}, {"shape_attributes": {"name": "rect", "x": 106, "y": 432, "width": 443, "height": 68}, "region_attributes": {"label": "Smoking Deval Tobacco ", "key_type": "value", "formal_key": "others"}}, {"shape_attributes": {"name": "rect", "x": 57, "y": 744, "width": 180, "height": 18}, "region_attributes": {"label": "Other personnel assigned", "key_type": "key", "formal_key": "question"}}, {"shape_attributes": {"name": "rect", "x": 254, "y": 742, "width": 436, "height": 18}, "region_attributes": {"label": "Analytical Section is doing most of the work on vapor phase.", "key_type": "value", "formal_key": "answer"}}, {"shape_attributes": {"name": "rect", "x": 74, "y": 771, "width": 394, "height": 19}, "region_attributes": {"label": "PDL and John Brooks preparing charocal impregnated RC.", "key_type": "value", "formal_key": "answer"}}, {"shape_attributes": {"name": "rect", "x": 61, "y": 848, "width": 249, "height": 18}, "region_attributes": {"label": "Estimated Man Hours for Completion", "key_type": "key", "formal_key": "question"}}]}}}