﻿{"file_name": "00838511_00838525.json", "attributes": {"_via_img_metadata": {"regions": [{"shape_attributes": {"name": "rect", "x": 75, "y": 105, "width": 24, "height": 8}, "region_attributes": {"label": "NAME", "key_type": "key", "formal_key": "question"}}, {"shape_attributes": {"name": "rect", "x": 75, "y": 187, "width": 47, "height": 10}, "region_attributes": {"label": "STRUCTURE", "key_type": "key", "formal_key": "question"}}, {"shape_attributes": {"name": "rect", "x": 205, "y": 330, "width": 17, "height": 11}, "region_attributes": {"label": "II", "key_type": "value", "formal_key": "answer"}}, {"shape_attributes": {"name": "rect", "x": 75, "y": 351, "width": 46, "height": 11}, "region_attributes": {"label": "COMMENTS", "key_type": "key", "formal_key": "question"}}, {"shape_attributes": {"name": "rect", "x": 461, "y": 337, "width": 25, "height": 11}, "region_attributes": {"label": "A41", "key_type": "value", "formal_key": "answer"}}, {"shape_attributes": {"name": "rect", "x": 677, "y": 799, "width": 20, "height": 91}, "region_attributes": {"label": "00838511", "key_type": "value", "formal_key": "others"}}, {"shape_attributes": {"name": "rect", "x": 513, "y": 103, "width": 24, "height": 10}, "region_attributes": {"label": "DATE", "key_type": "key", "formal_key": "question"}}, {"shape_attributes": {"name": "rect", "x": 209, "y": 78, "width": 370, "height": 18}, "region_attributes": {"label": "DECISION TREE ESTIMATION OF TOXIC RISK", "key_type": "key", "formal_key": "header"}}, {"shape_attributes": {"name": "rect", "x": 106, "y": 109, "width": 213, "height": 15}, "region_attributes": {"label": "Paul Schickedantz, Jack Reid", "key_type": "value", "formal_key": "answer"}}, {"shape_attributes": {"name": "rect", "x": 560, "y": 108, "width": 53, "height": 14}, "region_attributes": {"label": "12- 4- 80", "key_type": "value", "formal_key": "answer"}}, {"shape_attributes": {"name": "rect", "x": 74, "y": 131, "width": 74, "height": 10}, "region_attributes": {"label": "COMPOUND NAME", "key_type": "key", "formal_key": "question"}}, {"shape_attributes": {"name": "rect", "x": 104, "y": 154, "width": 184, "height": 15}, "region_attributes": {"label": "2-Hydroxycyclododecanone", "key_type": "value", "formal_key": "answer"}}, {"shape_attributes": {"name": "rect", "x": 123, "y": 225, "width": 86, "height": 64}, "region_attributes": {"label": "OH O", "key_type": "value", "formal_key": "answer"}}, {"shape_attributes": {"name": "rect", "x": 75, "y": 324, "width": 111, "height": 11}, "region_attributes": {"label": "ESTIMATED TOXICITY CLASS", "key_type": "key", "formal_key": "question"}}, {"shape_attributes": {"name": "rect", "x": 398, "y": 324, "width": 158, "height": 12}, "region_attributes": {"label": "LORILLARD COMPOUND CODE NUMBER", "key_type": "key", "formal_key": "question"}}, {"shape_attributes": {"name": "rect", "x": 108, "y": 377, "width": 534, "height": 30}, "region_attributes": {"label": "This carbocyclic keto alcohol was placed in estimated toxicity class II due to the direct attachment of the ketone to the cyclic nucleus.", "key_type": "value", "formal_key": "answer"}}, {"shape_attributes": {"name": "rect", "x": 74, "y": 901, "width": 126, "height": 11}, "region_attributes": {"label": "LORILLARD RESEARCH CENTER", "key_type": "value", "formal_key": "others"}}, {"shape_attributes": {"name": "rect", "x": 663, "y": 899, "width": 58, "height": 10}, "region_attributes": {"label": "FORM 1 (580)", "key_type": "value", "formal_key": "others"}}]}}}