﻿{"file_name": "00836816.json", "attributes": {"_via_img_metadata": {"regions": [{"shape_attributes": {"name": "rect", "x": 622, "y": 784, "width": 17, "height": 80}, "region_attributes": {"label": "00836816", "key_type": "value", "formal_key": "others"}}, {"shape_attributes": {"name": "rect", "x": 84, "y": 869, "width": 41, "height": 10}, "region_attributes": {"label": "SIGNATURE", "key_type": "key", "formal_key": "question"}}, {"shape_attributes": {"name": "rect", "x": 486, "y": 872, "width": 18, "height": 8}, "region_attributes": {"label": "DATE", "key_type": "key", "formal_key": "question"}}, {"shape_attributes": {"name": "rect", "x": 163, "y": 732, "width": 13, "height": 7}, "region_attributes": {"label": "TO", "key_type": "key", "formal_key": "header"}}, {"shape_attributes": {"name": "rect", "x": 103, "y": 179, "width": 27, "height": 11}, "region_attributes": {"label": "A30", "key_type": "value", "formal_key": "answer"}}, {"shape_attributes": {"name": "rect", "x": 82, "y": 219, "width": 14, "height": 13}, "region_attributes": {"label": "pH", "key_type": "key", "formal_key": "question"}}, {"shape_attributes": {"name": "rect", "x": 103, "y": 376, "width": 22, "height": 13}, "region_attributes": {"label": "ORAL", "key_type": "key", "formal_key": "question"}}, {"shape_attributes": {"name": "rect", "x": 84, "y": 355, "width": 41, "height": 11}, "region_attributes": {"label": "SOLUBILITY", "key_type": "key", "formal_key": "question"}}, {"shape_attributes": {"name": "rect", "x": 228, "y": 141, "width": 294, "height": 20}, "region_attributes": {"label": "COMPOUND PHYSICAL PARAMETERS", "key_type": "key", "formal_key": "header"}}, {"shape_attributes": {"name": "rect", "x": 84, "y": 170, "width": 64, "height": 8}, "region_attributes": {"label": "LRC FILE NUMBER", "key_type": "key", "formal_key": "question"}}, {"shape_attributes": {"name": "rect", "x": 486, "y": 170, "width": 47, "height": 11}, "region_attributes": {"label": "LOT NUMBER", "key_type": "key", "formal_key": "question"}}, {"shape_attributes": {"name": "rect", "x": 85, "y": 196, "width": 57, "height": 8}, "region_attributes": {"label": "PHYSICAL STATE", "key_type": "key", "formal_key": "question"}}, {"shape_attributes": {"name": "rect", "x": 103, "y": 203, "width": 183, "height": 15}, "region_attributes": {"label": "Clear Colorless liquid", "key_type": "value", "formal_key": "answer"}}, {"shape_attributes": {"name": "rect", "x": 102, "y": 228, "width": 542, "height": 56}, "region_attributes": {"label": "The pH of a 50 % concentration of A30 in (52.6% dioxane/ water was calculated to be 8.13 at 24 C according to the extrapolation procedures by Dr. P. D. Schickedantz, Lorillard Research Center Accession Number 1662, Reference OR 83- 81.", "key_type": "value", "formal_key": "answer"}}, {"shape_attributes": {"name": "rect", "x": 144, "y": 359, "width": 283, "height": 14}, "region_attributes": {"label": "(See SOE for Biological Solutions)", "key_type": "value", "formal_key": "answer"}}, {"shape_attributes": {"name": "rect", "x": 109, "y": 388, "width": 449, "height": 45}, "region_attributes": {"label": "Reference OR 100- 32 . 5g A30 soluble in .5 mL corn oil at room temperature.", "key_type": "value", "formal_key": "answer"}}, {"shape_attributes": {"name": "rect", "x": 105, "y": 483, "width": 89, "height": 13}, "region_attributes": {"label": "ACUTE CARDIOVASCULAR", "key_type": "key", "formal_key": "question"}}, {"shape_attributes": {"name": "rect", "x": 108, "y": 500, "width": 543, "height": 108}, "region_attributes": {"label": "(See SOP for Determination of Solubility of Materials for Acute Cardiovascular and Respiratory Effects Study in Beagle Dogs) Reference OR 100- 32 .2 mg A30 soluble in .5 mL 10 % propylene glycol solution at 38 C. Add A30 to warm (38 C) propylene glycol; add warm water to make 10 % propylene glycol solution.", "key_type": "value", "formal_key": "answer"}}, {"shape_attributes": {"name": "rect", "x": 103, "y": 644, "width": 397, "height": 14}, "region_attributes": {"label": "Refrig erate in amber bottle at no more than 8 C.", "key_type": "value", "formal_key": "answer"}}, {"shape_attributes": {"name": "rect", "x": 84, "y": 630, "width": 109, "height": 10}, "region_attributes": {"label": "STORAGE RECOMMENDATIONS", "key_type": "key", "formal_key": "question"}}, {"shape_attributes": {"name": "rect", "x": 85, "y": 732, "width": 78, "height": 8}, "region_attributes": {"label": "COMPOUND SENSITIVE", "key_type": "key", "formal_key": "header"}}, {"shape_attributes": {"name": "rect", "x": 103, "y": 754, "width": 25, "height": 7}, "region_attributes": {"label": "\u2610 AIR", "key_type": "key", "formal_key": "question"}}, {"shape_attributes": {"name": "rect", "x": 141, "y": 753, "width": 29, "height": 8}, "region_attributes": {"label": "\u2610 HEAT", "key_type": "key", "formal_key": "question"}}, {"shape_attributes": {"name": "rect", "x": 186, "y": 753, "width": 48, "height": 8}, "region_attributes": {"label": "\u2610 MOISTURE", "key_type": "key", "formal_key": "question"}}, {"shape_attributes": {"name": "rect", "x": 247, "y": 753, "width": 35, "height": 8}, "region_attributes": {"label": "\u2610 OTHER", "key_type": "key", "formal_key": "question"}}, {"shape_attributes": {"name": "rect", "x": 85, "y": 779, "width": 199, "height": 8}, "region_attributes": {"label": "SAFETY COMMENTS SUGGESTED- PROCEDURES)", "key_type": "value", "formal_key": "others"}}, {"shape_attributes": {"name": "rect", "x": 81, "y": 895, "width": 108, "height": 8}, "region_attributes": {"label": "LORILL ARD RESEARCH CENTER", "key_type": "value", "formal_key": "others"}}, {"shape_attributes": {"name": "rect", "x": 161, "y": 858, "width": 136, "height": 50}, "region_attributes": {"label": "", "key_type": "value", "formal_key": "answer"}}, {"shape_attributes": {"name": "rect", "x": 527, "y": 869, "width": 82, "height": 39}, "region_attributes": {"label": "8/ 10/ 82", "key_type": "value", "formal_key": "answer"}}, {"shape_attributes": {"name": "rect", "x": 630, "y": 897, "width": 47, "height": 8}, "region_attributes": {"label": "FORM ", "key_type": "value", "formal_key": "others"}}]}}}