﻿{"file_name": "00836244.json", "attributes": {"_via_img_metadata": {"regions": [{"shape_attributes": {"name": "rect", "x": 74, "y": 119, "width": 50, "height": 18}, "region_attributes": {"label": "COMPOUND", "key_type": "key", "formal_key": "question"}}, {"shape_attributes": {"name": "rect", "x": 74, "y": 154, "width": 41, "height": 15}, "region_attributes": {"label": "SOURCE:", "key_type": "key", "formal_key": "question"}}, {"shape_attributes": {"name": "rect", "x": 74, "y": 214, "width": 74, "height": 15}, "region_attributes": {"label": "INVESTIGATOR(S)", "key_type": "key", "formal_key": "question"}}, {"shape_attributes": {"name": "rect", "x": 75, "y": 243, "width": 63, "height": 15}, "region_attributes": {"label": "SIGNATURE(S)", "key_type": "key", "formal_key": "question"}}, {"shape_attributes": {"name": "rect", "x": 404, "y": 154, "width": 46, "height": 15}, "region_attributes": {"label": "LORILLARD", "key_type": "key", "formal_key": "question"}}, {"shape_attributes": {"name": "rect", "x": 451, "y": 155, "width": 17, "height": 14}, "region_attributes": {"label": "NO", "key_type": "key", "formal_key": "question"}}, {"shape_attributes": {"name": "rect", "x": 501, "y": 186, "width": 50, "height": 13}, "region_attributes": {"label": "REPORTED:", "key_type": "key", "formal_key": "question"}}, {"shape_attributes": {"name": "rect", "x": 612, "y": 154, "width": 17, "height": 14}, "region_attributes": {"label": "LOT", "key_type": "key", "formal_key": "question"}}, {"shape_attributes": {"name": "rect", "x": 630, "y": 155, "width": 21, "height": 11}, "region_attributes": {"label": "NO.", "key_type": "key", "formal_key": "question"}}, {"shape_attributes": {"name": "rect", "x": 77, "y": 796, "width": 54, "height": 14}, "region_attributes": {"label": "CONCLUSION", "key_type": "key", "formal_key": "question"}}, {"shape_attributes": {"name": "rect", "x": 531, "y": 374, "width": 21, "height": 10}, "region_attributes": {"label": "TA98", "key_type": "key", "formal_key": "header"}}, {"shape_attributes": {"name": "rect", "x": 405, "y": 374, "width": 24, "height": 10}, "region_attributes": {"label": "TA100", "key_type": "key", "formal_key": "header"}}, {"shape_attributes": {"name": "rect", "x": 278, "y": 373, "width": 31, "height": 11}, "region_attributes": {"label": "TA1535", "key_type": "key", "formal_key": "header"}}, {"shape_attributes": {"name": "rect", "x": 320, "y": 182, "width": 32, "height": 21}, "region_attributes": {"label": "TESTED", "key_type": "key", "formal_key": "question"}}, {"shape_attributes": {"name": "rect", "x": 485, "y": 300, "width": 41, "height": 17}, "region_attributes": {"label": "SOLVENT", "key_type": "key", "formal_key": "header"}}, {"shape_attributes": {"name": "rect", "x": 554, "y": 302, "width": 25, "height": 15}, "region_attributes": {"label": "DMSC", "key_type": "key", "formal_key": "question"}}, {"shape_attributes": {"name": "rect", "x": 538, "y": 303, "width": 14, "height": 14}, "region_attributes": {"label": "\u2611", "key_type": "value", "formal_key": "answer"}}, {"shape_attributes": {"name": "rect", "x": 284, "y": 303, "width": 11, "height": 11}, "region_attributes": {"label": "50", "key_type": "value", "formal_key": "answer"}}, {"shape_attributes": {"name": "rect", "x": 349, "y": 304, "width": 11, "height": 10}, "region_attributes": {"label": "80", "key_type": "value", "formal_key": "answer"}}, {"shape_attributes": {"name": "rect", "x": 415, "y": 303, "width": 18, "height": 13}, "region_attributes": {"label": "100", "key_type": "value", "formal_key": "answer"}}, {"shape_attributes": {"name": "rect", "x": 352, "y": 332, "width": 17, "height": 14}, "region_attributes": {"label": ".5", "key_type": "value", "formal_key": "answer"}}, {"shape_attributes": {"name": "rect", "x": 507, "y": 497, "width": 27, "height": 18}, "region_attributes": {"label": ".90", "key_type": "value", "formal_key": "answer"}}, {"shape_attributes": {"name": "rect", "x": 563, "y": 478, "width": 27, "height": 15}, "region_attributes": {"label": ".96", "key_type": "value", "formal_key": "answer"}}, {"shape_attributes": {"name": "rect", "x": 563, "y": 500, "width": 27, "height": 15}, "region_attributes": {"label": ".92", "key_type": "value", "formal_key": "answer"}}, {"shape_attributes": {"name": "rect", "x": 563, "y": 521, "width": 28, "height": 17}, "region_attributes": {"label": ".85", "key_type": "value", "formal_key": "answer"}}, {"shape_attributes": {"name": "rect", "x": 451, "y": 475, "width": 28, "height": 20}, "region_attributes": {"label": ".88", "key_type": "value", "formal_key": "answer"}}, {"shape_attributes": {"name": "rect", "x": 454, "y": 500, "width": 24, "height": 15}, "region_attributes": {"label": ".97", "key_type": "value", "formal_key": "answer"}}, {"shape_attributes": {"name": "rect", "x": 453, "y": 521, "width": 27, "height": 17}, "region_attributes": {"label": ".92", "key_type": "value", "formal_key": "answer"}}, {"shape_attributes": {"name": "rect", "x": 313, "y": 473, "width": 29, "height": 20}, "region_attributes": {"label": ".92", "key_type": "value", "formal_key": "answer"}}, {"shape_attributes": {"name": "rect", "x": 316, "y": 499, "width": 25, "height": 15}, "region_attributes": {"label": ".79", "key_type": "value", "formal_key": "answer"}}, {"shape_attributes": {"name": "rect", "x": 316, "y": 521, "width": 25, "height": 17}, "region_attributes": {"label": ".83", "key_type": "value", "formal_key": "answer"}}, {"shape_attributes": {"name": "rect", "x": 388, "y": 496, "width": 28, "height": 20}, "region_attributes": {"label": ".97", "key_type": "value", "formal_key": "answer"}}, {"shape_attributes": {"name": "rect", "x": 137, "y": 475, "width": 31, "height": 15}, "region_attributes": {"label": "500", "key_type": "value", "formal_key": "answer"}}, {"shape_attributes": {"name": "rect", "x": 140, "y": 500, "width": 25, "height": 15}, "region_attributes": {"label": "250", "key_type": "value", "formal_key": "answer"}}, {"shape_attributes": {"name": "rect", "x": 138, "y": 521, "width": 31, "height": 15}, "region_attributes": {"label": "125", "key_type": "value", "formal_key": "answer"}}, {"shape_attributes": {"name": "rect", "x": 138, "y": 634, "width": 14, "height": 13}, "region_attributes": {"label": "4", "key_type": "value", "formal_key": "answer"}}, {"shape_attributes": {"name": "rect", "x": 137, "y": 656, "width": 15, "height": 15}, "region_attributes": {"label": "2", "key_type": "value", "formal_key": "answer"}}, {"shape_attributes": {"name": "rect", "x": 260, "y": 658, "width": 29, "height": 14}, "region_attributes": {"label": ".86", "key_type": "value", "formal_key": "others"}}, {"shape_attributes": {"name": "rect", "x": 508, "y": 654, "width": 27, "height": 18}, "region_attributes": {"label": ".30", "key_type": "value", "formal_key": "others"}}, {"shape_attributes": {"name": "rect", "x": 728, "y": 806, "width": 18, "height": 96}, "region_attributes": {"label": "00836244", "key_type": "value", "formal_key": "others"}}, {"shape_attributes": {"name": "rect", "x": 668, "y": 13, "width": 44, "height": 20}, "region_attributes": {"label": "", "key_type": "value", "formal_key": "others"}}, {"shape_attributes": {"name": "rect", "x": 260, "y": 71, "width": 284, "height": 26}, "region_attributes": {"label": "AMES ASSAY FOR MUTAGENICITY", "key_type": "key", "formal_key": "header"}}, {"shape_attributes": {"name": "rect", "x": 145, "y": 112, "width": 198, "height": 19}, "region_attributes": {"label": "2, 4- Dihydroxypyridine", "key_type": "value", "formal_key": "answer"}}, {"shape_attributes": {"name": "rect", "x": 137, "y": 144, "width": 267, "height": 22}, "region_attributes": {"label": "Lorillard - Organic Chemistry", "key_type": "value", "formal_key": "answer"}}, {"shape_attributes": {"name": "rect", "x": 483, "y": 141, "width": 59, "height": 21}, "region_attributes": {"label": "OR61 -2", "key_type": "value", "formal_key": "answer"}}, {"shape_attributes": {"name": "rect", "x": 74, "y": 183, "width": 70, "height": 14}, "region_attributes": {"label": "DATE RECEIVED", "key_type": "key", "formal_key": "question"}}, {"shape_attributes": {"name": "rect", "x": 175, "y": 176, "width": 56, "height": 17}, "region_attributes": {"label": "9 /3 /80", "key_type": "value", "formal_key": "answer"}}, {"shape_attributes": {"name": "rect", "x": 363, "y": 172, "width": 152, "height": 23}, "region_attributes": {"label": "9 /10 /80 -10 /10 /80", "key_type": "value", "formal_key": "answer"}}, {"shape_attributes": {"name": "rect", "x": 616, "y": 173, "width": 74, "height": 22}, "region_attributes": {"label": "10 /10 /80", "key_type": "value", "formal_key": "answer"}}, {"shape_attributes": {"name": "rect", "x": 175, "y": 203, "width": 222, "height": 22}, "region_attributes": {"label": "H. S. Tong & A. A. Poole", "key_type": "value", "formal_key": "answer"}}, {"shape_attributes": {"name": "rect", "x": 535, "y": 214, "width": 75, "height": 17}, "region_attributes": {"label": "NOTEBOOK PAGE", "key_type": "key", "formal_key": "question"}}, {"shape_attributes": {"name": "rect", "x": 633, "y": 205, "width": 65, "height": 19}, "region_attributes": {"label": "BIO7 -24", "key_type": "value", "formal_key": "answer"}}, {"shape_attributes": {"name": "rect", "x": 186, "y": 229, "width": 420, "height": 39}, "region_attributes": {"label": "", "key_type": "value", "formal_key": "answer"}}, {"shape_attributes": {"name": "rect", "x": 77, "y": 300, "width": 96, "height": 17}, "region_attributes": {"label": "TOXICITY (% SURVIVAL)", "key_type": "key", "formal_key": "question"}}, {"shape_attributes": {"name": "rect", "x": 75, "y": 327, "width": 102, "height": 15}, "region_attributes": {"label": "CONCENTRATION 1mgimit", "key_type": "key", "formal_key": "question"}}, {"shape_attributes": {"name": "rect", "x": 538, "y": 328, "width": 47, "height": 14}, "region_attributes": {"label": "\u2610 OTHER", "key_type": "key", "formal_key": "question"}}, {"shape_attributes": {"name": "rect", "x": 588, "y": 303, "width": 49, "height": 14}, "region_attributes": {"label": "\u2610 WATER", "key_type": "key", "formal_key": "question"}}, {"shape_attributes": {"name": "rect", "x": 75, "y": 370, "width": 71, "height": 15}, "region_attributes": {"label": "S. TYPHIMURIUM", "key_type": "key", "formal_key": "question"}}, {"shape_attributes": {"name": "rect", "x": 74, "y": 406, "width": 120, "height": 21}, "region_attributes": {"label": "CONTROL AFVERTANTS PER PLATE (0.05 ml SOLVENT)", "key_type": "key", "formal_key": "question"}}, {"shape_attributes": {"name": "rect", "x": 249, "y": 388, "width": 27, "height": 11}, "region_attributes": {"label": "(-) 9", "key_type": "key", "formal_key": "question"}}, {"shape_attributes": {"name": "rect", "x": 310, "y": 388, "width": 25, "height": 12}, "region_attributes": {"label": "(+) ", "key_type": "key", "formal_key": "question"}}, {"shape_attributes": {"name": "rect", "x": 373, "y": 388, "width": 25, "height": 12}, "region_attributes": {"label": "", "key_type": "key", "formal_key": "question"}}, {"shape_attributes": {"name": "rect", "x": 433, "y": 390, "width": 26, "height": 11}, "region_attributes": {"label": "(+) ", "key_type": "key", "formal_key": "question"}}, {"shape_attributes": {"name": "rect", "x": 496, "y": 390, "width": 26, "height": 10}, "region_attributes": {"label": "(-) ", "key_type": "key", "formal_key": "question"}}, {"shape_attributes": {"name": "rect", "x": 557, "y": 390, "width": 26, "height": 10}, "region_attributes": {"label": "(+) ", "key_type": "key", "formal_key": "question"}}, {"shape_attributes": {"name": "rect", "x": 624, "y": 390, "width": 26, "height": 11}, "region_attributes": {"label": "(-) ", "key_type": "key", "formal_key": "question"}}, {"shape_attributes": {"name": "rect", "x": 684, "y": 390, "width": 27, "height": 11}, "region_attributes": {"label": "(+) ", "key_type": "key", "formal_key": "question"}}, {"shape_attributes": {"name": "rect", "x": 239, "y": 419, "width": 40, "height": 20}, "region_attributes": {"label": "4 .67", "key_type": "value", "formal_key": "answer"}}, {"shape_attributes": {"name": "rect", "x": 300, "y": 418, "width": 43, "height": 20}, "region_attributes": {"label": "8 .00", "key_type": "value", "formal_key": "answer"}}, {"shape_attributes": {"name": "rect", "x": 359, "y": 419, "width": 55, "height": 20}, "region_attributes": {"label": "123 .00", "key_type": "value", "formal_key": "answer"}}, {"shape_attributes": {"name": "rect", "x": 423, "y": 419, "width": 57, "height": 18}, "region_attributes": {"label": "135 .33", "key_type": "value", "formal_key": "answer"}}, {"shape_attributes": {"name": "rect", "x": 496, "y": 422, "width": 38, "height": 17}, "region_attributes": {"label": "3 .33.33", "key_type": "value", "formal_key": "answer"}}, {"shape_attributes": {"name": "rect", "x": 543, "y": 420, "width": 47, "height": 17}, "region_attributes": {"label": "16 .00", "key_type": "value", "formal_key": "answer"}}, {"shape_attributes": {"name": "rect", "x": 250, "y": 497, "width": 35, "height": 20}, "region_attributes": {"label": "1. 00", "key_type": "value", "formal_key": "answer"}}, {"shape_attributes": {"name": "rect", "x": 77, "y": 454, "width": 86, "height": 14}, "region_attributes": {"label": "COMPOUND (US plate)", "key_type": "key", "formal_key": "question"}}, {"shape_attributes": {"name": "rect", "x": 314, "y": 455, "width": 317, "height": 15}, "region_attributes": {"label": "REVERSION RATE (TEST REVERSANTS/CONTROL REVERTANTS PER PLATE", "key_type": "key", "formal_key": "question"}}, {"shape_attributes": {"name": "rect", "x": 77, "y": 585, "width": 77, "height": 18}, "region_attributes": {"label": "POSTIVE CONTROL (ug plate)", "key_type": "key", "formal_key": "question"}}, {"shape_attributes": {"name": "rect", "x": 77, "y": 615, "width": 89, "height": 13}, "region_attributes": {"label": "2- AMINOANTHHACENE", "key_type": "key", "formal_key": "question"}}, {"shape_attributes": {"name": "rect", "x": 250, "y": 631, "width": 35, "height": 20}, "region_attributes": {"label": "1. 20", "key_type": "value", "formal_key": "others"}}, {"shape_attributes": {"name": "rect", "x": 303, "y": 631, "width": 41, "height": 19}, "region_attributes": {"label": "8 .63", "key_type": "value", "formal_key": "others"}}, {"shape_attributes": {"name": "rect", "x": 366, "y": 633, "width": 44, "height": 17}, "region_attributes": {"label": "1 .39", "key_type": "value", "formal_key": "others"}}, {"shape_attributes": {"name": "rect", "x": 434, "y": 634, "width": 38, "height": 15}, "region_attributes": {"label": "7 .26", "key_type": "value", "formal_key": "others"}}, {"shape_attributes": {"name": "rect", "x": 499, "y": 631, "width": 36, "height": 19}, "region_attributes": {"label": "1 .80", "key_type": "value", "formal_key": "others"}}, {"shape_attributes": {"name": "rect", "x": 553, "y": 634, "width": 46, "height": 15}, "region_attributes": {"label": "27 .69", "key_type": "value", "formal_key": "others"}}, {"shape_attributes": {"name": "rect", "x": 554, "y": 655, "width": 45, "height": 18}, "region_attributes": {"label": "24 .13", "key_type": "value", "formal_key": "others"}}, {"shape_attributes": {"name": "rect", "x": 433, "y": 656, "width": 39, "height": 17}, "region_attributes": {"label": "6 .07", "key_type": "value", "formal_key": "others"}}, {"shape_attributes": {"name": "rect", "x": 369, "y": 656, "width": 39, "height": 17}, "region_attributes": {"label": "1 .24", "key_type": "value", "formal_key": "others"}}, {"shape_attributes": {"name": "rect", "x": 304, "y": 656, "width": 43, "height": 16}, "region_attributes": {"label": "4 .75", "key_type": "value", "formal_key": "others"}}, {"shape_attributes": {"name": "rect", "x": 166, "y": 785, "width": 545, "height": 24}, "region_attributes": {"label": "This compound is judged non mutagenic in this test system.", "key_type": "value", "formal_key": "answer"}}, {"shape_attributes": {"name": "rect", "x": 138, "y": 832, "width": 223, "height": 20}, "region_attributes": {"label": "Copies to the following:", "key_type": "key", "formal_key": "question"}}, {"shape_attributes": {"name": "rect", "x": 377, "y": 832, "width": 187, "height": 39}, "region_attributes": {"label": "Dr. H. J. Minnemeyer Ms. L. B. Gray", "key_type": "value", "formal_key": "answer"}}, {"shape_attributes": {"name": "rect", "x": 670, "y": 947, "width": 60, "height": 13}, "region_attributes": {"label": "FORM (5/80)", "key_type": "value", "formal_key": "others"}}, {"shape_attributes": {"name": "rect", "x": 75, "y": 946, "width": 132, "height": 14}, "region_attributes": {"label": "LORILLARD RESEARCH CENTER", "key_type": "value", "formal_key": "others"}}]}}}