﻿{"file_name": "00837285.json", "attributes": {"_via_img_metadata": {"regions": [{"shape_attributes": {"name": "rect", "x": 66, "y": 138, "width": 25, "height": 8}, "region_attributes": {"label": "CLASS", "key_type": "key", "formal_key": "question"}}, {"shape_attributes": {"name": "rect", "x": 174, "y": 91, "width": 30, "height": 12}, "region_attributes": {"label": "A32", "key_type": "value", "formal_key": "answer"}}, {"shape_attributes": {"name": "rect", "x": 261, "y": 111, "width": 47, "height": 8}, "region_attributes": {"label": "SOLUBILITY", "key_type": "key", "formal_key": "question"}}, {"shape_attributes": {"name": "rect", "x": 274, "y": 125, "width": 32, "height": 7}, "region_attributes": {"label": "WATER", "key_type": "value", "formal_key": "answer"}}, {"shape_attributes": {"name": "rect", "x": 349, "y": 123, "width": 32, "height": 8}, "region_attributes": {"label": "OTHER", "key_type": "value", "formal_key": "answer"}}, {"shape_attributes": {"name": "rect", "x": 394, "y": 111, "width": 45, "height": 7}, "region_attributes": {"label": "MEASURED", "key_type": "value", "formal_key": "answer"}}, {"shape_attributes": {"name": "rect", "x": 405, "y": 148, "width": 20, "height": 8}, "region_attributes": {"label": "SALT", "key_type": "value", "formal_key": "answer"}}, {"shape_attributes": {"name": "rect", "x": 289, "y": 148, "width": 22, "height": 8}, "region_attributes": {"label": "BASE", "key_type": "value", "formal_key": "answer"}}, {"shape_attributes": {"name": "rect", "x": 154, "y": 148, "width": 22, "height": 7}, "region_attributes": {"label": "ACID", "key_type": "value", "formal_key": "answer"}}, {"shape_attributes": {"name": "rect", "x": 66, "y": 174, "width": 47, "height": 10}, "region_attributes": {"label": "REACTIVITY", "key_type": "key", "formal_key": "header"}}, {"shape_attributes": {"name": "rect", "x": 248, "y": 219, "width": 51, "height": 8}, "region_attributes": {"label": "UNCHANGED", "key_type": "value", "formal_key": "answer"}}, {"shape_attributes": {"name": "rect", "x": 244, "y": 244, "width": 55, "height": 7}, "region_attributes": {"label": "UNCHANGED", "key_type": "value", "formal_key": "answer"}}, {"shape_attributes": {"name": "rect", "x": 246, "y": 274, "width": 53, "height": 8}, "region_attributes": {"label": "UNCHANGED", "key_type": "value", "formal_key": "answer"}}, {"shape_attributes": {"name": "rect", "x": 248, "y": 302, "width": 51, "height": 8}, "region_attributes": {"label": "UNCHANCED", "key_type": "value", "formal_key": "answer"}}, {"shape_attributes": {"name": "rect", "x": 248, "y": 331, "width": 53, "height": 8}, "region_attributes": {"label": "UNCHANGED", "key_type": "value", "formal_key": "answer"}}, {"shape_attributes": {"name": "rect", "x": 248, "y": 357, "width": 51, "height": 8}, "region_attributes": {"label": "UNCHANGED", "key_type": "value", "formal_key": "answer"}}, {"shape_attributes": {"name": "rect", "x": 352, "y": 219, "width": 66, "height": 8}, "region_attributes": {"label": "DECOMPOSITION", "key_type": "value", "formal_key": "answer"}}, {"shape_attributes": {"name": "rect", "x": 352, "y": 244, "width": 66, "height": 7}, "region_attributes": {"label": "DECOMPOSITION", "key_type": "value", "formal_key": "answer"}}, {"shape_attributes": {"name": "rect", "x": 352, "y": 274, "width": 66, "height": 7}, "region_attributes": {"label": "DECOMPOSITION", "key_type": "value", "formal_key": "answer"}}, {"shape_attributes": {"name": "rect", "x": 354, "y": 302, "width": 63, "height": 8}, "region_attributes": {"label": "DECOMPOSITION", "key_type": "value", "formal_key": "answer"}}, {"shape_attributes": {"name": "rect", "x": 354, "y": 331, "width": 66, "height": 8}, "region_attributes": {"label": "DECOMPOSITION", "key_type": "value", "formal_key": "answer"}}, {"shape_attributes": {"name": "rect", "x": 354, "y": 357, "width": 66, "height": 7}, "region_attributes": {"label": "DECOMPOSITION", "key_type": "value", "formal_key": "answer"}}, {"shape_attributes": {"name": "rect", "x": 505, "y": 218, "width": 50, "height": 10}, "region_attributes": {"label": "UNCHANGED", "key_type": "value", "formal_key": "answer"}}, {"shape_attributes": {"name": "rect", "x": 505, "y": 243, "width": 50, "height": 10}, "region_attributes": {"label": "UNCHANGED", "key_type": "value", "formal_key": "answer"}}, {"shape_attributes": {"name": "rect", "x": 502, "y": 274, "width": 53, "height": 8}, "region_attributes": {"label": "UNCHANGED", "key_type": "value", "formal_key": "answer"}}, {"shape_attributes": {"name": "rect", "x": 503, "y": 302, "width": 51, "height": 8}, "region_attributes": {"label": "UNCHANGED", "key_type": "value", "formal_key": "answer"}}, {"shape_attributes": {"name": "rect", "x": 503, "y": 331, "width": 51, "height": 8}, "region_attributes": {"label": "UNCHANGED", "key_type": "value", "formal_key": "answer"}}, {"shape_attributes": {"name": "rect", "x": 503, "y": 355, "width": 53, "height": 8}, "region_attributes": {"label": "UNCHANGED", "key_type": "value", "formal_key": "answer"}}, {"shape_attributes": {"name": "rect", "x": 613, "y": 218, "width": 66, "height": 10}, "region_attributes": {"label": "DECOMPOSITION", "key_type": "value", "formal_key": "answer"}}, {"shape_attributes": {"name": "rect", "x": 611, "y": 244, "width": 68, "height": 8}, "region_attributes": {"label": "DECOMPOSITION", "key_type": "value", "formal_key": "answer"}}, {"shape_attributes": {"name": "rect", "x": 610, "y": 272, "width": 70, "height": 8}, "region_attributes": {"label": "DECOMPOSITION", "key_type": "value", "formal_key": "answer"}}, {"shape_attributes": {"name": "rect", "x": 611, "y": 302, "width": 66, "height": 8}, "region_attributes": {"label": "DECOMPOSITION", "key_type": "value", "formal_key": "answer"}}, {"shape_attributes": {"name": "rect", "x": 611, "y": 329, "width": 66, "height": 10}, "region_attributes": {"label": "DECOMPOSITION", "key_type": "value", "formal_key": "answer"}}, {"shape_attributes": {"name": "rect", "x": 610, "y": 357, "width": 70, "height": 7}, "region_attributes": {"label": "DECOMPOSITION", "key_type": "value", "formal_key": "answer"}}, {"shape_attributes": {"name": "rect", "x": 653, "y": 384, "width": 17, "height": 86}, "region_attributes": {"label": "00837285", "key_type": "value", "formal_key": "others"}}, {"shape_attributes": {"name": "rect", "x": 81, "y": 553, "width": 13, "height": 8}, "region_attributes": {"label": "AIR", "key_type": "value", "formal_key": "answer"}}, {"shape_attributes": {"name": "rect", "x": 128, "y": 551, "width": 20, "height": 10}, "region_attributes": {"label": "HEAT", "key_type": "value", "formal_key": "answer"}}, {"shape_attributes": {"name": "rect", "x": 186, "y": 553, "width": 22, "height": 8}, "region_attributes": {"label": "LIGHT", "key_type": "value", "formal_key": "answer"}}, {"shape_attributes": {"name": "rect", "x": 243, "y": 553, "width": 43, "height": 8}, "region_attributes": {"label": "MOISTURE", "key_type": "value", "formal_key": "answer"}}, {"shape_attributes": {"name": "rect", "x": 321, "y": 551, "width": 27, "height": 10}, "region_attributes": {"label": "OTHER", "key_type": "value", "formal_key": "answer"}}, {"shape_attributes": {"name": "rect", "x": 68, "y": 585, "width": 48, "height": 7}, "region_attributes": {"label": "COMMENTS", "key_type": "key", "formal_key": "question"}}, {"shape_attributes": {"name": "rect", "x": 71, "y": 855, "width": 45, "height": 7}, "region_attributes": {"label": "SIGNATURE", "key_type": "key", "formal_key": "question"}}, {"shape_attributes": {"name": "rect", "x": 510, "y": 854, "width": 25, "height": 8}, "region_attributes": {"label": "DATE", "key_type": "key", "formal_key": "question"}}, {"shape_attributes": {"name": "rect", "x": 563, "y": 849, "width": 103, "height": 43}, "region_attributes": {"label": "", "key_type": "value", "formal_key": "answer"}}, {"shape_attributes": {"name": "rect", "x": 543, "y": 90, "width": 75, "height": 13}, "region_attributes": {"label": "11/1381", "key_type": "value", "formal_key": "answer"}}, {"shape_attributes": {"name": "rect", "x": 676, "y": 120, "width": 32, "height": 13}, "region_attributes": {"label": "g100ml", "key_type": "value", "formal_key": "answer"}}, {"shape_attributes": {"name": "rect", "x": 523, "y": 121, "width": 35, "height": 10}, "region_attributes": {"label": "AMOUNT", "key_type": "key", "formal_key": "question"}}, {"shape_attributes": {"name": "rect", "x": 515, "y": 146, "width": 28, "height": 10}, "region_attributes": {"label": "OTHER", "key_type": "value", "formal_key": "answer"}}, {"shape_attributes": {"name": "rect", "x": 513, "y": 110, "width": 48, "height": 8}, "region_attributes": {"label": "ESTIMATED", "key_type": "value", "formal_key": "answer"}}, {"shape_attributes": {"name": "rect", "x": 713, "y": 17, "width": 17, "height": 12}, "region_attributes": {"label": "24", "key_type": "value", "formal_key": "others"}}, {"shape_attributes": {"name": "rect", "x": 508, "y": 80, "width": 25, "height": 8}, "region_attributes": {"label": "DATE", "key_type": "key", "formal_key": "question"}}, {"shape_attributes": {"name": "rect", "x": 367, "y": 18, "width": 87, "height": 12}, "region_attributes": {"label": "ADDENDUM II", "key_type": "value", "formal_key": "others"}}, {"shape_attributes": {"name": "rect", "x": 224, "y": 48, "width": 325, "height": 21}, "region_attributes": {"label": "COMPOUND PHYSICAL PARAMETERS", "key_type": "key", "formal_key": "header"}}, {"shape_attributes": {"name": "rect", "x": 65, "y": 81, "width": 89, "height": 10}, "region_attributes": {"label": "LRC COMPOUND CODE", "key_type": "key", "formal_key": "question"}}, {"shape_attributes": {"name": "rect", "x": 66, "y": 110, "width": 84, "height": 8}, "region_attributes": {"label": "MOLECULAR WEIGHT", "key_type": "key", "formal_key": "question"}}, {"shape_attributes": {"name": "rect", "x": 159, "y": 121, "width": 54, "height": 12}, "region_attributes": {"label": "200. 29", "key_type": "value", "formal_key": "answer"}}, {"shape_attributes": {"name": "rect", "x": 277, "y": 199, "width": 74, "height": 8}, "region_attributes": {"label": "WITHOUT HEATING", "key_type": "key", "formal_key": "question"}}, {"shape_attributes": {"name": "rect", "x": 394, "y": 174, "width": 113, "height": 9}, "region_attributes": {"label": "DESCRIPTION OF REACTIVITY", "key_type": "key", "formal_key": "header"}}, {"shape_attributes": {"name": "rect", "x": 532, "y": 199, "width": 86, "height": 8}, "region_attributes": {"label": "WITH HEATING (80C)", "key_type": "key", "formal_key": "question"}}, {"shape_attributes": {"name": "rect", "x": 85, "y": 218, "width": 78, "height": 10}, "region_attributes": {"label": "1) WATER or BRINE:", "key_type": "key", "formal_key": "question"}}, {"shape_attributes": {"name": "rect", "x": 88, "y": 244, "width": 40, "height": 10}, "region_attributes": {"label": "2) 5% HCL", "key_type": "key", "formal_key": "question"}}, {"shape_attributes": {"name": "rect", "x": 88, "y": 272, "width": 50, "height": 8}, "region_attributes": {"label": "3) 5% NaOH:", "key_type": "key", "formal_key": "question"}}, {"shape_attributes": {"name": "rect", "x": 88, "y": 302, "width": 55, "height": 9}, "region_attributes": {"label": "4) ALCOHOLS:", "key_type": "key", "formal_key": "question"}}, {"shape_attributes": {"name": "rect", "x": 88, "y": 331, "width": 46, "height": 8}, "region_attributes": {"label": "5) OXYGEN:", "key_type": "key", "formal_key": "question"}}, {"shape_attributes": {"name": "rect", "x": 88, "y": 357, "width": 37, "height": 8}, "region_attributes": {"label": "6) LIGHT:", "key_type": "key", "formal_key": "question"}}, {"shape_attributes": {"name": "rect", "x": 68, "y": 377, "width": 224, "height": 10}, "region_attributes": {"label": "SAFETY COMMENTS (SUGGESTED HANDLING PROCEDURE)", "key_type": "value", "formal_key": "others"}}, {"shape_attributes": {"name": "rect", "x": 68, "y": 472, "width": 72, "height": 10}, "region_attributes": {"label": "CHEMICAL PURITY", "key_type": "key", "formal_key": "question"}}, {"shape_attributes": {"name": "rect", "x": 394, "y": 472, "width": 95, "height": 8}, "region_attributes": {"label": "ANALYTICAL METHOD(S)", "key_type": "key", "formal_key": "question"}}, {"shape_attributes": {"name": "rect", "x": 68, "y": 510, "width": 120, "height": 10}, "region_attributes": {"label": "STORAGE RECOMMENDATIONS", "key_type": "key", "formal_key": "question"}}, {"shape_attributes": {"name": "rect", "x": 307, "y": 510, "width": 75, "height": 10}, "region_attributes": {"label": "NORMAL STORAGE", "key_type": "value", "formal_key": "answer"}}, {"shape_attributes": {"name": "rect", "x": 70, "y": 538, "width": 102, "height": 10}, "region_attributes": {"label": "COMPOUND SENSITIVE TO", "key_type": "key", "formal_key": "question"}}, {"shape_attributes": {"name": "rect", "x": 487, "y": 507, "width": 208, "height": 42}, "region_attributes": {"label": "X SPECIAL STORAGE Refrigerate in amber bottle at no more than * C", "key_type": "value", "formal_key": "others"}}, {"shape_attributes": {"name": "rect", "x": 93, "y": 610, "width": 615, "height": 61}, "region_attributes": {"label": "pH- The pH of a 50% concentration of A32 in a 52.6% dioxane/water solution was calculated to be 2.92 at 22\u00b0C according to the extra- polation procedures by Dr. P. D. Schickedantz, Lorillard Research Center Accession No. 1662, Reference OR 83- 125.", "key_type": "value", "formal_key": "answer"}}, {"shape_attributes": {"name": "rect", "x": 93, "y": 683, "width": 415, "height": 15}, "region_attributes": {"label": "Solubility (See SOP for Biological Solutions)", "key_type": "value", "formal_key": "answer"}}, {"shape_attributes": {"name": "rect", "x": 93, "y": 709, "width": 621, "height": 31}, "region_attributes": {"label": "Oral- 5g A32 forms a suspension with stirring in 10 ml 1% Tween 80 at room temperature. Reference OR 72- 151.", "key_type": "value", "formal_key": "answer"}}, {"shape_attributes": {"name": "rect", "x": 96, "y": 754, "width": 628, "height": 44}, "region_attributes": {"label": "Acute Cardiovascular- Mix 2 mg A32 with 0.2 ml 80% propylene glycol and grind lightly. Add 0.8 ml saline solution. A32 is a suspension in this mixture at room temperature. Reference OR 72- 152.", "key_type": "value", "formal_key": "answer"}}, {"shape_attributes": {"name": "rect", "x": 71, "y": 882, "width": 124, "height": 10}, "region_attributes": {"label": "LORILLARD RESEARCH CENTER", "key_type": "key", "formal_key": "question"}}, {"shape_attributes": {"name": "rect", "x": 95, "y": 850, "width": 281, "height": 29}, "region_attributes": {"label": "Johnson", "key_type": "value", "formal_key": "answer"}}, {"shape_attributes": {"name": "rect", "x": 666, "y": 880, "width": 59, "height": 12}, "region_attributes": {"label": "FORM ", "key_type": "value", "formal_key": "others"}}]}}}