﻿{"file_name": "00851879.json", "attributes": {"_via_img_metadata": {"regions": [{"shape_attributes": {"name": "rect", "x": 534, "y": 155, "width": 35, "height": 14}, "region_attributes": {"label": "Date", "key_type": "key", "formal_key": "question"}}, {"shape_attributes": {"name": "rect", "x": 571, "y": 152, "width": 59, "height": 13}, "region_attributes": {"label": "5-13-81", "key_type": "value", "formal_key": "answer"}}, {"shape_attributes": {"name": "rect", "x": 103, "y": 201, "width": 56, "height": 18}, "region_attributes": {"label": "Subject", "key_type": "key", "formal_key": "question"}}, {"shape_attributes": {"name": "rect", "x": 409, "y": 279, "width": 39, "height": 17}, "region_attributes": {"label": "Date", "key_type": "key", "formal_key": "question"}}, {"shape_attributes": {"name": "rect", "x": 454, "y": 275, "width": 61, "height": 20}, "region_attributes": {"label": "5-13-81", "key_type": "value", "formal_key": "answer"}}, {"shape_attributes": {"name": "rect", "x": 532, "y": 282, "width": 54, "height": 14}, "region_attributes": {"label": "Method", "key_type": "key", "formal_key": "question"}}, {"shape_attributes": {"name": "rect", "x": 279, "y": 392, "width": 13, "height": 15}, "region_attributes": {"label": "\u2611", "key_type": "value", "formal_key": "answer"}}, {"shape_attributes": {"name": "rect", "x": 317, "y": 394, "width": 80, "height": 14}, "region_attributes": {"label": "increased", "key_type": "key", "formal_key": "question"}}, {"shape_attributes": {"name": "rect", "x": 487, "y": 392, "width": 77, "height": 15}, "region_attributes": {"label": "decreased", "key_type": "key", "formal_key": "question"}}, {"shape_attributes": {"name": "rect", "x": 622, "y": 693, "width": 17, "height": 95}, "region_attributes": {"label": "00851879", "key_type": "value", "formal_key": "others"}}, {"shape_attributes": {"name": "rect", "x": 587, "y": 278, "width": 104, "height": 18}, "region_attributes": {"label": "Verbal Phone", "key_type": "value", "formal_key": "answer"}}, {"shape_attributes": {"name": "rect", "x": 536, "y": 297, "width": 196, "height": 16}, "region_attributes": {"label": "(Means of communication)", "key_type": "value", "formal_key": "answer"}}, {"shape_attributes": {"name": "rect", "x": 102, "y": 358, "width": 298, "height": 19}, "region_attributes": {"label": "Estimated cost of the study will be:", "key_type": "key", "formal_key": "header"}}, {"shape_attributes": {"name": "rect", "x": 633, "y": 392, "width": 103, "height": 15}, "region_attributes": {"label": "not affected", "key_type": "key", "formal_key": "question"}}, {"shape_attributes": {"name": "rect", "x": 103, "y": 422, "width": 231, "height": 19}, "region_attributes": {"label": "Description of change order:", "key_type": "key", "formal_key": "question"}}, {"shape_attributes": {"name": "rect", "x": 108, "y": 566, "width": 597, "height": 49}, "region_attributes": {"label": "The change was made so the protocol more closely conforms with the proposed regulations as stated in the Federal Register, Vol. 44, No. 145, 772.112-24 Primary Eye Irritation Study.", "key_type": "value", "formal_key": "others"}}, {"shape_attributes": {"name": "rect", "x": 144, "y": 503, "width": 561, "height": 51}, "region_attributes": {"label": "Twenty- four to 30 hours prior to dosing, both eyes of each rabbit will be examined by an experienced investigator using a slit lamp biomicroscope.", "key_type": "value", "formal_key": "others"}}, {"shape_attributes": {"name": "rect", "x": 102, "y": 450, "width": 603, "height": 43}, "region_attributes": {"label": "Section III A. 2nd paragraph- the first sentence is to be changed to read as follows:", "key_type": "key", "formal_key": "question"}}, {"shape_attributes": {"name": "rect", "x": 589, "y": 8, "width": 156, "height": 50}, "region_attributes": {"label": "19 MAY 26 1981", "key_type": "value", "formal_key": "others"}}, {"shape_attributes": {"name": "rect", "x": 251, "y": 45, "width": 240, "height": 82}, "region_attributes": {"label": "ADDENDUM I DAWSON RESEARCH CORPORATION Protocol Change Order No. 1", "key_type": "key", "formal_key": "header"}}, {"shape_attributes": {"name": "rect", "x": 105, "y": 162, "width": 124, "height": 15}, "region_attributes": {"label": "Protocol LRC-5A", "key_type": "value", "formal_key": "others"}}, {"shape_attributes": {"name": "rect", "x": 165, "y": 190, "width": 490, "height": 25}, "region_attributes": {"label": "Change in the time of the Pre- dose Biomicroscopic Examination", "key_type": "value", "formal_key": "answer"}}, {"shape_attributes": {"name": "rect", "x": 105, "y": 281, "width": 105, "height": 15}, "region_attributes": {"label": "Authorized by", "key_type": "key", "formal_key": "question"}}, {"shape_attributes": {"name": "rect", "x": 221, "y": 281, "width": 131, "height": 15}, "region_attributes": {"label": "Dr. Connie Stone", "key_type": "value", "formal_key": "answer"}}, {"shape_attributes": {"name": "rect", "x": 102, "y": 331, "width": 111, "height": 13}, "region_attributes": {"label": "Authorized to", "key_type": "key", "formal_key": "question"}}, {"shape_attributes": {"name": "rect", "x": 219, "y": 324, "width": 141, "height": 20}, "region_attributes": {"label": "Mr. Charles Burns", "key_type": "value", "formal_key": "answer"}}, {"shape_attributes": {"name": "rect", "x": 123, "y": 848, "width": 286, "height": 99}, "region_attributes": {"label": "Sponsor Signature", "key_type": "value", "formal_key": "others"}}, {"shape_attributes": {"name": "rect", "x": 444, "y": 842, "width": 310, "height": 104}, "region_attributes": {"label": "Study Director Signature", "key_type": "value", "formal_key": "others"}}]}}}