﻿{"file_name": "00851772_1780.json", "attributes": {"_via_img_metadata": {"regions": [{"shape_attributes": {"name": "rect", "x": 94, "y": 158, "width": 20, "height": 8}, "region_attributes": {"label": "TYPE", "key_type": "key", "formal_key": "header"}}, {"shape_attributes": {"name": "rect", "x": 527, "y": 168, "width": 39, "height": 8}, "region_attributes": {"label": "COMBINED", "key_type": "key", "formal_key": "question"}}, {"shape_attributes": {"name": "rect", "x": 568, "y": 168, "width": 10, "height": 10}, "region_attributes": {"label": "\u2611", "key_type": "key", "formal_key": "header"}}, {"shape_attributes": {"name": "rect", "x": 94, "y": 186, "width": 21, "height": 8}, "region_attributes": {"label": "NAME", "key_type": "key", "formal_key": "question"}}, {"shape_attributes": {"name": "rect", "x": 137, "y": 212, "width": 21, "height": 8}, "region_attributes": {"label": "NAME", "key_type": "key", "formal_key": "question"}}, {"shape_attributes": {"name": "rect", "x": 94, "y": 212, "width": 42, "height": 8}, "region_attributes": {"label": "COMPOUND", "key_type": "key", "formal_key": "question"}}, {"shape_attributes": {"name": "rect", "x": 116, "y": 278, "width": 22, "height": 8}, "region_attributes": {"label": "B73", "key_type": "value", "formal_key": "answer"}}, {"shape_attributes": {"name": "rect", "x": 501, "y": 186, "width": 18, "height": 7}, "region_attributes": {"label": "DATE", "key_type": "key", "formal_key": "question"}}, {"shape_attributes": {"name": "rect", "x": 520, "y": 277, "width": 22, "height": 14}, "region_attributes": {"label": "N/A", "key_type": "value", "formal_key": "answer"}}, {"shape_attributes": {"name": "rect", "x": 634, "y": 299, "width": 27, "height": 8}, "region_attributes": {"label": "DATES", "key_type": "key", "formal_key": "question"}}, {"shape_attributes": {"name": "rect", "x": 628, "y": 306, "width": 38, "height": 10}, "region_attributes": {"label": "REVIEWED", "key_type": "key", "formal_key": "question"}}, {"shape_attributes": {"name": "rect", "x": 619, "y": 778, "width": 18, "height": 85}, "region_attributes": {"label": "00851772", "key_type": "value", "formal_key": "others"}}, {"shape_attributes": {"name": "rect", "x": 145, "y": 311, "width": 20, "height": 11}, "region_attributes": {"label": "II.", "key_type": "key", "formal_key": "question"}}, {"shape_attributes": {"name": "rect", "x": 180, "y": 310, "width": 53, "height": 14}, "region_attributes": {"label": "(cont'd)", "key_type": "key", "formal_key": "question"}}, {"shape_attributes": {"name": "rect", "x": 179, "y": 339, "width": 49, "height": 13}, "region_attributes": {"label": "Toxline", "key_type": "key", "formal_key": "question"}}, {"shape_attributes": {"name": "rect", "x": 626, "y": 546, "width": 63, "height": 13}, "region_attributes": {"label": "1929-1966", "key_type": "value", "formal_key": "answer"}}, {"shape_attributes": {"name": "rect", "x": 249, "y": 130, "width": 276, "height": 18}, "region_attributes": {"label": "INFORMATION SEARCH SUMMARY", "key_type": "key", "formal_key": "header"}}, {"shape_attributes": {"name": "rect", "x": 193, "y": 168, "width": 47, "height": 10}, "region_attributes": {"label": "CHEMICAL \u2610", "key_type": "key", "formal_key": "question"}}, {"shape_attributes": {"name": "rect", "x": 356, "y": 168, "width": 54, "height": 8}, "region_attributes": {"label": "BIOLOGICAL \u2610", "key_type": "key", "formal_key": "question"}}, {"shape_attributes": {"name": "rect", "x": 520, "y": 186, "width": 85, "height": 14}, "region_attributes": {"label": "May 27, 1982", "key_type": "value", "formal_key": "answer"}}, {"shape_attributes": {"name": "rect", "x": 116, "y": 228, "width": 153, "height": 13}, "region_attributes": {"label": "Valerian Fluid Extract", "key_type": "value", "formal_key": "answer"}}, {"shape_attributes": {"name": "rect", "x": 117, "y": 186, "width": 70, "height": 13}, "region_attributes": {"label": "Jimmy Bell", "key_type": "value", "formal_key": "answer"}}, {"shape_attributes": {"name": "rect", "x": 95, "y": 270, "width": 104, "height": 8}, "region_attributes": {"label": "LORILLARD COMPOUND CODE", "key_type": "key", "formal_key": "question"}}, {"shape_attributes": {"name": "rect", "x": 499, "y": 270, "width": 116, "height": 8}, "region_attributes": {"label": "REGISTRY NUMBER (IF applicable)", "key_type": "key", "formal_key": "question"}}, {"shape_attributes": {"name": "rect", "x": 95, "y": 295, "width": 84, "height": 10}, "region_attributes": {"label": "LITERATURE SURVEYED", "key_type": "key", "formal_key": "question"}}, {"shape_attributes": {"name": "rect", "x": 179, "y": 380, "width": 293, "height": 14}, "region_attributes": {"label": "Registry of the Toxic Effects of Chemicals", "key_type": "key", "formal_key": "question"}}, {"shape_attributes": {"name": "rect", "x": 624, "y": 339, "width": 63, "height": 67}, "region_attributes": {"label": "1974- Jan. 1982 to Dec. 1981", "key_type": "value", "formal_key": "answer"}}, {"shape_attributes": {"name": "rect", "x": 624, "y": 658, "width": 64, "height": 25}, "region_attributes": {"label": "1957- Dec. 1981", "key_type": "value", "formal_key": "answer"}}, {"shape_attributes": {"name": "rect", "x": 95, "y": 943, "width": 113, "height": 10}, "region_attributes": {"label": "LORILLARD RESEARCH CENTER", "key_type": "value", "formal_key": "others"}}, {"shape_attributes": {"name": "rect", "x": 642, "y": 944, "width": 54, "height": 8}, "region_attributes": {"label": "FORM ", "key_type": "value", "formal_key": "others"}}, {"shape_attributes": {"name": "rect", "x": 138, "y": 520, "width": 326, "height": 192}, "region_attributes": {"label": "III. SUPPLEMENTAL LITERATURE SEARCH Chemical Abstracts Vol. 23 - Vol. 65 Arctander' s Perfume and Flavor Materials of Natural Origin (1960) Guenther' s Monographs on Fragrance Raw Materials (1979) Tobacco Abstracts U. S. Dispensatory 23rd edition (1943)", "key_type": "key", "formal_key": "question"}}, {"shape_attributes": {"name": "rect", "x": 115, "y": 739, "width": 215, "height": 61}, "region_attributes": {"label": "Jimmy H. Bell B. Sc. Scientist", "key_type": "key", "formal_key": "question"}}, {"shape_attributes": {"name": "rect", "x": 116, "y": 420, "width": 190, "height": 71}, "region_attributes": {"label": "Ann C. Stringfield Literature M.L.S. Chemist", "key_type": "value", "formal_key": "others"}}]}}}