﻿{"file_name": "00865872.json", "attributes": {"_via_img_metadata": {"regions": [{"shape_attributes": {"name": "rect", "x": 166, "y": 182, "width": 36, "height": 14}, "region_attributes": {"label": "B164", "key_type": "value", "formal_key": "answer"}}, {"shape_attributes": {"name": "rect", "x": 99, "y": 225, "width": 13, "height": 11}, "region_attributes": {"label": "pH", "key_type": "key", "formal_key": "question"}}, {"shape_attributes": {"name": "rect", "x": 135, "y": 408, "width": 83, "height": 15}, "region_attributes": {"label": "Reference:", "key_type": "key", "formal_key": "question"}}, {"shape_attributes": {"name": "rect", "x": 120, "y": 390, "width": 20, "height": 13}, "region_attributes": {"label": "ORAL", "key_type": "key", "formal_key": "question"}}, {"shape_attributes": {"name": "rect", "x": 103, "y": 370, "width": 39, "height": 8}, "region_attributes": {"label": "SOLUBILITY", "key_type": "key", "formal_key": "question"}}, {"shape_attributes": {"name": "rect", "x": 119, "y": 508, "width": 91, "height": 9}, "region_attributes": {"label": "ACUTE CADCOVASCULAR", "key_type": "key", "formal_key": "question"}}, {"shape_attributes": {"name": "rect", "x": 135, "y": 559, "width": 84, "height": 12}, "region_attributes": {"label": "Reference:", "key_type": "key", "formal_key": "question"}}, {"shape_attributes": {"name": "rect", "x": 634, "y": 702, "width": 19, "height": 90}, "region_attributes": {"label": "00865872", "key_type": "value", "formal_key": "others"}}, {"shape_attributes": {"name": "rect", "x": 96, "y": 770, "width": 43, "height": 9}, "region_attributes": {"label": "COMPOUND", "key_type": "key", "formal_key": "question"}}, {"shape_attributes": {"name": "rect", "x": 179, "y": 770, "width": 8, "height": 11}, "region_attributes": {"label": "TO", "key_type": "key", "formal_key": "question"}}, {"shape_attributes": {"name": "rect", "x": 140, "y": 771, "width": 36, "height": 8}, "region_attributes": {"label": "SENSITIVE", "key_type": "key", "formal_key": "question"}}, {"shape_attributes": {"name": "rect", "x": 96, "y": 920, "width": 41, "height": 9}, "region_attributes": {"label": "SIGNATURE:", "key_type": "key", "formal_key": "question"}}, {"shape_attributes": {"name": "rect", "x": 259, "y": 793, "width": 37, "height": 11}, "region_attributes": {"label": "[] OTHER", "key_type": "value", "formal_key": "answer"}}, {"shape_attributes": {"name": "rect", "x": 198, "y": 795, "width": 48, "height": 8}, "region_attributes": {"label": "[MOISTURE]", "key_type": "value", "formal_key": "answer"}}, {"shape_attributes": {"name": "rect", "x": 158, "y": 793, "width": 27, "height": 12}, "region_attributes": {"label": "[] HEAT", "key_type": "value", "formal_key": "answer"}}, {"shape_attributes": {"name": "rect", "x": 118, "y": 793, "width": 25, "height": 12}, "region_attributes": {"label": "[] Air", "key_type": "value", "formal_key": "answer"}}, {"shape_attributes": {"name": "rect", "x": 96, "y": 822, "width": 28, "height": 9}, "region_attributes": {"label": "SAFETY", "key_type": "value", "formal_key": "others"}}, {"shape_attributes": {"name": "rect", "x": 211, "y": 824, "width": 39, "height": 8}, "region_attributes": {"label": "", "key_type": "value", "formal_key": "others"}}, {"shape_attributes": {"name": "rect", "x": 251, "y": 824, "width": 49, "height": 7}, "region_attributes": {"label": "PROCEDURE", "key_type": "value", "formal_key": "others"}}, {"shape_attributes": {"name": "rect", "x": 164, "y": 824, "width": 48, "height": 8}, "region_attributes": {"label": "(SUGGESTED", "key_type": "value", "formal_key": "others"}}, {"shape_attributes": {"name": "rect", "x": 126, "y": 822, "width": 36, "height": 9}, "region_attributes": {"label": "COMMENT:", "key_type": "value", "formal_key": "others"}}, {"shape_attributes": {"name": "rect", "x": 135, "y": 921, "width": 180, "height": 23}, "region_attributes": {"label": "", "key_type": "value", "formal_key": "answer"}}, {"shape_attributes": {"name": "rect", "x": 499, "y": 922, "width": 19, "height": 10}, "region_attributes": {"label": "DATE", "key_type": "key", "formal_key": "question"}}, {"shape_attributes": {"name": "rect", "x": 531, "y": 924, "width": 88, "height": 24}, "region_attributes": {"label": "8/22/83", "key_type": "value", "formal_key": "answer"}}, {"shape_attributes": {"name": "rect", "x": 246, "y": 141, "width": 291, "height": 18}, "region_attributes": {"label": "COMPOUND PHYSICAL PARAMETERS", "key_type": "key", "formal_key": "header"}}, {"shape_attributes": {"name": "rect", "x": 98, "y": 172, "width": 66, "height": 9}, "region_attributes": {"label": "LRC FILE NUMBER", "key_type": "key", "formal_key": "question"}}, {"shape_attributes": {"name": "rect", "x": 501, "y": 172, "width": 52, "height": 11}, "region_attributes": {"label": "LOT NUMBER", "key_type": "key", "formal_key": "question"}}, {"shape_attributes": {"name": "rect", "x": 98, "y": 198, "width": 59, "height": 11}, "region_attributes": {"label": "PHYSICAL STATE", "key_type": "key", "formal_key": "question"}}, {"shape_attributes": {"name": "rect", "x": 169, "y": 211, "width": 168, "height": 17}, "region_attributes": {"label": "Brownish- gray powder", "key_type": "value", "formal_key": "answer"}}, {"shape_attributes": {"name": "rect", "x": 131, "y": 267, "width": 522, "height": 56}, "region_attributes": {"label": "The pH of a 50% concentration of B164 in water was calculated to be 4.82 at 25\u00b0C according to the extrapolation procedures by Dr. P. D. Schickedantz, Lorillard Research Center Accession Number 1662.", "key_type": "value", "formal_key": "answer"}}, {"shape_attributes": {"name": "rect", "x": 152, "y": 377, "width": 283, "height": 18}, "region_attributes": {"label": "(See SOP FOX Biological Solutions)", "key_type": "value", "formal_key": "answer"}}, {"shape_attributes": {"name": "rect", "x": 226, "y": 405, "width": 60, "height": 16}, "region_attributes": {"label": "BC20- 48", "key_type": "value", "formal_key": "answer"}}, {"shape_attributes": {"name": "rect", "x": 130, "y": 430, "width": 433, "height": 45}, "region_attributes": {"label": "B164 forms a suspension in corn oil at 0.5g/ 1.5 ml Triple dosing is required", "key_type": "value", "formal_key": "answer"}}, {"shape_attributes": {"name": "rect", "x": 130, "y": 516, "width": 553, "height": 30}, "region_attributes": {"label": "(See SOP for Determination of Solubility of Materials for Acute Cardiovascular and Respiratory Effects Study Beagle Dogs)", "key_type": "value", "formal_key": "answer"}}, {"shape_attributes": {"name": "rect", "x": 222, "y": 559, "width": 64, "height": 15}, "region_attributes": {"label": "BC20- 48", "key_type": "value", "formal_key": "answer"}}, {"shape_attributes": {"name": "rect", "x": 131, "y": 584, "width": 378, "height": 19}, "region_attributes": {"label": "B164 is insoluble according to this procedure", "key_type": "value", "formal_key": "answer"}}, {"shape_attributes": {"name": "rect", "x": 98, "y": 663, "width": 109, "height": 9}, "region_attributes": {"label": "STORAGE RECOMMENDATIONS", "key_type": "key", "formal_key": "question"}}, {"shape_attributes": {"name": "rect", "x": 134, "y": 679, "width": 454, "height": 19}, "region_attributes": {"label": "Refrigerate in amber glass bottle at no more than 8\u00b0C", "key_type": "value", "formal_key": "answer"}}, {"shape_attributes": {"name": "rect", "x": 94, "y": 945, "width": 109, "height": 13}, "region_attributes": {"label": "LORILLARD RESEARCH CENTER", "key_type": "value", "formal_key": "others"}}, {"shape_attributes": {"name": "rect", "x": 644, "y": 949, "width": 52, "height": 12}, "region_attributes": {"label": "FORM 1921", "key_type": "value", "formal_key": "others"}}]}}}