﻿{"file_name": "00860012_00860014.json", "attributes": {"_via_img_metadata": {"regions": [{"shape_attributes": {"name": "rect", "x": 253, "y": 66, "width": 46, "height": 47}, "region_attributes": {"label": "", "key_type": "value", "formal_key": "others"}}, {"shape_attributes": {"name": "rect", "x": 390, "y": 126, "width": 13, "height": 13}, "region_attributes": {"label": "4", "key_type": "value", "formal_key": "answer"}}, {"shape_attributes": {"name": "rect", "x": 376, "y": 152, "width": 31, "height": 15}, "region_attributes": {"label": "3212", "key_type": "value", "formal_key": "others"}}, {"shape_attributes": {"name": "rect", "x": 546, "y": 155, "width": 13, "height": 13}, "region_attributes": {"label": "D,", "key_type": "value", "formal_key": "others"}}, {"shape_attributes": {"name": "rect", "x": 568, "y": 154, "width": 46, "height": 14}, "region_attributes": {"label": "Sereta", "key_type": "value", "formal_key": "others"}}, {"shape_attributes": {"name": "rect", "x": 176, "y": 221, "width": 29, "height": 14}, "region_attributes": {"label": "B121", "key_type": "value", "formal_key": "others"}}, {"shape_attributes": {"name": "rect", "x": 473, "y": 173, "width": 56, "height": 14}, "region_attributes": {"label": "SIGNATURE", "key_type": "key", "formal_key": "question"}}, {"shape_attributes": {"name": "rect", "x": 543, "y": 147, "width": 99, "height": 43}, "region_attributes": {"label": "", "key_type": "value", "formal_key": "answer"}}, {"shape_attributes": {"name": "rect", "x": 43, "y": 362, "width": 53, "height": 15}, "region_attributes": {"label": "EXPLOSIVE", "key_type": "key", "formal_key": "question"}}, {"shape_attributes": {"name": "rect", "x": 45, "y": 385, "width": 50, "height": 13}, "region_attributes": {"label": "FLAMMABLE", "key_type": "key", "formal_key": "question"}}, {"shape_attributes": {"name": "rect", "x": 46, "y": 404, "width": 67, "height": 17}, "region_attributes": {"label": "RADIOACTIVE", "key_type": "key", "formal_key": "question"}}, {"shape_attributes": {"name": "rect", "x": 77, "y": 440, "width": 32, "height": 11}, "region_attributes": {"label": "SOLID", "key_type": "key", "formal_key": "question"}}, {"shape_attributes": {"name": "rect", "x": 123, "y": 439, "width": 11, "height": 8}, "region_attributes": {"label": "X", "key_type": "value", "formal_key": "answer"}}, {"shape_attributes": {"name": "rect", "x": 70, "y": 454, "width": 42, "height": 13}, "region_attributes": {"label": "LIQUID", "key_type": "key", "formal_key": "question"}}, {"shape_attributes": {"name": "rect", "x": 45, "y": 469, "width": 63, "height": 11}, "region_attributes": {"label": "PRESSURIZED", "key_type": "key", "formal_key": "question"}}, {"shape_attributes": {"name": "rect", "x": 293, "y": 454, "width": 31, "height": 13}, "region_attributes": {"label": "COLOR", "key_type": "key", "formal_key": "question"}}, {"shape_attributes": {"name": "rect", "x": 219, "y": 450, "width": 39, "height": 17}, "region_attributes": {"label": "Brown", "key_type": "value", "formal_key": "answer"}}, {"shape_attributes": {"name": "rect", "x": 693, "y": 768, "width": 17, "height": 85}, "region_attributes": {"label": "00860012", "key_type": "value", "formal_key": "others"}}, {"shape_attributes": {"name": "rect", "x": 637, "y": 429, "width": 57, "height": 11}, "region_attributes": {"label": "DESSICATOR", "key_type": "key", "formal_key": "question"}}, {"shape_attributes": {"name": "rect", "x": 635, "y": 444, "width": 38, "height": 13}, "region_attributes": {"label": "FREEZER", "key_type": "key", "formal_key": "question"}}, {"shape_attributes": {"name": "rect", "x": 635, "y": 459, "width": 31, "height": 13}, "region_attributes": {"label": "OTHER", "key_type": "key", "formal_key": "question"}}, {"shape_attributes": {"name": "rect", "x": 613, "y": 387, "width": 13, "height": 13}, "region_attributes": {"label": "\u2611", "key_type": "value", "formal_key": "others"}}, {"shape_attributes": {"name": "rect", "x": 306, "y": 68, "width": 247, "height": 51}, "region_attributes": {"label": "HAZLETON LABORATORIES AMERICA INC", "key_type": "key", "formal_key": "header"}}, {"shape_attributes": {"name": "rect", "x": 587, "y": 73, "width": 163, "height": 38}, "region_attributes": {"label": "9200 LEESBURG TURNPIKE VIENNA VIRGINIA 22180 USA", "key_type": "value", "formal_key": "others"}}, {"shape_attributes": {"name": "rect", "x": 38, "y": 74, "width": 131, "height": 22}, "region_attributes": {"label": "PROJECT SHEET", "key_type": "value", "formal_key": "others"}}, {"shape_attributes": {"name": "rect", "x": 126, "y": 126, "width": 126, "height": 15}, "region_attributes": {"label": "December 13, 1983", "key_type": "value", "formal_key": "answer"}}, {"shape_attributes": {"name": "rect", "x": 46, "y": 128, "width": 62, "height": 16}, "region_attributes": {"label": "DATE ISSUED", "key_type": "key", "formal_key": "question"}}, {"shape_attributes": {"name": "rect", "x": 284, "y": 133, "width": 88, "height": 13}, "region_attributes": {"label": "PROJECT SHEET NO", "key_type": "key", "formal_key": "question"}}, {"shape_attributes": {"name": "rect", "x": 483, "y": 134, "width": 85, "height": 15}, "region_attributes": {"label": "PROJECT NO.", "key_type": "key", "formal_key": "question"}}, {"shape_attributes": {"name": "rect", "x": 591, "y": 124, "width": 53, "height": 16}, "region_attributes": {"label": "642 149", "key_type": "value", "formal_key": "answer"}}, {"shape_attributes": {"name": "rect", "x": 426, "y": 151, "width": 108, "height": 16}, "region_attributes": {"label": "PROJECT COORDINATOR", "key_type": "key", "formal_key": "question"}}, {"shape_attributes": {"name": "rect", "x": 52, "y": 166, "width": 308, "height": 17}, "region_attributes": {"label": "14 Day Single Dose Subacute Toxicity Study", "key_type": "value", "formal_key": "others"}}, {"shape_attributes": {"name": "rect", "x": 45, "y": 149, "width": 166, "height": 14}, "region_attributes": {"label": "STUDY TITLE & PROPOSAL NUMBER", "key_type": "key", "formal_key": "question"}}, {"shape_attributes": {"name": "rect", "x": 46, "y": 190, "width": 83, "height": 15}, "region_attributes": {"label": "TEST MATERIAL (S)", "key_type": "key", "formal_key": "question"}}, {"shape_attributes": {"name": "rect", "x": 423, "y": 194, "width": 55, "height": 13}, "region_attributes": {"label": "LOT NO (s)", "key_type": "key", "formal_key": "question"}}, {"shape_attributes": {"name": "rect", "x": 532, "y": 194, "width": 78, "height": 14}, "region_attributes": {"label": "RECEIPT DATE (s)", "key_type": "key", "formal_key": "question"}}, {"shape_attributes": {"name": "rect", "x": 668, "y": 194, "width": 64, "height": 15}, "region_attributes": {"label": "LH NUMBER (s)", "key_type": "key", "formal_key": "question"}}, {"shape_attributes": {"name": "rect", "x": 532, "y": 222, "width": 60, "height": 15}, "region_attributes": {"label": "11 18 83", "key_type": "value", "formal_key": "answer"}}, {"shape_attributes": {"name": "rect", "x": 665, "y": 222, "width": 44, "height": 15}, "region_attributes": {"label": "21 017", "key_type": "value", "formal_key": "answer"}}, {"shape_attributes": {"name": "rect", "x": 46, "y": 271, "width": 123, "height": 14}, "region_attributes": {"label": "PERFORMING DEPARTMENTS", "key_type": "key", "formal_key": "question"}}, {"shape_attributes": {"name": "rect", "x": 57, "y": 285, "width": 170, "height": 17}, "region_attributes": {"label": "Acute/ Dermal Toxicology", "key_type": "value", "formal_key": "answer"}}, {"shape_attributes": {"name": "rect", "x": 180, "y": 274, "width": 123, "height": 13}, "region_attributes": {"label": "(4 COPIES EACH DIRECTOR)", "key_type": "value", "formal_key": "others"}}, {"shape_attributes": {"name": "rect", "x": 425, "y": 274, "width": 208, "height": 17}, "region_attributes": {"label": "ORIGINAL SIGNED PROJECT SHEETS TO PSO", "key_type": "key", "formal_key": "header"}}, {"shape_attributes": {"name": "rect", "x": 479, "y": 299, "width": 103, "height": 13}, "region_attributes": {"label": "FIXED DISTRIBUTION:", "key_type": "key", "formal_key": "header"}}, {"shape_attributes": {"name": "rect", "x": 598, "y": 299, "width": 78, "height": 12}, "region_attributes": {"label": "(1 COPY TO EACH)", "key_type": "value", "formal_key": "others"}}, {"shape_attributes": {"name": "rect", "x": 620, "y": 316, "width": 110, "height": 50}, "region_attributes": {"label": "LAB ANIMAL MEDICINE QUALITY ASSURANCE CONTRACTS Sponsor", "key_type": "value", "formal_key": "others"}}, {"shape_attributes": {"name": "rect", "x": 434, "y": 316, "width": 105, "height": 53}, "region_attributes": {"label": "DIR OF LIFE SCIENCES HEALTH SERVICES COMPOUND PREP (TOX) SCIENTIFIC RES (TOX)", "key_type": "value", "formal_key": "others"}}, {"shape_attributes": {"name": "rect", "x": 46, "y": 332, "width": 163, "height": 15}, "region_attributes": {"label": "PROTECTIVE PRECAUTIONS REQUIRED", "key_type": "key", "formal_key": "question"}}, {"shape_attributes": {"name": "rect", "x": 170, "y": 345, "width": 98, "height": 14}, "region_attributes": {"label": "HAZARDOUS COMPOUND", "key_type": "key", "formal_key": "header"}}, {"shape_attributes": {"name": "rect", "x": 215, "y": 367, "width": 93, "height": 13}, "region_attributes": {"label": "CARCINOGEN (OSHA)", "key_type": "key", "formal_key": "question"}}, {"shape_attributes": {"name": "rect", "x": 218, "y": 385, "width": 94, "height": 15}, "region_attributes": {"label": "CARCINOGEN (OTHER)", "key_type": "key", "formal_key": "question"}}, {"shape_attributes": {"name": "rect", "x": 425, "y": 376, "width": 164, "height": 26}, "region_attributes": {"label": "FOLLOW DEPARTMENT AND COMPANY SAFETY MANUALS", "key_type": "key", "formal_key": "question"}}, {"shape_attributes": {"name": "rect", "x": 426, "y": 409, "width": 104, "height": 15}, "region_attributes": {"label": "STORAGE CONDITIONS", "key_type": "key", "formal_key": "question"}}, {"shape_attributes": {"name": "rect", "x": 441, "y": 426, "width": 79, "height": 13}, "region_attributes": {"label": "STORE IN DARK", "key_type": "key", "formal_key": "question"}}, {"shape_attributes": {"name": "rect", "x": 432, "y": 440, "width": 117, "height": 16}, "region_attributes": {"label": "\u2611 REFRIGERATOR 8 C", "key_type": "value", "formal_key": "answer"}}, {"shape_attributes": {"name": "rect", "x": 441, "y": 458, "width": 95, "height": 11}, "region_attributes": {"label": "ROOM TEMPERATURE", "key_type": "key", "formal_key": "question"}}, {"shape_attributes": {"name": "rect", "x": 443, "y": 472, "width": 175, "height": 14}, "region_attributes": {"label": "SPECIAL INSTRUCTIONS WHILE DOSING", "key_type": "key", "formal_key": "question"}}, {"shape_attributes": {"name": "rect", "x": 190, "y": 489, "width": 409, "height": 19}, "region_attributes": {"label": "to be performed in Acute /Dermal Toxicology, building 18.", "key_type": "key", "formal_key": "question"}}, {"shape_attributes": {"name": "rect", "x": 101, "y": 542, "width": 541, "height": 33}, "region_attributes": {"label": "This project sheet is issued to correct Project Sheet which was issued on December 6, 1983 to Project Sheet No 3 instead of 2.", "key_type": "value", "formal_key": "answer"}}, {"shape_attributes": {"name": "rect", "x": 94, "y": 719, "width": 424, "height": 19}, "region_attributes": {"label": "Material Safety Data Sheet is attached to Project Sheet 1.", "key_type": "value", "formal_key": "answer"}}, {"shape_attributes": {"name": "rect", "x": 52, "y": 892, "width": 72, "height": 13}, "region_attributes": {"label": "NO ", "key_type": "value", "formal_key": "others"}}, {"shape_attributes": {"name": "rect", "x": 49, "y": 487, "width": 126, "height": 15}, "region_attributes": {"label": "EXPERIMENTAL PROCEDURES", "key_type": "key", "formal_key": "question"}}, {"shape_attributes": {"name": "rect", "x": 45, "y": 425, "width": 117, "height": 11}, "region_attributes": {"label": "PHYSICAL DESCRIPTION:", "key_type": "key", "formal_key": "header"}}]}}}