﻿{"file_name": "00866042.json", "attributes": {"_via_img_metadata": {"regions": [{"shape_attributes": {"name": "rect", "x": 43, "y": 391, "width": 53, "height": 11}, "region_attributes": {"label": "EXPLOSIVE", "key_type": "key", "formal_key": "question"}}, {"shape_attributes": {"name": "rect", "x": 43, "y": 412, "width": 53, "height": 14}, "region_attributes": {"label": "FLAMMABLE", "key_type": "key", "formal_key": "question"}}, {"shape_attributes": {"name": "rect", "x": 42, "y": 432, "width": 67, "height": 11}, "region_attributes": {"label": "RADIOACTIVE", "key_type": "key", "formal_key": "question"}}, {"shape_attributes": {"name": "rect", "x": 74, "y": 471, "width": 35, "height": 13}, "region_attributes": {"label": "SOLID", "key_type": "key", "formal_key": "question"}}, {"shape_attributes": {"name": "rect", "x": 70, "y": 489, "width": 36, "height": 8}, "region_attributes": {"label": "LIQUID", "key_type": "key", "formal_key": "question"}}, {"shape_attributes": {"name": "rect", "x": 42, "y": 504, "width": 68, "height": 11}, "region_attributes": {"label": "PRESSURIZED", "key_type": "key", "formal_key": "question"}}, {"shape_attributes": {"name": "rect", "x": 215, "y": 476, "width": 70, "height": 21}, "region_attributes": {"label": "Colorless", "key_type": "value", "formal_key": "others"}}, {"shape_attributes": {"name": "rect", "x": 123, "y": 483, "width": 11, "height": 13}, "region_attributes": {"label": "X", "key_type": "value", "formal_key": "answer"}}, {"shape_attributes": {"name": "rect", "x": 289, "y": 486, "width": 32, "height": 10}, "region_attributes": {"label": "COLOR", "key_type": "value", "formal_key": "others"}}, {"shape_attributes": {"name": "rect", "x": 399, "y": 133, "width": 15, "height": 20}, "region_attributes": {"label": "1", "key_type": "value", "formal_key": "answer"}}, {"shape_attributes": {"name": "rect", "x": 592, "y": 131, "width": 54, "height": 21}, "region_attributes": {"label": "642-138", "key_type": "value", "formal_key": "answer"}}, {"shape_attributes": {"name": "rect", "x": 682, "y": 17, "width": 63, "height": 31}, "region_attributes": {"label": "B166", "key_type": "value", "formal_key": "others"}}, {"shape_attributes": {"name": "rect", "x": 471, "y": 183, "width": 56, "height": 14}, "region_attributes": {"label": "SIGNATURE:", "key_type": "key", "formal_key": "question"}}, {"shape_attributes": {"name": "rect", "x": 538, "y": 161, "width": 110, "height": 39}, "region_attributes": {"label": "D.", "key_type": "value", "formal_key": "answer"}}, {"shape_attributes": {"name": "rect", "x": 532, "y": 158, "width": 20, "height": 17}, "region_attributes": {"label": "", "key_type": "value", "formal_key": "others"}}, {"shape_attributes": {"name": "rect", "x": 563, "y": 162, "width": 45, "height": 14}, "region_attributes": {"label": "", "key_type": "value", "formal_key": "answer"}}, {"shape_attributes": {"name": "rect", "x": 531, "y": 233, "width": 56, "height": 20}, "region_attributes": {"label": "9/28/83", "key_type": "value", "formal_key": "answer"}}, {"shape_attributes": {"name": "rect", "x": 654, "y": 235, "width": 52, "height": 15}, "region_attributes": {"label": "20.845", "key_type": "value", "formal_key": "answer"}}, {"shape_attributes": {"name": "rect", "x": 425, "y": 472, "width": 14, "height": 13}, "region_attributes": {"label": "\u2611", "key_type": "value", "formal_key": "answer"}}, {"shape_attributes": {"name": "rect", "x": 627, "y": 459, "width": 64, "height": 11}, "region_attributes": {"label": "DESSICATOR", "key_type": "key", "formal_key": "question"}}, {"shape_attributes": {"name": "rect", "x": 627, "y": 476, "width": 46, "height": 11}, "region_attributes": {"label": "FREEZER", "key_type": "key", "formal_key": "question"}}, {"shape_attributes": {"name": "rect", "x": 628, "y": 492, "width": 32, "height": 13}, "region_attributes": {"label": "OTHER", "key_type": "key", "formal_key": "question"}}, {"shape_attributes": {"name": "rect", "x": 183, "y": 230, "width": 34, "height": 18}, "region_attributes": {"label": "B166", "key_type": "value", "formal_key": "answer"}}, {"shape_attributes": {"name": "rect", "x": 349, "y": 162, "width": 34, "height": 15}, "region_attributes": {"label": "3212", "key_type": "value", "formal_key": "others"}}, {"shape_attributes": {"name": "rect", "x": 605, "y": 413, "width": 15, "height": 13}, "region_attributes": {"label": "\u2611", "key_type": "value", "formal_key": "answer"}}, {"shape_attributes": {"name": "rect", "x": 693, "y": 810, "width": 20, "height": 96}, "region_attributes": {"label": "00866042", "key_type": "value", "formal_key": "others"}}, {"shape_attributes": {"name": "rect", "x": 304, "y": 74, "width": 251, "height": 51}, "region_attributes": {"label": "HAZLETON LABORATORIES AMERICA INC", "key_type": "key", "formal_key": "header"}}, {"shape_attributes": {"name": "rect", "x": 41, "y": 82, "width": 133, "height": 18}, "region_attributes": {"label": "PROJECT SHEET", "key_type": "key", "formal_key": "header"}}, {"shape_attributes": {"name": "rect", "x": 581, "y": 77, "width": 162, "height": 39}, "region_attributes": {"label": "9200 EESAURG TURNPIKE VIENNA VIRGINIA 22180 USA", "key_type": "value", "formal_key": "others"}}, {"shape_attributes": {"name": "rect", "x": 45, "y": 140, "width": 65, "height": 13}, "region_attributes": {"label": "DATE ISSUED", "key_type": "key", "formal_key": "question"}}, {"shape_attributes": {"name": "rect", "x": 123, "y": 130, "width": 97, "height": 20}, "region_attributes": {"label": "Oct. 11, 1983", "key_type": "value", "formal_key": "answer"}}, {"shape_attributes": {"name": "rect", "x": 278, "y": 141, "width": 98, "height": 15}, "region_attributes": {"label": "PROJECT SHEET NO.", "key_type": "key", "formal_key": "question"}}, {"shape_attributes": {"name": "rect", "x": 480, "y": 141, "width": 88, "height": 16}, "region_attributes": {"label": "PROJECT NO.", "key_type": "key", "formal_key": "question"}}, {"shape_attributes": {"name": "rect", "x": 46, "y": 159, "width": 165, "height": 13}, "region_attributes": {"label": "STUDY TITLE & PROPOSAL NUMBER", "key_type": "key", "formal_key": "question"}}, {"shape_attributes": {"name": "rect", "x": 49, "y": 173, "width": 325, "height": 20}, "region_attributes": {"label": "Acute Intraperitoneal Toxicity Study in Rats", "key_type": "value", "formal_key": "others"}}, {"shape_attributes": {"name": "rect", "x": 420, "y": 161, "width": 111, "height": 14}, "region_attributes": {"label": "PROJECT COORDINATOR", "key_type": "key", "formal_key": "question"}}, {"shape_attributes": {"name": "rect", "x": 419, "y": 204, "width": 61, "height": 13}, "region_attributes": {"label": "LOT NO.(s)", "key_type": "key", "formal_key": "question"}}, {"shape_attributes": {"name": "rect", "x": 527, "y": 204, "width": 84, "height": 15}, "region_attributes": {"label": "RECEIPT DATE(s)", "key_type": "key", "formal_key": "question"}}, {"shape_attributes": {"name": "rect", "x": 659, "y": 208, "width": 73, "height": 11}, "region_attributes": {"label": "LH- NUMBER(s)", "key_type": "key", "formal_key": "question"}}, {"shape_attributes": {"name": "rect", "x": 45, "y": 201, "width": 89, "height": 14}, "region_attributes": {"label": "TEST MATERIAL(s)", "key_type": "key", "formal_key": "question"}}, {"shape_attributes": {"name": "rect", "x": 47, "y": 291, "width": 127, "height": 15}, "region_attributes": {"label": "PERFORMING DEPARTMENTS", "key_type": "key", "formal_key": "question"}}, {"shape_attributes": {"name": "rect", "x": 176, "y": 292, "width": 130, "height": 14}, "region_attributes": {"label": "4 COPIES EACH DIRECTOR)", "key_type": "value", "formal_key": "others"}}, {"shape_attributes": {"name": "rect", "x": 47, "y": 303, "width": 177, "height": 16}, "region_attributes": {"label": "Acute/ Dermal Toxicology", "key_type": "value", "formal_key": "others"}}, {"shape_attributes": {"name": "rect", "x": 43, "y": 355, "width": 182, "height": 16}, "region_attributes": {"label": "PROTECTIVE PRECAUTIONS REQUIRED:", "key_type": "key", "formal_key": "question"}}, {"shape_attributes": {"name": "rect", "x": 165, "y": 369, "width": 103, "height": 13}, "region_attributes": {"label": "HAZARDOUS, COMPOUND", "key_type": "key", "formal_key": "header"}}, {"shape_attributes": {"name": "rect", "x": 211, "y": 391, "width": 98, "height": 14}, "region_attributes": {"label": "CARCINOGEN (OSHA)", "key_type": "key", "formal_key": "question"}}, {"shape_attributes": {"name": "rect", "x": 211, "y": 413, "width": 104, "height": 13}, "region_attributes": {"label": "CARCINOGEN (OTHER)", "key_type": "key", "formal_key": "question"}}, {"shape_attributes": {"name": "rect", "x": 45, "y": 451, "width": 118, "height": 15}, "region_attributes": {"label": "PHYSICAL DESCRIPTION:", "key_type": "key", "formal_key": "header"}}, {"shape_attributes": {"name": "rect", "x": 45, "y": 522, "width": 130, "height": 15}, "region_attributes": {"label": "EXPERIMENTAL PROCEDURES", "key_type": "key", "formal_key": "question"}}, {"shape_attributes": {"name": "rect", "x": 189, "y": 522, "width": 390, "height": 20}, "region_attributes": {"label": "to performed in Acure/Dermal Toxicology, building 18.", "key_type": "value", "formal_key": "answer"}}, {"shape_attributes": {"name": "rect", "x": 422, "y": 295, "width": 206, "height": 15}, "region_attributes": {"label": "ORIGINAL SIGNED PROJECT SHEETS TO PSO", "key_type": "key", "formal_key": "question"}}, {"shape_attributes": {"name": "rect", "x": 472, "y": 316, "width": 112, "height": 13}, "region_attributes": {"label": "FIXED DISTRIBUTION:", "key_type": "key", "formal_key": "question"}}, {"shape_attributes": {"name": "rect", "x": 587, "y": 317, "width": 138, "height": 70}, "region_attributes": {"label": "(1 COPY TO EACH) LAB ANIMAL MEDICINE QUALITY ASSURANCE CONTRACTS Sponsor", "key_type": "value", "formal_key": "others"}}, {"shape_attributes": {"name": "rect", "x": 430, "y": 334, "width": 109, "height": 58}, "region_attributes": {"label": "DIR. OF LIFE SCIENCES HEALTH SERVICES COMPOUND PREP (TOX) SCIENTIFIC RES TOX", "key_type": "key", "formal_key": "question"}}, {"shape_attributes": {"name": "rect", "x": 420, "y": 404, "width": 162, "height": 23}, "region_attributes": {"label": "FOLLOW DEPARTMENT AND COMPANY SAFETY MANUALS", "key_type": "key", "formal_key": "question"}}, {"shape_attributes": {"name": "rect", "x": 423, "y": 439, "width": 100, "height": 15}, "region_attributes": {"label": "STORAGE CONDITIONS", "key_type": "key", "formal_key": "header"}}, {"shape_attributes": {"name": "rect", "x": 437, "y": 455, "width": 74, "height": 14}, "region_attributes": {"label": "STORE IN DARK", "key_type": "key", "formal_key": "question"}}, {"shape_attributes": {"name": "rect", "x": 437, "y": 469, "width": 105, "height": 19}, "region_attributes": {"label": "REFRIGERATOR 8 C", "key_type": "key", "formal_key": "question"}}, {"shape_attributes": {"name": "rect", "x": 437, "y": 489, "width": 93, "height": 13}, "region_attributes": {"label": "ROOM TEMPERATURE", "key_type": "key", "formal_key": "question"}}, {"shape_attributes": {"name": "rect", "x": 437, "y": 504, "width": 178, "height": 15}, "region_attributes": {"label": "SPECIAL INSTRUCTIONS WHILE DOSING", "key_type": "key", "formal_key": "question"}}, {"shape_attributes": {"name": "rect", "x": 91, "y": 574, "width": 292, "height": 17}, "region_attributes": {"label": "The protocol for this study is attached.", "key_type": "value", "formal_key": "others"}}, {"shape_attributes": {"name": "rect", "x": 95, "y": 602, "width": 436, "height": 18}, "region_attributes": {"label": "The protocol was approved in sponsor letter of June 6, 1983.", "key_type": "value", "formal_key": "others"}}, {"shape_attributes": {"name": "rect", "x": 92, "y": 630, "width": 451, "height": 21}, "region_attributes": {"label": "The anticipated initiation date of this study is October 1983.", "key_type": "value", "formal_key": "others"}}, {"shape_attributes": {"name": "rect", "x": 91, "y": 659, "width": 459, "height": 22}, "region_attributes": {"label": "The anticipated completion date of this study is November 1983.", "key_type": "value", "formal_key": "others"}}, {"shape_attributes": {"name": "rect", "x": 49, "y": 961, "width": 74, "height": 22}, "region_attributes": {"label": "ML FORM NO. 5 REVISED 1- 81", "key_type": "value", "formal_key": "others"}}]}}}