﻿{"file_name": "00922237.json", "attributes": {"_via_img_metadata": {"regions": [{"shape_attributes": {"name": "rect", "x": 279, "y": 733, "width": 34, "height": 18}, "region_attributes": {"label": "4111", "key_type": "value", "formal_key": "answer"}}, {"shape_attributes": {"name": "rect", "x": 427, "y": 732, "width": 34, "height": 15}, "region_attributes": {"label": "9590", "key_type": "value", "formal_key": "answer"}}, {"shape_attributes": {"name": "rect", "x": 585, "y": 675, "width": 98, "height": 17}, "region_attributes": {"label": "00922237", "key_type": "value", "formal_key": "answer"}}, {"shape_attributes": {"name": "rect", "x": 518, "y": 729, "width": 191, "height": 42}, "region_attributes": {"label": "H.J. Minnemeyer", "key_type": "value", "formal_key": "answer"}}, {"shape_attributes": {"name": "rect", "x": 24, "y": 190, "width": 59, "height": 14}, "region_attributes": {"label": "QUANTITY", "key_type": "key", "formal_key": "question"}}, {"shape_attributes": {"name": "rect", "x": 140, "y": 189, "width": 34, "height": 17}, "region_attributes": {"label": "CODE", "key_type": "key", "formal_key": "question"}}, {"shape_attributes": {"name": "rect", "x": 377, "y": 187, "width": 74, "height": 17}, "region_attributes": {"label": "DESCRIPTION", "key_type": "key", "formal_key": "question"}}, {"shape_attributes": {"name": "rect", "x": 50, "y": 28, "width": 67, "height": 11}, "region_attributes": {"label": "PURCHASING", "key_type": "key", "formal_key": "question"}}, {"shape_attributes": {"name": "rect", "x": 47, "y": 43, "width": 70, "height": 11}, "region_attributes": {"label": "STATIONARY", "key_type": "key", "formal_key": "question"}}, {"shape_attributes": {"name": "rect", "x": 581, "y": 14, "width": 28, "height": 14}, "region_attributes": {"label": "DATE", "key_type": "key", "formal_key": "question"}}, {"shape_attributes": {"name": "rect", "x": 247, "y": 130, "width": 35, "height": 15}, "region_attributes": {"label": "Attn:", "key_type": "key", "formal_key": "question"}}, {"shape_attributes": {"name": "rect", "x": 13, "y": 61, "width": 49, "height": 8}, "region_attributes": {"label": "VENDOR", "key_type": "key", "formal_key": "question"}}, {"shape_attributes": {"name": "rect", "x": 42, "y": 105, "width": 38, "height": 11}, "region_attributes": {"label": "TERMS", "key_type": "key", "formal_key": "question"}}, {"shape_attributes": {"name": "rect", "x": 253, "y": 24, "width": 170, "height": 14}, "region_attributes": {"label": "PURCHASE REQUISITION", "key_type": "key", "formal_key": "header"}}, {"shape_attributes": {"name": "rect", "x": 471, "y": 10, "width": 101, "height": 23}, "region_attributes": {"label": "P.O. 1534 REV. 7/75 LT-9-75", "key_type": "value", "formal_key": "others"}}, {"shape_attributes": {"name": "rect", "x": 161, "y": 39, "width": 371, "height": 28}, "region_attributes": {"label": "PLEASE INCLUDE ONLY ONE TYPE OF MATERIAL ON THIS REQUISITION ", "key_type": "value", "formal_key": "others"}}, {"shape_attributes": {"name": "rect", "x": 11, "y": 64, "width": 482, "height": 25}, "region_attributes": {"label": "Microbiological Associates 5221 River Rd., Bethesda MD 20816", "key_type": "value", "formal_key": "answer"}}, {"shape_attributes": {"name": "rect", "x": 578, "y": 54, "width": 59, "height": 12}, "region_attributes": {"label": "ORDER NO.", "key_type": "key", "formal_key": "question"}}, {"shape_attributes": {"name": "rect", "x": 578, "y": 85, "width": 142, "height": 13}, "region_attributes": {"label": "Prev. or Recommended Supplier", "key_type": "key", "formal_key": "question"}}, {"shape_attributes": {"name": "rect", "x": 503, "y": 116, "width": 82, "height": 11}, "region_attributes": {"label": "DATE WANTED", "key_type": "key", "formal_key": "question"}}, {"shape_attributes": {"name": "rect", "x": 87, "y": 96, "width": 366, "height": 23}, "region_attributes": {"label": "15 Net F.O.S N/A VIA N/A", "key_type": "value", "formal_key": "answer"}}, {"shape_attributes": {"name": "rect", "x": 14, "y": 117, "width": 133, "height": 13}, "region_attributes": {"label": "SHIP TO DEPT BRANCH)", "key_type": "key", "formal_key": "question"}}, {"shape_attributes": {"name": "rect", "x": 14, "y": 130, "width": 190, "height": 18}, "region_attributes": {"label": "Lorillard Research Center", "key_type": "value", "formal_key": "answer"}}, {"shape_attributes": {"name": "rect", "x": 291, "y": 127, "width": 154, "height": 20}, "region_attributes": {"label": "Dr. Harry Minnemeyer", "key_type": "value", "formal_key": "answer"}}, {"shape_attributes": {"name": "rect", "x": 536, "y": 124, "width": 86, "height": 17}, "region_attributes": {"label": "As required", "key_type": "value", "formal_key": "answer"}}, {"shape_attributes": {"name": "rect", "x": 13, "y": 158, "width": 305, "height": 21}, "region_attributes": {"label": "P. O. Box 21688 Greensboro N. C. 27420", "key_type": "value", "formal_key": "others"}}, {"shape_attributes": {"name": "rect", "x": 103, "y": 215, "width": 588, "height": 188}, "region_attributes": {"label": "This is your authorization to provide the \"1601.013: The Effect of Inhalation of Reference and Test (D3 and D4) Cigarette Smoke on Two Cytogenetic Endpoints in Mice: Chromosome Aberrations and Sister Chromatid Exchange\" test for a fixed price of $19,750 Tests will be performed in accordance with the December 21, 1981 formal agreement between Microbiological Associates and Lorillard. All work is to be coordinated with our Dr. Harry Minnemeyer (919) 373-6603", "key_type": "value", "formal_key": "answer"}}, {"shape_attributes": {"name": "rect", "x": 647, "y": 184, "width": 63, "height": 17}, "region_attributes": {"label": "UNIT PRICE", "key_type": "key", "formal_key": "question"}}, {"shape_attributes": {"name": "rect", "x": 91, "y": 654, "width": 94, "height": 14}, "region_attributes": {"label": "FOLLOW UP DATE", "key_type": "key", "formal_key": "question"}}, {"shape_attributes": {"name": "rect", "x": 106, "y": 708, "width": 66, "height": 15}, "region_attributes": {"label": "BUDGET NO.", "key_type": "key", "formal_key": "question"}}, {"shape_attributes": {"name": "rect", "x": 338, "y": 654, "width": 88, "height": 14}, "region_attributes": {"label": "REQUISITION NO.", "key_type": "key", "formal_key": "question"}}, {"shape_attributes": {"name": "rect", "x": 589, "y": 652, "width": 59, "height": 17}, "region_attributes": {"label": "ISSUED BY", "key_type": "key", "formal_key": "question"}}, {"shape_attributes": {"name": "rect", "x": 292, "y": 708, "width": 53, "height": 17}, "region_attributes": {"label": "ACCT NO.", "key_type": "key", "formal_key": "question"}}, {"shape_attributes": {"name": "rect", "x": 412, "y": 708, "width": 55, "height": 17}, "region_attributes": {"label": "DEPT NO.", "key_type": "key", "formal_key": "question"}}, {"shape_attributes": {"name": "rect", "x": 582, "y": 708, "width": 74, "height": 17}, "region_attributes": {"label": "APPROVED BY", "key_type": "key", "formal_key": "question"}}]}}}