﻿{"file_name": "00920222.json", "attributes": {"_via_img_metadata": {"regions": [{"shape_attributes": {"name": "rect", "x": 21, "y": 244, "width": 46, "height": 10}, "region_attributes": {"label": "VENDOR", "key_type": "key", "formal_key": "question"}}, {"shape_attributes": {"name": "rect", "x": 50, "y": 289, "width": 36, "height": 11}, "region_attributes": {"label": "TERMS", "key_type": "key", "formal_key": "header"}}, {"shape_attributes": {"name": "rect", "x": 373, "y": 288, "width": 21, "height": 13}, "region_attributes": {"label": "VIA", "key_type": "key", "formal_key": "question"}}, {"shape_attributes": {"name": "rect", "x": 257, "y": 316, "width": 38, "height": 15}, "region_attributes": {"label": "Attn:", "key_type": "key", "formal_key": "question"}}, {"shape_attributes": {"name": "rect", "x": 116, "y": 285, "width": 25, "height": 15}, "region_attributes": {"label": "NET", "key_type": "key", "formal_key": "question"}}, {"shape_attributes": {"name": "rect", "x": 577, "y": 200, "width": 29, "height": 13}, "region_attributes": {"label": "DATE", "key_type": "key", "formal_key": "question"}}, {"shape_attributes": {"name": "rect", "x": 645, "y": 372, "width": 28, "height": 15}, "region_attributes": {"label": "UNIT", "key_type": "key", "formal_key": "question"}}, {"shape_attributes": {"name": "rect", "x": 675, "y": 372, "width": 32, "height": 14}, "region_attributes": {"label": "PRICE", "key_type": "key", "formal_key": "question"}}, {"shape_attributes": {"name": "rect", "x": 367, "y": 372, "width": 70, "height": 15}, "region_attributes": {"label": "DESCRIPTION", "key_type": "key", "formal_key": "question"}}, {"shape_attributes": {"name": "rect", "x": 31, "y": 374, "width": 56, "height": 14}, "region_attributes": {"label": "QUANTITY", "key_type": "key", "formal_key": "question"}}, {"shape_attributes": {"name": "rect", "x": 140, "y": 373, "width": 34, "height": 15}, "region_attributes": {"label": "CODE", "key_type": "key", "formal_key": "question"}}, {"shape_attributes": {"name": "rect", "x": 563, "y": 838, "width": 95, "height": 21}, "region_attributes": {"label": "00920222", "key_type": "value", "formal_key": "others"}}, {"shape_attributes": {"name": "rect", "x": 155, "y": 284, "width": 17, "height": 17}, "region_attributes": {"label": "15", "key_type": "value", "formal_key": "answer"}}, {"shape_attributes": {"name": "rect", "x": 27, "y": 278, "width": 11, "height": 11}, "region_attributes": {"label": "-", "key_type": "value", "formal_key": "others"}}, {"shape_attributes": {"name": "rect", "x": 302, "y": 950, "width": 32, "height": 18}, "region_attributes": {"label": "4111", "key_type": "value", "formal_key": "answer"}}, {"shape_attributes": {"name": "rect", "x": 441, "y": 951, "width": 31, "height": 17}, "region_attributes": {"label": "9590", "key_type": "value", "formal_key": "answer"}}, {"shape_attributes": {"name": "rect", "x": 514, "y": 947, "width": 218, "height": 39}, "region_attributes": {"label": "", "key_type": "value", "formal_key": "answer"}}, {"shape_attributes": {"name": "rect", "x": 254, "y": 207, "width": 167, "height": 17}, "region_attributes": {"label": "PURCHASE REQUISITION", "key_type": "key", "formal_key": "header"}}, {"shape_attributes": {"name": "rect", "x": 39, "y": 207, "width": 85, "height": 14}, "region_attributes": {"label": "\u2610 PURCHASING", "key_type": "key", "formal_key": "question"}}, {"shape_attributes": {"name": "rect", "x": 39, "y": 223, "width": 90, "height": 15}, "region_attributes": {"label": "\u2610 STATIONARY", "key_type": "key", "formal_key": "question"}}, {"shape_attributes": {"name": "rect", "x": 36, "y": 251, "width": 510, "height": 23}, "region_attributes": {"label": "Borriston Laboratories, INC. , 5050 Beech Place Temple Hills, MD 20748", "key_type": "value", "formal_key": "answer"}}, {"shape_attributes": {"name": "rect", "x": 574, "y": 242, "width": 59, "height": 11}, "region_attributes": {"label": "ORDER NO.", "key_type": "key", "formal_key": "question"}}, {"shape_attributes": {"name": "rect", "x": 588, "y": 214, "width": 104, "height": 18}, "region_attributes": {"label": "March 27, 1984", "key_type": "value", "formal_key": "answer"}}, {"shape_attributes": {"name": "rect", "x": 468, "y": 198, "width": 99, "height": 21}, "region_attributes": {"label": "1332 REV L1 16 79", "key_type": "value", "formal_key": "others"}}, {"shape_attributes": {"name": "rect", "x": 166, "y": 223, "width": 363, "height": 17}, "region_attributes": {"label": "PLEASE INCLUDE ONLY ONE TYPE OF MATERIAL ON THIS REQUISITION", "key_type": "value", "formal_key": "others"}}, {"shape_attributes": {"name": "rect", "x": 204, "y": 288, "width": 30, "height": 14}, "region_attributes": {"label": "F. O. B.", "key_type": "key", "formal_key": "question"}}, {"shape_attributes": {"name": "rect", "x": 278, "y": 284, "width": 23, "height": 15}, "region_attributes": {"label": "N /A", "key_type": "value", "formal_key": "answer"}}, {"shape_attributes": {"name": "rect", "x": 430, "y": 282, "width": 28, "height": 17}, "region_attributes": {"label": "N /A", "key_type": "value", "formal_key": "answer"}}, {"shape_attributes": {"name": "rect", "x": 501, "y": 302, "width": 78, "height": 11}, "region_attributes": {"label": "DATE WANTED", "key_type": "key", "formal_key": "question"}}, {"shape_attributes": {"name": "rect", "x": 575, "y": 272, "width": 142, "height": 13}, "region_attributes": {"label": "Prev. or Recommended SupplIer", "key_type": "value", "formal_key": "others"}}, {"shape_attributes": {"name": "rect", "x": 535, "y": 314, "width": 87, "height": 16}, "region_attributes": {"label": "As required", "key_type": "value", "formal_key": "answer"}}, {"shape_attributes": {"name": "rect", "x": 307, "y": 313, "width": 122, "height": 17}, "region_attributes": {"label": "Dr. Connie Stone", "key_type": "value", "formal_key": "answer"}}, {"shape_attributes": {"name": "rect", "x": 21, "y": 314, "width": 206, "height": 20}, "region_attributes": {"label": "- Lorillard Research Center", "key_type": "value", "formal_key": "answer"}}, {"shape_attributes": {"name": "rect", "x": 18, "y": 341, "width": 315, "height": 22}, "region_attributes": {"label": "- 420 English Street Greensboro, NC 27405", "key_type": "value", "formal_key": "others"}}, {"shape_attributes": {"name": "rect", "x": 117, "y": 402, "width": 596, "height": 168}, "region_attributes": {"label": "This is your authorization to perform the \"Acute Oral Toxicity Study in the Rat\" tests on materials D13 and D23 supplied by Lorillard. The fixed price for each test is $2050 for each material, for a total price of $4100. Studies are to be conducted in accordance with the October 17, 1980 formal agreement between Borriston and Lorillard. All work is to be coordinated with our Dr. Connie Stone (919) 373- 6663.", "key_type": "value", "formal_key": "answer"}}, {"shape_attributes": {"name": "rect", "x": 96, "y": 876, "width": 94, "height": 14}, "region_attributes": {"label": "FOLLOW UP DATE", "key_type": "key", "formal_key": "question"}}, {"shape_attributes": {"name": "rect", "x": 109, "y": 929, "width": 66, "height": 15}, "region_attributes": {"label": "BUDGET NO.", "key_type": "key", "formal_key": "question"}}, {"shape_attributes": {"name": "rect", "x": 335, "y": 874, "width": 91, "height": 14}, "region_attributes": {"label": "REQUISITION NO.", "key_type": "key", "formal_key": "question"}}, {"shape_attributes": {"name": "rect", "x": 587, "y": 872, "width": 59, "height": 17}, "region_attributes": {"label": "ISSUED BY", "key_type": "key", "formal_key": "question"}}, {"shape_attributes": {"name": "rect", "x": 578, "y": 927, "width": 79, "height": 15}, "region_attributes": {"label": "APPROVED BY", "key_type": "key", "formal_key": "question"}}, {"shape_attributes": {"name": "rect", "x": 413, "y": 927, "width": 54, "height": 17}, "region_attributes": {"label": "DEPT. NO.", "key_type": "key", "formal_key": "question"}}, {"shape_attributes": {"name": "rect", "x": 295, "y": 927, "width": 53, "height": 17}, "region_attributes": {"label": "ACCT. NO.", "key_type": "key", "formal_key": "question"}}, {"shape_attributes": {"name": "rect", "x": 24, "y": 304, "width": 126, "height": 11}, "region_attributes": {"label": "SHIP TO (DEPT- BRANCH)", "key_type": "key", "formal_key": "question"}}, {"shape_attributes": {"name": "rect", "x": 193, "y": 242, "width": 217, "height": 11}, "region_attributes": {"label": "FOR PURCHASING DEPARTMENT USE ONLY", "key_type": "key", "formal_key": "question"}}]}}}