﻿{"file_name": "00920294.json", "attributes": {"_via_img_metadata": {"regions": [{"shape_attributes": {"name": "rect", "x": 504, "y": 113, "width": 38, "height": 15}, "region_attributes": {"label": "970220", "key_type": "value", "formal_key": "answer"}}, {"shape_attributes": {"name": "rect", "x": 155, "y": 130, "width": 18, "height": 17}, "region_attributes": {"label": "To:", "key_type": "key", "formal_key": "question"}}, {"shape_attributes": {"name": "rect", "x": 138, "y": 148, "width": 35, "height": 14}, "region_attributes": {"label": "From:", "key_type": "key", "formal_key": "question"}}, {"shape_attributes": {"name": "rect", "x": 141, "y": 166, "width": 31, "height": 14}, "region_attributes": {"label": "Date:", "key_type": "key", "formal_key": "question"}}, {"shape_attributes": {"name": "rect", "x": 265, "y": 246, "width": 108, "height": 18}, "region_attributes": {"label": "Mailfile Description", "key_type": "key", "formal_key": "question"}}, {"shape_attributes": {"name": "rect", "x": 122, "y": 300, "width": 50, "height": 17}, "region_attributes": {"label": "Quantity:", "key_type": "key", "formal_key": "question"}}, {"shape_attributes": {"name": "rect", "x": 119, "y": 320, "width": 54, "height": 13}, "region_attributes": {"label": "Maildate:", "key_type": "key", "formal_key": "question"}}, {"shape_attributes": {"name": "rect", "x": 108, "y": 332, "width": 66, "height": 15}, "region_attributes": {"label": "Program#:", "key_type": "key", "formal_key": "question"}}, {"shape_attributes": {"name": "rect", "x": 141, "y": 469, "width": 32, "height": 15}, "region_attributes": {"label": "Seeds", "key_type": "key", "formal_key": "question"}}, {"shape_attributes": {"name": "rect", "x": 105, "y": 487, "width": 67, "height": 14}, "region_attributes": {"label": "Suppression", "key_type": "key", "formal_key": "question"}}, {"shape_attributes": {"name": "rect", "x": 78, "y": 725, "width": 34, "height": 15}, "region_attributes": {"label": "Notes", "key_type": "key", "formal_key": "header"}}, {"shape_attributes": {"name": "rect", "x": 159, "y": 539, "width": 10, "height": 11}, "region_attributes": {"label": "1", "key_type": "value", "formal_key": "others"}}, {"shape_attributes": {"name": "rect", "x": 161, "y": 557, "width": 10, "height": 11}, "region_attributes": {"label": "2", "key_type": "value", "formal_key": "others"}}, {"shape_attributes": {"name": "rect", "x": 161, "y": 573, "width": 8, "height": 13}, "region_attributes": {"label": "3", "key_type": "value", "formal_key": "others"}}, {"shape_attributes": {"name": "rect", "x": 161, "y": 591, "width": 8, "height": 11}, "region_attributes": {"label": "4", "key_type": "value", "formal_key": "others"}}, {"shape_attributes": {"name": "rect", "x": 162, "y": 641, "width": 7, "height": 14}, "region_attributes": {"label": "7", "key_type": "value", "formal_key": "others"}}, {"shape_attributes": {"name": "rect", "x": 161, "y": 623, "width": 8, "height": 14}, "region_attributes": {"label": "6", "key_type": "value", "formal_key": "others"}}, {"shape_attributes": {"name": "rect", "x": 161, "y": 659, "width": 8, "height": 10}, "region_attributes": {"label": "8", "key_type": "value", "formal_key": "others"}}, {"shape_attributes": {"name": "rect", "x": 162, "y": 675, "width": 8, "height": 13}, "region_attributes": {"label": "9", "key_type": "value", "formal_key": "others"}}, {"shape_attributes": {"name": "rect", "x": 156, "y": 694, "width": 14, "height": 11}, "region_attributes": {"label": "10", "key_type": "value", "formal_key": "others"}}, {"shape_attributes": {"name": "rect", "x": 161, "y": 608, "width": 8, "height": 11}, "region_attributes": {"label": "5", "key_type": "value", "formal_key": "others"}}, {"shape_attributes": {"name": "rect", "x": 190, "y": 487, "width": 8, "height": 13}, "region_attributes": {"label": "5", "key_type": "value", "formal_key": "answer"}}, {"shape_attributes": {"name": "rect", "x": 260, "y": 468, "width": 14, "height": 15}, "region_attributes": {"label": "25", "key_type": "value", "formal_key": "answer"}}, {"shape_attributes": {"name": "rect", "x": 211, "y": 302, "width": 25, "height": 14}, "region_attributes": {"label": "273", "key_type": "value", "formal_key": "answer"}}, {"shape_attributes": {"name": "rect", "x": 176, "y": 334, "width": 42, "height": 15}, "region_attributes": {"label": "700418", "key_type": "value", "formal_key": "answer"}}, {"shape_attributes": {"name": "rect", "x": 203, "y": 250, "width": 11, "height": 15}, "region_attributes": {"label": "3,", "key_type": "value", "formal_key": "answer"}}, {"shape_attributes": {"name": "rect", "x": 214, "y": 250, "width": 20, "height": 15}, "region_attributes": {"label": "984", "key_type": "value", "formal_key": "others"}}, {"shape_attributes": {"name": "rect", "x": 133, "y": 216, "width": 39, "height": 15}, "region_attributes": {"label": "System", "key_type": "key", "formal_key": "question"}}, {"shape_attributes": {"name": "rect", "x": 78, "y": 89, "width": 242, "height": 23}, "region_attributes": {"label": "RJR Mailfile Table Update Sheet", "key_type": "key", "formal_key": "header"}}, {"shape_attributes": {"name": "rect", "x": 432, "y": 112, "width": 71, "height": 14}, "region_attributes": {"label": "Alert Number", "key_type": "key", "formal_key": "question"}}, {"shape_attributes": {"name": "rect", "x": 177, "y": 130, "width": 94, "height": 15}, "region_attributes": {"label": "RJR IR - Suz /Art", "key_type": "value", "formal_key": "answer"}}, {"shape_attributes": {"name": "rect", "x": 176, "y": 149, "width": 70, "height": 13}, "region_attributes": {"label": "Drew Huyett", "key_type": "value", "formal_key": "answer"}}, {"shape_attributes": {"name": "rect", "x": 176, "y": 165, "width": 37, "height": 14}, "region_attributes": {"label": "3/ 7/ 97", "key_type": "value", "formal_key": "answer"}}, {"shape_attributes": {"name": "rect", "x": 179, "y": 198, "width": 63, "height": 15}, "region_attributes": {"label": "102- Eclipse", "key_type": "value", "formal_key": "answer"}}, {"shape_attributes": {"name": "rect", "x": 87, "y": 198, "width": 84, "height": 14}, "region_attributes": {"label": "Program Group", "key_type": "key", "formal_key": "question"}}, {"shape_attributes": {"name": "rect", "x": 179, "y": 215, "width": 86, "height": 14}, "region_attributes": {"label": "Corp/ Multibrand", "key_type": "value", "formal_key": "answer"}}, {"shape_attributes": {"name": "rect", "x": 109, "y": 249, "width": 64, "height": 17}, "region_attributes": {"label": "Mailfile ID:", "key_type": "key", "formal_key": "question"}}, {"shape_attributes": {"name": "rect", "x": 177, "y": 271, "width": 58, "height": 10}, "region_attributes": {"label": "", "key_type": "value", "formal_key": "others"}}, {"shape_attributes": {"name": "rect", "x": 378, "y": 249, "width": 161, "height": 15}, "region_attributes": {"label": "Mail Order- Indy Responders", "key_type": "value", "formal_key": "answer"}}, {"shape_attributes": {"name": "rect", "x": 299, "y": 265, "width": 75, "height": 17}, "region_attributes": {"label": "Dataset Name", "key_type": "key", "formal_key": "question"}}, {"shape_attributes": {"name": "rect", "x": 433, "y": 286, "width": 56, "height": 10}, "region_attributes": {"label": "(Complete by IR)", "key_type": "value", "formal_key": "others"}}, {"shape_attributes": {"name": "rect", "x": 176, "y": 317, "width": 42, "height": 16}, "region_attributes": {"label": "3/ 17/ 97", "key_type": "value", "formal_key": "answer"}}, {"shape_attributes": {"name": "rect", "x": 110, "y": 367, "width": 186, "height": 17}, "region_attributes": {"label": "BRC Codes w81 carton order form", "key_type": "key", "formal_key": "question"}}, {"shape_attributes": {"name": "rect", "x": 127, "y": 418, "width": 68, "height": 17}, "region_attributes": {"label": "T Codes NA", "key_type": "key", "formal_key": "question"}}, {"shape_attributes": {"name": "rect", "x": 99, "y": 521, "width": 73, "height": 14}, "region_attributes": {"label": "Mailfile Cells", "key_type": "key", "formal_key": "question"}}, {"shape_attributes": {"name": "rect", "x": 177, "y": 536, "width": 141, "height": 17}, "region_attributes": {"label": "HD home delivery", "key_type": "value", "formal_key": "answer"}}, {"shape_attributes": {"name": "rect", "x": 175, "y": 556, "width": 146, "height": 14}, "region_attributes": {"label": "SP sneak preview", "key_type": "value", "formal_key": "answer"}}, {"shape_attributes": {"name": "rect", "x": 88, "y": 747, "width": 90, "height": 16}, "region_attributes": {"label": "This is for notes", "key_type": "value", "formal_key": "others"}}, {"shape_attributes": {"name": "rect", "x": 680, "y": 784, "width": 13, "height": 91}, "region_attributes": {"label": "51673 4300", "key_type": "value", "formal_key": "others"}}, {"shape_attributes": {"name": "rect", "x": 61, "y": 940, "width": 84, "height": 14}, "region_attributes": {"label": "970220 XLS Mailfile", "key_type": "value", "formal_key": "others"}}]}}}