﻿{"file_name": "01073843.json", "attributes": {"_via_img_metadata": {"regions": [{"shape_attributes": {"name": "rect", "x": 82, "y": 119, "width": 49, "height": 11}, "region_attributes": {"label": "COMPOUND", "key_type": "key", "formal_key": "question"}}, {"shape_attributes": {"name": "rect", "x": 82, "y": 151, "width": 36, "height": 11}, "region_attributes": {"label": "SOURCE", "key_type": "key", "formal_key": "question"}}, {"shape_attributes": {"name": "rect", "x": 81, "y": 214, "width": 71, "height": 11}, "region_attributes": {"label": "INVESTIGATOR(S)", "key_type": "key", "formal_key": "question"}}, {"shape_attributes": {"name": "rect", "x": 81, "y": 243, "width": 61, "height": 10}, "region_attributes": {"label": "SIGNATURE(S):", "key_type": "key", "formal_key": "question"}}, {"shape_attributes": {"name": "rect", "x": 285, "y": 303, "width": 11, "height": 8}, "region_attributes": {"label": "50", "key_type": "key", "formal_key": "question"}}, {"shape_attributes": {"name": "rect", "x": 351, "y": 304, "width": 11, "height": 7}, "region_attributes": {"label": "80", "key_type": "key", "formal_key": "question"}}, {"shape_attributes": {"name": "rect", "x": 416, "y": 306, "width": 17, "height": 7}, "region_attributes": {"label": "100", "key_type": "key", "formal_key": "question"}}, {"shape_attributes": {"name": "rect", "x": 483, "y": 304, "width": 41, "height": 10}, "region_attributes": {"label": "SOLVENT", "key_type": "key", "formal_key": "header"}}, {"shape_attributes": {"name": "rect", "x": 553, "y": 306, "width": 28, "height": 10}, "region_attributes": {"label": "OMSO", "key_type": "key", "formal_key": "question"}}, {"shape_attributes": {"name": "rect", "x": 501, "y": 186, "width": 49, "height": 10}, "region_attributes": {"label": "REPORTED", "key_type": "key", "formal_key": "question"}}, {"shape_attributes": {"name": "rect", "x": 279, "y": 372, "width": 29, "height": 10}, "region_attributes": {"label": "TA1535", "key_type": "key", "formal_key": "header"}}, {"shape_attributes": {"name": "rect", "x": 401, "y": 374, "width": 27, "height": 8}, "region_attributes": {"label": "TA100", "key_type": "key", "formal_key": "header"}}, {"shape_attributes": {"name": "rect", "x": 527, "y": 376, "width": 22, "height": 8}, "region_attributes": {"label": "TA98", "key_type": "key", "formal_key": "header"}}, {"shape_attributes": {"name": "rect", "x": 80, "y": 677, "width": 128, "height": 14}, "region_attributes": {"label": "Streptozotocin", "key_type": "key", "formal_key": "question"}}, {"shape_attributes": {"name": "rect", "x": 77, "y": 795, "width": 54, "height": 10}, "region_attributes": {"label": "CONCLUSION", "key_type": "key", "formal_key": "question"}}, {"shape_attributes": {"name": "rect", "x": 649, "y": 144, "width": 67, "height": 14}, "region_attributes": {"label": "OR67-13", "key_type": "value", "formal_key": "answer"}}, {"shape_attributes": {"name": "rect", "x": 486, "y": 144, "width": 39, "height": 14}, "region_attributes": {"label": "A123", "key_type": "value", "formal_key": "answer"}}, {"shape_attributes": {"name": "rect", "x": 582, "y": 176, "width": 64, "height": 18}, "region_attributes": {"label": "4/14/81", "key_type": "value", "formal_key": "answer"}}, {"shape_attributes": {"name": "rect", "x": 616, "y": 209, "width": 67, "height": 15}, "region_attributes": {"label": "BC19-25", "key_type": "value", "formal_key": "answer"}}, {"shape_attributes": {"name": "rect", "x": 353, "y": 175, "width": 130, "height": 17}, "region_attributes": {"label": "3/18/81-4/8/81", "key_type": "value", "formal_key": "answer"}}, {"shape_attributes": {"name": "rect", "x": 183, "y": 175, "width": 64, "height": 15}, "region_attributes": {"label": "unknown", "key_type": "value", "formal_key": "answer"}}, {"shape_attributes": {"name": "rect", "x": 321, "y": 183, "width": 34, "height": 11}, "region_attributes": {"label": "TESTED", "key_type": "key", "formal_key": "question"}}, {"shape_attributes": {"name": "rect", "x": 535, "y": 304, "width": 13, "height": 13}, "region_attributes": {"label": "\u2611", "key_type": "value", "formal_key": "answer"}}, {"shape_attributes": {"name": "rect", "x": 338, "y": 330, "width": 35, "height": 13}, "region_attributes": {"label": ".025", "key_type": "value", "formal_key": "answer"}}, {"shape_attributes": {"name": "rect", "x": 81, "y": 475, "width": 21, "height": 14}, "region_attributes": {"label": "25", "key_type": "value", "formal_key": "answer"}}, {"shape_attributes": {"name": "rect", "x": 81, "y": 497, "width": 38, "height": 14}, "region_attributes": {"label": "12.5", "key_type": "value", "formal_key": "answer"}}, {"shape_attributes": {"name": "rect", "x": 81, "y": 521, "width": 38, "height": 14}, "region_attributes": {"label": "6.25", "key_type": "value", "formal_key": "answer"}}, {"shape_attributes": {"name": "rect", "x": 244, "y": 419, "width": 36, "height": 14}, "region_attributes": {"label": "9.67", "key_type": "value", "formal_key": "answer"}}, {"shape_attributes": {"name": "rect", "x": 300, "y": 420, "width": 46, "height": 14}, "region_attributes": {"label": "14.00", "key_type": "value", "formal_key": "answer"}}, {"shape_attributes": {"name": "rect", "x": 243, "y": 499, "width": 39, "height": 14}, "region_attributes": {"label": "1.10", "key_type": "value", "formal_key": "answer"}}, {"shape_attributes": {"name": "rect", "x": 318, "y": 476, "width": 25, "height": 14}, "region_attributes": {"label": ".76", "key_type": "value", "formal_key": "answer"}}, {"shape_attributes": {"name": "rect", "x": 309, "y": 499, "width": 35, "height": 15}, "region_attributes": {"label": "1.12", "key_type": "value", "formal_key": "answer"}}, {"shape_attributes": {"name": "rect", "x": 318, "y": 522, "width": 25, "height": 14}, "region_attributes": {"label": ".52", "key_type": "value", "formal_key": "answer"}}, {"shape_attributes": {"name": "rect", "x": 372, "y": 500, "width": 36, "height": 14}, "region_attributes": {"label": "1.07", "key_type": "value", "formal_key": "answer"}}, {"shape_attributes": {"name": "rect", "x": 355, "y": 420, "width": 53, "height": 14}, "region_attributes": {"label": "118.00", "key_type": "value", "formal_key": "answer"}}, {"shape_attributes": {"name": "rect", "x": 81, "y": 630, "width": 27, "height": 13}, "region_attributes": {"label": "4.0", "key_type": "value", "formal_key": "answer"}}, {"shape_attributes": {"name": "rect", "x": 80, "y": 652, "width": 29, "height": 14}, "region_attributes": {"label": "2.0", "key_type": "value", "formal_key": "answer"}}, {"shape_attributes": {"name": "rect", "x": 80, "y": 696, "width": 28, "height": 13}, "region_attributes": {"label": "1.0", "key_type": "value", "formal_key": "answer"}}, {"shape_attributes": {"name": "rect", "x": 80, "y": 716, "width": 29, "height": 14}, "region_attributes": {"label": "0.5", "key_type": "value", "formal_key": "answer"}}, {"shape_attributes": {"name": "rect", "x": 253, "y": 631, "width": 27, "height": 14}, "region_attributes": {"label": ".72", "key_type": "value", "formal_key": "answer"}}, {"shape_attributes": {"name": "rect", "x": 244, "y": 654, "width": 36, "height": 14}, "region_attributes": {"label": "1.24", "key_type": "value", "formal_key": "answer"}}, {"shape_attributes": {"name": "rect", "x": 243, "y": 696, "width": 38, "height": 14}, "region_attributes": {"label": "6.41", "key_type": "value", "formal_key": "answer"}}, {"shape_attributes": {"name": "rect", "x": 242, "y": 718, "width": 38, "height": 14}, "region_attributes": {"label": "2.28", "key_type": "value", "formal_key": "answer"}}, {"shape_attributes": {"name": "rect", "x": 307, "y": 633, "width": 36, "height": 14}, "region_attributes": {"label": "3.07", "key_type": "value", "formal_key": "answer"}}, {"shape_attributes": {"name": "rect", "x": 306, "y": 654, "width": 36, "height": 15}, "region_attributes": {"label": "2.86", "key_type": "value", "formal_key": "answer"}}, {"shape_attributes": {"name": "rect", "x": 299, "y": 696, "width": 43, "height": 14}, "region_attributes": {"label": "31.14", "key_type": "value", "formal_key": "answer"}}, {"shape_attributes": {"name": "rect", "x": 297, "y": 718, "width": 45, "height": 14}, "region_attributes": {"label": "12.29", "key_type": "value", "formal_key": "answer"}}, {"shape_attributes": {"name": "rect", "x": 381, "y": 633, "width": 24, "height": 14}, "region_attributes": {"label": ".98", "key_type": "value", "formal_key": "answer"}}, {"shape_attributes": {"name": "rect", "x": 381, "y": 655, "width": 25, "height": 14}, "region_attributes": {"label": ".76", "key_type": "value", "formal_key": "answer"}}, {"shape_attributes": {"name": "rect", "x": 372, "y": 697, "width": 35, "height": 14}, "region_attributes": {"label": "1.60", "key_type": "value", "formal_key": "answer"}}, {"shape_attributes": {"name": "rect", "x": 370, "y": 721, "width": 36, "height": 13}, "region_attributes": {"label": "1.08", "key_type": "value", "formal_key": "answer"}}, {"shape_attributes": {"name": "rect", "x": 433, "y": 633, "width": 38, "height": 15}, "region_attributes": {"label": "4.26", "key_type": "value", "formal_key": "answer"}}, {"shape_attributes": {"name": "rect", "x": 433, "y": 655, "width": 36, "height": 15}, "region_attributes": {"label": "3.63", "key_type": "value", "formal_key": "answer"}}, {"shape_attributes": {"name": "rect", "x": 433, "y": 698, "width": 35, "height": 14}, "region_attributes": {"label": "3.11", "key_type": "value", "formal_key": "answer"}}, {"shape_attributes": {"name": "rect", "x": 433, "y": 719, "width": 35, "height": 15}, "region_attributes": {"label": "1.99", "key_type": "value", "formal_key": "answer"}}, {"shape_attributes": {"name": "rect", "x": 497, "y": 634, "width": 27, "height": 13}, "region_attributes": {"label": ".22", "key_type": "value", "formal_key": "answer"}}, {"shape_attributes": {"name": "rect", "x": 499, "y": 655, "width": 27, "height": 14}, "region_attributes": {"label": ".67", "key_type": "value", "formal_key": "answer"}}, {"shape_attributes": {"name": "rect", "x": 542, "y": 635, "width": 47, "height": 14}, "region_attributes": {"label": "20.10", "key_type": "value", "formal_key": "answer"}}, {"shape_attributes": {"name": "rect", "x": 543, "y": 656, "width": 45, "height": 15}, "region_attributes": {"label": "18.81", "key_type": "value", "formal_key": "answer"}}, {"shape_attributes": {"name": "rect", "x": 446, "y": 500, "width": 25, "height": 15}, "region_attributes": {"label": ".82", "key_type": "value", "formal_key": "answer"}}, {"shape_attributes": {"name": "rect", "x": 446, "y": 524, "width": 25, "height": 13}, "region_attributes": {"label": ".88", "key_type": "value", "formal_key": "answer"}}, {"shape_attributes": {"name": "rect", "x": 446, "y": 478, "width": 25, "height": 14}, "region_attributes": {"label": ".87", "key_type": "value", "formal_key": "answer"}}, {"shape_attributes": {"name": "rect", "x": 500, "y": 500, "width": 25, "height": 15}, "region_attributes": {"label": ".78", "key_type": "value", "formal_key": "answer"}}, {"shape_attributes": {"name": "rect", "x": 563, "y": 478, "width": 27, "height": 15}, "region_attributes": {"label": ".65", "key_type": "value", "formal_key": "answer"}}, {"shape_attributes": {"name": "rect", "x": 564, "y": 501, "width": 24, "height": 14}, "region_attributes": {"label": ".71", "key_type": "value", "formal_key": "answer"}}, {"shape_attributes": {"name": "rect", "x": 563, "y": 524, "width": 27, "height": 14}, "region_attributes": {"label": ".86", "key_type": "value", "formal_key": "answer"}}, {"shape_attributes": {"name": "rect", "x": 732, "y": 824, "width": 21, "height": 94}, "region_attributes": {"label": "01073843", "key_type": "value", "formal_key": "others"}}, {"shape_attributes": {"name": "rect", "x": 418, "y": 420, "width": 54, "height": 15}, "region_attributes": {"label": "127.00", "key_type": "value", "formal_key": "answer"}}, {"shape_attributes": {"name": "rect", "x": 543, "y": 422, "width": 49, "height": 14}, "region_attributes": {"label": "21.00", "key_type": "value", "formal_key": "answer"}}, {"shape_attributes": {"name": "rect", "x": 487, "y": 422, "width": 39, "height": 14}, "region_attributes": {"label": "9.00", "key_type": "value", "formal_key": "answer"}}, {"shape_attributes": {"name": "rect", "x": 263, "y": 71, "width": 283, "height": 19}, "region_attributes": {"label": "AMES ASSAY FOR MUTAGENICITY", "key_type": "key", "formal_key": "header"}}, {"shape_attributes": {"name": "rect", "x": 141, "y": 110, "width": 513, "height": 18}, "region_attributes": {"label": "Diethyl 3, 3-Dimethyl-2-oxo-1, 4-cyclopentanedicarboxylate", "key_type": "value", "formal_key": "answer"}}, {"shape_attributes": {"name": "rect", "x": 123, "y": 142, "width": 265, "height": 19}, "region_attributes": {"label": "Lorillard - Organic Chemistry", "key_type": "value", "formal_key": "answer"}}, {"shape_attributes": {"name": "rect", "x": 405, "y": 156, "width": 66, "height": 11}, "region_attributes": {"label": "LORILLARD NO:", "key_type": "key", "formal_key": "question"}}, {"shape_attributes": {"name": "rect", "x": 609, "y": 158, "width": 36, "height": 10}, "region_attributes": {"label": "LOT NO:", "key_type": "key", "formal_key": "question"}}, {"shape_attributes": {"name": "rect", "x": 81, "y": 182, "width": 69, "height": 10}, "region_attributes": {"label": "DATE RECEIVED", "key_type": "key", "formal_key": "question"}}, {"shape_attributes": {"name": "rect", "x": 163, "y": 204, "width": 221, "height": 16}, "region_attributes": {"label": "H. S. Tong & A. A. Poole", "key_type": "value", "formal_key": "answer"}}, {"shape_attributes": {"name": "rect", "x": 535, "y": 218, "width": 72, "height": 12}, "region_attributes": {"label": "NOTEBOOK PAGE", "key_type": "key", "formal_key": "question"}}, {"shape_attributes": {"name": "rect", "x": 172, "y": 226, "width": 164, "height": 44}, "region_attributes": {"label": "", "key_type": "value", "formal_key": "answer"}}, {"shape_attributes": {"name": "rect", "x": 426, "y": 229, "width": 145, "height": 25}, "region_attributes": {"label": "", "key_type": "value", "formal_key": "answer"}}, {"shape_attributes": {"name": "rect", "x": 81, "y": 299, "width": 96, "height": 13}, "region_attributes": {"label": "TOXICITY (%) (SURVIVAL)", "key_type": "key", "formal_key": "header"}}, {"shape_attributes": {"name": "rect", "x": 81, "y": 328, "width": 100, "height": 11}, "region_attributes": {"label": "CONCENTRATION mg/ml", "key_type": "key", "formal_key": "question"}}, {"shape_attributes": {"name": "rect", "x": 585, "y": 306, "width": 48, "height": 11}, "region_attributes": {"label": "\u2610 WATER", "key_type": "key", "formal_key": "question"}}, {"shape_attributes": {"name": "rect", "x": 538, "y": 332, "width": 46, "height": 10}, "region_attributes": {"label": "\u2610 OTHER", "key_type": "key", "formal_key": "question"}}, {"shape_attributes": {"name": "rect", "x": 81, "y": 370, "width": 69, "height": 10}, "region_attributes": {"label": "S TYPHIMURIUM", "key_type": "key", "formal_key": "question"}}, {"shape_attributes": {"name": "rect", "x": 249, "y": 388, "width": 29, "height": 8}, "region_attributes": {"label": "(-) ", "key_type": "key", "formal_key": "question"}}, {"shape_attributes": {"name": "rect", "x": 309, "y": 388, "width": 27, "height": 11}, "region_attributes": {"label": "(+) 5-9", "key_type": "key", "formal_key": "question"}}, {"shape_attributes": {"name": "rect", "x": 372, "y": 388, "width": 26, "height": 10}, "region_attributes": {"label": "(-) 5-9", "key_type": "key", "formal_key": "question"}}, {"shape_attributes": {"name": "rect", "x": 430, "y": 390, "width": 28, "height": 10}, "region_attributes": {"label": "(+) 5-9", "key_type": "key", "formal_key": "question"}}, {"shape_attributes": {"name": "rect", "x": 493, "y": 390, "width": 29, "height": 10}, "region_attributes": {"label": "(-) 5-9", "key_type": "key", "formal_key": "question"}}, {"shape_attributes": {"name": "rect", "x": 553, "y": 391, "width": 28, "height": 10}, "region_attributes": {"label": "(+) 5-9", "key_type": "key", "formal_key": "question"}}, {"shape_attributes": {"name": "rect", "x": 619, "y": 391, "width": 28, "height": 10}, "region_attributes": {"label": "(-) 5-9", "key_type": "key", "formal_key": "question"}}, {"shape_attributes": {"name": "rect", "x": 679, "y": 392, "width": 27, "height": 10}, "region_attributes": {"label": "(+) 5-9", "key_type": "key", "formal_key": "question"}}, {"shape_attributes": {"name": "rect", "x": 80, "y": 405, "width": 115, "height": 21}, "region_attributes": {"label": "CONTROL REVERTANTS PER PLATE TOON MI SOLVENTI", "key_type": "key", "formal_key": "question"}}, {"shape_attributes": {"name": "rect", "x": 80, "y": 454, "width": 84, "height": 11}, "region_attributes": {"label": "COMPOUND plates", "key_type": "key", "formal_key": "question"}}, {"shape_attributes": {"name": "rect", "x": 313, "y": 457, "width": 314, "height": 11}, "region_attributes": {"label": "REVERSION RATE TEST REVERTANTS-CONTROL REVERTANTS PER PLATE)", "key_type": "key", "formal_key": "question"}}, {"shape_attributes": {"name": "rect", "x": 78, "y": 581, "width": 80, "height": 18}, "region_attributes": {"label": "POSTIVE CONTROL (ug plate)", "key_type": "key", "formal_key": "question"}}, {"shape_attributes": {"name": "rect", "x": 78, "y": 610, "width": 90, "height": 10}, "region_attributes": {"label": "2. AMINOANTHRACENE", "key_type": "key", "formal_key": "question"}}, {"shape_attributes": {"name": "rect", "x": 142, "y": 788, "width": 526, "height": 20}, "region_attributes": {"label": "This compound is judged non - mutagenic in this test system.", "key_type": "value", "formal_key": "answer"}}, {"shape_attributes": {"name": "rect", "x": 78, "y": 834, "width": 218, "height": 15}, "region_attributes": {"label": "Copies to the following:", "key_type": "key", "formal_key": "question"}}, {"shape_attributes": {"name": "rect", "x": 313, "y": 835, "width": 147, "height": 16}, "region_attributes": {"label": "H. J. Minnemeyer", "key_type": "value", "formal_key": "answer"}}, {"shape_attributes": {"name": "rect", "x": 314, "y": 853, "width": 92, "height": 17}, "region_attributes": {"label": "L. B. Gray", "key_type": "value", "formal_key": "answer"}}, {"shape_attributes": {"name": "rect", "x": 75, "y": 943, "width": 129, "height": 11}, "region_attributes": {"label": "LORILLARD RESEARCH CENTER", "key_type": "value", "formal_key": "others"}}, {"shape_attributes": {"name": "rect", "x": 662, "y": 950, "width": 58, "height": 10}, "region_attributes": {"label": "FORM 580", "key_type": "value", "formal_key": "others"}}]}}}