﻿{"file_name": "01122115.json", "attributes": {"_via_img_metadata": {"regions": [{"shape_attributes": {"name": "rect", "x": 603, "y": 38, "width": 21, "height": 21}, "region_attributes": {"label": "RE", "key_type": "key", "formal_key": "question"}}, {"shape_attributes": {"name": "rect", "x": 568, "y": 89, "width": 39, "height": 21}, "region_attributes": {"label": "DATE", "key_type": "key", "formal_key": "question"}}, {"shape_attributes": {"name": "rect", "x": 43, "y": 504, "width": 71, "height": 22}, "region_attributes": {"label": "Remarks", "key_type": "key", "formal_key": "question"}}, {"shape_attributes": {"name": "rect", "x": 45, "y": 166, "width": 49, "height": 22}, "region_attributes": {"label": "Color", "key_type": "key", "formal_key": "question"}}, {"shape_attributes": {"name": "rect", "x": 49, "y": 119, "width": 70, "height": 17}, "region_attributes": {"label": "Supplier", "key_type": "key", "formal_key": "question"}}, {"shape_attributes": {"name": "rect", "x": 223, "y": 792, "width": 60, "height": 18}, "region_attributes": {"label": "Weight", "key_type": "key", "formal_key": "question"}}, {"shape_attributes": {"name": "rect", "x": 330, "y": 793, "width": 45, "height": 15}, "region_attributes": {"label": "Draw", "key_type": "key", "formal_key": "question"}}, {"shape_attributes": {"name": "rect", "x": 469, "y": 793, "width": 43, "height": 18}, "region_attributes": {"label": "Tars", "key_type": "key", "formal_key": "question"}}, {"shape_attributes": {"name": "rect", "x": 602, "y": 792, "width": 77, "height": 22}, "region_attributes": {"label": "Nicotine", "key_type": "key", "formal_key": "question"}}, {"shape_attributes": {"name": "rect", "x": 628, "y": 39, "width": 36, "height": 18}, "region_attributes": {"label": "-339", "key_type": "value", "formal_key": "answer"}}, {"shape_attributes": {"name": "rect", "x": 640, "y": 117, "width": 17, "height": 17}, "region_attributes": {"label": ".0", "key_type": "value", "formal_key": "answer"}}, {"shape_attributes": {"name": "rect", "x": 623, "y": 117, "width": 15, "height": 17}, "region_attributes": {"label": "6", "key_type": "value", "formal_key": "answer"}}, {"shape_attributes": {"name": "rect", "x": 624, "y": 142, "width": 41, "height": 17}, "region_attributes": {"label": "Good", "key_type": "value", "formal_key": "answer"}}, {"shape_attributes": {"name": "rect", "x": 623, "y": 168, "width": 47, "height": 20}, "region_attributes": {"label": "Good", "key_type": "value", "formal_key": "answer"}}, {"shape_attributes": {"name": "rect", "x": 626, "y": 194, "width": 41, "height": 17}, "region_attributes": {"label": "Good", "key_type": "value", "formal_key": "answer"}}, {"shape_attributes": {"name": "rect", "x": 624, "y": 219, "width": 41, "height": 20}, "region_attributes": {"label": "#450", "key_type": "value", "formal_key": "answer"}}, {"shape_attributes": {"name": "rect", "x": 635, "y": 250, "width": 14, "height": 14}, "region_attributes": {"label": "3", "key_type": "value", "formal_key": "answer"}}, {"shape_attributes": {"name": "rect", "x": 626, "y": 270, "width": 39, "height": 21}, "region_attributes": {"label": "1067", "key_type": "value", "formal_key": "answer"}}, {"shape_attributes": {"name": "rect", "x": 257, "y": 163, "width": 50, "height": 20}, "region_attributes": {"label": "White", "key_type": "value", "formal_key": "answer"}}, {"shape_attributes": {"name": "rect", "x": 268, "y": 297, "width": 31, "height": 18}, "region_attributes": {"label": "\"D\"", "key_type": "value", "formal_key": "answer"}}, {"shape_attributes": {"name": "rect", "x": 249, "y": 349, "width": 18, "height": 18}, "region_attributes": {"label": "24", "key_type": "value", "formal_key": "answer"}}, {"shape_attributes": {"name": "rect", "x": 268, "y": 348, "width": 22, "height": 20}, "region_attributes": {"label": ".7", "key_type": "value", "formal_key": "others"}}, {"shape_attributes": {"name": "rect", "x": 652, "y": 402, "width": 38, "height": 18}, "region_attributes": {"label": ".844", "key_type": "value", "formal_key": "answer"}}, {"shape_attributes": {"name": "rect", "x": 346, "y": 709, "width": 57, "height": 24}, "region_attributes": {"label": "SPRING", "key_type": "value", "formal_key": "answer"}}, {"shape_attributes": {"name": "rect", "x": 226, "y": 767, "width": 35, "height": 14}, "region_attributes": {"label": "AMF", "key_type": "value", "formal_key": "answer"}}, {"shape_attributes": {"name": "rect", "x": 649, "y": 714, "width": 28, "height": 22}, "region_attributes": {"label": "85", "key_type": "value", "formal_key": "answer"}}, {"shape_attributes": {"name": "rect", "x": 588, "y": 767, "width": 47, "height": 20}, "region_attributes": {"label": "Hauni", "key_type": "value", "formal_key": "answer"}}, {"shape_attributes": {"name": "rect", "x": 719, "y": 872, "width": 20, "height": 95}, "region_attributes": {"label": "011221115", "key_type": "value", "formal_key": "others"}}, {"shape_attributes": {"name": "rect", "x": 43, "y": 63, "width": 146, "height": 20}, "region_attributes": {"label": "P. LORILLARD CO.", "key_type": "key", "formal_key": "header"}}, {"shape_attributes": {"name": "rect", "x": 109, "y": 87, "width": 147, "height": 22}, "region_attributes": {"label": "(Revised 5/ 9/ 61)", "key_type": "value", "formal_key": "answer"}}, {"shape_attributes": {"name": "rect", "x": 47, "y": 88, "width": 55, "height": 21}, "region_attributes": {"label": "SQC -21", "key_type": "key", "formal_key": "question"}}, {"shape_attributes": {"name": "rect", "x": 46, "y": 141, "width": 74, "height": 22}, "region_attributes": {"label": "Bale No.", "key_type": "key", "formal_key": "question"}}, {"shape_attributes": {"name": "rect", "x": 45, "y": 194, "width": 201, "height": 20}, "region_attributes": {"label": "Total Denier as Marked", "key_type": "key", "formal_key": "question"}}, {"shape_attributes": {"name": "rect", "x": 46, "y": 221, "width": 201, "height": 18}, "region_attributes": {"label": "Total Denier as Tested", "key_type": "key", "formal_key": "question"}}, {"shape_attributes": {"name": "rect", "x": 41, "y": 244, "width": 162, "height": 22}, "region_attributes": {"label": "% Moisture in Tow", "key_type": "key", "formal_key": "question"}}, {"shape_attributes": {"name": "rect", "x": 42, "y": 270, "width": 86, "height": 20}, "region_attributes": {"label": "Maker No.", "key_type": "key", "formal_key": "question"}}, {"shape_attributes": {"name": "rect", "x": 256, "y": 116, "width": 39, "height": 18}, "region_attributes": {"label": "T. E.", "key_type": "value", "formal_key": "answer"}}, {"shape_attributes": {"name": "rect", "x": 254, "y": 191, "width": 59, "height": 20}, "region_attributes": {"label": "58 ,000", "key_type": "value", "formal_key": "answer"}}, {"shape_attributes": {"name": "rect", "x": 204, "y": 272, "width": 159, "height": 17}, "region_attributes": {"label": "Research Division", "key_type": "value", "formal_key": "answer"}}, {"shape_attributes": {"name": "rect", "x": 42, "y": 297, "width": 105, "height": 20}, "region_attributes": {"label": "Type of Rod", "key_type": "key", "formal_key": "question"}}, {"shape_attributes": {"name": "rect", "x": 43, "y": 323, "width": 124, "height": 20}, "region_attributes": {"label": "Length of Rod", "key_type": "key", "formal_key": "question"}}, {"shape_attributes": {"name": "rect", "x": 237, "y": 323, "width": 68, "height": 21}, "region_attributes": {"label": "120 mm.", "key_type": "value", "formal_key": "answer"}}, {"shape_attributes": {"name": "rect", "x": 43, "y": 348, "width": 112, "height": 19}, "region_attributes": {"label": "Circ of Rod", "key_type": "key", "formal_key": "question"}}, {"shape_attributes": {"name": "rect", "x": 41, "y": 373, "width": 153, "height": 23}, "region_attributes": {"label": "Mean Draw of Rod", "key_type": "key", "formal_key": "question"}}, {"shape_attributes": {"name": "rect", "x": 251, "y": 370, "width": 141, "height": 24}, "region_attributes": {"label": "0 .12 (new scale)", "key_type": "value", "formal_key": "answer"}}, {"shape_attributes": {"name": "rect", "x": 236, "y": 397, "width": 85, "height": 23}, "region_attributes": {"label": "86 .9 gms", "key_type": "value", "formal_key": "answer"}}, {"shape_attributes": {"name": "rect", "x": 240, "y": 426, "width": 83, "height": 20}, "region_attributes": {"label": "93 .3 gms.", "key_type": "value", "formal_key": "answer"}}, {"shape_attributes": {"name": "rect", "x": 239, "y": 451, "width": 81, "height": 24}, "region_attributes": {"label": "99 .2 gms.", "key_type": "value", "formal_key": "answer"}}, {"shape_attributes": {"name": "rect", "x": 237, "y": 479, "width": 85, "height": 20}, "region_attributes": {"label": "99 .2 gms.", "key_type": "value", "formal_key": "answer"}}, {"shape_attributes": {"name": "rect", "x": 43, "y": 479, "width": 140, "height": 20}, "region_attributes": {"label": "Complete Weight", "key_type": "key", "formal_key": "question"}}, {"shape_attributes": {"name": "rect", "x": 45, "y": 426, "width": 189, "height": 20}, "region_attributes": {"label": "Dry Wt. With Adhesive", "key_type": "key", "formal_key": "question"}}, {"shape_attributes": {"name": "rect", "x": 45, "y": 399, "width": 94, "height": 22}, "region_attributes": {"label": "Dry Weight", "key_type": "key", "formal_key": "question"}}, {"shape_attributes": {"name": "rect", "x": 140, "y": 510, "width": 560, "height": 36}, "region_attributes": {"label": "* Special Plasticizer - 1 part LG- 168 - 15 parts Estrobond \"B\" Union Carbide LG- 168 additive .38%", "key_type": "value", "formal_key": "answer"}}, {"shape_attributes": {"name": "rect", "x": 158, "y": 563, "width": 515, "height": 34}, "region_attributes": {"label": "Sample repeated as RE- 341 because 2. 1/ 58 ,000 tow was used instead of 2. 1/ 42 ,000 tow.", "key_type": "value", "formal_key": "answer"}}, {"shape_attributes": {"name": "rect", "x": 566, "y": 64, "width": 160, "height": 24}, "region_attributes": {"label": "RESEARCH DIVISION", "key_type": "key", "formal_key": "header"}}, {"shape_attributes": {"name": "rect", "x": 617, "y": 91, "width": 67, "height": 21}, "region_attributes": {"label": "11 /2 /61", "key_type": "value", "formal_key": "answer"}}, {"shape_attributes": {"name": "rect", "x": 404, "y": 112, "width": 121, "height": 24}, "region_attributes": {"label": "% Plasticizer", "key_type": "key", "formal_key": "question"}}, {"shape_attributes": {"name": "rect", "x": 406, "y": 141, "width": 140, "height": 21}, "region_attributes": {"label": "Firmness of Rod", "key_type": "key", "formal_key": "question"}}, {"shape_attributes": {"name": "rect", "x": 405, "y": 166, "width": 146, "height": 23}, "region_attributes": {"label": "Quality of Bloom", "key_type": "key", "formal_key": "question"}}, {"shape_attributes": {"name": "rect", "x": 405, "y": 194, "width": 120, "height": 21}, "region_attributes": {"label": "Width of Band", "key_type": "key", "formal_key": "question"}}, {"shape_attributes": {"name": "rect", "x": 405, "y": 219, "width": 94, "height": 22}, "region_attributes": {"label": "Ref. Paper", "key_type": "key", "formal_key": "question"}}, {"shape_attributes": {"name": "rect", "x": 401, "y": 247, "width": 214, "height": 21}, "region_attributes": {"label": "Quan of Trays Produced", "key_type": "key", "formal_key": "question"}}, {"shape_attributes": {"name": "rect", "x": 404, "y": 272, "width": 118, "height": 20}, "region_attributes": {"label": "Rods per Min.", "key_type": "key", "formal_key": "question"}}, {"shape_attributes": {"name": "rect", "x": 406, "y": 299, "width": 93, "height": 18}, "region_attributes": {"label": "Tape Speed", "key_type": "key", "formal_key": "question"}}, {"shape_attributes": {"name": "rect", "x": 406, "y": 323, "width": 199, "height": 22}, "region_attributes": {"label": "F. P. M. Delivery Roller", "key_type": "key", "formal_key": "question"}}, {"shape_attributes": {"name": "rect", "x": 404, "y": 351, "width": 175, "height": 22}, "region_attributes": {"label": "F. P. M. No. 1 Roller", "key_type": "key", "formal_key": "question"}}, {"shape_attributes": {"name": "rect", "x": 405, "y": 376, "width": 173, "height": 22}, "region_attributes": {"label": "F. P. M. No. 2 Roller", "key_type": "key", "formal_key": "question"}}, {"shape_attributes": {"name": "rect", "x": 405, "y": 402, "width": 230, "height": 22}, "region_attributes": {"label": "Delivery Roller over Tape", "key_type": "key", "formal_key": "question"}}, {"shape_attributes": {"name": "rect", "x": 626, "y": 299, "width": 89, "height": 21}, "region_attributes": {"label": "400 F. P. M.", "key_type": "value", "formal_key": "answer"}}, {"shape_attributes": {"name": "rect", "x": 624, "y": 324, "width": 49, "height": 21}, "region_attributes": {"label": "337 .5", "key_type": "value", "formal_key": "answer"}}, {"shape_attributes": {"name": "rect", "x": 626, "y": 351, "width": 50, "height": 18}, "region_attributes": {"label": "477 .5", "key_type": "value", "formal_key": "answer"}}, {"shape_attributes": {"name": "rect", "x": 628, "y": 373, "width": 46, "height": 20}, "region_attributes": {"label": "362 .5", "key_type": "value", "formal_key": "answer"}}, {"shape_attributes": {"name": "rect", "x": 642, "y": 429, "width": 51, "height": 15}, "region_attributes": {"label": "1 .194", "key_type": "value", "formal_key": "answer"}}, {"shape_attributes": {"name": "rect", "x": 626, "y": 454, "width": 75, "height": 21}, "region_attributes": {"label": "120 psig", "key_type": "value", "formal_key": "answer"}}, {"shape_attributes": {"name": "rect", "x": 634, "y": 482, "width": 68, "height": 20}, "region_attributes": {"label": "16 psig", "key_type": "value", "formal_key": "answer"}}, {"shape_attributes": {"name": "rect", "x": 404, "y": 479, "width": 178, "height": 22}, "region_attributes": {"label": "Pressure on Air Jet", "key_type": "key", "formal_key": "question"}}, {"shape_attributes": {"name": "rect", "x": 406, "y": 454, "width": 209, "height": 23}, "region_attributes": {"label": "Pump Press. Card Roller", "key_type": "key", "formal_key": "question"}}, {"shape_attributes": {"name": "rect", "x": 404, "y": 427, "width": 203, "height": 24}, "region_attributes": {"label": "No. 1 Roller over Tape", "key_type": "key", "formal_key": "question"}}, {"shape_attributes": {"name": "rect", "x": 45, "y": 712, "width": 84, "height": 22}, "region_attributes": {"label": "Date Made", "key_type": "key", "formal_key": "question"}}, {"shape_attributes": {"name": "rect", "x": 131, "y": 712, "width": 64, "height": 23}, "region_attributes": {"label": "11 /3 /61", "key_type": "value", "formal_key": "answer"}}, {"shape_attributes": {"name": "rect", "x": 226, "y": 714, "width": 112, "height": 20}, "region_attributes": {"label": "Tobacco Used", "key_type": "key", "formal_key": "question"}}, {"shape_attributes": {"name": "rect", "x": 439, "y": 712, "width": 184, "height": 25}, "region_attributes": {"label": "Length of Cigarettes", "key_type": "key", "formal_key": "question"}}, {"shape_attributes": {"name": "rect", "x": 41, "y": 736, "width": 196, "height": 24}, "region_attributes": {"label": "% Moisture in Tobacco", "key_type": "key", "formal_key": "question"}}, {"shape_attributes": {"name": "rect", "x": 394, "y": 737, "width": 211, "height": 25}, "region_attributes": {"label": "Wt. of Cigarettes /4 oz.", "key_type": "key", "formal_key": "question"}}, {"shape_attributes": {"name": "rect", "x": 42, "y": 764, "width": 120, "height": 22}, "region_attributes": {"label": "Type of Maker", "key_type": "key", "formal_key": "question"}}, {"shape_attributes": {"name": "rect", "x": 394, "y": 767, "width": 131, "height": 22}, "region_attributes": {"label": "Type of Tipper", "key_type": "key", "formal_key": "question"}}, {"shape_attributes": {"name": "rect", "x": 42, "y": 825, "width": 144, "height": 20}, "region_attributes": {"label": "Smoking Results", "key_type": "key", "formal_key": "question"}}, {"shape_attributes": {"name": "rect", "x": 194, "y": 824, "width": 532, "height": 25}, "region_attributes": {"label": ".922 1 .059 .54 .20 20 .2 7 .6 62 .4 1 .07 .41 61 .7", "key_type": "value", "formal_key": "answer"}}, {"shape_attributes": {"name": "rect", "x": 128, "y": 859, "width": 231, "height": 23}, "region_attributes": {"label": "Production Supervised by:", "key_type": "key", "formal_key": "question"}}, {"shape_attributes": {"name": "rect", "x": 370, "y": 849, "width": 341, "height": 38}, "region_attributes": {"label": "", "key_type": "value", "formal_key": "others"}}, {"shape_attributes": {"name": "rect", "x": 404, "y": 887, "width": 184, "height": 45}, "region_attributes": {"label": "Benner", "key_type": "value", "formal_key": "answer"}}, {"shape_attributes": {"name": "rect", "x": 459, "y": 913, "width": 155, "height": 21}, "region_attributes": {"label": "Recearch Engineer", "key_type": "key", "formal_key": "question"}}, {"shape_attributes": {"name": "rect", "x": 137, "y": 899, "width": 163, "height": 69}, "region_attributes": {"label": "Dr. C. O. Jensen Mr. R. A. Wagner Mr. J. Berner Dr. A. W. Spears", "key_type": "value", "formal_key": "answer"}}, {"shape_attributes": {"name": "rect", "x": 42, "y": 898, "width": 92, "height": 21}, "region_attributes": {"label": "Copies to:", "key_type": "key", "formal_key": "question"}}, {"shape_attributes": {"name": "rect", "x": 41, "y": 451, "width": 97, "height": 21}, "region_attributes": {"label": "Wet Weight", "key_type": "key", "formal_key": "question"}}]}}}