﻿{"file_name": "01150773_01150774.json", "attributes": {"_via_img_metadata": {"regions": [{"shape_attributes": {"name": "rect", "x": 172, "y": 429, "width": 57, "height": 15}, "region_attributes": {"label": "Date:", "key_type": "key", "formal_key": "question"}}, {"shape_attributes": {"name": "rect", "x": 196, "y": 465, "width": 31, "height": 21}, "region_attributes": {"label": "To:", "key_type": "key", "formal_key": "question"}}, {"shape_attributes": {"name": "rect", "x": 175, "y": 507, "width": 56, "height": 22}, "region_attributes": {"label": "From:", "key_type": "key", "formal_key": "question"}}, {"shape_attributes": {"name": "rect", "x": 168, "y": 549, "width": 60, "height": 24}, "region_attributes": {"label": "Room:", "key_type": "key", "formal_key": "question"}}, {"shape_attributes": {"name": "rect", "x": 87, "y": 654, "width": 92, "height": 18}, "region_attributes": {"label": "Message:", "key_type": "key", "formal_key": "question"}}, {"shape_attributes": {"name": "rect", "x": 257, "y": 549, "width": 45, "height": 20}, "region_attributes": {"label": "803E", "key_type": "value", "formal_key": "answer"}}, {"shape_attributes": {"name": "rect", "x": 687, "y": 800, "width": 17, "height": 94}, "region_attributes": {"label": "2064782104", "key_type": "value", "formal_key": "others"}}, {"shape_attributes": {"name": "rect", "x": 482, "y": 443, "width": 168, "height": 112}, "region_attributes": {"label": "", "key_type": "value", "formal_key": "others"}}, {"shape_attributes": {"name": "rect", "x": 64, "y": 950, "width": 27, "height": 14}, "region_attributes": {"label": "", "key_type": "value", "formal_key": "others"}}, {"shape_attributes": {"name": "rect", "x": 88, "y": 282, "width": 64, "height": 13}, "region_attributes": {"label": "TELEPHONE:", "key_type": "key", "formal_key": "question"}}, {"shape_attributes": {"name": "rect", "x": 328, "y": 257, "width": 46, "height": 11}, "region_attributes": {"label": "TELEFAX", "key_type": "key", "formal_key": "question"}}, {"shape_attributes": {"name": "rect", "x": 311, "y": 268, "width": 34, "height": 13}, "region_attributes": {"label": "TELEX", "key_type": "key", "formal_key": "question"}}, {"shape_attributes": {"name": "rect", "x": 337, "y": 285, "width": 34, "height": 10}, "region_attributes": {"label": "CABLE", "key_type": "key", "formal_key": "question"}}, {"shape_attributes": {"name": "rect", "x": 372, "y": 284, "width": 47, "height": 11}, "region_attributes": {"label": "COVLING", "key_type": "value", "formal_key": "answer"}}, {"shape_attributes": {"name": "rect", "x": 214, "y": 148, "width": 327, "height": 31}, "region_attributes": {"label": "COVINGTON & BURLING", "key_type": "key", "formal_key": "header"}}, {"shape_attributes": {"name": "rect", "x": 295, "y": 189, "width": 167, "height": 51}, "region_attributes": {"label": "1201 PENNSYLVANIA AVENUE N. W. P. O. BOX 7566 WASHINGTON D. C. 20044 7566 (202) 562 5000", "key_type": "value", "formal_key": "others"}}, {"shape_attributes": {"name": "rect", "x": 92, "y": 243, "width": 137, "height": 39}, "region_attributes": {"label": "LECONFIELD HOUSE CURZON STREET LONDON WIYIAS ENGLAND", "key_type": "value", "formal_key": "others"}}, {"shape_attributes": {"name": "rect", "x": 154, "y": 284, "width": 58, "height": 11}, "region_attributes": {"label": "44 71 495 5655", "key_type": "value", "formal_key": "answer"}}, {"shape_attributes": {"name": "rect", "x": 345, "y": 270, "width": 100, "height": 13}, "region_attributes": {"label": "89- 193 COVLING WSH", "key_type": "value", "formal_key": "answer"}}, {"shape_attributes": {"name": "rect", "x": 374, "y": 257, "width": 52, "height": 13}, "region_attributes": {"label": "(202) 662-6291", "key_type": "value", "formal_key": "answer"}}, {"shape_attributes": {"name": "rect", "x": 492, "y": 242, "width": 173, "height": 40}, "region_attributes": {"label": "BRUSSELS CORRESPONDENT OFFICE 44 AVENUE DES ARTS BRUSSELS 1040 BELGIUM", "key_type": "value", "formal_key": "others"}}, {"shape_attributes": {"name": "rect", "x": 606, "y": 282, "width": 53, "height": 14}, "region_attributes": {"label": "32 512 7890", "key_type": "value", "formal_key": "answer"}}, {"shape_attributes": {"name": "rect", "x": 542, "y": 282, "width": 63, "height": 14}, "region_attributes": {"label": "TELEPHONE:", "key_type": "key", "formal_key": "question"}}, {"shape_attributes": {"name": "rect", "x": 115, "y": 323, "width": 530, "height": 61}, "region_attributes": {"label": "THIS FACSIMILE TRANSMISSION IS INTENDED ONLY FOR THE ADDRESSEE SHOWN BELOW. IT MAY CONTAIN INFORMATION THAT IS PRIVILEGED, CONFIDENTIAL OR OTHER WISE PROTECTED FROM DISCLOSURE. ANY REVIEW, DISSEMINATION OR USE OF THIS TRANSMISSION OR ITS CONTENTS BY PERSONS OTHER THAN THE ADDRESSEE IS STRICTLY PROHIBITED. OF YOU HAVE RECEIVED THIS TRANSMISSION IN ERROR, PLEASE NOTIFY IMMEDIATELY BY TRIEPHONE AND MAIL THE ORIGINAL TO US AT THE ABOVE ADDRESS.", "key_type": "value", "formal_key": "others"}}, {"shape_attributes": {"name": "rect", "x": 256, "y": 420, "width": 170, "height": 29}, "region_attributes": {"label": "January 15, 1997", "key_type": "value", "formal_key": "answer"}}, {"shape_attributes": {"name": "rect", "x": 258, "y": 465, "width": 127, "height": 22}, "region_attributes": {"label": "Mark Berlind", "key_type": "value", "formal_key": "answer"}}, {"shape_attributes": {"name": "rect", "x": 253, "y": 503, "width": 153, "height": 25}, "region_attributes": {"label": "David H. Remes", "key_type": "value", "formal_key": "answer"}}, {"shape_attributes": {"name": "rect", "x": 264, "y": 599, "width": 302, "height": 31}, "region_attributes": {"label": "7 Pages ", "key_type": "value", "formal_key": "others"}}, {"shape_attributes": {"name": "rect", "x": 88, "y": 753, "width": 509, "height": 25}, "region_attributes": {"label": "If there is a transmission problem, please call:", "key_type": "key", "formal_key": "question"}}, {"shape_attributes": {"name": "rect", "x": 138, "y": 792, "width": 358, "height": 23}, "region_attributes": {"label": "(202) 662 -6280 Telecommunications", "key_type": "value", "formal_key": "others"}}, {"shape_attributes": {"name": "rect", "x": 135, "y": 817, "width": 475, "height": 22}, "region_attributes": {"label": "(202) 662 -5942 Leslie L. Daniels - Secretary", "key_type": "value", "formal_key": "others"}}, {"shape_attributes": {"name": "rect", "x": 524, "y": 947, "width": 159, "height": 14}, "region_attributes": {"label": "", "key_type": "value", "formal_key": "others"}}, {"shape_attributes": {"name": "rect", "x": 229, "y": 950, "width": 114, "height": 14}, "region_attributes": {"label": "", "key_type": "value", "formal_key": "others"}}]}}}