﻿{"file_name": "01197604.json", "attributes": {"_via_img_metadata": {"regions": [{"shape_attributes": {"name": "rect", "x": 102, "y": 250, "width": 94, "height": 15}, "region_attributes": {"label": "DESCRIPTION:", "key_type": "key", "formal_key": "question"}}, {"shape_attributes": {"name": "rect", "x": 103, "y": 436, "width": 54, "height": 18}, "region_attributes": {"label": "SMOKER:", "key_type": "key", "formal_key": "question"}}, {"shape_attributes": {"name": "rect", "x": 101, "y": 708, "width": 64, "height": 20}, "region_attributes": {"label": "REMARKS:", "key_type": "key", "formal_key": "question"}}, {"shape_attributes": {"name": "rect", "x": 264, "y": 156, "width": 28, "height": 17}, "region_attributes": {"label": "195", "key_type": "value", "formal_key": "answer"}}, {"shape_attributes": {"name": "rect", "x": 263, "y": 187, "width": 21, "height": 17}, "region_attributes": {"label": "II", "key_type": "value", "formal_key": "answer"}}, {"shape_attributes": {"name": "rect", "x": 665, "y": 768, "width": 18, "height": 95}, "region_attributes": {"label": "01197604", "key_type": "value", "formal_key": "others"}}, {"shape_attributes": {"name": "rect", "x": 102, "y": 126, "width": 147, "height": 19}, "region_attributes": {"label": "SAMPLE DESCRIPTION:", "key_type": "key", "formal_key": "header"}}, {"shape_attributes": {"name": "rect", "x": 141, "y": 158, "width": 85, "height": 18}, "region_attributes": {"label": "Tar Number:", "key_type": "key", "formal_key": "question"}}, {"shape_attributes": {"name": "rect", "x": 140, "y": 186, "width": 100, "height": 19}, "region_attributes": {"label": "Batch Number:", "key_type": "key", "formal_key": "question"}}, {"shape_attributes": {"name": "rect", "x": 141, "y": 218, "width": 116, "height": 18}, "region_attributes": {"label": "Tobacco Number:", "key_type": "key", "formal_key": "question"}}, {"shape_attributes": {"name": "rect", "x": 265, "y": 218, "width": 188, "height": 18}, "region_attributes": {"label": "Sample No. 1166, RD 308", "key_type": "value", "formal_key": "answer"}}, {"shape_attributes": {"name": "rect", "x": 212, "y": 249, "width": 214, "height": 18}, "region_attributes": {"label": "OLD GOLD Straights + 3% KNO3", "key_type": "value", "formal_key": "answer"}}, {"shape_attributes": {"name": "rect", "x": 106, "y": 311, "width": 104, "height": 17}, "region_attributes": {"label": "SAMPLE WEIGHT:", "key_type": "key", "formal_key": "question"}}, {"shape_attributes": {"name": "rect", "x": 226, "y": 310, "width": 223, "height": 19}, "region_attributes": {"label": "300 mm. tar, 100 mm acetone", "key_type": "value", "formal_key": "answer"}}, {"shape_attributes": {"name": "rect", "x": 103, "y": 345, "width": 168, "height": 15}, "region_attributes": {"label": "METHOD OF PREPARATION:", "key_type": "key", "formal_key": "question"}}, {"shape_attributes": {"name": "rect", "x": 288, "y": 342, "width": 344, "height": 48}, "region_attributes": {"label": "Water removed by co- distillation with acetone under vacum at 45 C.", "key_type": "value", "formal_key": "answer"}}, {"shape_attributes": {"name": "rect", "x": 102, "y": 405, "width": 214, "height": 17}, "region_attributes": {"label": "NUMBER OF CIGARETTES SMOKED:", "key_type": "key", "formal_key": "question"}}, {"shape_attributes": {"name": "rect", "x": 212, "y": 434, "width": 61, "height": 18}, "region_attributes": {"label": "100 unit", "key_type": "value", "formal_key": "answer"}}, {"shape_attributes": {"name": "rect", "x": 209, "y": 464, "width": 119, "height": 19}, "region_attributes": {"label": "Railway Express", "key_type": "value", "formal_key": "answer"}}, {"shape_attributes": {"name": "rect", "x": 212, "y": 494, "width": 182, "height": 79}, "region_attributes": {"label": "Dr. Dietrich Hoffman The Kettering New York, New York", "key_type": "value", "formal_key": "answer"}}, {"shape_attributes": {"name": "rect", "x": 103, "y": 468, "width": 92, "height": 17}, "region_attributes": {"label": "SHIPPED VIA:", "key_type": "key", "formal_key": "question"}}, {"shape_attributes": {"name": "rect", "x": 101, "y": 497, "width": 86, "height": 17}, "region_attributes": {"label": "SHIPPED TO:", "key_type": "key", "formal_key": "question"}}, {"shape_attributes": {"name": "rect", "x": 263, "y": 585, "width": 124, "height": 18}, "region_attributes": {"label": "November 2, 1965", "key_type": "value", "formal_key": "answer"}}, {"shape_attributes": {"name": "rect", "x": 264, "y": 617, "width": 52, "height": 17}, "region_attributes": {"label": "150 gm", "key_type": "value", "formal_key": "answer"}}, {"shape_attributes": {"name": "rect", "x": 261, "y": 647, "width": 106, "height": 18}, "region_attributes": {"label": "February, 136", "key_type": "value", "formal_key": "answer"}}, {"shape_attributes": {"name": "rect", "x": 102, "y": 649, "width": 119, "height": 16}, "region_attributes": {"label": "SUPPLIED UNTIL:", "key_type": "key", "formal_key": "question"}}, {"shape_attributes": {"name": "rect", "x": 102, "y": 616, "width": 133, "height": 20}, "region_attributes": {"label": "REQUIREMENTS /MP.:", "key_type": "key", "formal_key": "question"}}, {"shape_attributes": {"name": "rect", "x": 102, "y": 589, "width": 99, "height": 15}, "region_attributes": {"label": "DATE SHIPPED:", "key_type": "key", "formal_key": "question"}}, {"shape_attributes": {"name": "rect", "x": 120, "y": 708, "width": 508, "height": 46}, "region_attributes": {"label": "Moisture content of tar .48% as determined by near infrared spectroscopy", "key_type": "value", "formal_key": "answer"}}, {"shape_attributes": {"name": "rect", "x": 102, "y": 922, "width": 34, "height": 17}, "region_attributes": {"label": "11 /2", "key_type": "value", "formal_key": "others"}}]}}}