﻿{"file_name": "01191071_1072.json", "attributes": {"_via_img_metadata": {"regions": [{"shape_attributes": {"name": "rect", "x": 241, "y": 128, "width": 47, "height": 12}, "region_attributes": {"label": "OPTION", "key_type": "key", "formal_key": "question"}}, {"shape_attributes": {"name": "rect", "x": 548, "y": 126, "width": 32, "height": 12}, "region_attributes": {"label": "PAGE", "key_type": "key", "formal_key": "question"}}, {"shape_attributes": {"name": "rect", "x": 392, "y": 146, "width": 23, "height": 13}, "region_attributes": {"label": "SHB", "key_type": "value", "formal_key": "answer"}}, {"shape_attributes": {"name": "rect", "x": 547, "y": 148, "width": 18, "height": 12}, "region_attributes": {"label": "03", "key_type": "value", "formal_key": "answer"}}, {"shape_attributes": {"name": "rect", "x": 596, "y": 110, "width": 40, "height": 12}, "region_attributes": {"label": "(AUTO)", "key_type": "value", "formal_key": "others"}}, {"shape_attributes": {"name": "rect", "x": 663, "y": 821, "width": 18, "height": 93}, "region_attributes": {"label": "207422272", "key_type": "value", "formal_key": "others"}}, {"shape_attributes": {"name": "rect", "x": 213, "y": 822, "width": 43, "height": 18}, "region_attributes": {"label": "Date:", "key_type": "key", "formal_key": "question"}}, {"shape_attributes": {"name": "rect", "x": 176, "y": 849, "width": 81, "height": 17}, "region_attributes": {"label": "Attention:", "key_type": "key", "formal_key": "question"}}, {"shape_attributes": {"name": "rect", "x": 178, "y": 875, "width": 80, "height": 15}, "region_attributes": {"label": "Company:", "key_type": "key", "formal_key": "question"}}, {"shape_attributes": {"name": "rect", "x": 188, "y": 927, "width": 68, "height": 15}, "region_attributes": {"label": "Subject:", "key_type": "key", "formal_key": "question"}}, {"shape_attributes": {"name": "rect", "x": 292, "y": 822, "width": 65, "height": 17}, "region_attributes": {"label": "11/12/96", "key_type": "value", "formal_key": "answer"}}, {"shape_attributes": {"name": "rect", "x": 287, "y": 68, "width": 145, "height": 17}, "region_attributes": {"label": "MEMORY STORAGE REPORT", "key_type": "value", "formal_key": "others"}}, {"shape_attributes": {"name": "rect", "x": 518, "y": 71, "width": 139, "height": 14}, "region_attributes": {"label": "(NOV 12 96 05:49PM", "key_type": "value", "formal_key": "others"}}, {"shape_attributes": {"name": "rect", "x": 68, "y": 126, "width": 106, "height": 17}, "region_attributes": {"label": "FILE FILE TYPE", "key_type": "key", "formal_key": "question"}}, {"shape_attributes": {"name": "rect", "x": 70, "y": 145, "width": 111, "height": 18}, "region_attributes": {"label": "083 MEMORY TX", "key_type": "value", "formal_key": "answer"}}, {"shape_attributes": {"name": "rect", "x": 389, "y": 130, "width": 46, "height": 10}, "region_attributes": {"label": "TEL NO.", "key_type": "key", "formal_key": "question"}}, {"shape_attributes": {"name": "rect", "x": 452, "y": 502, "width": 184, "height": 17}, "region_attributes": {"label": "REMAINING CALL CAPACITY 299", "key_type": "value", "formal_key": "others"}}, {"shape_attributes": {"name": "rect", "x": 243, "y": 718, "width": 232, "height": 90}, "region_attributes": {"label": "Facsimile Transmission Legal Department 120 Park Avenue New York, NY 10017- 5592", "key_type": "key", "formal_key": "header"}}, {"shape_attributes": {"name": "rect", "x": 314, "y": 613, "width": 88, "height": 58}, "region_attributes": {"label": "PM PHILIP MORRIS", "key_type": "key", "formal_key": "header"}}, {"shape_attributes": {"name": "rect", "x": 292, "y": 847, "width": 223, "height": 18}, "region_attributes": {"label": "John J. Mulderig C/O Mike Baker", "key_type": "value", "formal_key": "answer"}}, {"shape_attributes": {"name": "rect", "x": 289, "y": 872, "width": 229, "height": 22}, "region_attributes": {"label": "Philip Morris Management Corp.", "key_type": "value", "formal_key": "answer"}}, {"shape_attributes": {"name": "rect", "x": 294, "y": 900, "width": 96, "height": 18}, "region_attributes": {"label": "816/545-7473", "key_type": "value", "formal_key": "answer"}}, {"shape_attributes": {"name": "rect", "x": 292, "y": 925, "width": 94, "height": 19}, "region_attributes": {"label": "Fax Received", "key_type": "value", "formal_key": "answer"}}, {"shape_attributes": {"name": "rect", "x": 203, "y": 900, "width": 53, "height": 17}, "region_attributes": {"label": "Fax #:", "key_type": "key", "formal_key": "question"}}]}}}