﻿{"file_name": "01408099_01408101.json", "attributes": {"_via_img_metadata": {"regions": [{"shape_attributes": {"name": "rect", "x": 531, "y": 108, "width": 40, "height": 16}, "region_attributes": {"label": "DATE", "key_type": "key", "formal_key": "question"}}, {"shape_attributes": {"name": "rect", "x": 59, "y": 180, "width": 16, "height": 13}, "region_attributes": {"label": "A.", "key_type": "key", "formal_key": "question"}}, {"shape_attributes": {"name": "rect", "x": 513, "y": 183, "width": 19, "height": 15}, "region_attributes": {"label": "N-", "key_type": "value", "formal_key": "others"}}, {"shape_attributes": {"name": "rect", "x": 529, "y": 183, "width": 33, "height": 15}, "region_attributes": {"label": "306", "key_type": "value", "formal_key": "answer"}}, {"shape_attributes": {"name": "rect", "x": 51, "y": 500, "width": 16, "height": 15}, "region_attributes": {"label": "B.", "key_type": "key", "formal_key": "question"}}, {"shape_attributes": {"name": "rect", "x": 95, "y": 500, "width": 86, "height": 15}, "region_attributes": {"label": "MARKETING", "key_type": "key", "formal_key": "question"}}, {"shape_attributes": {"name": "rect", "x": 96, "y": 519, "width": 37, "height": 11}, "region_attributes": {"label": "SIZE", "key_type": "key", "formal_key": "question"}}, {"shape_attributes": {"name": "rect", "x": 143, "y": 519, "width": 17, "height": 12}, "region_attributes": {"label": "OF", "key_type": "key", "formal_key": "question"}}, {"shape_attributes": {"name": "rect", "x": 168, "y": 517, "width": 56, "height": 16}, "region_attributes": {"label": "TARGET", "key_type": "key", "formal_key": "question"}}, {"shape_attributes": {"name": "rect", "x": 231, "y": 519, "width": 59, "height": 15}, "region_attributes": {"label": "MARKET", "key_type": "key", "formal_key": "question"}}, {"shape_attributes": {"name": "rect", "x": 99, "y": 531, "width": 25, "height": 17}, "region_attributes": {"label": "(BY", "key_type": "key", "formal_key": "question"}}, {"shape_attributes": {"name": "rect", "x": 132, "y": 533, "width": 48, "height": 13}, "region_attributes": {"label": "BRAND", "key_type": "key", "formal_key": "question"}}, {"shape_attributes": {"name": "rect", "x": 186, "y": 536, "width": 19, "height": 12}, "region_attributes": {"label": "OR", "key_type": "key", "formal_key": "question"}}, {"shape_attributes": {"name": "rect", "x": 215, "y": 536, "width": 72, "height": 15}, "region_attributes": {"label": "COMPANY)", "key_type": "key", "formal_key": "question"}}, {"shape_attributes": {"name": "rect", "x": 686, "y": 560, "width": 51, "height": 13}, "region_attributes": {"label": "UNITS", "key_type": "key", "formal_key": "question"}}, {"shape_attributes": {"name": "rect", "x": 689, "y": 572, "width": 49, "height": 16}, "region_attributes": {"label": "UNITS", "key_type": "key", "formal_key": "question"}}, {"shape_attributes": {"name": "rect", "x": 689, "y": 591, "width": 49, "height": 13}, "region_attributes": {"label": "UNITS", "key_type": "key", "formal_key": "question"}}, {"shape_attributes": {"name": "rect", "x": 687, "y": 606, "width": 52, "height": 13}, "region_attributes": {"label": "UNITS", "key_type": "key", "formal_key": "question"}}, {"shape_attributes": {"name": "rect", "x": 94, "y": 623, "width": 76, "height": 15}, "region_attributes": {"label": "COMMENTS", "key_type": "key", "formal_key": "question"}}, {"shape_attributes": {"name": "rect", "x": 376, "y": 705, "width": 29, "height": 17}, "region_attributes": {"label": "1st", "key_type": "key", "formal_key": "question"}}, {"shape_attributes": {"name": "rect", "x": 412, "y": 707, "width": 35, "height": 16}, "region_attributes": {"label": "Qtr.", "key_type": "key", "formal_key": "question"}}, {"shape_attributes": {"name": "rect", "x": 469, "y": 707, "width": 19, "height": 15}, "region_attributes": {"label": "79", "key_type": "key", "formal_key": "question"}}, {"shape_attributes": {"name": "rect", "x": 674, "y": 841, "width": 20, "height": 95}, "region_attributes": {"label": "01408099", "key_type": "value", "formal_key": "others"}}, {"shape_attributes": {"name": "rect", "x": 270, "y": 72, "width": 218, "height": 68}, "region_attributes": {"label": "PROJECT STATUS REPORT CONFIDENTIAL", "key_type": "key", "formal_key": "header"}}, {"shape_attributes": {"name": "rect", "x": 587, "y": 104, "width": 120, "height": 19}, "region_attributes": {"label": "March 1, 1978", "key_type": "value", "formal_key": "answer"}}, {"shape_attributes": {"name": "rect", "x": 529, "y": 139, "width": 93, "height": 17}, "region_attributes": {"label": "REVISION #", "key_type": "key", "formal_key": "question"}}, {"shape_attributes": {"name": "rect", "x": 529, "y": 171, "width": 149, "height": 17}, "region_attributes": {"label": "SECTIONS REVISED", "key_type": "key", "formal_key": "question"}}, {"shape_attributes": {"name": "rect", "x": 91, "y": 183, "width": 110, "height": 17}, "region_attributes": {"label": "PROJECT NAME", "key_type": "key", "formal_key": "question"}}, {"shape_attributes": {"name": "rect", "x": 214, "y": 178, "width": 144, "height": 20}, "region_attributes": {"label": "True 100's (R&M)", "key_type": "value", "formal_key": "answer"}}, {"shape_attributes": {"name": "rect", "x": 401, "y": 187, "width": 83, "height": 20}, "region_attributes": {"label": "PROJECT #", "key_type": "key", "formal_key": "question"}}, {"shape_attributes": {"name": "rect", "x": 397, "y": 203, "width": 117, "height": 16}, "region_attributes": {"label": "TOTAL BUDGET", "key_type": "key", "formal_key": "question"}}, {"shape_attributes": {"name": "rect", "x": 91, "y": 199, "width": 129, "height": 17}, "region_attributes": {"label": "PROJECT LEADER", "key_type": "key", "formal_key": "question"}}, {"shape_attributes": {"name": "rect", "x": 88, "y": 214, "width": 249, "height": 19}, "region_attributes": {"label": "GENERAL PROJECT DESCRIPTION", "key_type": "key", "formal_key": "question"}}, {"shape_attributes": {"name": "rect", "x": 225, "y": 199, "width": 158, "height": 19}, "region_attributes": {"label": "Williams/ Giordano", "key_type": "value", "formal_key": "answer"}}, {"shape_attributes": {"name": "rect", "x": 341, "y": 217, "width": 321, "height": 24}, "region_attributes": {"label": "True 100's, Regular and Menthol tar", "key_type": "value", "formal_key": "answer"}}, {"shape_attributes": {"name": "rect", "x": 88, "y": 233, "width": 636, "height": 21}, "region_attributes": {"label": "reduction to the range of 8- 10mg tar. Variations to be: 1) Same taste", "key_type": "value", "formal_key": "answer"}}, {"shape_attributes": {"name": "rect", "x": 95, "y": 249, "width": 657, "height": 20}, "region_attributes": {"label": "characteristics as current True 100's product and, 2) Taste characterist-", "key_type": "value", "formal_key": "answer"}}, {"shape_attributes": {"name": "rect", "x": 96, "y": 262, "width": 436, "height": 20}, "region_attributes": {"label": "ics similar to True King Size, 5mg. tar product.", "key_type": "value", "formal_key": "answer"}}, {"shape_attributes": {"name": "rect", "x": 445, "y": 372, "width": 102, "height": 32}, "region_attributes": {"label": "REVISED TARGET DATE", "key_type": "key", "formal_key": "question"}}, {"shape_attributes": {"name": "rect", "x": 96, "y": 365, "width": 148, "height": 46}, "region_attributes": {"label": "ESTIMATED TARGET DATE- ORIGINAL COMMENTS", "key_type": "key", "formal_key": "question"}}, {"shape_attributes": {"name": "rect", "x": 324, "y": 520, "width": 40, "height": 31}, "region_attributes": {"label": "YEAR ONE", "key_type": "key", "formal_key": "question"}}, {"shape_attributes": {"name": "rect", "x": 405, "y": 521, "width": 38, "height": 31}, "region_attributes": {"label": "YEAR ", "key_type": "key", "formal_key": "question"}}, {"shape_attributes": {"name": "rect", "x": 467, "y": 521, "width": 51, "height": 35}, "region_attributes": {"label": "YEAR THREE", "key_type": "key", "formal_key": "question"}}, {"shape_attributes": {"name": "rect", "x": 552, "y": 525, "width": 40, "height": 33}, "region_attributes": {"label": "YEAR FOUR", "key_type": "key", "formal_key": "question"}}, {"shape_attributes": {"name": "rect", "x": 623, "y": 528, "width": 44, "height": 30}, "region_attributes": {"label": "YEAR FIVE", "key_type": "key", "formal_key": "question"}}, {"shape_attributes": {"name": "rect", "x": 94, "y": 594, "width": 139, "height": 16}, "region_attributes": {"label": "SALES OBJECTIVE", "key_type": "key", "formal_key": "question"}}, {"shape_attributes": {"name": "rect", "x": 96, "y": 608, "width": 220, "height": 20}, "region_attributes": {"label": "ESTIMATED PAYBACK PERIOD", "key_type": "key", "formal_key": "question"}}, {"shape_attributes": {"name": "rect", "x": 94, "y": 702, "width": 157, "height": 20}, "region_attributes": {"label": "In- home placement", "key_type": "key", "formal_key": "question"}}, {"shape_attributes": {"name": "rect", "x": 376, "y": 674, "width": 142, "height": 34}, "region_attributes": {"label": "ORIGINAL COMPLETION DATE", "key_type": "key", "formal_key": "header"}}, {"shape_attributes": {"name": "rect", "x": 91, "y": 667, "width": 176, "height": 34}, "region_attributes": {"label": "MAJOR MKT. AND MKT. RESEARCH STEPS", "key_type": "key", "formal_key": "header"}}, {"shape_attributes": {"name": "rect", "x": 603, "y": 680, "width": 138, "height": 37}, "region_attributes": {"label": "* REVISED COMPLETION DATE", "key_type": "key", "formal_key": "question"}}, {"shape_attributes": {"name": "rect", "x": 92, "y": 805, "width": 143, "height": 32}, "region_attributes": {"label": "* EXPLANATION OF CHANGE", "key_type": "key", "formal_key": "question"}}]}}}