﻿{"file_name": "11508234.json", "attributes": {"_via_img_metadata": {"regions": [{"shape_attributes": {"name": "rect", "x": 77, "y": 80, "width": 31, "height": 10}, "region_attributes": {"label": "Date:", "key_type": "key", "formal_key": "question"}}, {"shape_attributes": {"name": "rect", "x": 78, "y": 94, "width": 66, "height": 15}, "region_attributes": {"label": "Description:", "key_type": "key", "formal_key": "question"}}, {"shape_attributes": {"name": "rect", "x": 525, "y": 78, "width": 21, "height": 13}, "region_attributes": {"label": "No.", "key_type": "key", "formal_key": "question"}}, {"shape_attributes": {"name": "rect", "x": 302, "y": 141, "width": 56, "height": 15}, "region_attributes": {"label": "Budgeted:", "key_type": "key", "formal_key": "header"}}, {"shape_attributes": {"name": "rect", "x": 476, "y": 126, "width": 21, "height": 13}, "region_attributes": {"label": "Yes", "key_type": "key", "formal_key": "question"}}, {"shape_attributes": {"name": "rect", "x": 476, "y": 141, "width": 21, "height": 14}, "region_attributes": {"label": "Yes", "key_type": "key", "formal_key": "question"}}, {"shape_attributes": {"name": "rect", "x": 560, "y": 126, "width": 17, "height": 11}, "region_attributes": {"label": "No", "key_type": "key", "formal_key": "question"}}, {"shape_attributes": {"name": "rect", "x": 560, "y": 141, "width": 15, "height": 13}, "region_attributes": {"label": "No", "key_type": "key", "formal_key": "question"}}, {"shape_attributes": {"name": "rect", "x": 525, "y": 124, "width": 14, "height": 14}, "region_attributes": {"label": "X", "key_type": "value", "formal_key": "answer"}}, {"shape_attributes": {"name": "rect", "x": 608, "y": 141, "width": 13, "height": 14}, "region_attributes": {"label": "X", "key_type": "value", "formal_key": "answer"}}, {"shape_attributes": {"name": "rect", "x": 476, "y": 158, "width": 8, "height": 13}, "region_attributes": {"label": "$", "key_type": "value", "formal_key": "others"}}, {"shape_attributes": {"name": "rect", "x": 483, "y": 158, "width": 7, "height": 11}, "region_attributes": {"label": "", "key_type": "value", "formal_key": "answer"}}, {"shape_attributes": {"name": "rect", "x": 78, "y": 190, "width": 46, "height": 11}, "region_attributes": {"label": "contract.", "key_type": "value", "formal_key": "answer"}}, {"shape_attributes": {"name": "rect", "x": 161, "y": 218, "width": 49, "height": 15}, "region_attributes": {"label": "Supplier", "key_type": "key", "formal_key": "question"}}, {"shape_attributes": {"name": "rect", "x": 500, "y": 235, "width": 39, "height": 13}, "region_attributes": {"label": "29,500", "key_type": "value", "formal_key": "answer"}}, {"shape_attributes": {"name": "rect", "x": 501, "y": 251, "width": 36, "height": 13}, "region_attributes": {"label": "31,716", "key_type": "value", "formal_key": "answer"}}, {"shape_attributes": {"name": "rect", "x": 413, "y": 235, "width": 31, "height": 14}, "region_attributes": {"label": "2,500", "key_type": "value", "formal_key": "answer"}}, {"shape_attributes": {"name": "rect", "x": 415, "y": 251, "width": 29, "height": 14}, "region_attributes": {"label": "2,500", "key_type": "value", "formal_key": "answer"}}, {"shape_attributes": {"name": "rect", "x": 317, "y": 233, "width": 39, "height": 17}, "region_attributes": {"label": "27,000", "key_type": "value", "formal_key": "answer"}}, {"shape_attributes": {"name": "rect", "x": 316, "y": 250, "width": 42, "height": 14}, "region_attributes": {"label": "29,216", "key_type": "value", "formal_key": "answer"}}, {"shape_attributes": {"name": "rect", "x": 77, "y": 282, "width": 57, "height": 14}, "region_attributes": {"label": "Projected:", "key_type": "key", "formal_key": "question"}}, {"shape_attributes": {"name": "rect", "x": 77, "y": 346, "width": 46, "height": 14}, "region_attributes": {"label": "Wave(s)", "key_type": "key", "formal_key": "question"}}, {"shape_attributes": {"name": "rect", "x": 78, "y": 411, "width": 47, "height": 14}, "region_attributes": {"label": "Waves(s)", "key_type": "key", "formal_key": "question"}}, {"shape_attributes": {"name": "rect", "x": 80, "y": 489, "width": 45, "height": 17}, "region_attributes": {"label": "Wave(s)", "key_type": "key", "formal_key": "question"}}, {"shape_attributes": {"name": "rect", "x": 391, "y": 536, "width": 42, "height": 15}, "region_attributes": {"label": "Project", "key_type": "key", "formal_key": "header"}}, {"shape_attributes": {"name": "rect", "x": 432, "y": 538, "width": 34, "height": 14}, "region_attributes": {"label": "Type:", "key_type": "key", "formal_key": "question"}}, {"shape_attributes": {"name": "rect", "x": 538, "y": 282, "width": 29, "height": 14}, "region_attributes": {"label": "1995", "key_type": "value", "formal_key": "answer"}}, {"shape_attributes": {"name": "rect", "x": 543, "y": 297, "width": 45, "height": 14}, "region_attributes": {"label": "500,000", "key_type": "value", "formal_key": "answer"}}, {"shape_attributes": {"name": "rect", "x": 542, "y": 330, "width": 42, "height": 14}, "region_attributes": {"label": "382,575", "key_type": "value", "formal_key": "answer"}}, {"shape_attributes": {"name": "rect", "x": 546, "y": 359, "width": 41, "height": 18}, "region_attributes": {"label": "29,500", "key_type": "value", "formal_key": "answer"}}, {"shape_attributes": {"name": "rect", "x": 578, "y": 411, "width": 8, "height": 11}, "region_attributes": {"label": "0", "key_type": "value", "formal_key": "answer"}}, {"shape_attributes": {"name": "rect", "x": 542, "y": 457, "width": 45, "height": 13}, "region_attributes": {"label": "353,075", "key_type": "value", "formal_key": "answer"}}, {"shape_attributes": {"name": "rect", "x": 542, "y": 486, "width": 46, "height": 15}, "region_attributes": {"label": "146,925", "key_type": "value", "formal_key": "answer"}}, {"shape_attributes": {"name": "rect", "x": 198, "y": 645, "width": 46, "height": 18}, "region_attributes": {"label": "Analyst", "key_type": "key", "formal_key": "question"}}, {"shape_attributes": {"name": "rect", "x": 203, "y": 679, "width": 28, "height": 13}, "region_attributes": {"label": "Asst", "key_type": "key", "formal_key": "question"}}, {"shape_attributes": {"name": "rect", "x": 232, "y": 677, "width": 25, "height": 14}, "region_attributes": {"label": "Mgr.", "key_type": "key", "formal_key": "question"}}, {"shape_attributes": {"name": "rect", "x": 258, "y": 676, "width": 24, "height": 15}, "region_attributes": {"label": "Con", "key_type": "key", "formal_key": "question"}}, {"shape_attributes": {"name": "rect", "x": 286, "y": 677, "width": 24, "height": 13}, "region_attributes": {"label": "Res", "key_type": "key", "formal_key": "question"}}, {"shape_attributes": {"name": "rect", "x": 311, "y": 676, "width": 17, "height": 15}, "region_attributes": {"label": "(to", "key_type": "key", "formal_key": "question"}}, {"shape_attributes": {"name": "rect", "x": 330, "y": 675, "width": 7, "height": 15}, "region_attributes": {"label": "$", "key_type": "key", "formal_key": "question"}}, {"shape_attributes": {"name": "rect", "x": 338, "y": 676, "width": 47, "height": 15}, "region_attributes": {"label": "100,000)", "key_type": "key", "formal_key": "question"}}, {"shape_attributes": {"name": "rect", "x": 211, "y": 749, "width": 56, "height": 18}, "region_attributes": {"label": "Musiclask", "key_type": "value", "formal_key": "answer"}}, {"shape_attributes": {"name": "rect", "x": 267, "y": 753, "width": 54, "height": 14}, "region_attributes": {"label": "", "key_type": "value", "formal_key": "others"}}, {"shape_attributes": {"name": "rect", "x": 225, "y": 709, "width": 145, "height": 25}, "region_attributes": {"label": "", "key_type": "value", "formal_key": "answer"}}, {"shape_attributes": {"name": "rect", "x": 189, "y": 644, "width": 172, "height": 47}, "region_attributes": {"label": "", "key_type": "value", "formal_key": "answer"}}, {"shape_attributes": {"name": "rect", "x": 191, "y": 615, "width": 96, "height": 35}, "region_attributes": {"label": "Lumea", "key_type": "value", "formal_key": "answer"}}, {"shape_attributes": {"name": "rect", "x": 293, "y": 615, "width": 89, "height": 49}, "region_attributes": {"label": "", "key_type": "value", "formal_key": "others"}}, {"shape_attributes": {"name": "rect", "x": 461, "y": 631, "width": 29, "height": 15}, "region_attributes": {"label": "Date:", "key_type": "key", "formal_key": "question"}}, {"shape_attributes": {"name": "rect", "x": 459, "y": 661, "width": 29, "height": 15}, "region_attributes": {"label": "Date:", "key_type": "key", "formal_key": "question"}}, {"shape_attributes": {"name": "rect", "x": 458, "y": 693, "width": 32, "height": 14}, "region_attributes": {"label": "Date:", "key_type": "key", "formal_key": "question"}}, {"shape_attributes": {"name": "rect", "x": 461, "y": 721, "width": 29, "height": 17}, "region_attributes": {"label": "Date:", "key_type": "key", "formal_key": "question"}}, {"shape_attributes": {"name": "rect", "x": 461, "y": 753, "width": 31, "height": 15}, "region_attributes": {"label": "Date:", "key_type": "key", "formal_key": "question"}}, {"shape_attributes": {"name": "rect", "x": 529, "y": 856, "width": 116, "height": 25}, "region_attributes": {"label": "466840246", "key_type": "value", "formal_key": "others"}}, {"shape_attributes": {"name": "rect", "x": 77, "y": 827, "width": 46, "height": 14}, "region_attributes": {"label": "Original:", "key_type": "key", "formal_key": "question"}}, {"shape_attributes": {"name": "rect", "x": 78, "y": 844, "width": 17, "height": 10}, "region_attributes": {"label": "cc:", "key_type": "key", "formal_key": "question"}}, {"shape_attributes": {"name": "rect", "x": 78, "y": 862, "width": 38, "height": 11}, "region_attributes": {"label": "MRADOM", "key_type": "value", "formal_key": "others"}}, {"shape_attributes": {"name": "rect", "x": 216, "y": 28, "width": 292, "height": 15}, "region_attributes": {"label": "MARKETING RESEARCH AUTHORI TION", "key_type": "key", "formal_key": "header"}}, {"shape_attributes": {"name": "rect", "x": 261, "y": 45, "width": 206, "height": 32}, "region_attributes": {"label": "DOMESTIC (Recommended Proposal Attached)", "key_type": "value", "formal_key": "others"}}, {"shape_attributes": {"name": "rect", "x": 177, "y": 78, "width": 77, "height": 15}, "region_attributes": {"label": "March3, 1995", "key_type": "value", "formal_key": "answer"}}, {"shape_attributes": {"name": "rect", "x": 567, "y": 80, "width": 53, "height": 13}, "region_attributes": {"label": "1995- 48D", "key_type": "value", "formal_key": "answer"}}, {"shape_attributes": {"name": "rect", "x": 179, "y": 92, "width": 409, "height": 31}, "region_attributes": {"label": "LUCKY STRIKE QUALITATIVE ADVERTISING RESEARCH - GATEWAY CITIES", "key_type": "value", "formal_key": "answer"}}, {"shape_attributes": {"name": "rect", "x": 77, "y": 124, "width": 78, "height": 16}, "region_attributes": {"label": "Requested by:", "key_type": "key", "formal_key": "question"}}, {"shape_attributes": {"name": "rect", "x": 177, "y": 124, "width": 70, "height": 16}, "region_attributes": {"label": "A. A. Strobel", "key_type": "value", "formal_key": "answer"}}, {"shape_attributes": {"name": "rect", "x": 302, "y": 126, "width": 134, "height": 15}, "region_attributes": {"label": "Research Req Attached:", "key_type": "key", "formal_key": "header"}}, {"shape_attributes": {"name": "rect", "x": 282, "y": 156, "width": 148, "height": 18}, "region_attributes": {"label": "Original Budgeted Amount:", "key_type": "key", "formal_key": "question"}}, {"shape_attributes": {"name": "rect", "x": 77, "y": 170, "width": 178, "height": 18}, "region_attributes": {"label": "Competitive Proposals Obtained:", "key_type": "key", "formal_key": "question"}}, {"shape_attributes": {"name": "rect", "x": 258, "y": 172, "width": 338, "height": 17}, "region_attributes": {"label": "Only two bidders because third supplier has not yet signed B & W", "key_type": "value", "formal_key": "answer"}}, {"shape_attributes": {"name": "rect", "x": 77, "y": 232, "width": 106, "height": 18}, "region_attributes": {"label": "Analytic Insight, Inc.", "key_type": "value", "formal_key": "answer"}}, {"shape_attributes": {"name": "rect", "x": 78, "y": 251, "width": 109, "height": 14}, "region_attributes": {"label": "Goldfarb Consultants", "key_type": "value", "formal_key": "answer"}}, {"shape_attributes": {"name": "rect", "x": 575, "y": 204, "width": 53, "height": 28}, "region_attributes": {"label": "Cost per Interview", "key_type": "key", "formal_key": "question"}}, {"shape_attributes": {"name": "rect", "x": 487, "y": 216, "width": 60, "height": 17}, "region_attributes": {"label": "Total Cost", "key_type": "key", "formal_key": "question"}}, {"shape_attributes": {"name": "rect", "x": 402, "y": 218, "width": 60, "height": 18}, "region_attributes": {"label": "Est. Travel", "key_type": "key", "formal_key": "question"}}, {"shape_attributes": {"name": "rect", "x": 324, "y": 218, "width": 44, "height": 17}, "region_attributes": {"label": "Cost ($)", "key_type": "key", "formal_key": "question"}}, {"shape_attributes": {"name": "rect", "x": 78, "y": 299, "width": 98, "height": 15}, "region_attributes": {"label": "Internal Init Date", "key_type": "key", "formal_key": "question"}}, {"shape_attributes": {"name": "rect", "x": 323, "y": 282, "width": 143, "height": 17}, "region_attributes": {"label": "Summary of MRD Budget", "key_type": "key", "formal_key": "question"}}, {"shape_attributes": {"name": "rect", "x": 339, "y": 299, "width": 123, "height": 14}, "region_attributes": {"label": "Total Area Authorized", "key_type": "key", "formal_key": "question"}}, {"shape_attributes": {"name": "rect", "x": 78, "y": 330, "width": 62, "height": 14}, "region_attributes": {"label": "Field Start", "key_type": "key", "formal_key": "question"}}, {"shape_attributes": {"name": "rect", "x": 321, "y": 330, "width": 145, "height": 15}, "region_attributes": {"label": "Current Balance Available", "key_type": "key", "formal_key": "question"}}, {"shape_attributes": {"name": "rect", "x": 392, "y": 360, "width": 72, "height": 17}, "region_attributes": {"label": "This Change:", "key_type": "key", "formal_key": "question"}}, {"shape_attributes": {"name": "rect", "x": 338, "y": 377, "width": 128, "height": 15}, "region_attributes": {"label": "(From Current Budget)", "key_type": "key", "formal_key": "question"}}, {"shape_attributes": {"name": "rect", "x": 75, "y": 392, "width": 84, "height": 17}, "region_attributes": {"label": "Field Complete", "key_type": "key", "formal_key": "question"}}, {"shape_attributes": {"name": "rect", "x": 226, "y": 408, "width": 41, "height": 17}, "region_attributes": {"label": "3/ 25/ 95", "key_type": "value", "formal_key": "answer"}}, {"shape_attributes": {"name": "rect", "x": 225, "y": 346, "width": 42, "height": 13}, "region_attributes": {"label": "3/ 20/ 95", "key_type": "value", "formal_key": "answer"}}, {"shape_attributes": {"name": "rect", "x": 230, "y": 299, "width": 35, "height": 13}, "region_attributes": {"label": "3/ 1/ 95", "key_type": "value", "formal_key": "answer"}}, {"shape_attributes": {"name": "rect", "x": 390, "y": 455, "width": 76, "height": 17}, "region_attributes": {"label": "New Balance:", "key_type": "key", "formal_key": "question"}}, {"shape_attributes": {"name": "rect", "x": 356, "y": 487, "width": 109, "height": 36}, "region_attributes": {"label": "Committed to Date: (Current Year)", "key_type": "key", "formal_key": "question"}}, {"shape_attributes": {"name": "rect", "x": 300, "y": 408, "width": 148, "height": 34}, "region_attributes": {"label": "This amount: (From Next Year's Budget)", "key_type": "key", "formal_key": "question"}}, {"shape_attributes": {"name": "rect", "x": 75, "y": 455, "width": 98, "height": 32}, "region_attributes": {"label": "Final Report Due (Supplier Rpt.)", "key_type": "key", "formal_key": "question"}}, {"shape_attributes": {"name": "rect", "x": 228, "y": 489, "width": 41, "height": 15}, "region_attributes": {"label": "3/ 31/ 95", "key_type": "value", "formal_key": "answer"}}, {"shape_attributes": {"name": "rect", "x": 487, "y": 536, "width": 138, "height": 31}, "region_attributes": {"label": "Qualitative Research (Product Test, A & U etc.)", "key_type": "key", "formal_key": "header"}}, {"shape_attributes": {"name": "rect", "x": 78, "y": 552, "width": 70, "height": 15}, "region_attributes": {"label": "Sample Size:", "key_type": "key", "formal_key": "question"}}, {"shape_attributes": {"name": "rect", "x": 78, "y": 568, "width": 131, "height": 15}, "region_attributes": {"label": "Recommended Supplier:", "key_type": "key", "formal_key": "question"}}, {"shape_attributes": {"name": "rect", "x": 77, "y": 585, "width": 175, "height": 15}, "region_attributes": {"label": "Reason(s) for Recommendation:", "key_type": "key", "formal_key": "question"}}, {"shape_attributes": {"name": "rect", "x": 302, "y": 584, "width": 62, "height": 14}, "region_attributes": {"label": "Lowest Bid", "key_type": "value", "formal_key": "answer"}}, {"shape_attributes": {"name": "rect", "x": 302, "y": 567, "width": 107, "height": 16}, "region_attributes": {"label": "Analytic Insight, Inc.", "key_type": "value", "formal_key": "answer"}}, {"shape_attributes": {"name": "rect", "x": 78, "y": 631, "width": 81, "height": 15}, "region_attributes": {"label": "Submitted By:", "key_type": "key", "formal_key": "question"}}, {"shape_attributes": {"name": "rect", "x": 80, "y": 661, "width": 79, "height": 17}, "region_attributes": {"label": "Approved By:", "key_type": "key", "formal_key": "question"}}, {"shape_attributes": {"name": "rect", "x": 77, "y": 693, "width": 82, "height": 15}, "region_attributes": {"label": "Approved By:", "key_type": "key", "formal_key": "header"}}, {"shape_attributes": {"name": "rect", "x": 78, "y": 722, "width": 80, "height": 15}, "region_attributes": {"label": "Approved By:", "key_type": "key", "formal_key": "question"}}, {"shape_attributes": {"name": "rect", "x": 80, "y": 753, "width": 80, "height": 14}, "region_attributes": {"label": "Budget Check:", "key_type": "key", "formal_key": "question"}}, {"shape_attributes": {"name": "rect", "x": 497, "y": 620, "width": 82, "height": 31}, "region_attributes": {"label": "3433/ 3/ 95", "key_type": "value", "formal_key": "answer"}}, {"shape_attributes": {"name": "rect", "x": 510, "y": 640, "width": 74, "height": 42}, "region_attributes": {"label": "3/ 3/ 95", "key_type": "value", "formal_key": "answer"}}, {"shape_attributes": {"name": "rect", "x": 511, "y": 714, "width": 68, "height": 29}, "region_attributes": {"label": "3/ 3/ 95", "key_type": "value", "formal_key": "answer"}}, {"shape_attributes": {"name": "rect", "x": 461, "y": 782, "width": 67, "height": 13}, "region_attributes": {"label": "Project No:", "key_type": "key", "formal_key": "question"}}, {"shape_attributes": {"name": "rect", "x": 461, "y": 796, "width": 70, "height": 14}, "region_attributes": {"label": "Acct. Name:", "key_type": "key", "formal_key": "question"}}, {"shape_attributes": {"name": "rect", "x": 131, "y": 841, "width": 59, "height": 14}, "region_attributes": {"label": "H. Williams", "key_type": "value", "formal_key": "answer"}}, {"shape_attributes": {"name": "rect", "x": 130, "y": 827, "width": 58, "height": 14}, "region_attributes": {"label": "Project File", "key_type": "value", "formal_key": "answer"}}, {"shape_attributes": {"name": "rect", "x": 0, "y": 953, "width": 232, "height": 30}, "region_attributes": {"label": "466840246 PRODUCED FROM B & W WEB SITE", "key_type": "value", "formal_key": "others"}}, {"shape_attributes": {"name": "rect", "x": 203, "y": 736, "width": 194, "height": 18}, "region_attributes": {"label": "Senior VP Marketing (to $ 1,000,000)", "key_type": "key", "formal_key": "question"}}, {"shape_attributes": {"name": "rect", "x": 201, "y": 704, "width": 244, "height": 20}, "region_attributes": {"label": "Director Forecasting Mkt (to $ 250,000)", "key_type": "key", "formal_key": "question"}}, {"shape_attributes": {"name": "rect", "x": 201, "y": 767, "width": 65, "height": 14}, "region_attributes": {"label": "Vicki Clark", "key_type": "key", "formal_key": "question"}}]}}}