﻿{"file_name": "11875011.json", "attributes": {"_via_img_metadata": {"regions": [{"shape_attributes": {"name": "rect", "x": 80, "y": 176, "width": 23, "height": 15}, "region_attributes": {"label": "TO:", "key_type": "key", "formal_key": "question"}}, {"shape_attributes": {"name": "rect", "x": 76, "y": 226, "width": 113, "height": 13}, "region_attributes": {"label": "INSTRUCTIONS:", "key_type": "key", "formal_key": "question"}}, {"shape_attributes": {"name": "rect", "x": 248, "y": 465, "width": 30, "height": 12}, "region_attributes": {"label": "FAX", "key_type": "key", "formal_key": "question"}}, {"shape_attributes": {"name": "rect", "x": 279, "y": 463, "width": 73, "height": 13}, "region_attributes": {"label": "NUMBERS:", "key_type": "key", "formal_key": "question"}}, {"shape_attributes": {"name": "rect", "x": 85, "y": 626, "width": 12, "height": 17}, "region_attributes": {"label": "3.", "key_type": "value", "formal_key": "others"}}, {"shape_attributes": {"name": "rect", "x": 487, "y": 872, "width": 113, "height": 18}, "region_attributes": {"label": "465658104", "key_type": "value", "formal_key": "others"}}, {"shape_attributes": {"name": "rect", "x": 90, "y": 842, "width": 40, "height": 7}, "region_attributes": {"label": "", "key_type": "value", "formal_key": "others"}}, {"shape_attributes": {"name": "rect", "x": 297, "y": 796, "width": 43, "height": 17}, "region_attributes": {"label": "1-23-95", "key_type": "value", "formal_key": "answer"}}, {"shape_attributes": {"name": "rect", "x": 166, "y": 60, "width": 353, "height": 46}, "region_attributes": {"label": "BROWN & WILLIAMSON TOBACCO CORPORATION BID REQUEST FORM (QUALITATIVE RESEARCH)", "key_type": "key", "formal_key": "header"}}, {"shape_attributes": {"name": "rect", "x": 223, "y": 140, "width": 58, "height": 17}, "region_attributes": {"label": "1995- 13D", "key_type": "value", "formal_key": "answer"}}, {"shape_attributes": {"name": "rect", "x": 221, "y": 159, "width": 85, "height": 13}, "region_attributes": {"label": "H.L. Williams", "key_type": "value", "formal_key": "answer"}}, {"shape_attributes": {"name": "rect", "x": 221, "y": 174, "width": 121, "height": 13}, "region_attributes": {"label": "Goldfarb Consultants", "key_type": "value", "formal_key": "answer"}}, {"shape_attributes": {"name": "rect", "x": 73, "y": 145, "width": 130, "height": 13}, "region_attributes": {"label": "PROJECT NUMBER:", "key_type": "key", "formal_key": "question"}}, {"shape_attributes": {"name": "rect", "x": 75, "y": 161, "width": 129, "height": 13}, "region_attributes": {"label": "B&W ORIGINATOR:", "key_type": "key", "formal_key": "question"}}, {"shape_attributes": {"name": "rect", "x": 80, "y": 251, "width": 453, "height": 21}, "region_attributes": {"label": "1. THE FOLLOWING DOCUMENT IS DIVIDED INTO TWO SECTIONS.", "key_type": "value", "formal_key": "others"}}, {"shape_attributes": {"name": "rect", "x": 120, "y": 284, "width": 393, "height": 52}, "region_attributes": {"label": "SECTION ONE CONTAINS THE PROJECT DESCRIPTION AND SPECIFICATIONS FROM B&W. ALL BIDS SHOULD BE BASED ON THE SPECIFICATIONS IN THIS DOCUMENT.", "key_type": "value", "formal_key": "others"}}, {"shape_attributes": {"name": "rect", "x": 123, "y": 347, "width": 417, "height": 35}, "region_attributes": {"label": "SECTION TWO SHOULD BE COMPLETED BY THE RESEARCH AGENCY AND RETURNED BY FAX TO THE FOLLOWING PERSON:", "key_type": "value", "formal_key": "others"}}, {"shape_attributes": {"name": "rect", "x": 244, "y": 399, "width": 329, "height": 61}, "region_attributes": {"label": "HAROLD WILLIAMS BROWN & WILLIAMSON TOBACCO CORPORATION LOUISVILLE, KENTUCKY U.S.A", "key_type": "value", "formal_key": "others"}}, {"shape_attributes": {"name": "rect", "x": 359, "y": 457, "width": 194, "height": 20}, "region_attributes": {"label": "(502) 568-7313 or (502) 568-8319", "key_type": "value", "formal_key": "others"}}, {"shape_attributes": {"name": "rect", "x": 83, "y": 490, "width": 475, "height": 51}, "region_attributes": {"label": "2. IN ORDER TO ALLOW US TO COMPARE BIDS, WE REQUEST THAT YOU SUBMIT A BID FOR THE RESEARCH AS SPECIFIED IN SECTION ONE.", "key_type": "value", "formal_key": "others"}}, {"shape_attributes": {"name": "rect", "x": 125, "y": 556, "width": 418, "height": 49}, "region_attributes": {"label": "SUGGESTIONS ALTERNATIVE DESIGNS FROM THE AGENCY ARE WELCOME. HOWEVER, THESE SHOULD BE SUBMITTED AS SEPARATE DOCUMENTS APPENDED TO THIS BID FORM.", "key_type": "value", "formal_key": "others"}}, {"shape_attributes": {"name": "rect", "x": 125, "y": 620, "width": 445, "height": 33}, "region_attributes": {"label": "IF YOU HAVE ANY QUESTIONS, PLEASE CONTACT THE FOLLOWING PERSON:", "key_type": "key", "formal_key": "question"}}, {"shape_attributes": {"name": "rect", "x": 248, "y": 653, "width": 328, "height": 61}, "region_attributes": {"label": "HAROLD WILLIAMS BROWN & WILLIAMSON TOBACCO CORPORATION LOUISVILLE, U.S.A", "key_type": "value", "formal_key": "others"}}, {"shape_attributes": {"name": "rect", "x": 364, "y": 713, "width": 191, "height": 22}, "region_attributes": {"label": "(502) 568-7313 or (502) 568-8319", "key_type": "value", "formal_key": "others"}}, {"shape_attributes": {"name": "rect", "x": 251, "y": 719, "width": 108, "height": 15}, "region_attributes": {"label": "FAX NUMBERS:", "key_type": "key", "formal_key": "question"}}, {"shape_attributes": {"name": "rect", "x": 88, "y": 767, "width": 165, "height": 15}, "region_attributes": {"label": "OTHER INFORMATION:", "key_type": "key", "formal_key": "question"}}, {"shape_attributes": {"name": "rect", "x": 88, "y": 801, "width": 128, "height": 13}, "region_attributes": {"label": "DATE REQUESTED:", "key_type": "key", "formal_key": "question"}}, {"shape_attributes": {"name": "rect", "x": 86, "y": 821, "width": 193, "height": 14}, "region_attributes": {"label": "DEADLINE FOR BID RECEIPT:", "key_type": "key", "formal_key": "question"}}, {"shape_attributes": {"name": "rect", "x": 297, "y": 819, "width": 136, "height": 15}, "region_attributes": {"label": "1-26-95 9:00 AM EST", "key_type": "value", "formal_key": "answer"}}, {"shape_attributes": {"name": "rect", "x": 2, "y": 952, "width": 233, "height": 13}, "region_attributes": {"label": "PRODUCED FROM B&W WEB SITE", "key_type": "value", "formal_key": "others"}}]}}}