﻿{"file_name": "12052385.json", "attributes": {"_via_img_metadata": {"regions": [{"shape_attributes": {"name": "rect", "x": 54, "y": 41, "width": 46, "height": 13}, "region_attributes": {"label": "KOOL", "key_type": "key", "formal_key": "question"}}, {"shape_attributes": {"name": "rect", "x": 54, "y": 107, "width": 101, "height": 19}, "region_attributes": {"label": "DESCRIPTION:", "key_type": "key", "formal_key": "question"}}, {"shape_attributes": {"name": "rect", "x": 54, "y": 224, "width": 78, "height": 14}, "region_attributes": {"label": "SUPPLIER:", "key_type": "key", "formal_key": "question"}}, {"shape_attributes": {"name": "rect", "x": 553, "y": 527, "width": 84, "height": 18}, "region_attributes": {"label": "CUMULATIVE", "key_type": "key", "formal_key": "question"}}, {"shape_attributes": {"name": "rect", "x": 195, "y": 568, "width": 32, "height": 15}, "region_attributes": {"label": "JAN", "key_type": "value", "formal_key": "answer"}}, {"shape_attributes": {"name": "rect", "x": 678, "y": 950, "width": 66, "height": 18}, "region_attributes": {"label": "466024372", "key_type": "value", "formal_key": "others"}}, {"shape_attributes": {"name": "rect", "x": 548, "y": 884, "width": 123, "height": 22}, "region_attributes": {"label": "466024372", "key_type": "value", "formal_key": "others"}}, {"shape_attributes": {"name": "rect", "x": 430, "y": 35, "width": 97, "height": 20}, "region_attributes": {"label": "PROJECT NO.", "key_type": "key", "formal_key": "question"}}, {"shape_attributes": {"name": "rect", "x": 558, "y": 31, "width": 95, "height": 20}, "region_attributes": {"label": "1987- 144- K", "key_type": "value", "formal_key": "others"}}, {"shape_attributes": {"name": "rect", "x": 58, "y": 55, "width": 135, "height": 17}, "region_attributes": {"label": "0595- 529- 1510 -0", "key_type": "value", "formal_key": "answer"}}, {"shape_attributes": {"name": "rect", "x": 197, "y": 100, "width": 428, "height": 25}, "region_attributes": {"label": "KMDP ANALYSIS UTILIZING BLACK SWITCHING STUDY DATA", "key_type": "value", "formal_key": "answer"}}, {"shape_attributes": {"name": "rect", "x": 200, "y": 177, "width": 78, "height": 18}, "region_attributes": {"label": "C. B. Pugh", "key_type": "value", "formal_key": "answer"}}, {"shape_attributes": {"name": "rect", "x": 200, "y": 218, "width": 108, "height": 17}, "region_attributes": {"label": "Market Facts", "key_type": "value", "formal_key": "answer"}}, {"shape_attributes": {"name": "rect", "x": 198, "y": 258, "width": 174, "height": 22}, "region_attributes": {"label": "12, 500 (10- 15- 87)", "key_type": "value", "formal_key": "answer"}}, {"shape_attributes": {"name": "rect", "x": 460, "y": 275, "width": 199, "height": 21}, "region_attributes": {"label": "CARRYOVER TO 1988 -- 0", "key_type": "value", "formal_key": "others"}}, {"shape_attributes": {"name": "rect", "x": 55, "y": 179, "width": 110, "height": 17}, "region_attributes": {"label": "MR PERSONNEL:", "key_type": "key", "formal_key": "question"}}, {"shape_attributes": {"name": "rect", "x": 55, "y": 262, "width": 139, "height": 17}, "region_attributes": {"label": "AUTHORIZED COST:", "key_type": "key", "formal_key": "question"}}, {"shape_attributes": {"name": "rect", "x": 75, "y": 517, "width": 76, "height": 34}, "region_attributes": {"label": "RELEASED TO ACCTG", "key_type": "key", "formal_key": "question"}}, {"shape_attributes": {"name": "rect", "x": 292, "y": 509, "width": 97, "height": 39}, "region_attributes": {"label": "PAID OUT OF 1987 BUDGET", "key_type": "key", "formal_key": "question"}}, {"shape_attributes": {"name": "rect", "x": 5, "y": 950, "width": 223, "height": 20}, "region_attributes": {"label": "PRODUCED FROM B&W WEB SITE", "key_type": "value", "formal_key": "others"}}]}}}