﻿{"file_name": "12603270.json", "attributes": {"_via_img_metadata": {"regions": [{"shape_attributes": {"name": "rect", "x": 81, "y": 63, "width": 38, "height": 12}, "region_attributes": {"label": "Date:", "key_type": "key", "formal_key": "question"}}, {"shape_attributes": {"name": "rect", "x": 86, "y": 131, "width": 85, "height": 10}, "region_attributes": {"label": "Description:", "key_type": "key", "formal_key": "question"}}, {"shape_attributes": {"name": "rect", "x": 85, "y": 159, "width": 66, "height": 10}, "region_attributes": {"label": "Supplier:", "key_type": "key", "formal_key": "question"}}, {"shape_attributes": {"name": "rect", "x": 533, "y": 51, "width": 13, "height": 13}, "region_attributes": {"label": "#", "key_type": "value", "formal_key": "others"}}, {"shape_attributes": {"name": "rect", "x": 547, "y": 51, "width": 15, "height": 12}, "region_attributes": {"label": "51", "key_type": "value", "formal_key": "others"}}, {"shape_attributes": {"name": "rect", "x": 86, "y": 267, "width": 58, "height": 13}, "region_attributes": {"label": "Reasons:", "key_type": "key", "formal_key": "question"}}, {"shape_attributes": {"name": "rect", "x": 198, "y": 209, "width": 58, "height": 10}, "region_attributes": {"label": "Increase", "key_type": "value", "formal_key": "answer"}}, {"shape_attributes": {"name": "rect", "x": 480, "y": 201, "width": 13, "height": 15}, "region_attributes": {"label": "(", "key_type": "value", "formal_key": "others"}}, {"shape_attributes": {"name": "rect", "x": 206, "y": 357, "width": 68, "height": 10}, "region_attributes": {"label": "CANCELLED", "key_type": "value", "formal_key": "answer"}}, {"shape_attributes": {"name": "rect", "x": 530, "y": 337, "width": 37, "height": 10}, "region_attributes": {"label": "1985", "key_type": "value", "formal_key": "others"}}, {"shape_attributes": {"name": "rect", "x": 513, "y": 352, "width": 83, "height": 13}, "region_attributes": {"label": "3,669,000", "key_type": "value", "formal_key": "answer"}}, {"shape_attributes": {"name": "rect", "x": 532, "y": 380, "width": 63, "height": 8}, "region_attributes": {"label": "252,955", "key_type": "value", "formal_key": "answer"}}, {"shape_attributes": {"name": "rect", "x": 535, "y": 405, "width": 58, "height": 12}, "region_attributes": {"label": "+58,500", "key_type": "value", "formal_key": "answer"}}, {"shape_attributes": {"name": "rect", "x": 533, "y": 517, "width": 63, "height": 10}, "region_attributes": {"label": "311.455", "key_type": "value", "formal_key": "answer"}}, {"shape_attributes": {"name": "rect", "x": 517, "y": 566, "width": 76, "height": 13}, "region_attributes": {"label": "3,357,545", "key_type": "value", "formal_key": "answer"}}, {"shape_attributes": {"name": "rect", "x": 434, "y": 447, "width": 13, "height": 13}, "region_attributes": {"label": "0", "key_type": "value", "formal_key": "answer"}}, {"shape_attributes": {"name": "rect", "x": 95, "y": 787, "width": 61, "height": 8}, "region_attributes": {"label": "Original", "key_type": "key", "formal_key": "question"}}, {"shape_attributes": {"name": "rect", "x": 98, "y": 802, "width": 22, "height": 10}, "region_attributes": {"label": "cc:", "key_type": "key", "formal_key": "question"}}, {"shape_attributes": {"name": "rect", "x": 424, "y": 630, "width": 28, "height": 13}, "region_attributes": {"label": "Date", "key_type": "key", "formal_key": "question"}}, {"shape_attributes": {"name": "rect", "x": 422, "y": 656, "width": 35, "height": 13}, "region_attributes": {"label": "Date", "key_type": "key", "formal_key": "question"}}, {"shape_attributes": {"name": "rect", "x": 424, "y": 681, "width": 32, "height": 12}, "region_attributes": {"label": "Date", "key_type": "key", "formal_key": "question"}}, {"shape_attributes": {"name": "rect", "x": 425, "y": 711, "width": 33, "height": 12}, "region_attributes": {"label": "Date", "key_type": "key", "formal_key": "question"}}, {"shape_attributes": {"name": "rect", "x": 427, "y": 738, "width": 28, "height": 13}, "region_attributes": {"label": "Date", "key_type": "key", "formal_key": "question"}}, {"shape_attributes": {"name": "rect", "x": 497, "y": 621, "width": 71, "height": 20}, "region_attributes": {"label": "", "key_type": "value", "formal_key": "answer"}}, {"shape_attributes": {"name": "rect", "x": 492, "y": 645, "width": 106, "height": 20}, "region_attributes": {"label": "", "key_type": "value", "formal_key": "answer"}}, {"shape_attributes": {"name": "rect", "x": 497, "y": 673, "width": 95, "height": 18}, "region_attributes": {"label": "", "key_type": "value", "formal_key": "answer"}}, {"shape_attributes": {"name": "rect", "x": 184, "y": 733, "width": 12, "height": 10}, "region_attributes": {"label": "A.", "key_type": "value", "formal_key": "others"}}, {"shape_attributes": {"name": "rect", "x": 206, "y": 729, "width": 13, "height": 13}, "region_attributes": {"label": "J.", "key_type": "value", "formal_key": "others"}}, {"shape_attributes": {"name": "rect", "x": 226, "y": 729, "width": 53, "height": 10}, "region_attributes": {"label": "Mellman", "key_type": "value", "formal_key": "others"}}, {"shape_attributes": {"name": "rect", "x": 184, "y": 703, "width": 15, "height": 12}, "region_attributes": {"label": "L.", "key_type": "value", "formal_key": "others"}}, {"shape_attributes": {"name": "rect", "x": 206, "y": 703, "width": 15, "height": 12}, "region_attributes": {"label": "E.", "key_type": "value", "formal_key": "others"}}, {"shape_attributes": {"name": "rect", "x": 223, "y": 703, "width": 55, "height": 10}, "region_attributes": {"label": "Gravely", "key_type": "value", "formal_key": "others"}}, {"shape_attributes": {"name": "rect", "x": 184, "y": 676, "width": 18, "height": 10}, "region_attributes": {"label": "J.", "key_type": "value", "formal_key": "others"}}, {"shape_attributes": {"name": "rect", "x": 206, "y": 674, "width": 15, "height": 12}, "region_attributes": {"label": "F.", "key_type": "value", "formal_key": "others"}}, {"shape_attributes": {"name": "rect", "x": 224, "y": 673, "width": 53, "height": 13}, "region_attributes": {"label": "Wilhelm", "key_type": "value", "formal_key": "others"}}, {"shape_attributes": {"name": "rect", "x": 228, "y": 681, "width": 98, "height": 18}, "region_attributes": {"label": "", "key_type": "value", "formal_key": "others"}}, {"shape_attributes": {"name": "rect", "x": 179, "y": 621, "width": 164, "height": 27}, "region_attributes": {"label": "", "key_type": "value", "formal_key": "answer"}}, {"shape_attributes": {"name": "rect", "x": 178, "y": 648, "width": 246, "height": 25}, "region_attributes": {"label": "", "key_type": "value", "formal_key": "answer"}}, {"shape_attributes": {"name": "rect", "x": 492, "y": 791, "width": 66, "height": 13}, "region_attributes": {"label": "1985-39NP", "key_type": "value", "formal_key": "answer"}}, {"shape_attributes": {"name": "rect", "x": 535, "y": 855, "width": 123, "height": 18}, "region_attributes": {"label": "681925993", "key_type": "value", "formal_key": "others"}}, {"shape_attributes": {"name": "rect", "x": 100, "y": 867, "width": 93, "height": 12}, "region_attributes": {"label": "/big:jfw00017", "key_type": "value", "formal_key": "others"}}, {"shape_attributes": {"name": "rect", "x": 264, "y": 42, "width": 169, "height": 14}, "region_attributes": {"label": "CHANGE OF AUTHORIZED COST", "key_type": "key", "formal_key": "header"}}, {"shape_attributes": {"name": "rect", "x": 131, "y": 58, "width": 93, "height": 13}, "region_attributes": {"label": "June 21, 1985", "key_type": "value", "formal_key": "answer"}}, {"shape_attributes": {"name": "rect", "x": 174, "y": 86, "width": 99, "height": 12}, "region_attributes": {"label": "RICHLAND 100's", "key_type": "value", "formal_key": "answer"}}, {"shape_attributes": {"name": "rect", "x": 83, "y": 88, "width": 78, "height": 13}, "region_attributes": {"label": "Brand Name:", "key_type": "key", "formal_key": "question"}}, {"shape_attributes": {"name": "rect", "x": 186, "y": 121, "width": 324, "height": 19}, "region_attributes": {"label": "Amelia 100's Candidates: (NM-FT and NM- Lights)", "key_type": "value", "formal_key": "answer"}}, {"shape_attributes": {"name": "rect", "x": 168, "y": 154, "width": 123, "height": 14}, "region_attributes": {"label": "Market Facts. Inc.", "key_type": "value", "formal_key": "answer"}}, {"shape_attributes": {"name": "rect", "x": 86, "y": 179, "width": 241, "height": 18}, "region_attributes": {"label": "Previous $ Commitments This Project", "key_type": "value", "formal_key": "others"}}, {"shape_attributes": {"name": "rect", "x": 85, "y": 209, "width": 106, "height": 16}, "region_attributes": {"label": "Amt. of Change:", "key_type": "key", "formal_key": "question"}}, {"shape_attributes": {"name": "rect", "x": 86, "y": 236, "width": 216, "height": 15}, "region_attributes": {"label": "Adjusted Total Cost of Protect:", "key_type": "key", "formal_key": "question"}}, {"shape_attributes": {"name": "rect", "x": 374, "y": 174, "width": 57, "height": 15}, "region_attributes": {"label": "$ 58,500", "key_type": "value", "formal_key": "others"}}, {"shape_attributes": {"name": "rect", "x": 296, "y": 287, "width": 114, "height": 13}, "region_attributes": {"label": "PROJECT CANCELLED", "key_type": "key", "formal_key": "header"}}, {"shape_attributes": {"name": "rect", "x": 88, "y": 347, "width": 82, "height": 25}, "region_attributes": {"label": "Projected: Field Start", "key_type": "key", "formal_key": "question"}}, {"shape_attributes": {"name": "rect", "x": 88, "y": 387, "width": 101, "height": 14}, "region_attributes": {"label": "Field Complete", "key_type": "key", "formal_key": "question"}}, {"shape_attributes": {"name": "rect", "x": 90, "y": 415, "width": 112, "height": 12}, "region_attributes": {"label": "Final Report Due", "key_type": "key", "formal_key": "question"}}, {"shape_attributes": {"name": "rect", "x": 307, "y": 341, "width": 180, "height": 14}, "region_attributes": {"label": "Summary of Research Budget", "key_type": "key", "formal_key": "question"}}, {"shape_attributes": {"name": "rect", "x": 309, "y": 355, "width": 126, "height": 12}, "region_attributes": {"label": "Total Area Budget:", "key_type": "key", "formal_key": "question"}}, {"shape_attributes": {"name": "rect", "x": 311, "y": 380, "width": 176, "height": 15}, "region_attributes": {"label": "Current Balance Available", "key_type": "key", "formal_key": "question"}}, {"shape_attributes": {"name": "rect", "x": 311, "y": 410, "width": 146, "height": 31}, "region_attributes": {"label": "This Change: (From Current Budget)", "key_type": "key", "formal_key": "question"}}, {"shape_attributes": {"name": "rect", "x": 309, "y": 452, "width": 77, "height": 12}, "region_attributes": {"label": "This Amount", "key_type": "key", "formal_key": "question"}}, {"shape_attributes": {"name": "rect", "x": 311, "y": 463, "width": 171, "height": 16}, "region_attributes": {"label": "(From Next Year's Budget)", "key_type": "key", "formal_key": "question"}}, {"shape_attributes": {"name": "rect", "x": 311, "y": 520, "width": 84, "height": 14}, "region_attributes": {"label": "New Balance:", "key_type": "key", "formal_key": "question"}}, {"shape_attributes": {"name": "rect", "x": 312, "y": 575, "width": 125, "height": 14}, "region_attributes": {"label": "Committed To Date:", "key_type": "key", "formal_key": "question"}}, {"shape_attributes": {"name": "rect", "x": 95, "y": 635, "width": 89, "height": 13}, "region_attributes": {"label": "Submitted By:", "key_type": "key", "formal_key": "question"}}, {"shape_attributes": {"name": "rect", "x": 93, "y": 663, "width": 90, "height": 13}, "region_attributes": {"label": "Approved By:", "key_type": "key", "formal_key": "question"}}, {"shape_attributes": {"name": "rect", "x": 96, "y": 689, "width": 87, "height": 17}, "region_attributes": {"label": "Approved By:", "key_type": "key", "formal_key": "question"}}, {"shape_attributes": {"name": "rect", "x": 93, "y": 716, "width": 88, "height": 16}, "region_attributes": {"label": "Approved By:", "key_type": "key", "formal_key": "question"}}, {"shape_attributes": {"name": "rect", "x": 95, "y": 746, "width": 89, "height": 12}, "region_attributes": {"label": "Approved By:", "key_type": "key", "formal_key": "question"}}, {"shape_attributes": {"name": "rect", "x": 178, "y": 784, "width": 115, "height": 27}, "region_attributes": {"label": "Project File S. Willinger ", "key_type": "value", "formal_key": "answer"}}, {"shape_attributes": {"name": "rect", "x": 181, "y": 811, "width": 216, "height": 42}, "region_attributes": {"label": "Research Group Manager Bonnie Fuller V. Hansberry (If International)", "key_type": "value", "formal_key": "answer"}}, {"shape_attributes": {"name": "rect", "x": 399, "y": 792, "width": 73, "height": 14}, "region_attributes": {"label": "Project No.", "key_type": "key", "formal_key": "question"}}, {"shape_attributes": {"name": "rect", "x": 400, "y": 821, "width": 83, "height": 12}, "region_attributes": {"label": "Account Name", "key_type": "key", "formal_key": "question"}}, {"shape_attributes": {"name": "rect", "x": 495, "y": 816, "width": 105, "height": 16}, "region_attributes": {"label": "PRODUCT TESTING", "key_type": "value", "formal_key": "answer"}}, {"shape_attributes": {"name": "rect", "x": 0, "y": 953, "width": 233, "height": 30}, "region_attributes": {"label": "681925993 RODUCED FROM B&W WEB SITE", "key_type": "value", "formal_key": "others"}}, {"shape_attributes": {"name": "rect", "x": 374, "y": 231, "width": 49, "height": 14}, "region_attributes": {"label": "$ -0-", "key_type": "value", "formal_key": "answer"}}, {"shape_attributes": {"name": "rect", "x": 530, "y": 199, "width": 91, "height": 14}, "region_attributes": {"label": "-100% Change)", "key_type": "value", "formal_key": "others"}}, {"shape_attributes": {"name": "rect", "x": 284, "y": 206, "width": 79, "height": 15}, "region_attributes": {"label": "Decrease X", "key_type": "value", "formal_key": "answer"}}, {"shape_attributes": {"name": "rect", "x": 374, "y": 203, "width": 58, "height": 15}, "region_attributes": {"label": "$- 58,500", "key_type": "value", "formal_key": "others"}}]}}}