﻿{"file_name": "12825369.json", "attributes": {"_via_img_metadata": {"regions": [{"shape_attributes": {"name": "rect", "x": 59, "y": 135, "width": 47, "height": 14}, "region_attributes": {"label": "MARKET", "key_type": "key", "formal_key": "question"}}, {"shape_attributes": {"name": "rect", "x": 59, "y": 165, "width": 67, "height": 14}, "region_attributes": {"label": "POPULATION", "key_type": "key", "formal_key": "question"}}, {"shape_attributes": {"name": "rect", "x": 56, "y": 194, "width": 60, "height": 14}, "region_attributes": {"label": "OPERATOR", "key_type": "key", "formal_key": "question"}}, {"shape_attributes": {"name": "rect", "x": 367, "y": 134, "width": 39, "height": 13}, "region_attributes": {"label": "BRAND", "key_type": "key", "formal_key": "question"}}, {"shape_attributes": {"name": "rect", "x": 367, "y": 163, "width": 59, "height": 14}, "region_attributes": {"label": "SCHEDULE", "key_type": "key", "formal_key": "question"}}, {"shape_attributes": {"name": "rect", "x": 367, "y": 196, "width": 94, "height": 14}, "region_attributes": {"label": "FULL INSPECTION", "key_type": "key", "formal_key": "question"}}, {"shape_attributes": {"name": "rect", "x": 367, "y": 226, "width": 92, "height": 11}, "region_attributes": {"label": "NUMBER VIEWED", "key_type": "key", "formal_key": "question"}}, {"shape_attributes": {"name": "rect", "x": 119, "y": 131, "width": 149, "height": 15}, "region_attributes": {"label": "Lakeland Metro Market", "key_type": "value", "formal_key": "answer"}}, {"shape_attributes": {"name": "rect", "x": 427, "y": 130, "width": 38, "height": 14}, "region_attributes": {"label": "Misty", "key_type": "value", "formal_key": "answer"}}, {"shape_attributes": {"name": "rect", "x": 539, "y": 194, "width": 67, "height": 14}, "region_attributes": {"label": "SPOT CHECK", "key_type": "key", "formal_key": "question"}}, {"shape_attributes": {"name": "rect", "x": 324, "y": 250, "width": 103, "height": 17}, "region_attributes": {"label": "TYPE OF DISPLAY", "key_type": "key", "formal_key": "header"}}, {"shape_attributes": {"name": "rect", "x": 177, "y": 286, "width": 75, "height": 15}, "region_attributes": {"label": "PERMANENT", "key_type": "key", "formal_key": "header"}}, {"shape_attributes": {"name": "rect", "x": 56, "y": 351, "width": 50, "height": 11}, "region_attributes": {"label": "LOCATION", "key_type": "key", "formal_key": "question"}}, {"shape_attributes": {"name": "rect", "x": 59, "y": 420, "width": 122, "height": 17}, "region_attributes": {"label": "DESIGN ON DISPLAY", "key_type": "key", "formal_key": "question"}}, {"shape_attributes": {"name": "rect", "x": 427, "y": 317, "width": 17, "height": 15}, "region_attributes": {"label": "\u2611", "key_type": "value", "formal_key": "answer"}}, {"shape_attributes": {"name": "rect", "x": 384, "y": 316, "width": 41, "height": 18}, "region_attributes": {"label": "ROTARY", "key_type": "key", "formal_key": "question"}}, {"shape_attributes": {"name": "rect", "x": 246, "y": 391, "width": 21, "height": 13}, "region_attributes": {"label": "", "key_type": "value", "formal_key": "answer"}}, {"shape_attributes": {"name": "rect", "x": 216, "y": 388, "width": 28, "height": 18}, "region_attributes": {"label": "", "key_type": "value", "formal_key": "answer"}}, {"shape_attributes": {"name": "rect", "x": 57, "y": 493, "width": 74, "height": 15}, "region_attributes": {"label": "COMMENTS:", "key_type": "key", "formal_key": "question"}}, {"shape_attributes": {"name": "rect", "x": 59, "y": 689, "width": 135, "height": 17}, "region_attributes": {"label": "COMMENT ON PLANT:", "key_type": "key", "formal_key": "question"}}, {"shape_attributes": {"name": "rect", "x": 545, "y": 888, "width": 82, "height": 14}, "region_attributes": {"label": "INSPECTION BY", "key_type": "key", "formal_key": "question"}}, {"shape_attributes": {"name": "rect", "x": 496, "y": 844, "width": 209, "height": 71}, "region_attributes": {"label": "", "key_type": "value", "formal_key": "others"}}, {"shape_attributes": {"name": "rect", "x": 165, "y": 47, "width": 418, "height": 45}, "region_attributes": {"label": "LAURENCE, CHARLES, FREE & LAWSON, INC. BULLETIN ADVERTISING- INSPECTION REPORT", "key_type": "key", "formal_key": "header"}}, {"shape_attributes": {"name": "rect", "x": 154, "y": 159, "width": 50, "height": 17}, "region_attributes": {"label": "400.400 ", "key_type": "value", "formal_key": "answer"}}, {"shape_attributes": {"name": "rect", "x": 141, "y": 186, "width": 102, "height": 17}, "region_attributes": {"label": "The Lamar Corp.", "key_type": "value", "formal_key": "answer"}}, {"shape_attributes": {"name": "rect", "x": 433, "y": 159, "width": 84, "height": 18}, "region_attributes": {"label": "2/ 20 & 3/ 20", "key_type": "value", "formal_key": "answer"}}, {"shape_attributes": {"name": "rect", "x": 589, "y": 159, "width": 55, "height": 18}, "region_attributes": {"label": "3/ 23/ 91", "key_type": "value", "formal_key": "others"}}, {"shape_attributes": {"name": "rect", "x": 57, "y": 313, "width": 69, "height": 21}, "region_attributes": {"label": "BULLETIN \u2610", "key_type": "key", "formal_key": "question"}}, {"shape_attributes": {"name": "rect", "x": 180, "y": 316, "width": 45, "height": 18}, "region_attributes": {"label": "WALL \u2610", "key_type": "key", "formal_key": "question"}}, {"shape_attributes": {"name": "rect", "x": 141, "y": 345, "width": 120, "height": 17}, "region_attributes": {"label": "See attached list", "key_type": "value", "formal_key": "answer"}}, {"shape_attributes": {"name": "rect", "x": 383, "y": 346, "width": 85, "height": 20}, "region_attributes": {"label": "NO OF ROTARIES", "key_type": "key", "formal_key": "question"}}, {"shape_attributes": {"name": "rect", "x": 508, "y": 351, "width": 34, "height": 17}, "region_attributes": {"label": "8 RB", "key_type": "value", "formal_key": "answer"}}, {"shape_attributes": {"name": "rect", "x": 539, "y": 390, "width": 49, "height": 18}, "region_attributes": {"label": "218, 499", "key_type": "value", "formal_key": "answer"}}, {"shape_attributes": {"name": "rect", "x": 385, "y": 383, "width": 121, "height": 26}, "region_attributes": {"label": "AVERAGE DAILY EFFECTIVE CIRCULATION", "key_type": "key", "formal_key": "question"}}, {"shape_attributes": {"name": "rect", "x": 56, "y": 383, "width": 122, "height": 30}, "region_attributes": {"label": "DAILY EFFECTIVE CIRCULATION", "key_type": "key", "formal_key": "question"}}, {"shape_attributes": {"name": "rect", "x": 183, "y": 419, "width": 178, "height": 18}, "region_attributes": {"label": "(Condition And Rendition of Copy)", "key_type": "value", "formal_key": "answer"}}, {"shape_attributes": {"name": "rect", "x": 133, "y": 490, "width": 357, "height": 22}, "region_attributes": {"label": "(Description of Location or Rotary Plan, Brand Category Competition)", "key_type": "value", "formal_key": "answer"}}, {"shape_attributes": {"name": "rect", "x": 54, "y": 511, "width": 598, "height": 63}, "region_attributes": {"label": "This is a comparatively easy market to cover. It is less than an hour from Tampa airport. Our bulletins are on every major arterial and in all No quadrants of the area. changes were made. Some minor on- premise blocking and trees were noted, but deemed serious enough for correction. not", "key_type": "value", "formal_key": "answer"}}, {"shape_attributes": {"name": "rect", "x": 52, "y": 582, "width": 600, "height": 33}, "region_attributes": {"label": "The only other tobacco in the market was a standing 6 Panel RJR buy currently showing Camel.", "key_type": "value", "formal_key": "answer"}}, {"shape_attributes": {"name": "rect", "x": 197, "y": 689, "width": 338, "height": 18}, "region_attributes": {"label": "(Condition, Structures, Painting Ability, Lighting, Cooperation, etc.)", "key_type": "value", "formal_key": "answer"}}, {"shape_attributes": {"name": "rect", "x": 52, "y": 708, "width": 596, "height": 45}, "region_attributes": {"label": "The plant is well maintained and covers all parts of the market. Lamar looks like a good citizen here, keeping a good- looking public and carrying lot operation. doing service, a of local advertisers.", "key_type": "value", "formal_key": "answer"}}, {"shape_attributes": {"name": "rect", "x": 31, "y": 890, "width": 69, "height": 15}, "region_attributes": {"label": "(FORM NO ", "key_type": "value", "formal_key": "others"}}, {"shape_attributes": {"name": "rect", "x": 0, "y": 951, "width": 231, "height": 34}, "region_attributes": {"label": "970518461 PRODUCED FROM B&W WEB SITE", "key_type": "value", "formal_key": "others"}}]}}}