﻿{"file_name": "660978.json", "attributes": {"_via_img_metadata": {"regions": [{"shape_attributes": {"name": "rect", "x": 383, "y": 112, "width": 39, "height": 14}, "region_attributes": {"label": "DATE:", "key_type": "key", "formal_key": "question"}}, {"shape_attributes": {"name": "rect", "x": 383, "y": 140, "width": 45, "height": 14}, "region_attributes": {"label": "PLACE:", "key_type": "key", "formal_key": "question"}}, {"shape_attributes": {"name": "rect", "x": 520, "y": 117, "width": 22, "height": 13}, "region_attributes": {"label": "NO.", "key_type": "key", "formal_key": "question"}}, {"shape_attributes": {"name": "rect", "x": 106, "y": 105, "width": 49, "height": 14}, "region_attributes": {"label": "CLIENT:", "key_type": "key", "formal_key": "question"}}, {"shape_attributes": {"name": "rect", "x": 103, "y": 131, "width": 64, "height": 15}, "region_attributes": {"label": "PRODUCT:", "key_type": "key", "formal_key": "question"}}, {"shape_attributes": {"name": "rect", "x": 105, "y": 159, "width": 60, "height": 17}, "region_attributes": {"label": "PRESENT:", "key_type": "key", "formal_key": "question"}}, {"shape_attributes": {"name": "rect", "x": 99, "y": 282, "width": 67, "height": 18}, "region_attributes": {"label": "SUMMARY:", "key_type": "key", "formal_key": "question"}}, {"shape_attributes": {"name": "rect", "x": 447, "y": 328, "width": 99, "height": 15}, "region_attributes": {"label": "CONFIDENTIAL", "key_type": "key", "formal_key": "question"}}, {"shape_attributes": {"name": "rect", "x": 95, "y": 501, "width": 18, "height": 13}, "region_attributes": {"label": "PH:", "key_type": "key", "formal_key": "question"}}, {"shape_attributes": {"name": "rect", "x": 94, "y": 532, "width": 20, "height": 11}, "region_attributes": {"label": "cc:", "key_type": "key", "formal_key": "question"}}, {"shape_attributes": {"name": "rect", "x": 623, "y": 714, "width": 20, "height": 115}, "region_attributes": {"label": "670121460", "key_type": "value", "formal_key": "others"}}, {"shape_attributes": {"name": "rect", "x": 115, "y": 506, "width": 15, "height": 11}, "region_attributes": {"label": "mg", "key_type": "value", "formal_key": "answer"}}, {"shape_attributes": {"name": "rect", "x": 437, "y": 141, "width": 64, "height": 17}, "region_attributes": {"label": "Telephone", "key_type": "value", "formal_key": "answer"}}, {"shape_attributes": {"name": "rect", "x": 186, "y": 135, "width": 50, "height": 15}, "region_attributes": {"label": "Viceroy", "key_type": "value", "formal_key": "answer"}}, {"shape_attributes": {"name": "rect", "x": 71, "y": 56, "width": 503, "height": 28}, "region_attributes": {"label": "GREY ADVERTISING INC. - MEETING REPORT", "key_type": "key", "formal_key": "header"}}, {"shape_attributes": {"name": "rect", "x": 605, "y": 56, "width": 80, "height": 35}, "region_attributes": {"label": "FEB 23 1982", "key_type": "value", "formal_key": "others"}}, {"shape_attributes": {"name": "rect", "x": 170, "y": 106, "width": 129, "height": 17}, "region_attributes": {"label": "Brown & Williamson", "key_type": "value", "formal_key": "answer"}}, {"shape_attributes": {"name": "rect", "x": 437, "y": 113, "width": 50, "height": 17}, "region_attributes": {"label": "1/ 19/ 82", "key_type": "value", "formal_key": "answer"}}, {"shape_attributes": {"name": "rect", "x": 550, "y": 116, "width": 56, "height": 16}, "region_attributes": {"label": "482 -2 R1", "key_type": "value", "formal_key": "answer"}}, {"shape_attributes": {"name": "rect", "x": 166, "y": 163, "width": 85, "height": 17}, "region_attributes": {"label": "(For the client)", "key_type": "value", "formal_key": "answer"}}, {"shape_attributes": {"name": "rect", "x": 101, "y": 182, "width": 71, "height": 15}, "region_attributes": {"label": "T. Parrack", "key_type": "value", "formal_key": "answer"}}, {"shape_attributes": {"name": "rect", "x": 383, "y": 166, "width": 90, "height": 17}, "region_attributes": {"label": "DATE OF REPORT:", "key_type": "key", "formal_key": "question"}}, {"shape_attributes": {"name": "rect", "x": 476, "y": 170, "width": 53, "height": 17}, "region_attributes": {"label": "2/ 17/ 82", "key_type": "value", "formal_key": "answer"}}, {"shape_attributes": {"name": "rect", "x": 165, "y": 226, "width": 94, "height": 16}, "region_attributes": {"label": "(For the agency)", "key_type": "value", "formal_key": "others"}}, {"shape_attributes": {"name": "rect", "x": 99, "y": 244, "width": 84, "height": 17}, "region_attributes": {"label": "P. Hendricks", "key_type": "value", "formal_key": "others"}}, {"shape_attributes": {"name": "rect", "x": 447, "y": 306, "width": 78, "height": 16}, "region_attributes": {"label": "Written by:", "key_type": "key", "formal_key": "question"}}, {"shape_attributes": {"name": "rect", "x": 538, "y": 306, "width": 86, "height": 17}, "region_attributes": {"label": "P. Hendricks", "key_type": "value", "formal_key": "answer"}}, {"shape_attributes": {"name": "rect", "x": 95, "y": 374, "width": 485, "height": 62}, "region_attributes": {"label": "Client confirmed agreement for Agency to pay advance to with official photographer, signed estimate to follow, for 1/ 25/ 82. This was Viceroy Shoot week of agreed to by T. and January Parrack A. 18 pre- Forsythe production at the meeting", "key_type": "value", "formal_key": "others"}}, {"shape_attributes": {"name": "rect", "x": 127, "y": 531, "width": 92, "height": 43}, "region_attributes": {"label": "R. Schoenfein S. Dammers P. Hendricks", "key_type": "value", "formal_key": "answer"}}, {"shape_attributes": {"name": "rect", "x": 1, "y": 953, "width": 231, "height": 29}, "region_attributes": {"label": "670121460 PRODUCED FROM B& W WEB SITE", "key_type": "value", "formal_key": "others"}}]}}}