﻿{"file_name": "71108371.json", "attributes": {"_via_img_metadata": {"regions": [{"shape_attributes": {"name": "rect", "x": 110, "y": 109, "width": 75, "height": 15}, "region_attributes": {"label": "Department:", "key_type": "key", "formal_key": "question"}}, {"shape_attributes": {"name": "rect", "x": 109, "y": 147, "width": 49, "height": 14}, "region_attributes": {"label": "System:", "key_type": "key", "formal_key": "question"}}, {"shape_attributes": {"name": "rect", "x": 112, "y": 205, "width": 15, "height": 15}, "region_attributes": {"label": "x", "key_type": "value", "formal_key": "answer"}}, {"shape_attributes": {"name": "rect", "x": 207, "y": 127, "width": 29, "height": 11}, "region_attributes": {"label": "7970", "key_type": "value", "formal_key": "answer"}}, {"shape_attributes": {"name": "rect", "x": 271, "y": 176, "width": 18, "height": 14}, "region_attributes": {"label": "x", "key_type": "value", "formal_key": "answer"}}, {"shape_attributes": {"name": "rect", "x": 462, "y": 189, "width": 14, "height": 13}, "region_attributes": {"label": "X", "key_type": "value", "formal_key": "answer"}}, {"shape_attributes": {"name": "rect", "x": 480, "y": 122, "width": 43, "height": 15}, "region_attributes": {"label": "4/20/98", "key_type": "value", "formal_key": "answer"}}, {"shape_attributes": {"name": "rect", "x": 482, "y": 102, "width": 46, "height": 15}, "region_attributes": {"label": "4/17/98", "key_type": "value", "formal_key": "answer"}}, {"shape_attributes": {"name": "rect", "x": 480, "y": 175, "width": 56, "height": 13}, "region_attributes": {"label": "Immediate", "key_type": "key", "formal_key": "question"}}, {"shape_attributes": {"name": "rect", "x": 483, "y": 189, "width": 27, "height": 11}, "region_attributes": {"label": "High", "key_type": "key", "formal_key": "question"}}, {"shape_attributes": {"name": "rect", "x": 480, "y": 201, "width": 43, "height": 13}, "region_attributes": {"label": "Medium", "key_type": "key", "formal_key": "question"}}, {"shape_attributes": {"name": "rect", "x": 482, "y": 216, "width": 24, "height": 11}, "region_attributes": {"label": "Low", "key_type": "key", "formal_key": "question"}}, {"shape_attributes": {"name": "rect", "x": 482, "y": 229, "width": 29, "height": 11}, "region_attributes": {"label": "Defer", "key_type": "key", "formal_key": "question"}}, {"shape_attributes": {"name": "rect", "x": 511, "y": 155, "width": 70, "height": 14}, "region_attributes": {"label": "PRIORITY", "key_type": "key", "formal_key": "header"}}, {"shape_attributes": {"name": "rect", "x": 408, "y": 712, "width": 43, "height": 14}, "region_attributes": {"label": "designed", "key_type": "value", "formal_key": "others"}}, {"shape_attributes": {"name": "rect", "x": 99, "y": 848, "width": 198, "height": 7}, "region_attributes": {"label": "", "key_type": "value", "formal_key": "others"}}, {"shape_attributes": {"name": "rect", "x": 257, "y": 13, "width": 210, "height": 36}, "region_attributes": {"label": "MIS PROJECT REQUEST PART I - CLIENT REQUEST", "key_type": "key", "formal_key": "header"}}, {"shape_attributes": {"name": "rect", "x": 109, "y": 74, "width": 84, "height": 16}, "region_attributes": {"label": "Requested by:", "key_type": "key", "formal_key": "question"}}, {"shape_attributes": {"name": "rect", "x": 200, "y": 73, "width": 94, "height": 15}, "region_attributes": {"label": "Karl Hutchison", "key_type": "value", "formal_key": "answer"}}, {"shape_attributes": {"name": "rect", "x": 384, "y": 71, "width": 98, "height": 14}, "region_attributes": {"label": "Project Number:", "key_type": "key", "formal_key": "question"}}, {"shape_attributes": {"name": "rect", "x": 485, "y": 70, "width": 88, "height": 15}, "region_attributes": {"label": "(assigned by MIS)", "key_type": "value", "formal_key": "answer"}}, {"shape_attributes": {"name": "rect", "x": 196, "y": 108, "width": 55, "height": 14}, "region_attributes": {"label": "BD & SS", "key_type": "value", "formal_key": "answer"}}, {"shape_attributes": {"name": "rect", "x": 109, "y": 127, "width": 94, "height": 14}, "region_attributes": {"label": "Phone Number:", "key_type": "key", "formal_key": "question"}}, {"shape_attributes": {"name": "rect", "x": 384, "y": 103, "width": 97, "height": 16}, "region_attributes": {"label": "Date Submitted:", "key_type": "key", "formal_key": "question"}}, {"shape_attributes": {"name": "rect", "x": 384, "y": 123, "width": 90, "height": 14}, "region_attributes": {"label": "Date Required:", "key_type": "key", "formal_key": "question"}}, {"shape_attributes": {"name": "rect", "x": 130, "y": 162, "width": 108, "height": 16}, "region_attributes": {"label": "REQUEST TYPE", "key_type": "key", "formal_key": "header"}}, {"shape_attributes": {"name": "rect", "x": 307, "y": 159, "width": 105, "height": 14}, "region_attributes": {"label": "REASON CODE", "key_type": "key", "formal_key": "header"}}, {"shape_attributes": {"name": "rect", "x": 131, "y": 180, "width": 86, "height": 12}, "region_attributes": {"label": "1. Enhancement", "key_type": "key", "formal_key": "question"}}, {"shape_attributes": {"name": "rect", "x": 133, "y": 194, "width": 82, "height": 12}, "region_attributes": {"label": "2. Maintenance", "key_type": "key", "formal_key": "question"}}, {"shape_attributes": {"name": "rect", "x": 135, "y": 207, "width": 108, "height": 14}, "region_attributes": {"label": "3. Special Processing", "key_type": "key", "formal_key": "question"}}, {"shape_attributes": {"name": "rect", "x": 133, "y": 221, "width": 54, "height": 13}, "region_attributes": {"label": "4. Ad Hoc", "key_type": "key", "formal_key": "question"}}, {"shape_attributes": {"name": "rect", "x": 131, "y": 235, "width": 74, "height": 14}, "region_attributes": {"label": "5. Emergency", "key_type": "key", "formal_key": "question"}}, {"shape_attributes": {"name": "rect", "x": 296, "y": 177, "width": 147, "height": 13}, "region_attributes": {"label": "1. Productivity Improvement", "key_type": "key", "formal_key": "question"}}, {"shape_attributes": {"name": "rect", "x": 295, "y": 190, "width": 125, "height": 14}, "region_attributes": {"label": "2. Return On Investment", "key_type": "key", "formal_key": "question"}}, {"shape_attributes": {"name": "rect", "x": 293, "y": 204, "width": 105, "height": 14}, "region_attributes": {"label": "3. Customer Impact", "key_type": "key", "formal_key": "question"}}, {"shape_attributes": {"name": "rect", "x": 293, "y": 216, "width": 147, "height": 15}, "region_attributes": {"label": "4. Government Requirement", "key_type": "key", "formal_key": "question"}}, {"shape_attributes": {"name": "rect", "x": 295, "y": 232, "width": 99, "height": 13}, "region_attributes": {"label": "5. Business Change", "key_type": "key", "formal_key": "question"}}, {"shape_attributes": {"name": "rect", "x": 295, "y": 244, "width": 82, "height": 15}, "region_attributes": {"label": "6. System Error", "key_type": "key", "formal_key": "question"}}, {"shape_attributes": {"name": "rect", "x": 296, "y": 258, "width": 103, "height": 15}, "region_attributes": {"label": "7. Procedural Error", "key_type": "key", "formal_key": "question"}}, {"shape_attributes": {"name": "rect", "x": 110, "y": 292, "width": 157, "height": 15}, "region_attributes": {"label": "PROBLEM DEFINITION", "key_type": "key", "formal_key": "header"}}, {"shape_attributes": {"name": "rect", "x": 109, "y": 310, "width": 117, "height": 14}, "region_attributes": {"label": "Description of Request:", "key_type": "key", "formal_key": "question"}}, {"shape_attributes": {"name": "rect", "x": 109, "y": 318, "width": 497, "height": 34}, "region_attributes": {"label": "Please run job FRMRXUM2 for GPC, Misty, and Kool against file b:\\common\\khutchi\\r892unm.lst. Please place output in the same directory.", "key_type": "value", "formal_key": "answer"}}, {"shape_attributes": {"name": "rect", "x": 110, "y": 406, "width": 101, "height": 15}, "region_attributes": {"label": "Reason for Request:", "key_type": "key", "formal_key": "question"}}, {"shape_attributes": {"name": "rect", "x": 109, "y": 430, "width": 427, "height": 17}, "region_attributes": {"label": "Calculation of 1997 STR volumes for these brands for allocation of Period 2A budgets.", "key_type": "value", "formal_key": "answer"}}, {"shape_attributes": {"name": "rect", "x": 110, "y": 506, "width": 144, "height": 17}, "region_attributes": {"label": "Request Authorized By:", "key_type": "key", "formal_key": "question"}}, {"shape_attributes": {"name": "rect", "x": 309, "y": 520, "width": 84, "height": 17}, "region_attributes": {"label": "Karl Hutchison", "key_type": "value", "formal_key": "answer"}}, {"shape_attributes": {"name": "rect", "x": 98, "y": 588, "width": 93, "height": 15}, "region_attributes": {"label": "REQUEST TYPE:", "key_type": "key", "formal_key": "header"}}, {"shape_attributes": {"name": "rect", "x": 387, "y": 584, "width": 89, "height": 15}, "region_attributes": {"label": "REASON CODE:", "key_type": "key", "formal_key": "header"}}, {"shape_attributes": {"name": "rect", "x": 101, "y": 782, "width": 166, "height": 15}, "region_attributes": {"label": "REQUEST AUTHORIZED BY", "key_type": "key", "formal_key": "question"}}, {"shape_attributes": {"name": "rect", "x": 98, "y": 603, "width": 98, "height": 13}, "region_attributes": {"label": "1. Enhancement", "key_type": "key", "formal_key": "question"}}, {"shape_attributes": {"name": "rect", "x": 198, "y": 602, "width": 149, "height": 13}, "region_attributes": {"label": "productivity improvement, new", "key_type": "value", "formal_key": "others"}}, {"shape_attributes": {"name": "rect", "x": 119, "y": 615, "width": 160, "height": 15}, "region_attributes": {"label": "functionality, nice to have feature", "key_type": "value", "formal_key": "others"}}, {"shape_attributes": {"name": "rect", "x": 98, "y": 630, "width": 95, "height": 14}, "region_attributes": {"label": "2. Maintenance-", "key_type": "key", "formal_key": "question"}}, {"shape_attributes": {"name": "rect", "x": 194, "y": 628, "width": 177, "height": 14}, "region_attributes": {"label": "fix program error new business need", "key_type": "value", "formal_key": "others"}}, {"shape_attributes": {"name": "rect", "x": 98, "y": 645, "width": 123, "height": 13}, "region_attributes": {"label": "3. Special Processing", "key_type": "key", "formal_key": "question"}}, {"shape_attributes": {"name": "rect", "x": 222, "y": 642, "width": 154, "height": 14}, "region_attributes": {"label": "high volume file maintenance or", "key_type": "value", "formal_key": "others"}}, {"shape_attributes": {"name": "rect", "x": 120, "y": 656, "width": 256, "height": 16}, "region_attributes": {"label": "data correction which is not part of normal processing", "key_type": "value", "formal_key": "others"}}, {"shape_attributes": {"name": "rect", "x": 99, "y": 672, "width": 68, "height": 14}, "region_attributes": {"label": "4. Ad Hoc-", "key_type": "key", "formal_key": "question"}}, {"shape_attributes": {"name": "rect", "x": 169, "y": 672, "width": 200, "height": 14}, "region_attributes": {"label": "reporting requirement which is not part of", "key_type": "value", "formal_key": "others"}}, {"shape_attributes": {"name": "rect", "x": 120, "y": 687, "width": 88, "height": 13}, "region_attributes": {"label": "normal processing", "key_type": "value", "formal_key": "others"}}, {"shape_attributes": {"name": "rect", "x": 99, "y": 701, "width": 87, "height": 13}, "region_attributes": {"label": "5. Emergency-", "key_type": "key", "formal_key": "question"}}, {"shape_attributes": {"name": "rect", "x": 187, "y": 700, "width": 157, "height": 14}, "region_attributes": {"label": "application or technology failure", "key_type": "value", "formal_key": "others"}}, {"shape_attributes": {"name": "rect", "x": 388, "y": 599, "width": 158, "height": 14}, "region_attributes": {"label": "1. Productivity Improvement", "key_type": "key", "formal_key": "question"}}, {"shape_attributes": {"name": "rect", "x": 387, "y": 612, "width": 135, "height": 15}, "region_attributes": {"label": "2. Return on Investment-", "key_type": "key", "formal_key": "question"}}, {"shape_attributes": {"name": "rect", "x": 388, "y": 627, "width": 114, "height": 14}, "region_attributes": {"label": "3. Customer Impact", "key_type": "key", "formal_key": "question"}}, {"shape_attributes": {"name": "rect", "x": 524, "y": 612, "width": 68, "height": 13}, "region_attributes": {"label": "dollar savings", "key_type": "value", "formal_key": "others"}}, {"shape_attributes": {"name": "rect", "x": 547, "y": 596, "width": 64, "height": 14}, "region_attributes": {"label": "time savings", "key_type": "value", "formal_key": "others"}}, {"shape_attributes": {"name": "rect", "x": 503, "y": 624, "width": 118, "height": 14}, "region_attributes": {"label": "requested change affects", "key_type": "value", "formal_key": "others"}}, {"shape_attributes": {"name": "rect", "x": 408, "y": 640, "width": 127, "height": 14}, "region_attributes": {"label": "B&W's external customers", "key_type": "value", "formal_key": "others"}}, {"shape_attributes": {"name": "rect", "x": 388, "y": 655, "width": 158, "height": 14}, "region_attributes": {"label": "4. Government Requirement", "key_type": "key", "formal_key": "question"}}, {"shape_attributes": {"name": "rect", "x": 547, "y": 652, "width": 75, "height": 15}, "region_attributes": {"label": "required by law", "key_type": "value", "formal_key": "others"}}, {"shape_attributes": {"name": "rect", "x": 388, "y": 668, "width": 112, "height": 15}, "region_attributes": {"label": "5. Business Change", "key_type": "key", "formal_key": "question"}}, {"shape_attributes": {"name": "rect", "x": 501, "y": 668, "width": 99, "height": 14}, "region_attributes": {"label": "change in a business", "key_type": "value", "formal_key": "others"}}, {"shape_attributes": {"name": "rect", "x": 409, "y": 682, "width": 195, "height": 16}, "region_attributes": {"label": "process, or implement strategic direction", "key_type": "value", "formal_key": "others"}}, {"shape_attributes": {"name": "rect", "x": 388, "y": 697, "width": 95, "height": 14}, "region_attributes": {"label": "6. System Error-", "key_type": "key", "formal_key": "question"}}, {"shape_attributes": {"name": "rect", "x": 486, "y": 696, "width": 131, "height": 15}, "region_attributes": {"label": "System is not functioning as", "key_type": "value", "formal_key": "others"}}, {"shape_attributes": {"name": "rect", "x": 388, "y": 725, "width": 114, "height": 14}, "region_attributes": {"label": "7. Procedural Error", "key_type": "key", "formal_key": "question"}}, {"shape_attributes": {"name": "rect", "x": 506, "y": 722, "width": 128, "height": 16}, "region_attributes": {"label": "caused by user, scheduling,", "key_type": "value", "formal_key": "others"}}, {"shape_attributes": {"name": "rect", "x": 409, "y": 740, "width": 72, "height": 13}, "region_attributes": {"label": "operations, etc.", "key_type": "value", "formal_key": "others"}}, {"shape_attributes": {"name": "rect", "x": 270, "y": 777, "width": 357, "height": 20}, "region_attributes": {"label": "MUST BE AUTHORIZED BY THE DEPARTMENT DIRECTOR OR THE", "key_type": "value", "formal_key": "answer"}}, {"shape_attributes": {"name": "rect", "x": 101, "y": 793, "width": 520, "height": 17}, "region_attributes": {"label": "DESIGNATED SYSTEM OWNER BEFORE SUBMISSION TO THE MIS CLIENT SYSTEMS MANAGER.", "key_type": "value", "formal_key": "answer"}}, {"shape_attributes": {"name": "rect", "x": 0, "y": 954, "width": 232, "height": 28}, "region_attributes": {"label": "12009596 PRODUCED FROM B&W WEB SITE", "key_type": "value", "formal_key": "others"}}]}}}