﻿{"file_name": "71190280.json", "attributes": {"_via_img_metadata": {"regions": [{"shape_attributes": {"name": "rect", "x": 85, "y": 527, "width": 63, "height": 15}, "region_attributes": {"label": "Signature", "key_type": "key", "formal_key": "question"}}, {"shape_attributes": {"name": "rect", "x": 319, "y": 525, "width": 73, "height": 15}, "region_attributes": {"label": "Department", "key_type": "key", "formal_key": "question"}}, {"shape_attributes": {"name": "rect", "x": 513, "y": 523, "width": 35, "height": 15}, "region_attributes": {"label": "Date", "key_type": "key", "formal_key": "question"}}, {"shape_attributes": {"name": "rect", "x": 515, "y": 676, "width": 38, "height": 17}, "region_attributes": {"label": "Date", "key_type": "key", "formal_key": "question"}}, {"shape_attributes": {"name": "rect", "x": 322, "y": 679, "width": 76, "height": 18}, "region_attributes": {"label": "Department", "key_type": "key", "formal_key": "question"}}, {"shape_attributes": {"name": "rect", "x": 88, "y": 683, "width": 60, "height": 15}, "region_attributes": {"label": "Signature", "key_type": "key", "formal_key": "question"}}, {"shape_attributes": {"name": "rect", "x": 56, "y": 453, "width": 30, "height": 12}, "region_attributes": {"label": "T&N", "key_type": "key", "formal_key": "question"}}, {"shape_attributes": {"name": "rect", "x": 58, "y": 394, "width": 65, "height": 13}, "region_attributes": {"label": "WARNING", "key_type": "key", "formal_key": "question"}}, {"shape_attributes": {"name": "rect", "x": 51, "y": 239, "width": 43, "height": 12}, "region_attributes": {"label": "DATE", "key_type": "key", "formal_key": "question"}}, {"shape_attributes": {"name": "rect", "x": 462, "y": 228, "width": 56, "height": 38}, "region_attributes": {"label": "44", "key_type": "value", "formal_key": "others"}}, {"shape_attributes": {"name": "rect", "x": 171, "y": 447, "width": 18, "height": 17}, "region_attributes": {"label": "8'", "key_type": "value", "formal_key": "answer"}}, {"shape_attributes": {"name": "rect", "x": 181, "y": 628, "width": 158, "height": 143}, "region_attributes": {"label": "", "key_type": "value", "formal_key": "answer"}}, {"shape_attributes": {"name": "rect", "x": 171, "y": 332, "width": 125, "height": 13}, "region_attributes": {"label": "33/16\"WX21/2\"H", "key_type": "value", "formal_key": "answer"}}, {"shape_attributes": {"name": "rect", "x": 113, "y": 238, "width": 55, "height": 13}, "region_attributes": {"label": "10/22/98", "key_type": "value", "formal_key": "answer"}}, {"shape_attributes": {"name": "rect", "x": 540, "y": 346, "width": 35, "height": 13}, "region_attributes": {"label": "(Date)", "key_type": "key", "formal_key": "question"}}, {"shape_attributes": {"name": "rect", "x": 60, "y": 819, "width": 78, "height": 13}, "region_attributes": {"label": "REVISIONS", "key_type": "key", "formal_key": "question"}}, {"shape_attributes": {"name": "rect", "x": 50, "y": 159, "width": 51, "height": 17}, "region_attributes": {"label": "BRAND", "key_type": "key", "formal_key": "question"}}, {"shape_attributes": {"name": "rect", "x": 53, "y": 199, "width": 90, "height": 15}, "region_attributes": {"label": "DESCRIPTION", "key_type": "key", "formal_key": "question"}}, {"shape_attributes": {"name": "rect", "x": 120, "y": 120, "width": 33, "height": 15}, "region_attributes": {"label": "7848", "key_type": "value", "formal_key": "answer"}}, {"shape_attributes": {"name": "rect", "x": 53, "y": 121, "width": 55, "height": 19}, "region_attributes": {"label": "JOB NO.", "key_type": "key", "formal_key": "question"}}, {"shape_attributes": {"name": "rect", "x": 48, "y": 35, "width": 265, "height": 68}, "region_attributes": {"label": "BROWN & WILLIAMSON TOBACCO CORPORATION B&W", "key_type": "key", "formal_key": "header"}}, {"shape_attributes": {"name": "rect", "x": 502, "y": 12, "width": 154, "height": 58}, "region_attributes": {"label": "INC", "key_type": "key", "formal_key": "header"}}, {"shape_attributes": {"name": "rect", "x": 556, "y": 71, "width": 94, "height": 40}, "region_attributes": {"label": "", "key_type": "value", "formal_key": "others"}}, {"shape_attributes": {"name": "rect", "x": 116, "y": 159, "width": 86, "height": 15}, "region_attributes": {"label": "KOOL Natural", "key_type": "value", "formal_key": "answer"}}, {"shape_attributes": {"name": "rect", "x": 145, "y": 183, "width": 274, "height": 30}, "region_attributes": {"label": "Passport Winter Program Ad- EMRO", "key_type": "value", "formal_key": "answer"}}, {"shape_attributes": {"name": "rect", "x": 173, "y": 276, "width": 115, "height": 15}, "region_attributes": {"label": "7.96875 sq inches", "key_type": "value", "formal_key": "answer"}}, {"shape_attributes": {"name": "rect", "x": 53, "y": 274, "width": 111, "height": 19}, "region_attributes": {"label": "SQ. INCHES/FEET", "key_type": "key", "formal_key": "question"}}, {"shape_attributes": {"name": "rect", "x": 58, "y": 334, "width": 64, "height": 18}, "region_attributes": {"label": "TRIM SIZE", "key_type": "key", "formal_key": "question"}}, {"shape_attributes": {"name": "rect", "x": 173, "y": 387, "width": 140, "height": 22}, "region_attributes": {"label": "Exhibt 1(a) Statement A", "key_type": "value", "formal_key": "answer"}}, {"shape_attributes": {"name": "rect", "x": 409, "y": 319, "width": 51, "height": 29}, "region_attributes": {"label": "Legal Approval", "key_type": "key", "formal_key": "question"}}, {"shape_attributes": {"name": "rect", "x": 53, "y": 507, "width": 113, "height": 17}, "region_attributes": {"label": "OTT APPROVALS", "key_type": "key", "formal_key": "header"}}, {"shape_attributes": {"name": "rect", "x": 95, "y": 537, "width": 85, "height": 63}, "region_attributes": {"label": "LKelly ", "key_type": "value", "formal_key": "answer"}}, {"shape_attributes": {"name": "rect", "x": 326, "y": 540, "width": 110, "height": 42}, "region_attributes": {"label": "production AE", "key_type": "value", "formal_key": "answer"}}, {"shape_attributes": {"name": "rect", "x": 517, "y": 533, "width": 92, "height": 45}, "region_attributes": {"label": "10/22/98 10/22/98", "key_type": "value", "formal_key": "answer"}}, {"shape_attributes": {"name": "rect", "x": 56, "y": 663, "width": 119, "height": 14}, "region_attributes": {"label": "B&W APPROVALS", "key_type": "key", "formal_key": "header"}}, {"shape_attributes": {"name": "rect", "x": 324, "y": 812, "width": 111, "height": 18}, "region_attributes": {"label": "DATE COMPLETE", "key_type": "key", "formal_key": "question"}}, {"shape_attributes": {"name": "rect", "x": 520, "y": 811, "width": 151, "height": 14}, "region_attributes": {"label": "REVISIONS APPROVED", "key_type": "key", "formal_key": "question"}}, {"shape_attributes": {"name": "rect", "x": 0, "y": 953, "width": 231, "height": 31}, "region_attributes": {"label": "176103236 PRODUCED FROM B&W WEB SITE", "key_type": "value", "formal_key": "others"}}]}}}