﻿{"file_name": "71206427.json", "attributes": {"_via_img_metadata": {"regions": [{"shape_attributes": {"name": "rect", "x": 394, "y": 145, "width": 39, "height": 17}, "region_attributes": {"label": "ITEM:", "key_type": "key", "formal_key": "question"}}, {"shape_attributes": {"name": "rect", "x": 109, "y": 112, "width": 42, "height": 17}, "region_attributes": {"label": "DATE:", "key_type": "key", "formal_key": "question"}}, {"shape_attributes": {"name": "rect", "x": 110, "y": 140, "width": 49, "height": 15}, "region_attributes": {"label": "BRAND:", "key_type": "key", "formal_key": "question"}}, {"shape_attributes": {"name": "rect", "x": 109, "y": 183, "width": 59, "height": 15}, "region_attributes": {"label": "SUMMARY", "key_type": "key", "formal_key": "question"}}, {"shape_attributes": {"name": "rect", "x": 175, "y": 184, "width": 18, "height": 11}, "region_attributes": {"label": "OF", "key_type": "key", "formal_key": "question"}}, {"shape_attributes": {"name": "rect", "x": 201, "y": 184, "width": 66, "height": 14}, "region_attributes": {"label": "PROJECT:", "key_type": "key", "formal_key": "question"}}, {"shape_attributes": {"name": "rect", "x": 317, "y": 186, "width": 68, "height": 13}, "region_attributes": {"label": "Attached", "key_type": "value", "formal_key": "answer"}}, {"shape_attributes": {"name": "rect", "x": 282, "y": 186, "width": 28, "height": 11}, "region_attributes": {"label": "See", "key_type": "value", "formal_key": "answer"}}, {"shape_attributes": {"name": "rect", "x": 103, "y": 404, "width": 70, "height": 14}, "region_attributes": {"label": "FUNDING:", "key_type": "key", "formal_key": "question"}}, {"shape_attributes": {"name": "rect", "x": 101, "y": 559, "width": 95, "height": 15}, "region_attributes": {"label": "SIGNATURES:", "key_type": "key", "formal_key": "header"}}, {"shape_attributes": {"name": "rect", "x": 98, "y": 824, "width": 68, "height": 14}, "region_attributes": {"label": "4514cbta", "key_type": "value", "formal_key": "others"}}, {"shape_attributes": {"name": "rect", "x": 545, "y": 21, "width": 102, "height": 96}, "region_attributes": {"label": "", "key_type": "value", "formal_key": "others"}}, {"shape_attributes": {"name": "rect", "x": 328, "y": 74, "width": 109, "height": 16}, "region_attributes": {"label": "PROJECT BRIEF", "key_type": "key", "formal_key": "header"}}, {"shape_attributes": {"name": "rect", "x": 194, "y": 115, "width": 101, "height": 15}, "region_attributes": {"label": "June 1, 1990", "key_type": "value", "formal_key": "answer"}}, {"shape_attributes": {"name": "rect", "x": 176, "y": 142, "width": 176, "height": 28}, "region_attributes": {"label": "General Merchandising Nonspecific", "key_type": "value", "formal_key": "answer"}}, {"shape_attributes": {"name": "rect", "x": 450, "y": 147, "width": 203, "height": 28}, "region_attributes": {"label": "Package Fixture Circle-K Convenient Stores", "key_type": "value", "formal_key": "answer"}}, {"shape_attributes": {"name": "rect", "x": 550, "y": 216, "width": 153, "height": 109}, "region_attributes": {"label": "", "key_type": "value", "formal_key": "others"}}, {"shape_attributes": {"name": "rect", "x": 106, "y": 251, "width": 225, "height": 17}, "region_attributes": {"label": "SUPPLIERS BEING CONSIDERED:", "key_type": "key", "formal_key": "question"}}, {"shape_attributes": {"name": "rect", "x": 106, "y": 278, "width": 104, "height": 17}, "region_attributes": {"label": "Chicago Show", "key_type": "value", "formal_key": "answer"}}, {"shape_attributes": {"name": "rect", "x": 105, "y": 306, "width": 136, "height": 18}, "region_attributes": {"label": "Display Equation", "key_type": "value", "formal_key": "answer"}}, {"shape_attributes": {"name": "rect", "x": 106, "y": 335, "width": 127, "height": 17}, "region_attributes": {"label": "Chicago Display", "key_type": "value", "formal_key": "answer"}}, {"shape_attributes": {"name": "rect", "x": 106, "y": 360, "width": 227, "height": 20}, "region_attributes": {"label": "Robert Nielson & Associates", "key_type": "value", "formal_key": "answer"}}, {"shape_attributes": {"name": "rect", "x": 106, "y": 430, "width": 241, "height": 21}, "region_attributes": {"label": "1990 Customized Merchandising", "key_type": "value", "formal_key": "answer"}}, {"shape_attributes": {"name": "rect", "x": 105, "y": 459, "width": 126, "height": 15}, "region_attributes": {"label": "Services ESPNS", "key_type": "value", "formal_key": "answer"}}, {"shape_attributes": {"name": "rect", "x": 101, "y": 598, "width": 153, "height": 17}, "region_attributes": {"label": "REQUESTING MANAGER", "key_type": "key", "formal_key": "question"}}, {"shape_attributes": {"name": "rect", "x": 101, "y": 640, "width": 177, "height": 17}, "region_attributes": {"label": "MERCHANDISING MANAGER", "key_type": "key", "formal_key": "question"}}, {"shape_attributes": {"name": "rect", "x": 99, "y": 682, "width": 186, "height": 17}, "region_attributes": {"label": "GROUP PRODUCT DIRECTOR", "key_type": "key", "formal_key": "question"}}, {"shape_attributes": {"name": "rect", "x": 98, "y": 725, "width": 177, "height": 17}, "region_attributes": {"label": "PURCHASING DEPARTMENT", "key_type": "key", "formal_key": "question"}}, {"shape_attributes": {"name": "rect", "x": 96, "y": 768, "width": 85, "height": 15}, "region_attributes": {"label": "RETURN TO:", "key_type": "key", "formal_key": "question"}}, {"shape_attributes": {"name": "rect", "x": 197, "y": 771, "width": 154, "height": 14}, "region_attributes": {"label": "REQUESTING MANAGER", "key_type": "value", "formal_key": "answer"}}, {"shape_attributes": {"name": "rect", "x": 1, "y": 953, "width": 231, "height": 30}, "region_attributes": {"label": "462231045 PRODUCED FROM B&W WEB SITE", "key_type": "value", "formal_key": "others"}}]}}}