﻿{"file_name": "71202511.json", "attributes": {"_via_img_metadata": {"regions": [{"shape_attributes": {"name": "rect", "x": 64, "y": 103, "width": 30, "height": 12}, "region_attributes": {"label": "Date:", "key_type": "key", "formal_key": "question"}}, {"shape_attributes": {"name": "rect", "x": 64, "y": 120, "width": 70, "height": 10}, "region_attributes": {"label": "Description:", "key_type": "key", "formal_key": "question"}}, {"shape_attributes": {"name": "rect", "x": 153, "y": 228, "width": 51, "height": 15}, "region_attributes": {"label": "Supplier", "key_type": "key", "formal_key": "header"}}, {"shape_attributes": {"name": "rect", "x": 296, "y": 160, "width": 57, "height": 12}, "region_attributes": {"label": "Budgeted:", "key_type": "key", "formal_key": "header"}}, {"shape_attributes": {"name": "rect", "x": 470, "y": 138, "width": 25, "height": 13}, "region_attributes": {"label": "Yes", "key_type": "key", "formal_key": "question"}}, {"shape_attributes": {"name": "rect", "x": 472, "y": 156, "width": 25, "height": 10}, "region_attributes": {"label": "Yes", "key_type": "key", "formal_key": "question"}}, {"shape_attributes": {"name": "rect", "x": 407, "y": 237, "width": 34, "height": 13}, "region_attributes": {"label": "3,000", "key_type": "value", "formal_key": "answer"}}, {"shape_attributes": {"name": "rect", "x": 500, "y": 234, "width": 40, "height": 13}, "region_attributes": {"label": "58,500", "key_type": "value", "formal_key": "answer"}}, {"shape_attributes": {"name": "rect", "x": 522, "y": 138, "width": 15, "height": 13}, "region_attributes": {"label": "X", "key_type": "value", "formal_key": "answer"}}, {"shape_attributes": {"name": "rect", "x": 524, "y": 154, "width": 19, "height": 10}, "region_attributes": {"label": "X", "key_type": "value", "formal_key": "answer"}}, {"shape_attributes": {"name": "rect", "x": 555, "y": 135, "width": 18, "height": 13}, "region_attributes": {"label": "No", "key_type": "key", "formal_key": "question"}}, {"shape_attributes": {"name": "rect", "x": 555, "y": 153, "width": 21, "height": 13}, "region_attributes": {"label": "No", "key_type": "key", "formal_key": "question"}}, {"shape_attributes": {"name": "rect", "x": 518, "y": 88, "width": 27, "height": 16}, "region_attributes": {"label": "No.", "key_type": "key", "formal_key": "question"}}, {"shape_attributes": {"name": "rect", "x": 72, "y": 410, "width": 33, "height": 12}, "region_attributes": {"label": "Wave", "key_type": "key", "formal_key": "question"}}, {"shape_attributes": {"name": "rect", "x": 103, "y": 410, "width": 19, "height": 12}, "region_attributes": {"label": "(s)", "key_type": "key", "formal_key": "question"}}, {"shape_attributes": {"name": "rect", "x": 419, "y": 431, "width": 66, "height": 18}, "region_attributes": {"label": "Qualatative", "key_type": "value", "formal_key": "answer"}}, {"shape_attributes": {"name": "rect", "x": 476, "y": 497, "width": 12, "height": 12}, "region_attributes": {"label": "$", "key_type": "value", "formal_key": "answer"}}, {"shape_attributes": {"name": "rect", "x": 195, "y": 668, "width": 45, "height": 13}, "region_attributes": {"label": "Analyst", "key_type": "value", "formal_key": "others"}}, {"shape_attributes": {"name": "rect", "x": 466, "y": 641, "width": 37, "height": 19}, "region_attributes": {"label": "Date:", "key_type": "key", "formal_key": "question"}}, {"shape_attributes": {"name": "rect", "x": 467, "y": 677, "width": 36, "height": 13}, "region_attributes": {"label": "Date:", "key_type": "key", "formal_key": "question"}}, {"shape_attributes": {"name": "rect", "x": 467, "y": 705, "width": 34, "height": 15}, "region_attributes": {"label": "Date:", "key_type": "key", "formal_key": "question"}}, {"shape_attributes": {"name": "rect", "x": 469, "y": 735, "width": 40, "height": 12}, "region_attributes": {"label": "Date:", "key_type": "key", "formal_key": "question"}}, {"shape_attributes": {"name": "rect", "x": 469, "y": 763, "width": 34, "height": 15}, "region_attributes": {"label": "Date:", "key_type": "key", "formal_key": "question"}}, {"shape_attributes": {"name": "rect", "x": 85, "y": 871, "width": 43, "height": 15}, "region_attributes": {"label": "Original:", "key_type": "key", "formal_key": "question"}}, {"shape_attributes": {"name": "rect", "x": 82, "y": 885, "width": 25, "height": 15}, "region_attributes": {"label": "CC:", "key_type": "key", "formal_key": "question"}}, {"shape_attributes": {"name": "rect", "x": 85, "y": 906, "width": 37, "height": 12}, "region_attributes": {"label": "MRADOM", "key_type": "value", "formal_key": "others"}}, {"shape_attributes": {"name": "rect", "x": 204, "y": 24, "width": 296, "height": 20}, "region_attributes": {"label": "MA ETING RESEARCH AUTHORIZ ON", "key_type": "key", "formal_key": "header"}}, {"shape_attributes": {"name": "rect", "x": 246, "y": 42, "width": 213, "height": 32}, "region_attributes": {"label": "(DOMESTIC) (Recommended Proposal Attached)", "key_type": "value", "formal_key": "others"}}, {"shape_attributes": {"name": "rect", "x": 168, "y": 99, "width": 42, "height": 15}, "region_attributes": {"label": "2/ 26/ 98", "key_type": "value", "formal_key": "answer"}}, {"shape_attributes": {"name": "rect", "x": 169, "y": 109, "width": 226, "height": 18}, "region_attributes": {"label": "KOOL Natural Lights Packaging - Round I", "key_type": "value", "formal_key": "answer"}}, {"shape_attributes": {"name": "rect", "x": 555, "y": 88, "width": 53, "height": 12}, "region_attributes": {"label": "1998 -18D", "key_type": "value", "formal_key": "answer"}}, {"shape_attributes": {"name": "rect", "x": 66, "y": 148, "width": 79, "height": 15}, "region_attributes": {"label": "Requested by:", "key_type": "key", "formal_key": "question"}}, {"shape_attributes": {"name": "rect", "x": 171, "y": 145, "width": 84, "height": 13}, "region_attributes": {"label": "Nick Wilkerson", "key_type": "value", "formal_key": "answer"}}, {"shape_attributes": {"name": "rect", "x": 296, "y": 141, "width": 141, "height": 14}, "region_attributes": {"label": "Research Req. Attached:", "key_type": "key", "formal_key": "header"}}, {"shape_attributes": {"name": "rect", "x": 277, "y": 172, "width": 154, "height": 18}, "region_attributes": {"label": "Original Budgeted Amount:", "key_type": "key", "formal_key": "question"}}, {"shape_attributes": {"name": "rect", "x": 67, "y": 195, "width": 188, "height": 18}, "region_attributes": {"label": "Competitive Proposals Obtained:", "key_type": "key", "formal_key": "question"}}, {"shape_attributes": {"name": "rect", "x": 320, "y": 223, "width": 43, "height": 15}, "region_attributes": {"label": "Cost ($)", "key_type": "key", "formal_key": "question"}}, {"shape_attributes": {"name": "rect", "x": 397, "y": 219, "width": 62, "height": 15}, "region_attributes": {"label": "Est. Travel", "key_type": "key", "formal_key": "question"}}, {"shape_attributes": {"name": "rect", "x": 487, "y": 217, "width": 60, "height": 13}, "region_attributes": {"label": "Total Cost", "key_type": "key", "formal_key": "question"}}, {"shape_attributes": {"name": "rect", "x": 575, "y": 202, "width": 54, "height": 27}, "region_attributes": {"label": "Cost per Interview", "key_type": "key", "formal_key": "question"}}, {"shape_attributes": {"name": "rect", "x": 304, "y": 240, "width": 49, "height": 13}, "region_attributes": {"label": "$ 55,500", "key_type": "value", "formal_key": "answer"}}, {"shape_attributes": {"name": "rect", "x": 66, "y": 246, "width": 90, "height": 15}, "region_attributes": {"label": "Rabid Research", "key_type": "key", "formal_key": "question"}}, {"shape_attributes": {"name": "rect", "x": 69, "y": 307, "width": 221, "height": 16}, "region_attributes": {"label": "Proiected External Authorization Date", "key_type": "key", "formal_key": "question"}}, {"shape_attributes": {"name": "rect", "x": 469, "y": 299, "width": 43, "height": 15}, "region_attributes": {"label": "2 /26 /98", "key_type": "value", "formal_key": "answer"}}, {"shape_attributes": {"name": "rect", "x": 449, "y": 332, "width": 63, "height": 15}, "region_attributes": {"label": "w /o 3/ 23 /98", "key_type": "value", "formal_key": "answer"}}, {"shape_attributes": {"name": "rect", "x": 449, "y": 379, "width": 60, "height": 19}, "region_attributes": {"label": "w/ o 4/ 6/ 98", "key_type": "value", "formal_key": "answer"}}, {"shape_attributes": {"name": "rect", "x": 72, "y": 343, "width": 89, "height": 14}, "region_attributes": {"label": "Field Complete", "key_type": "key", "formal_key": "question"}}, {"shape_attributes": {"name": "rect", "x": 73, "y": 358, "width": 46, "height": 16}, "region_attributes": {"label": "Wave (s)", "key_type": "key", "formal_key": "question"}}, {"shape_attributes": {"name": "rect", "x": 73, "y": 389, "width": 149, "height": 18}, "region_attributes": {"label": "Final Supplier Report Due", "key_type": "key", "formal_key": "question"}}, {"shape_attributes": {"name": "rect", "x": 73, "y": 437, "width": 220, "height": 21}, "region_attributes": {"label": "Project Type (Product Test, A & U, etc.)", "key_type": "key", "formal_key": "question"}}, {"shape_attributes": {"name": "rect", "x": 436, "y": 464, "width": 46, "height": 12}, "region_attributes": {"label": "$ 58,500", "key_type": "value", "formal_key": "answer"}}, {"shape_attributes": {"name": "rect", "x": 440, "y": 481, "width": 45, "height": 13}, "region_attributes": {"label": "$ 58,500", "key_type": "value", "formal_key": "answer"}}, {"shape_attributes": {"name": "rect", "x": 73, "y": 473, "width": 192, "height": 15}, "region_attributes": {"label": "Total Authorized Project Amount", "key_type": "key", "formal_key": "question"}}, {"shape_attributes": {"name": "rect", "x": 90, "y": 488, "width": 200, "height": 20}, "region_attributes": {"label": "To Be Deducted from 1998 Budget", "key_type": "key", "formal_key": "question"}}, {"shape_attributes": {"name": "rect", "x": 90, "y": 504, "width": 200, "height": 18}, "region_attributes": {"label": "To Be Deducted from 1999 Budget", "key_type": "key", "formal_key": "question"}}, {"shape_attributes": {"name": "rect", "x": 78, "y": 573, "width": 73, "height": 15}, "region_attributes": {"label": "Sample Size:", "key_type": "key", "formal_key": "question"}}, {"shape_attributes": {"name": "rect", "x": 205, "y": 569, "width": 63, "height": 15}, "region_attributes": {"label": "12 groups", "key_type": "value", "formal_key": "answer"}}, {"shape_attributes": {"name": "rect", "x": 76, "y": 588, "width": 141, "height": 15}, "region_attributes": {"label": "Recommended Supplier:", "key_type": "key", "formal_key": "question"}}, {"shape_attributes": {"name": "rect", "x": 76, "y": 605, "width": 183, "height": 14}, "region_attributes": {"label": "Reason (s) for Recommendation:", "key_type": "key", "formal_key": "question"}}, {"shape_attributes": {"name": "rect", "x": 305, "y": 582, "width": 87, "height": 17}, "region_attributes": {"label": "Rabid Research", "key_type": "value", "formal_key": "others"}}, {"shape_attributes": {"name": "rect", "x": 308, "y": 591, "width": 327, "height": 39}, "region_attributes": {"label": "Rabid was selected due to the critical timing of the project and the lack of availability of other suppliers", "key_type": "value", "formal_key": "answer"}}, {"shape_attributes": {"name": "rect", "x": 79, "y": 653, "width": 87, "height": 15}, "region_attributes": {"label": "Submitted By:", "key_type": "key", "formal_key": "question"}}, {"shape_attributes": {"name": "rect", "x": 81, "y": 683, "width": 82, "height": 18}, "region_attributes": {"label": "Approved By:", "key_type": "key", "formal_key": "question"}}, {"shape_attributes": {"name": "rect", "x": 82, "y": 714, "width": 83, "height": 16}, "region_attributes": {"label": "Approved By:", "key_type": "key", "formal_key": "question"}}, {"shape_attributes": {"name": "rect", "x": 79, "y": 743, "width": 86, "height": 19}, "region_attributes": {"label": "Approved By:", "key_type": "key", "formal_key": "question"}}, {"shape_attributes": {"name": "rect", "x": 84, "y": 774, "width": 84, "height": 16}, "region_attributes": {"label": "Approved By:", "key_type": "key", "formal_key": "question"}}, {"shape_attributes": {"name": "rect", "x": 201, "y": 780, "width": 195, "height": 22}, "region_attributes": {"label": "Senior VP Marketing (to $ 1,000,000)", "key_type": "value", "formal_key": "answer"}}, {"shape_attributes": {"name": "rect", "x": 198, "y": 753, "width": 193, "height": 19}, "region_attributes": {"label": "Director Market Research (to $ 250,000)", "key_type": "value", "formal_key": "answer"}}, {"shape_attributes": {"name": "rect", "x": 199, "y": 722, "width": 212, "height": 18}, "region_attributes": {"label": "Director Research Development (to $ 250,000)", "key_type": "value", "formal_key": "answer"}}, {"shape_attributes": {"name": "rect", "x": 192, "y": 663, "width": 235, "height": 50}, "region_attributes": {"label": "Autos Mgr. Trade & Consumer Research (to $ 100,000)", "key_type": "value", "formal_key": "answer"}}, {"shape_attributes": {"name": "rect", "x": 187, "y": 635, "width": 160, "height": 31}, "region_attributes": {"label": "naid", "key_type": "value", "formal_key": "answer"}}, {"shape_attributes": {"name": "rect", "x": 527, "y": 627, "width": 70, "height": 31}, "region_attributes": {"label": "B 90", "key_type": "value", "formal_key": "answer"}}, {"shape_attributes": {"name": "rect", "x": 533, "y": 660, "width": 70, "height": 27}, "region_attributes": {"label": "", "key_type": "value", "formal_key": "answer"}}, {"shape_attributes": {"name": "rect", "x": 564, "y": 796, "width": 58, "height": 15}, "region_attributes": {"label": "1998 -18D", "key_type": "value", "formal_key": "answer"}}, {"shape_attributes": {"name": "rect", "x": 469, "y": 799, "width": 73, "height": 15}, "region_attributes": {"label": "Project No.:", "key_type": "key", "formal_key": "question"}}, {"shape_attributes": {"name": "rect", "x": 472, "y": 820, "width": 73, "height": 16}, "region_attributes": {"label": "Acct. Name:", "key_type": "key", "formal_key": "question"}}, {"shape_attributes": {"name": "rect", "x": 139, "y": 868, "width": 58, "height": 15}, "region_attributes": {"label": "Project File", "key_type": "value", "formal_key": "answer"}}, {"shape_attributes": {"name": "rect", "x": 138, "y": 883, "width": 85, "height": 15}, "region_attributes": {"label": "MaDonna Sliker", "key_type": "value", "formal_key": "answer"}}, {"shape_attributes": {"name": "rect", "x": 7, "y": 951, "width": 228, "height": 32}, "region_attributes": {"label": "220076948 PRODUCED FROM B&W WEB SITE", "key_type": "value", "formal_key": "others"}}]}}}