﻿{"file_name": "71341634.json", "attributes": {"_via_img_metadata": {"regions": [{"shape_attributes": {"name": "rect", "x": 309, "y": 74, "width": 63, "height": 20}, "region_attributes": {"label": "Home", "key_type": "key", "formal_key": "header"}}, {"shape_attributes": {"name": "rect", "x": 378, "y": 70, "width": 64, "height": 21}, "region_attributes": {"label": "Office", "key_type": "key", "formal_key": "header"}}, {"shape_attributes": {"name": "rect", "x": 450, "y": 67, "width": 70, "height": 22}, "region_attributes": {"label": "Check", "key_type": "key", "formal_key": "header"}}, {"shape_attributes": {"name": "rect", "x": 134, "y": 122, "width": 31, "height": 10}, "region_attributes": {"label": "20182", "key_type": "value", "formal_key": "answer"}}, {"shape_attributes": {"name": "rect", "x": 166, "y": 77, "width": 94, "height": 24}, "region_attributes": {"label": "Request", "key_type": "key", "formal_key": "header"}}, {"shape_attributes": {"name": "rect", "x": 67, "y": 198, "width": 42, "height": 8}, "region_attributes": {"label": "Attention:", "key_type": "key", "formal_key": "question"}}, {"shape_attributes": {"name": "rect", "x": 66, "y": 212, "width": 42, "height": 10}, "region_attributes": {"label": "Address:", "key_type": "key", "formal_key": "question"}}, {"shape_attributes": {"name": "rect", "x": 584, "y": 180, "width": 17, "height": 10}, "region_attributes": {"label": "No", "key_type": "value", "formal_key": "answer"}}, {"shape_attributes": {"name": "rect", "x": 137, "y": 239, "width": 17, "height": 10}, "region_attributes": {"label": "City", "key_type": "key", "formal_key": "question"}}, {"shape_attributes": {"name": "rect", "x": 302, "y": 232, "width": 21, "height": 10}, "region_attributes": {"label": "State", "key_type": "key", "formal_key": "question"}}, {"shape_attributes": {"name": "rect", "x": 309, "y": 216, "width": 18, "height": 11}, "region_attributes": {"label": "CA", "key_type": "value", "formal_key": "others"}}, {"shape_attributes": {"name": "rect", "x": 419, "y": 214, "width": 29, "height": 11}, "region_attributes": {"label": "94080", "key_type": "value", "formal_key": "others"}}, {"shape_attributes": {"name": "rect", "x": 346, "y": 289, "width": 20, "height": 10}, "region_attributes": {"label": "OR", "key_type": "value", "formal_key": "others"}}, {"shape_attributes": {"name": "rect", "x": 372, "y": 377, "width": 38, "height": 11}, "region_attributes": {"label": "Quantity", "key_type": "key", "formal_key": "question"}}, {"shape_attributes": {"name": "rect", "x": 439, "y": 373, "width": 27, "height": 13}, "region_attributes": {"label": "Units", "key_type": "key", "formal_key": "question"}}, {"shape_attributes": {"name": "rect", "x": 574, "y": 369, "width": 36, "height": 11}, "region_attributes": {"label": "Amount", "key_type": "key", "formal_key": "question"}}, {"shape_attributes": {"name": "rect", "x": 254, "y": 395, "width": 18, "height": 11}, "region_attributes": {"label": "288", "key_type": "value", "formal_key": "answer"}}, {"shape_attributes": {"name": "rect", "x": 258, "y": 468, "width": 17, "height": 11}, "region_attributes": {"label": "296", "key_type": "value", "formal_key": "answer"}}, {"shape_attributes": {"name": "rect", "x": 318, "y": 392, "width": 18, "height": 11}, "region_attributes": {"label": "725", "key_type": "value", "formal_key": "answer"}}, {"shape_attributes": {"name": "rect", "x": 318, "y": 465, "width": 21, "height": 13}, "region_attributes": {"label": "725", "key_type": "value", "formal_key": "answer"}}, {"shape_attributes": {"name": "rect", "x": 441, "y": 461, "width": 27, "height": 11}, "region_attributes": {"label": "CTNS", "key_type": "value", "formal_key": "answer"}}, {"shape_attributes": {"name": "rect", "x": 440, "y": 390, "width": 28, "height": 10}, "region_attributes": {"label": "CTNS", "key_type": "value", "formal_key": "answer"}}, {"shape_attributes": {"name": "rect", "x": 366, "y": 552, "width": 18, "height": 13}, "region_attributes": {"label": "Date", "key_type": "key", "formal_key": "question"}}, {"shape_attributes": {"name": "rect", "x": 441, "y": 566, "width": 38, "height": 11}, "region_attributes": {"label": "39A00A", "key_type": "value", "formal_key": "answer"}}, {"shape_attributes": {"name": "rect", "x": 511, "y": 563, "width": 24, "height": 11}, "region_attributes": {"label": "0607", "key_type": "value", "formal_key": "others"}}, {"shape_attributes": {"name": "rect", "x": 554, "y": 543, "width": 24, "height": 10}, "region_attributes": {"label": "ID#", "key_type": "key", "formal_key": "question"}}, {"shape_attributes": {"name": "rect", "x": 80, "y": 613, "width": 49, "height": 10}, "region_attributes": {"label": "Verification", "key_type": "key", "formal_key": "question"}}, {"shape_attributes": {"name": "rect", "x": 80, "y": 628, "width": 20, "height": 10}, "region_attributes": {"label": "Ref", "key_type": "key", "formal_key": "question"}}, {"shape_attributes": {"name": "rect", "x": 302, "y": 603, "width": 24, "height": 14}, "region_attributes": {"label": "Date", "key_type": "key", "formal_key": "question"}}, {"shape_attributes": {"name": "rect", "x": 366, "y": 602, "width": 39, "height": 11}, "region_attributes": {"label": "Vendor#", "key_type": "key", "formal_key": "question"}}, {"shape_attributes": {"name": "rect", "x": 303, "y": 620, "width": 38, "height": 10}, "region_attributes": {"label": "Check#", "key_type": "value", "formal_key": "answer"}}, {"shape_attributes": {"name": "rect", "x": 246, "y": 651, "width": 52, "height": 11}, "region_attributes": {"label": "Description", "key_type": "key", "formal_key": "question"}}, {"shape_attributes": {"name": "rect", "x": 313, "y": 648, "width": 45, "height": 13}, "region_attributes": {"label": "Account#", "key_type": "key", "formal_key": "question"}}, {"shape_attributes": {"name": "rect", "x": 373, "y": 645, "width": 52, "height": 11}, "region_attributes": {"label": "Department", "key_type": "key", "formal_key": "question"}}, {"shape_attributes": {"name": "rect", "x": 443, "y": 644, "width": 39, "height": 10}, "region_attributes": {"label": "Product", "key_type": "key", "formal_key": "question"}}, {"shape_attributes": {"name": "rect", "x": 580, "y": 637, "width": 36, "height": 11}, "region_attributes": {"label": "Amount", "key_type": "key", "formal_key": "question"}}, {"shape_attributes": {"name": "rect", "x": 244, "y": 795, "width": 24, "height": 10}, "region_attributes": {"label": "Date:", "key_type": "key", "formal_key": "question"}}, {"shape_attributes": {"name": "rect", "x": 489, "y": 784, "width": 32, "height": 13}, "region_attributes": {"label": "00000", "key_type": "value", "formal_key": "answer"}}, {"shape_attributes": {"name": "rect", "x": 493, "y": 802, "width": 29, "height": 10}, "region_attributes": {"label": "Check", "key_type": "value", "formal_key": "answer"}}, {"shape_attributes": {"name": "rect", "x": 503, "y": 816, "width": 14, "height": 11}, "region_attributes": {"label": "Y", "key_type": "value", "formal_key": "answer"}}, {"shape_attributes": {"name": "rect", "x": 570, "y": 811, "width": 11, "height": 13}, "region_attributes": {"label": "N", "key_type": "value", "formal_key": "others"}}, {"shape_attributes": {"name": "rect", "x": 85, "y": 844, "width": 53, "height": 11}, "region_attributes": {"label": "Distribution:", "key_type": "key", "formal_key": "question"}}, {"shape_attributes": {"name": "rect", "x": 265, "y": 74, "width": 38, "height": 22}, "region_attributes": {"label": "For", "key_type": "key", "formal_key": "header"}}, {"shape_attributes": {"name": "rect", "x": 468, "y": 897, "width": 177, "height": 16}, "region_attributes": {"label": "425 481 31 46 PAGE 02", "key_type": "value", "formal_key": "others"}}, {"shape_attributes": {"name": "rect", "x": 0, "y": 954, "width": 231, "height": 32}, "region_attributes": {"label": "210180429 PRODUCED FROM B & W WEB SITE", "key_type": "value", "formal_key": "others"}}, {"shape_attributes": {"name": "rect", "x": 66, "y": 906, "width": 115, "height": 17}, "region_attributes": {"label": "MAR 24 1999 16: 16", "key_type": "value", "formal_key": "others"}}, {"shape_attributes": {"name": "rect", "x": 142, "y": 837, "width": 175, "height": 18}, "region_attributes": {"label": "Fax to Field Payments at (502) 588- 7826", "key_type": "value", "formal_key": "answer"}}, {"shape_attributes": {"name": "rect", "x": 433, "y": 788, "width": 56, "height": 13}, "region_attributes": {"label": "Pay Terms", "key_type": "key", "formal_key": "question"}}, {"shape_attributes": {"name": "rect", "x": 433, "y": 800, "width": 61, "height": 16}, "region_attributes": {"label": "Pay Method", "key_type": "key", "formal_key": "question"}}, {"shape_attributes": {"name": "rect", "x": 433, "y": 817, "width": 67, "height": 11}, "region_attributes": {"label": "Separate Pay-", "key_type": "key", "formal_key": "question"}}, {"shape_attributes": {"name": "rect", "x": 307, "y": 793, "width": 56, "height": 10}, "region_attributes": {"label": "Prepared By:", "key_type": "key", "formal_key": "question"}}, {"shape_attributes": {"name": "rect", "x": 84, "y": 799, "width": 82, "height": 11}, "region_attributes": {"label": "Voucher Approval:", "key_type": "key", "formal_key": "question"}}, {"shape_attributes": {"name": "rect", "x": 127, "y": 654, "width": 64, "height": 11}, "region_attributes": {"label": "Account Name", "key_type": "key", "formal_key": "question"}}, {"shape_attributes": {"name": "rect", "x": 496, "y": 640, "width": 60, "height": 11}, "region_attributes": {"label": "Business Unit", "key_type": "key", "formal_key": "question"}}, {"shape_attributes": {"name": "rect", "x": 430, "y": 613, "width": 56, "height": 13}, "region_attributes": {"label": "Pay Handling", "key_type": "value", "formal_key": "answer"}}, {"shape_attributes": {"name": "rect", "x": 366, "y": 616, "width": 50, "height": 11}, "region_attributes": {"label": "Check Date", "key_type": "value", "formal_key": "answer"}}, {"shape_attributes": {"name": "rect", "x": 427, "y": 598, "width": 67, "height": 16}, "region_attributes": {"label": "Account Month", "key_type": "key", "formal_key": "question"}}, {"shape_attributes": {"name": "rect", "x": 115, "y": 575, "width": 87, "height": 17}, "region_attributes": {"label": "Robert ", "key_type": "value", "formal_key": "answer"}}, {"shape_attributes": {"name": "rect", "x": 78, "y": 560, "width": 64, "height": 14}, "region_attributes": {"label": "Requested By:", "key_type": "key", "formal_key": "question"}}, {"shape_attributes": {"name": "rect", "x": 237, "y": 553, "width": 80, "height": 13}, "region_attributes": {"label": "Robert E. Muhonin", "key_type": "value", "formal_key": "others"}}, {"shape_attributes": {"name": "rect", "x": 383, "y": 567, "width": 40, "height": 12}, "region_attributes": {"label": "03/ 24/ 99", "key_type": "value", "formal_key": "answer"}}, {"shape_attributes": {"name": "rect", "x": 427, "y": 546, "width": 94, "height": 14}, "region_attributes": {"label": "Dist/Asgmt C.F. #", "key_type": "key", "formal_key": "question"}}, {"shape_attributes": {"name": "rect", "x": 490, "y": 500, "width": 56, "height": 14}, "region_attributes": {"label": "Check Total", "key_type": "value", "formal_key": "others"}}, {"shape_attributes": {"name": "rect", "x": 575, "y": 496, "width": 58, "height": 15}, "region_attributes": {"label": "$166 586 6060", "key_type": "value", "formal_key": "others"}}, {"shape_attributes": {"name": "rect", "x": 578, "y": 453, "width": 54, "height": 15}, "region_attributes": {"label": "$12 784 00", "key_type": "value", "formal_key": "answer"}}, {"shape_attributes": {"name": "rect", "x": 503, "y": 455, "width": 29, "height": 13}, "region_attributes": {"label": "$2 00", "key_type": "value", "formal_key": "answer"}}, {"shape_attributes": {"name": "rect", "x": 377, "y": 462, "width": 27, "height": 14}, "region_attributes": {"label": "6. 382", "key_type": "value", "formal_key": "answer"}}, {"shape_attributes": {"name": "rect", "x": 237, "y": 510, "width": 86, "height": 14}, "region_attributes": {"label": "March 15- 19, 1999", "key_type": "value", "formal_key": "answer"}}, {"shape_attributes": {"name": "rect", "x": 77, "y": 471, "width": 145, "height": 15}, "region_attributes": {"label": "Section 18 Narl Chain Walgreens", "key_type": "value", "formal_key": "answer"}}, {"shape_attributes": {"name": "rect", "x": 77, "y": 517, "width": 59, "height": 14}, "region_attributes": {"label": "Promo Dates", "key_type": "key", "formal_key": "question"}}, {"shape_attributes": {"name": "rect", "x": 77, "y": 531, "width": 87, "height": 14}, "region_attributes": {"label": "Charge To Section:", "key_type": "key", "formal_key": "question"}}, {"shape_attributes": {"name": "rect", "x": 170, "y": 527, "width": 77, "height": 14}, "region_attributes": {"label": "PER ATTACHED", "key_type": "value", "formal_key": "answer"}}, {"shape_attributes": {"name": "rect", "x": 85, "y": 429, "width": 76, "height": 11}, "region_attributes": {"label": "SEE ATTACHED", "key_type": "value", "formal_key": "answer"}}, {"shape_attributes": {"name": "rect", "x": 74, "y": 397, "width": 138, "height": 15}, "region_attributes": {"label": "GPC BUYDOWN PROGRAMS", "key_type": "value", "formal_key": "answer"}}, {"shape_attributes": {"name": "rect", "x": 127, "y": 372, "width": 45, "height": 25}, "region_attributes": {"label": "Promotion Name", "key_type": "key", "formal_key": "question"}}, {"shape_attributes": {"name": "rect", "x": 239, "y": 366, "width": 46, "height": 23}, "region_attributes": {"label": "Promotion Number", "key_type": "key", "formal_key": "question"}}, {"shape_attributes": {"name": "rect", "x": 303, "y": 365, "width": 47, "height": 24}, "region_attributes": {"label": "Promotion Code", "key_type": "key", "formal_key": "question"}}, {"shape_attributes": {"name": "rect", "x": 493, "y": 370, "width": 46, "height": 12}, "region_attributes": {"label": "AVG Rate", "key_type": "key", "formal_key": "question"}}, {"shape_attributes": {"name": "rect", "x": 573, "y": 381, "width": 54, "height": 13}, "region_attributes": {"label": "$143 922 80", "key_type": "value", "formal_key": "answer"}}, {"shape_attributes": {"name": "rect", "x": 501, "y": 384, "width": 27, "height": 13}, "region_attributes": {"label": "$2 84", "key_type": "value", "formal_key": "answer"}}, {"shape_attributes": {"name": "rect", "x": 373, "y": 390, "width": 32, "height": 12}, "region_attributes": {"label": "50, 759", "key_type": "value", "formal_key": "answer"}}, {"shape_attributes": {"name": "rect", "x": 71, "y": 313, "width": 378, "height": 24}, "region_attributes": {"label": "1099 name for number listed above proper name of egal as shown on IRS form (please print)", "key_type": "value", "formal_key": "others"}}, {"shape_attributes": {"name": "rect", "x": 68, "y": 281, "width": 176, "height": 16}, "region_attributes": {"label": "Enter Federal Employer Identification Number", "key_type": "value", "formal_key": "others"}}, {"shape_attributes": {"name": "rect", "x": 418, "y": 271, "width": 92, "height": 13}, "region_attributes": {"label": "Social Security Number", "key_type": "value", "formal_key": "others"}}, {"shape_attributes": {"name": "rect", "x": 187, "y": 256, "width": 322, "height": 21}, "region_attributes": {"label": "Please complete the following If checked \"NO\" for corporation above:", "key_type": "key", "formal_key": "question"}}, {"shape_attributes": {"name": "rect", "x": 67, "y": 182, "width": 38, "height": 13}, "region_attributes": {"label": "Pay To:", "key_type": "key", "formal_key": "question"}}, {"shape_attributes": {"name": "rect", "x": 123, "y": 176, "width": 134, "height": 15}, "region_attributes": {"label": "COREMARK NTERNATIONAL", "key_type": "value", "formal_key": "answer"}}, {"shape_attributes": {"name": "rect", "x": 120, "y": 193, "width": 81, "height": 14}, "region_attributes": {"label": "DAVID DRESSER", "key_type": "value", "formal_key": "answer"}}, {"shape_attributes": {"name": "rect", "x": 117, "y": 204, "width": 173, "height": 31}, "region_attributes": {"label": "395 DYSTER POINT BLVD SUITE 415 S. SAN FRANCISCO", "key_type": "value", "formal_key": "answer"}}, {"shape_attributes": {"name": "rect", "x": 506, "y": 163, "width": 90, "height": 16}, "region_attributes": {"label": "Is this a corporation", "key_type": "key", "formal_key": "question"}}, {"shape_attributes": {"name": "rect", "x": 511, "y": 180, "width": 20, "height": 26}, "region_attributes": {"label": "Yes X", "key_type": "value", "formal_key": "answer"}}, {"shape_attributes": {"name": "rect", "x": 64, "y": 120, "width": 65, "height": 16}, "region_attributes": {"label": "Distributor No", "key_type": "key", "formal_key": "question"}}, {"shape_attributes": {"name": "rect", "x": 66, "y": 137, "width": 43, "height": 14}, "region_attributes": {"label": "Char No", "key_type": "key", "formal_key": "question"}}, {"shape_attributes": {"name": "rect", "x": 61, "y": 13, "width": 124, "height": 15}, "region_attributes": {"label": "MAR- 24- 1999 14: 39", "key_type": "value", "formal_key": "others"}}, {"shape_attributes": {"name": "rect", "x": 239, "y": 8, "width": 121, "height": 14}, "region_attributes": {"label": "BROWN & WILL IMASON", "key_type": "value", "formal_key": "others"}}, {"shape_attributes": {"name": "rect", "x": 237, "y": 54, "width": 160, "height": 16}, "region_attributes": {"label": "Brown & Williamson Tobacco Corporation", "key_type": "value", "formal_key": "others"}}, {"shape_attributes": {"name": "rect", "x": 64, "y": 64, "width": 70, "height": 11}, "region_attributes": {"label": "(Records Retention:", "key_type": "key", "formal_key": "question"}}, {"shape_attributes": {"name": "rect", "x": 61, "y": 50, "width": 59, "height": 12}, "region_attributes": {"label": "", "key_type": "value", "formal_key": "others"}}, {"shape_attributes": {"name": "rect", "x": 138, "y": 61, "width": 32, "height": 13}, "region_attributes": {"label": "30 days)", "key_type": "value", "formal_key": "answer"}}, {"shape_attributes": {"name": "rect", "x": 304, "y": 115, "width": 93, "height": 26}, "region_attributes": {"label": "Check Required ASAP/ PROMPT", "key_type": "value", "formal_key": "others"}}, {"shape_attributes": {"name": "rect", "x": 419, "y": 110, "width": 66, "height": 13}, "region_attributes": {"label": "Mai Check To:", "key_type": "key", "formal_key": "question"}}, {"shape_attributes": {"name": "rect", "x": 486, "y": 105, "width": 114, "height": 16}, "region_attributes": {"label": "PLEASE OVERNIGHT to", "key_type": "value", "formal_key": "others"}}, {"shape_attributes": {"name": "rect", "x": 510, "y": 122, "width": 94, "height": 27}, "region_attributes": {"label": "X Payee (Name)", "key_type": "value", "formal_key": "others"}}, {"shape_attributes": {"name": "rect", "x": 388, "y": 228, "width": 36, "height": 12}, "region_attributes": {"label": "Zip Code", "key_type": "key", "formal_key": "question"}}]}}}