﻿{"file_name": "71366499.json", "attributes": {"_via_img_metadata": {"regions": [{"shape_attributes": {"name": "rect", "x": 141, "y": 249, "width": 34, "height": 11}, "region_attributes": {"label": "BRAND", "key_type": "key", "formal_key": "question"}}, {"shape_attributes": {"name": "rect", "x": 142, "y": 278, "width": 64, "height": 10}, "region_attributes": {"label": "DESCRIPTION", "key_type": "key", "formal_key": "question"}}, {"shape_attributes": {"name": "rect", "x": 141, "y": 307, "width": 27, "height": 10}, "region_attributes": {"label": "DATE", "key_type": "key", "formal_key": "question"}}, {"shape_attributes": {"name": "rect", "x": 141, "y": 422, "width": 47, "height": 11}, "region_attributes": {"label": "WARNING", "key_type": "key", "formal_key": "question"}}, {"shape_attributes": {"name": "rect", "x": 191, "y": 216, "width": 24, "height": 13}, "region_attributes": {"label": "7559", "key_type": "value", "formal_key": "answer"}}, {"shape_attributes": {"name": "rect", "x": 186, "y": 247, "width": 34, "height": 13}, "region_attributes": {"label": "BKOOL", "key_type": "value", "formal_key": "answer"}}, {"shape_attributes": {"name": "rect", "x": 172, "y": 465, "width": 13, "height": 10}, "region_attributes": {"label": "NA", "key_type": "value", "formal_key": "answer"}}, {"shape_attributes": {"name": "rect", "x": 166, "y": 524, "width": 41, "height": 10}, "region_attributes": {"label": "Signature", "key_type": "key", "formal_key": "question"}}, {"shape_attributes": {"name": "rect", "x": 342, "y": 520, "width": 53, "height": 13}, "region_attributes": {"label": "Department", "key_type": "key", "formal_key": "question"}}, {"shape_attributes": {"name": "rect", "x": 486, "y": 518, "width": 22, "height": 11}, "region_attributes": {"label": "Date", "key_type": "key", "formal_key": "question"}}, {"shape_attributes": {"name": "rect", "x": 486, "y": 633, "width": 21, "height": 11}, "region_attributes": {"label": "Date", "key_type": "key", "formal_key": "question"}}, {"shape_attributes": {"name": "rect", "x": 342, "y": 634, "width": 50, "height": 11}, "region_attributes": {"label": "Department", "key_type": "key", "formal_key": "question"}}, {"shape_attributes": {"name": "rect", "x": 165, "y": 634, "width": 43, "height": 15}, "region_attributes": {"label": "Signature", "key_type": "key", "formal_key": "question"}}, {"shape_attributes": {"name": "rect", "x": 142, "y": 735, "width": 53, "height": 11}, "region_attributes": {"label": "REVISIONS", "key_type": "key", "formal_key": "question"}}, {"shape_attributes": {"name": "rect", "x": 211, "y": 151, "width": 125, "height": 26}, "region_attributes": {"label": "BROWN & WILLIAMSON TOBACCO CORPORATION", "key_type": "key", "formal_key": "header"}}, {"shape_attributes": {"name": "rect", "x": 144, "y": 179, "width": 62, "height": 27}, "region_attributes": {"label": "B & W", "key_type": "value", "formal_key": "others"}}, {"shape_attributes": {"name": "rect", "x": 141, "y": 218, "width": 39, "height": 11}, "region_attributes": {"label": "JOB NO.", "key_type": "key", "formal_key": "question"}}, {"shape_attributes": {"name": "rect", "x": 212, "y": 275, "width": 155, "height": 13}, "region_attributes": {"label": "CMS Amerada Hess Dispenser Sign", "key_type": "value", "formal_key": "answer"}}, {"shape_attributes": {"name": "rect", "x": 180, "y": 306, "width": 37, "height": 11}, "region_attributes": {"label": "12/ 15/ 97", "key_type": "value", "formal_key": "answer"}}, {"shape_attributes": {"name": "rect", "x": 232, "y": 334, "width": 34, "height": 11}, "region_attributes": {"label": "261 sq", "key_type": "value", "formal_key": "answer"}}, {"shape_attributes": {"name": "rect", "x": 141, "y": 334, "width": 84, "height": 13}, "region_attributes": {"label": "SQ. INCHES/FEET", "key_type": "key", "formal_key": "question"}}, {"shape_attributes": {"name": "rect", "x": 193, "y": 377, "width": 55, "height": 13}, "region_attributes": {"label": "14 1/2 X 18\"", "key_type": "value", "formal_key": "answer"}}, {"shape_attributes": {"name": "rect", "x": 141, "y": 378, "width": 47, "height": 11}, "region_attributes": {"label": "TRIM SIZE", "key_type": "key", "formal_key": "question"}}, {"shape_attributes": {"name": "rect", "x": 191, "y": 422, "width": 99, "height": 25}, "region_attributes": {"label": "3A 14 1/2\" X 8\" - 116 sq.\"", "key_type": "value", "formal_key": "answer"}}, {"shape_attributes": {"name": "rect", "x": 141, "y": 465, "width": 22, "height": 11}, "region_attributes": {"label": "T & N", "key_type": "key", "formal_key": "question"}}, {"shape_attributes": {"name": "rect", "x": 142, "y": 507, "width": 82, "height": 14}, "region_attributes": {"label": "OTT APPROVALS", "key_type": "key", "formal_key": "header"}}, {"shape_attributes": {"name": "rect", "x": 182, "y": 531, "width": 79, "height": 30}, "region_attributes": {"label": "", "key_type": "value", "formal_key": "answer"}}, {"shape_attributes": {"name": "rect", "x": 353, "y": 532, "width": 47, "height": 31}, "region_attributes": {"label": "", "key_type": "value", "formal_key": "answer"}}, {"shape_attributes": {"name": "rect", "x": 489, "y": 529, "width": 70, "height": 31}, "region_attributes": {"label": "", "key_type": "value", "formal_key": "answer"}}, {"shape_attributes": {"name": "rect", "x": 140, "y": 620, "width": 88, "height": 15}, "region_attributes": {"label": "B & W APPROVALS", "key_type": "key", "formal_key": "header"}}, {"shape_attributes": {"name": "rect", "x": 342, "y": 732, "width": 83, "height": 13}, "region_attributes": {"label": "DATE COMPLETE", "key_type": "key", "formal_key": "question"}}, {"shape_attributes": {"name": "rect", "x": 487, "y": 729, "width": 110, "height": 14}, "region_attributes": {"label": "REVISIONS APPROVED", "key_type": "key", "formal_key": "question"}}, {"shape_attributes": {"name": "rect", "x": 1, "y": 953, "width": 230, "height": 30}, "region_attributes": {"label": "210350475 PRODUCED FROM B & W WEB SITE", "key_type": "value", "formal_key": "others"}}, {"shape_attributes": {"name": "rect", "x": 514, "y": 141, "width": 82, "height": 71}, "region_attributes": {"label": "", "key_type": "value", "formal_key": "others"}}]}}}