﻿{"file_name": "71563825.json", "attributes": {"_via_img_metadata": {"regions": [{"shape_attributes": {"name": "rect", "x": 117, "y": 92, "width": 60, "height": 49}, "region_attributes": {"label": "", "key_type": "value", "formal_key": "others"}}, {"shape_attributes": {"name": "rect", "x": 575, "y": 99, "width": 57, "height": 45}, "region_attributes": {"label": "", "key_type": "value", "formal_key": "others"}}, {"shape_attributes": {"name": "rect", "x": 524, "y": 205, "width": 32, "height": 14}, "region_attributes": {"label": "Date:", "key_type": "key", "formal_key": "question"}}, {"shape_attributes": {"name": "rect", "x": 119, "y": 388, "width": 61, "height": 15}, "region_attributes": {"label": "Market(s):", "key_type": "key", "formal_key": "question"}}, {"shape_attributes": {"name": "rect", "x": 120, "y": 543, "width": 31, "height": 14}, "region_attributes": {"label": "Male:", "key_type": "key", "formal_key": "question"}}, {"shape_attributes": {"name": "rect", "x": 119, "y": 560, "width": 45, "height": 13}, "region_attributes": {"label": "Female:", "key_type": "key", "formal_key": "question"}}, {"shape_attributes": {"name": "rect", "x": 187, "y": 606, "width": 45, "height": 14}, "region_attributes": {"label": "Bogot\u00e1:", "key_type": "key", "formal_key": "question"}}, {"shape_attributes": {"name": "rect", "x": 189, "y": 635, "width": 53, "height": 15}, "region_attributes": {"label": "Medellin:", "key_type": "key", "formal_key": "question"}}, {"shape_attributes": {"name": "rect", "x": 120, "y": 670, "width": 31, "height": 13}, "region_attributes": {"label": "Note:", "key_type": "key", "formal_key": "question"}}, {"shape_attributes": {"name": "rect", "x": 218, "y": 205, "width": 11, "height": 14}, "region_attributes": {"label": "#", "key_type": "value", "formal_key": "answer"}}, {"shape_attributes": {"name": "rect", "x": 219, "y": 270, "width": 32, "height": 14}, "region_attributes": {"label": "Other", "key_type": "value", "formal_key": "answer"}}, {"shape_attributes": {"name": "rect", "x": 313, "y": 239, "width": 70, "height": 11}, "region_attributes": {"label": "COLOMBIA", "key_type": "value", "formal_key": "answer"}}, {"shape_attributes": {"name": "rect", "x": 311, "y": 254, "width": 41, "height": 13}, "region_attributes": {"label": "KOOL", "key_type": "value", "formal_key": "answer"}}, {"shape_attributes": {"name": "rect", "x": 190, "y": 541, "width": 25, "height": 18}, "region_attributes": {"label": "60%", "key_type": "value", "formal_key": "answer"}}, {"shape_attributes": {"name": "rect", "x": 190, "y": 559, "width": 25, "height": 11}, "region_attributes": {"label": "40%", "key_type": "value", "formal_key": "answer"}}, {"shape_attributes": {"name": "rect", "x": 120, "y": 444, "width": 11, "height": 11}, "region_attributes": {"label": "1)", "key_type": "value", "formal_key": "others"}}, {"shape_attributes": {"name": "rect", "x": 120, "y": 459, "width": 11, "height": 13}, "region_attributes": {"label": "2)", "key_type": "value", "formal_key": "others"}}, {"shape_attributes": {"name": "rect", "x": 122, "y": 475, "width": 10, "height": 13}, "region_attributes": {"label": "3)", "key_type": "value", "formal_key": "others"}}, {"shape_attributes": {"name": "rect", "x": 122, "y": 492, "width": 11, "height": 13}, "region_attributes": {"label": "4)", "key_type": "value", "formal_key": "others"}}, {"shape_attributes": {"name": "rect", "x": 233, "y": 155, "width": 306, "height": 22}, "region_attributes": {"label": "Market Research - Initiating Project Brief", "key_type": "key", "formal_key": "header"}}, {"shape_attributes": {"name": "rect", "x": 124, "y": 204, "width": 84, "height": 14}, "region_attributes": {"label": "Brief Number", "key_type": "key", "formal_key": "question"}}, {"shape_attributes": {"name": "rect", "x": 120, "y": 239, "width": 81, "height": 14}, "region_attributes": {"label": "Client Group:", "key_type": "key", "formal_key": "question"}}, {"shape_attributes": {"name": "rect", "x": 573, "y": 205, "width": 51, "height": 13}, "region_attributes": {"label": "02/ 12/ 98", "key_type": "value", "formal_key": "answer"}}, {"shape_attributes": {"name": "rect", "x": 216, "y": 237, "width": 40, "height": 13}, "region_attributes": {"label": "R. B. U.", "key_type": "value", "formal_key": "answer"}}, {"shape_attributes": {"name": "rect", "x": 221, "y": 254, "width": 72, "height": 13}, "region_attributes": {"label": "Brand Group", "key_type": "value", "formal_key": "answer"}}, {"shape_attributes": {"name": "rect", "x": 117, "y": 303, "width": 88, "height": 15}, "region_attributes": {"label": "Client Contact:", "key_type": "key", "formal_key": "question"}}, {"shape_attributes": {"name": "rect", "x": 219, "y": 303, "width": 135, "height": 31}, "region_attributes": {"label": "Maria Helena Arg\u00fcelles/ Edwin Garcia", "key_type": "value", "formal_key": "answer"}}, {"shape_attributes": {"name": "rect", "x": 394, "y": 303, "width": 105, "height": 15}, "region_attributes": {"label": "Research Liaison:", "key_type": "key", "formal_key": "question"}}, {"shape_attributes": {"name": "rect", "x": 504, "y": 302, "width": 130, "height": 32}, "region_attributes": {"label": "Camilo Concha/ Andrea Suarez", "key_type": "value", "formal_key": "answer"}}, {"shape_attributes": {"name": "rect", "x": 120, "y": 353, "width": 151, "height": 16}, "region_attributes": {"label": "Project Name/ Description", "key_type": "key", "formal_key": "question"}}, {"shape_attributes": {"name": "rect", "x": 274, "y": 352, "width": 198, "height": 17}, "region_attributes": {"label": "K001 vs. Marlboro Menthol Lights", "key_type": "value", "formal_key": "answer"}}, {"shape_attributes": {"name": "rect", "x": 183, "y": 388, "width": 190, "height": 15}, "region_attributes": {"label": "Bogot\u00e1, Medellin and Barranquilla", "key_type": "value", "formal_key": "answer"}}, {"shape_attributes": {"name": "rect", "x": 120, "y": 426, "width": 106, "height": 15}, "region_attributes": {"label": "Referent Brand(s):", "key_type": "key", "formal_key": "question"}}, {"shape_attributes": {"name": "rect", "x": 134, "y": 441, "width": 436, "height": 17}, "region_attributes": {"label": "Current Kool Filter King Colombia 1 1 mg tar @ 0. 51% menthol white tipping.", "key_type": "value", "formal_key": "answer"}}, {"shape_attributes": {"name": "rect", "x": 135, "y": 458, "width": 348, "height": 14}, "region_attributes": {"label": "Kool Milds KS Japan 9mg tar @ 0. 56% menthol white tipping", "key_type": "value", "formal_key": "answer"}}, {"shape_attributes": {"name": "rect", "x": 135, "y": 473, "width": 283, "height": 15}, "region_attributes": {"label": "Kool KS. 9 mg tar, @ 0. 51% menthol white tipping", "key_type": "value", "formal_key": "answer"}}, {"shape_attributes": {"name": "rect", "x": 135, "y": 490, "width": 467, "height": 17}, "region_attributes": {"label": "Current Marlboro Lights Menthol King US 9mg tar @ 0. 66% menthol, white tipping.", "key_type": "value", "formal_key": "answer"}}, {"shape_attributes": {"name": "rect", "x": 120, "y": 524, "width": 129, "height": 15}, "region_attributes": {"label": "Consumer Segment(s):", "key_type": "key", "formal_key": "header"}}, {"shape_attributes": {"name": "rect", "x": 190, "y": 574, "width": 75, "height": 15}, "region_attributes": {"label": "18 -29 (100%)", "key_type": "value", "formal_key": "answer"}}, {"shape_attributes": {"name": "rect", "x": 122, "y": 575, "width": 40, "height": 14}, "region_attributes": {"label": "By age:", "key_type": "key", "formal_key": "question"}}, {"shape_attributes": {"name": "rect", "x": 122, "y": 591, "width": 45, "height": 14}, "region_attributes": {"label": "BY SEL:", "key_type": "key", "formal_key": "question"}}, {"shape_attributes": {"name": "rect", "x": 190, "y": 591, "width": 69, "height": 13}, "region_attributes": {"label": "AB1 (100%)", "key_type": "value", "formal_key": "answer"}}, {"shape_attributes": {"name": "rect", "x": 122, "y": 606, "width": 46, "height": 15}, "region_attributes": {"label": "By City:", "key_type": "key", "formal_key": "header"}}, {"shape_attributes": {"name": "rect", "x": 249, "y": 605, "width": 323, "height": 17}, "region_attributes": {"label": "KOOL Parent regular smokers 50% -alternate smokers 50%", "key_type": "value", "formal_key": "answer"}}, {"shape_attributes": {"name": "rect", "x": 249, "y": 622, "width": 323, "height": 14}, "region_attributes": {"label": "KOOL Parent regular smokers 50% -alternate smokers 50%", "key_type": "value", "formal_key": "answer"}}, {"shape_attributes": {"name": "rect", "x": 250, "y": 638, "width": 324, "height": 14}, "region_attributes": {"label": "KOOL Parent regular smokers 50% -alternate smokers 50%", "key_type": "value", "formal_key": "answer"}}, {"shape_attributes": {"name": "rect", "x": 154, "y": 668, "width": 497, "height": 18}, "region_attributes": {"label": "In order to establish a quantitative basis for determining the winning product, results will be", "key_type": "value", "formal_key": "answer"}}, {"shape_attributes": {"name": "rect", "x": 233, "y": 686, "width": 158, "height": 14}, "region_attributes": {"label": "Alternate 60%, Regular 40%.", "key_type": "value", "formal_key": "answer"}}, {"shape_attributes": {"name": "rect", "x": 119, "y": 722, "width": 191, "height": 14}, "region_attributes": {"label": "Background Problem Definition:", "key_type": "key", "formal_key": "question"}}, {"shape_attributes": {"name": "rect", "x": 122, "y": 736, "width": 531, "height": 48}, "region_attributes": {"label": "On September 1 97, PMI simultaneously launched Marlboro Menthol KS Box (16mg tar and Menthol Lights KS Box (9mg tar) in Colombia. These two products became KOOL's direct competitors (Premium Menthol Brands).", "key_type": "value", "formal_key": "answer"}}, {"shape_attributes": {"name": "rect", "x": 122, "y": 785, "width": 527, "height": 32}, "region_attributes": {"label": "At the same time KOOL replaced its product with a milder 11mg cigarette (the same KOOL Milds but with a 27mm cork tipping).", "key_type": "value", "formal_key": "answer"}}, {"shape_attributes": {"name": "rect", "x": 0, "y": 953, "width": 231, "height": 30}, "region_attributes": {"label": "440026083 PRODUCED FROM B &W WEB SITE", "key_type": "value", "formal_key": "others"}}, {"shape_attributes": {"name": "rect", "x": 120, "y": 686, "width": 110, "height": 14}, "region_attributes": {"label": "weighted as follows:", "key_type": "key", "formal_key": "question"}}, {"shape_attributes": {"name": "rect", "x": 190, "y": 622, "width": 48, "height": 14}, "region_attributes": {"label": "B/ quilla:", "key_type": "key", "formal_key": "question"}}]}}}