﻿{"file_name": "71601299.json", "attributes": {"_via_img_metadata": {"regions": [{"shape_attributes": {"name": "rect", "x": 88, "y": 154, "width": 29, "height": 15}, "region_attributes": {"label": "Date", "key_type": "key", "formal_key": "question"}}, {"shape_attributes": {"name": "rect", "x": 130, "y": 267, "width": 47, "height": 13}, "region_attributes": {"label": "Number", "key_type": "key", "formal_key": "question"}}, {"shape_attributes": {"name": "rect", "x": 85, "y": 267, "width": 41, "height": 15}, "region_attributes": {"label": "Project", "key_type": "key", "formal_key": "question"}}, {"shape_attributes": {"name": "rect", "x": 176, "y": 401, "width": 10, "height": 15}, "region_attributes": {"label": "(s)", "key_type": "key", "formal_key": "question"}}, {"shape_attributes": {"name": "rect", "x": 561, "y": 560, "width": 14, "height": 13}, "region_attributes": {"label": "in", "key_type": "value", "formal_key": "others"}}, {"shape_attributes": {"name": "rect", "x": 196, "y": 497, "width": 11, "height": 13}, "region_attributes": {"label": "(s)", "key_type": "key", "formal_key": "header"}}, {"shape_attributes": {"name": "rect", "x": 201, "y": 84, "width": 308, "height": 20}, "region_attributes": {"label": "Marketing Research - CPT Initiating Brief", "key_type": "key", "formal_key": "header"}}, {"shape_attributes": {"name": "rect", "x": 140, "y": 152, "width": 60, "height": 19}, "region_attributes": {"label": "15. 03. 2000", "key_type": "value", "formal_key": "answer"}}, {"shape_attributes": {"name": "rect", "x": 184, "y": 186, "width": 69, "height": 15}, "region_attributes": {"label": "BAT Korea", "key_type": "value", "formal_key": "answer"}}, {"shape_attributes": {"name": "rect", "x": 89, "y": 184, "width": 75, "height": 17}, "region_attributes": {"label": "Client Group", "key_type": "key", "formal_key": "question"}}, {"shape_attributes": {"name": "rect", "x": 89, "y": 216, "width": 83, "height": 16}, "region_attributes": {"label": "Client Contact", "key_type": "key", "formal_key": "question"}}, {"shape_attributes": {"name": "rect", "x": 196, "y": 219, "width": 126, "height": 31}, "region_attributes": {"label": "Alberto Marcheggiano Kyu Yeon Hwang", "key_type": "value", "formal_key": "answer"}}, {"shape_attributes": {"name": "rect", "x": 408, "y": 219, "width": 95, "height": 11}, "region_attributes": {"label": "Research Liaison", "key_type": "key", "formal_key": "question"}}, {"shape_attributes": {"name": "rect", "x": 527, "y": 218, "width": 64, "height": 15}, "region_attributes": {"label": "Subi. Jeong", "key_type": "value", "formal_key": "answer"}}, {"shape_attributes": {"name": "rect", "x": 180, "y": 265, "width": 245, "height": 17}, "region_attributes": {"label": "to be assigned by Brown & Williamson USA", "key_type": "value", "formal_key": "answer"}}, {"shape_attributes": {"name": "rect", "x": 243, "y": 300, "width": 112, "height": 15}, "region_attributes": {"label": "Dunhill Lights, CPT", "key_type": "value", "formal_key": "answer"}}, {"shape_attributes": {"name": "rect", "x": 84, "y": 299, "width": 156, "height": 18}, "region_attributes": {"label": "Project Name/ Description:", "key_type": "key", "formal_key": "question"}}, {"shape_attributes": {"name": "rect", "x": 85, "y": 332, "width": 108, "height": 20}, "region_attributes": {"label": "Market (s) / Zone (s)", "key_type": "key", "formal_key": "question"}}, {"shape_attributes": {"name": "rect", "x": 85, "y": 366, "width": 66, "height": 16}, "region_attributes": {"label": "South Korea", "key_type": "value", "formal_key": "answer"}}, {"shape_attributes": {"name": "rect", "x": 85, "y": 401, "width": 89, "height": 15}, "region_attributes": {"label": "Referent Brand", "key_type": "key", "formal_key": "question"}}, {"shape_attributes": {"name": "rect", "x": 82, "y": 432, "width": 179, "height": 46}, "region_attributes": {"label": "Dunhill Lights Kent Super Lights Mild 7 This", "key_type": "value", "formal_key": "answer"}}, {"shape_attributes": {"name": "rect", "x": 84, "y": 496, "width": 112, "height": 16}, "region_attributes": {"label": "Consumer Segment", "key_type": "key", "formal_key": "header"}}, {"shape_attributes": {"name": "rect", "x": 85, "y": 527, "width": 162, "height": 16}, "region_attributes": {"label": "Own Brand - Dunhill Smokers:", "key_type": "key", "formal_key": "question"}}, {"shape_attributes": {"name": "rect", "x": 250, "y": 528, "width": 319, "height": 17}, "region_attributes": {"label": "150 Males, 25 ~ 39 years old, ABC+ who live Seoul/ Pusan", "key_type": "value", "formal_key": "answer"}}, {"shape_attributes": {"name": "rect", "x": 84, "y": 559, "width": 236, "height": 17}, "region_attributes": {"label": "Competitors Brands - Mild7 Lights Smokers", "key_type": "key", "formal_key": "question"}}, {"shape_attributes": {"name": "rect", "x": 323, "y": 559, "width": 238, "height": 16}, "region_attributes": {"label": "150 Males, 25 ~ 39 years old, ABC+ who live", "key_type": "value", "formal_key": "answer"}}, {"shape_attributes": {"name": "rect", "x": 84, "y": 603, "width": 138, "height": 18}, "region_attributes": {"label": "Source of Business - This:", "key_type": "key", "formal_key": "question"}}, {"shape_attributes": {"name": "rect", "x": 223, "y": 605, "width": 404, "height": 17}, "region_attributes": {"label": "250 Males, (100 smokers 25 ~ 29 years old, 150 smokers, 30 ~ 39 years old)", "key_type": "value", "formal_key": "answer"}}, {"shape_attributes": {"name": "rect", "x": 85, "y": 620, "width": 386, "height": 16}, "region_attributes": {"label": "ABC+ who are not rejectors of imported cigarette and live in Seoul/ Pusan", "key_type": "value", "formal_key": "answer"}}, {"shape_attributes": {"name": "rect", "x": 84, "y": 651, "width": 264, "height": 15}, "region_attributes": {"label": "Source of Business - Local Premium KS Smokers", "key_type": "key", "formal_key": "question"}}, {"shape_attributes": {"name": "rect", "x": 348, "y": 649, "width": 256, "height": 17}, "region_attributes": {"label": "250 Males (100 smokers, 25 ~ 29 years old, 150", "key_type": "value", "formal_key": "answer"}}, {"shape_attributes": {"name": "rect", "x": 84, "y": 666, "width": 533, "height": 16}, "region_attributes": {"label": "smokers, 30 ~ 39 years old ABC+ who are not rejectors of imported cigarette and live in Seoul/ Pusan", "key_type": "value", "formal_key": "answer"}}, {"shape_attributes": {"name": "rect", "x": 84, "y": 700, "width": 186, "height": 14}, "region_attributes": {"label": "Background / Problem Definition", "key_type": "key", "formal_key": "question"}}, {"shape_attributes": {"name": "rect", "x": 105, "y": 732, "width": 484, "height": 30}, "region_attributes": {"label": "1999 showed that imported cigarettes are recovering from the 1997 / 1998 economic crisis and we forecasted continuos growth over the company's plan period.", "key_type": "value", "formal_key": "answer"}}, {"shape_attributes": {"name": "rect", "x": 103, "y": 761, "width": 513, "height": 30}, "region_attributes": {"label": "BAT objective is to substantially increase its market share with growth coming primarily from its first priority brand: Dunhill Lights", "key_type": "value", "formal_key": "answer"}}, {"shape_attributes": {"name": "rect", "x": 105, "y": 791, "width": 517, "height": 30}, "region_attributes": {"label": "To achieve growth we consider fundamental to have a superior product in terms of acceptability among potential source of business as well as for our current franchise", "key_type": "value", "formal_key": "answer"}}, {"shape_attributes": {"name": "rect", "x": 0, "y": 950, "width": 230, "height": 33}, "region_attributes": {"label": "597133637 PRODUCED FROM B&W WEB SITE", "key_type": "value", "formal_key": "others"}}]}}}