﻿{"file_name": "716552.json", "attributes": {"_via_img_metadata": {"regions": [{"shape_attributes": {"name": "rect", "x": 17, "y": 109, "width": 67, "height": 10}, "region_attributes": {"label": "DESCRIPTION", "key_type": "key", "formal_key": "question"}}, {"shape_attributes": {"name": "rect", "x": 17, "y": 163, "width": 36, "height": 10}, "region_attributes": {"label": "DESIGN", "key_type": "key", "formal_key": "question"}}, {"shape_attributes": {"name": "rect", "x": 54, "y": 163, "width": 18, "height": 10}, "region_attributes": {"label": "NO", "key_type": "key", "formal_key": "question"}}, {"shape_attributes": {"name": "rect", "x": 341, "y": 154, "width": 46, "height": 14}, "region_attributes": {"label": "272972", "key_type": "value", "formal_key": "answer"}}, {"shape_attributes": {"name": "rect", "x": 246, "y": 215, "width": 11, "height": 8}, "region_attributes": {"label": "\u2611", "key_type": "value", "formal_key": "answer"}}, {"shape_attributes": {"name": "rect", "x": 237, "y": 187, "width": 25, "height": 14}, "region_attributes": {"label": "USE:", "key_type": "key", "formal_key": "question"}}, {"shape_attributes": {"name": "rect", "x": 36, "y": 216, "width": 47, "height": 11}, "region_attributes": {"label": "OFFICIAL", "key_type": "key", "formal_key": "question"}}, {"shape_attributes": {"name": "rect", "x": 24, "y": 218, "width": 11, "height": 10}, "region_attributes": {"label": "\u2611", "key_type": "value", "formal_key": "answer"}}, {"shape_attributes": {"name": "rect", "x": 257, "y": 216, "width": 49, "height": 10}, "region_attributes": {"label": "DOMESTIC", "key_type": "key", "formal_key": "question"}}, {"shape_attributes": {"name": "rect", "x": 510, "y": 215, "width": 13, "height": 8}, "region_attributes": {"label": "\u2610", "key_type": "key", "formal_key": "question"}}, {"shape_attributes": {"name": "rect", "x": 589, "y": 215, "width": 52, "height": 11}, "region_attributes": {"label": "(GRAVURE)", "key_type": "value", "formal_key": "answer"}}, {"shape_attributes": {"name": "rect", "x": 640, "y": 215, "width": 6, "height": 11}, "region_attributes": {"label": "", "key_type": "value", "formal_key": "others"}}, {"shape_attributes": {"name": "rect", "x": 334, "y": 258, "width": 17, "height": 8}, "region_attributes": {"label": "NO", "key_type": "key", "formal_key": "question"}}, {"shape_attributes": {"name": "rect", "x": 324, "y": 257, "width": 10, "height": 7}, "region_attributes": {"label": "\u2611", "key_type": "value", "formal_key": "answer"}}, {"shape_attributes": {"name": "rect", "x": 34, "y": 394, "width": 53, "height": 15}, "region_attributes": {"label": "BRANCH", "key_type": "key", "formal_key": "question"}}, {"shape_attributes": {"name": "rect", "x": 17, "y": 480, "width": 82, "height": 15}, "region_attributes": {"label": "REPLACEMENT", "key_type": "key", "formal_key": "header"}}, {"shape_attributes": {"name": "rect", "x": 215, "y": 395, "width": 66, "height": 11}, "region_attributes": {"label": "LOUISVILLE", "key_type": "key", "formal_key": "question"}}, {"shape_attributes": {"name": "rect", "x": 338, "y": 395, "width": 73, "height": 13}, "region_attributes": {"label": "PETERSBURG", "key_type": "key", "formal_key": "question"}}, {"shape_attributes": {"name": "rect", "x": 478, "y": 394, "width": 42, "height": 14}, "region_attributes": {"label": "MACON", "key_type": "key", "formal_key": "question"}}, {"shape_attributes": {"name": "rect", "x": 17, "y": 514, "width": 64, "height": 13}, "region_attributes": {"label": "DESCRIPTION", "key_type": "key", "formal_key": "question"}}, {"shape_attributes": {"name": "rect", "x": 32, "y": 568, "width": 54, "height": 15}, "region_attributes": {"label": "BRANCH", "key_type": "key", "formal_key": "question"}}, {"shape_attributes": {"name": "rect", "x": 215, "y": 570, "width": 67, "height": 14}, "region_attributes": {"label": "LOUISVILLE", "key_type": "key", "formal_key": "question"}}, {"shape_attributes": {"name": "rect", "x": 338, "y": 571, "width": 71, "height": 13}, "region_attributes": {"label": "PETERSBURG", "key_type": "key", "formal_key": "question"}}, {"shape_attributes": {"name": "rect", "x": 115, "y": 538, "width": 22, "height": 10}, "region_attributes": {"label": "80-", "key_type": "value", "formal_key": "others"}}, {"shape_attributes": {"name": "rect", "x": 138, "y": 536, "width": 13, "height": 13}, "region_attributes": {"label": "15", "key_type": "value", "formal_key": "answer"}}, {"shape_attributes": {"name": "rect", "x": 341, "y": 535, "width": 43, "height": 14}, "region_attributes": {"label": "272972", "key_type": "value", "formal_key": "answer"}}, {"shape_attributes": {"name": "rect", "x": 18, "y": 631, "width": 64, "height": 14}, "region_attributes": {"label": "COMMENTS:", "key_type": "key", "formal_key": "question"}}, {"shape_attributes": {"name": "rect", "x": 478, "y": 570, "width": 45, "height": 10}, "region_attributes": {"label": "MACON", "key_type": "key", "formal_key": "question"}}, {"shape_attributes": {"name": "rect", "x": 649, "y": 712, "width": 22, "height": 115}, "region_attributes": {"label": "680115980", "key_type": "value", "formal_key": "others"}}, {"shape_attributes": {"name": "rect", "x": 28, "y": 856, "width": 31, "height": 10}, "region_attributes": {"label": "QNED:", "key_type": "key", "formal_key": "question"}}, {"shape_attributes": {"name": "rect", "x": 490, "y": 858, "width": 28, "height": 10}, "region_attributes": {"label": "DATE:", "key_type": "key", "formal_key": "question"}}, {"shape_attributes": {"name": "rect", "x": 236, "y": 11, "width": 238, "height": 41}, "region_attributes": {"label": "BROWN & WILLIAMSON TOBACCO CORPORATION MATERIAL SPECIFICATION DESIGN CHANGE AUTHORIZATION", "key_type": "key", "formal_key": "header"}}, {"shape_attributes": {"name": "rect", "x": 18, "y": 11, "width": 64, "height": 12}, "region_attributes": {"label": "", "key_type": "value", "formal_key": "others"}}, {"shape_attributes": {"name": "rect", "x": 18, "y": 77, "width": 55, "height": 13}, "region_attributes": {"label": "NEW ITEM", "key_type": "key", "formal_key": "header"}}, {"shape_attributes": {"name": "rect", "x": 117, "y": 99, "width": 256, "height": 18}, "region_attributes": {"label": "VICEROY Rich Lights 100' s 20' s Label", "key_type": "value", "formal_key": "answer"}}, {"shape_attributes": {"name": "rect", "x": 18, "y": 135, "width": 46, "height": 10}, "region_attributes": {"label": "BRAND (S)", "key_type": "key", "formal_key": "question"}}, {"shape_attributes": {"name": "rect", "x": 117, "y": 128, "width": 135, "height": 15}, "region_attributes": {"label": "VICEROY Rich Lights", "key_type": "value", "formal_key": "answer"}}, {"shape_attributes": {"name": "rect", "x": 116, "y": 155, "width": 42, "height": 17}, "region_attributes": {"label": "B1 -257", "key_type": "value", "formal_key": "answer"}}, {"shape_attributes": {"name": "rect", "x": 281, "y": 162, "width": 36, "height": 10}, "region_attributes": {"label": "UPC NO", "key_type": "key", "formal_key": "question"}}, {"shape_attributes": {"name": "rect", "x": 486, "y": 161, "width": 71, "height": 10}, "region_attributes": {"label": "MATERIAL NO.", "key_type": "key", "formal_key": "question"}}, {"shape_attributes": {"name": "rect", "x": 568, "y": 151, "width": 48, "height": 16}, "region_attributes": {"label": "50 -034A", "key_type": "value", "formal_key": "answer"}}, {"shape_attributes": {"name": "rect", "x": 17, "y": 187, "width": 82, "height": 15}, "region_attributes": {"label": "TYPE CHANGE:", "key_type": "key", "formal_key": "header"}}, {"shape_attributes": {"name": "rect", "x": 105, "y": 215, "width": 71, "height": 11}, "region_attributes": {"label": "\u2610 TEMPORARY", "key_type": "key", "formal_key": "question"}}, {"shape_attributes": {"name": "rect", "x": 334, "y": 208, "width": 65, "height": 18}, "region_attributes": {"label": "MILITARY \u2610 EXPORT", "key_type": "key", "formal_key": "question"}}, {"shape_attributes": {"name": "rect", "x": 423, "y": 209, "width": 59, "height": 17}, "region_attributes": {"label": "GENERAL \u2610 EXPORT", "key_type": "key", "formal_key": "question"}}, {"shape_attributes": {"name": "rect", "x": 524, "y": 209, "width": 54, "height": 19}, "region_attributes": {"label": "CUSTOMER SPEC.", "key_type": "value", "formal_key": "answer"}}, {"shape_attributes": {"name": "rect", "x": 17, "y": 256, "width": 231, "height": 13}, "region_attributes": {"label": "If a material or dimensional change also involved?", "key_type": "key", "formal_key": "header"}}, {"shape_attributes": {"name": "rect", "x": 17, "y": 271, "width": 100, "height": 13}, "region_attributes": {"label": "If yes supply details", "key_type": "key", "formal_key": "question"}}, {"shape_attributes": {"name": "rect", "x": 268, "y": 257, "width": 30, "height": 11}, "region_attributes": {"label": "\u2610 YES", "key_type": "key", "formal_key": "question"}}, {"shape_attributes": {"name": "rect", "x": 578, "y": 395, "width": 91, "height": 10}, "region_attributes": {"label": "WINSTON SALEM", "key_type": "key", "formal_key": "question"}}, {"shape_attributes": {"name": "rect", "x": 201, "y": 453, "width": 55, "height": 14}, "region_attributes": {"label": "10/ 16/ 81", "key_type": "value", "formal_key": "answer"}}, {"shape_attributes": {"name": "rect", "x": 201, "y": 422, "width": 56, "height": 13}, "region_attributes": {"label": "1010/ 30/ 8181", "key_type": "value", "formal_key": "answer"}}, {"shape_attributes": {"name": "rect", "x": 20, "y": 416, "width": 132, "height": 25}, "region_attributes": {"label": "SCHEDULE: DATE OR INVENTORY DEPLETION", "key_type": "key", "formal_key": "question"}}, {"shape_attributes": {"name": "rect", "x": 21, "y": 450, "width": 91, "height": 15}, "region_attributes": {"label": "DELIVERY DATE", "key_type": "key", "formal_key": "question"}}, {"shape_attributes": {"name": "rect", "x": 115, "y": 508, "width": 255, "height": 16}, "region_attributes": {"label": "VICEROY Rich Lights 100' s 20' s Label", "key_type": "value", "formal_key": "answer"}}, {"shape_attributes": {"name": "rect", "x": 18, "y": 542, "width": 55, "height": 11}, "region_attributes": {"label": "DESIGN NO.", "key_type": "key", "formal_key": "question"}}, {"shape_attributes": {"name": "rect", "x": 282, "y": 542, "width": 34, "height": 10}, "region_attributes": {"label": "UPC NO.", "key_type": "key", "formal_key": "question"}}, {"shape_attributes": {"name": "rect", "x": 487, "y": 542, "width": 69, "height": 11}, "region_attributes": {"label": "MATERIAL NO", "key_type": "key", "formal_key": "question"}}, {"shape_attributes": {"name": "rect", "x": 575, "y": 536, "width": 42, "height": 13}, "region_attributes": {"label": "50- 034", "key_type": "value", "formal_key": "answer"}}, {"shape_attributes": {"name": "rect", "x": 578, "y": 568, "width": 91, "height": 14}, "region_attributes": {"label": "WINSTON SALEM", "key_type": "key", "formal_key": "question"}}, {"shape_attributes": {"name": "rect", "x": 21, "y": 592, "width": 93, "height": 26}, "region_attributes": {"label": "INVENTORY DEPLETION DATE", "key_type": "key", "formal_key": "question"}}, {"shape_attributes": {"name": "rect", "x": 215, "y": 601, "width": 56, "height": 13}, "region_attributes": {"label": "10/ 30/ 81", "key_type": "value", "formal_key": "answer"}}, {"shape_attributes": {"name": "rect", "x": 115, "y": 630, "width": 559, "height": 81}, "region_attributes": {"label": "Material # 50 -034 A has been assigned to the VICEROY Rich Lights 100' s 20' s Label with new bottom panel. Bottom now incorporates shield. On both side and bottom panels, \"VICEROY\" and \"Rich Lights\" have been inverted. Cartons and labels must change design simultaneously. The current design cannot be used in production after 10/ 30/ 81.", "key_type": "value", "formal_key": "answer"}}, {"shape_attributes": {"name": "rect", "x": 75, "y": 747, "width": 71, "height": 82}, "region_attributes": {"label": "J. F. Banks C. Lamb C. L. Domeck Webb L. C. Lanham Branch QC Branch Supply", "key_type": "value", "formal_key": "answer"}}, {"shape_attributes": {"name": "rect", "x": 21, "y": 749, "width": 47, "height": 13}, "region_attributes": {"label": "Copies to:", "key_type": "key", "formal_key": "question"}}, {"shape_attributes": {"name": "rect", "x": 99, "y": 835, "width": 189, "height": 50}, "region_attributes": {"label": "S. T. BEASLEY (MRS )/ jlf", "key_type": "value", "formal_key": "answer"}}, {"shape_attributes": {"name": "rect", "x": 554, "y": 852, "width": 48, "height": 14}, "region_attributes": {"label": "9/ 17/ 8181", "key_type": "value", "formal_key": "answer"}}, {"shape_attributes": {"name": "rect", "x": 0, "y": 951, "width": 229, "height": 32}, "region_attributes": {"label": "680115980 PRODUCED FROM B&W WEB SITE", "key_type": "value", "formal_key": "others"}}]}}}