﻿{"file_name": "80310840a.json", "attributes": {"_via_img_metadata": {"regions": [{"shape_attributes": {"name": "rect", "x": 535, "y": 71, "width": 54, "height": 34}, "region_attributes": {"label": "Scott", "key_type": "value", "formal_key": "others"}}, {"shape_attributes": {"name": "rect", "x": 468, "y": 230, "width": 46, "height": 17}, "region_attributes": {"label": "Job#:", "key_type": "key", "formal_key": "question"}}, {"shape_attributes": {"name": "rect", "x": 80, "y": 250, "width": 57, "height": 14}, "region_attributes": {"label": "Revision", "key_type": "key", "formal_key": "question"}}, {"shape_attributes": {"name": "rect", "x": 142, "y": 246, "width": 24, "height": 22}, "region_attributes": {"label": "\u2611", "key_type": "value", "formal_key": "answer"}}, {"shape_attributes": {"name": "rect", "x": 243, "y": 250, "width": 54, "height": 20}, "region_attributes": {"label": "Reason:", "key_type": "key", "formal_key": "question"}}, {"shape_attributes": {"name": "rect", "x": 628, "y": 795, "width": 20, "height": 119}, "region_attributes": {"label": "803108404", "key_type": "value", "formal_key": "others"}}, {"shape_attributes": {"name": "rect", "x": 203, "y": 817, "width": 13, "height": 14}, "region_attributes": {"label": "", "key_type": "value", "formal_key": "others"}}, {"shape_attributes": {"name": "rect", "x": 221, "y": 817, "width": 56, "height": 18}, "region_attributes": {"label": "Pasholuk", "key_type": "value", "formal_key": "others"}}, {"shape_attributes": {"name": "rect", "x": 399, "y": 665, "width": 25, "height": 17}, "region_attributes": {"label": "Jan", "key_type": "key", "formal_key": "question"}}, {"shape_attributes": {"name": "rect", "x": 398, "y": 683, "width": 29, "height": 14}, "region_attributes": {"label": "Feb", "key_type": "key", "formal_key": "question"}}, {"shape_attributes": {"name": "rect", "x": 529, "y": 668, "width": 24, "height": 11}, "region_attributes": {"label": "Jul", "key_type": "key", "formal_key": "question"}}, {"shape_attributes": {"name": "rect", "x": 532, "y": 683, "width": 28, "height": 14}, "region_attributes": {"label": "Aug", "key_type": "key", "formal_key": "question"}}, {"shape_attributes": {"name": "rect", "x": 528, "y": 700, "width": 29, "height": 13}, "region_attributes": {"label": "Sep", "key_type": "key", "formal_key": "question"}}, {"shape_attributes": {"name": "rect", "x": 525, "y": 715, "width": 31, "height": 14}, "region_attributes": {"label": "Oct", "key_type": "key", "formal_key": "question"}}, {"shape_attributes": {"name": "rect", "x": 529, "y": 730, "width": 28, "height": 11}, "region_attributes": {"label": "Nov", "key_type": "key", "formal_key": "question"}}, {"shape_attributes": {"name": "rect", "x": 528, "y": 744, "width": 31, "height": 15}, "region_attributes": {"label": "Dec", "key_type": "key", "formal_key": "question"}}, {"shape_attributes": {"name": "rect", "x": 221, "y": 838, "width": 59, "height": 10}, "region_attributes": {"label": "Director", "key_type": "key", "formal_key": "question"}}, {"shape_attributes": {"name": "rect", "x": 186, "y": 834, "width": 31, "height": 14}, "region_attributes": {"label": "MPIO", "key_type": "key", "formal_key": "question"}}, {"shape_attributes": {"name": "rect", "x": 534, "y": 228, "width": 61, "height": 17}, "region_attributes": {"label": "5543/295", "key_type": "value", "formal_key": "answer"}}, {"shape_attributes": {"name": "rect", "x": 193, "y": 250, "width": 36, "height": 20}, "region_attributes": {"label": "1", "key_type": "value", "formal_key": "others"}}, {"shape_attributes": {"name": "rect", "x": 176, "y": 247, "width": 14, "height": 22}, "region_attributes": {"label": "#", "key_type": "value", "formal_key": "others"}}, {"shape_attributes": {"name": "rect", "x": 397, "y": 697, "width": 29, "height": 15}, "region_attributes": {"label": "Mar", "key_type": "key", "formal_key": "question"}}, {"shape_attributes": {"name": "rect", "x": 401, "y": 714, "width": 27, "height": 13}, "region_attributes": {"label": "Apr", "key_type": "key", "formal_key": "question"}}, {"shape_attributes": {"name": "rect", "x": 398, "y": 729, "width": 28, "height": 11}, "region_attributes": {"label": "May", "key_type": "key", "formal_key": "question"}}, {"shape_attributes": {"name": "rect", "x": 399, "y": 743, "width": 27, "height": 13}, "region_attributes": {"label": "Jun", "key_type": "key", "formal_key": "question"}}, {"shape_attributes": {"name": "rect", "x": 197, "y": 811, "width": 184, "height": 54}, "region_attributes": {"label": "", "key_type": "value", "formal_key": "others"}}, {"shape_attributes": {"name": "rect", "x": 536, "y": 119, "width": 107, "height": 16}, "region_attributes": {"label": "January 18, 1998", "key_type": "value", "formal_key": "others"}}, {"shape_attributes": {"name": "rect", "x": 177, "y": 117, "width": 371, "height": 63}, "region_attributes": {"label": "Date: PROJECT APPROVAL MARKET PLANNING AND INFORMATION DEPARTMENT", "key_type": "key", "formal_key": "header"}}, {"shape_attributes": {"name": "rect", "x": 211, "y": 177, "width": 134, "height": 22}, "region_attributes": {"label": "Sales Analysis \u2610", "key_type": "key", "formal_key": "question"}}, {"shape_attributes": {"name": "rect", "x": 358, "y": 180, "width": 165, "height": 20}, "region_attributes": {"label": "Consumor Research \u2611", "key_type": "value", "formal_key": "others"}}, {"shape_attributes": {"name": "rect", "x": 194, "y": 214, "width": 95, "height": 15}, "region_attributes": {"label": "Newport Lights", "key_type": "value", "formal_key": "answer"}}, {"shape_attributes": {"name": "rect", "x": 193, "y": 229, "width": 202, "height": 17}, "region_attributes": {"label": "Direct Mail Conversion Research", "key_type": "value", "formal_key": "answer"}}, {"shape_attributes": {"name": "rect", "x": 81, "y": 229, "width": 85, "height": 15}, "region_attributes": {"label": "Project Title:", "key_type": "key", "formal_key": "question"}}, {"shape_attributes": {"name": "rect", "x": 324, "y": 251, "width": 106, "height": 16}, "region_attributes": {"label": "Lower Incidence", "key_type": "value", "formal_key": "answer"}}, {"shape_attributes": {"name": "rect", "x": 80, "y": 285, "width": 251, "height": 18}, "region_attributes": {"label": "Marketing and or Research Objectives", "key_type": "key", "formal_key": "question"}}, {"shape_attributes": {"name": "rect", "x": 78, "y": 316, "width": 540, "height": 33}, "region_attributes": {"label": "Determine the level of interest and conversion opportunities among pompotitive smokers. receiving a Direct Mail offer for Newport Lights.", "key_type": "value", "formal_key": "answer"}}, {"shape_attributes": {"name": "rect", "x": 78, "y": 362, "width": 516, "height": 30}, "region_attributes": {"label": "Provide insight into the reasons for offer acceptance or rejection of offer and examine consumer perceptions about Newport Lights.", "key_type": "value", "formal_key": "answer"}}, {"shape_attributes": {"name": "rect", "x": 80, "y": 398, "width": 111, "height": 13}, "region_attributes": {"label": "Research Design", "key_type": "key", "formal_key": "question"}}, {"shape_attributes": {"name": "rect", "x": 78, "y": 426, "width": 218, "height": 18}, "region_attributes": {"label": "Interviews divided among 3 gorups:", "key_type": "key", "formal_key": "question"}}, {"shape_attributes": {"name": "rect", "x": 140, "y": 458, "width": 393, "height": 48}, "region_attributes": {"label": "Group 1= Best redeeming customers (2+ paid coupons): n= 750 Group 2= Paid redeoming customers 1 paid coupon) n= 750 Group 3= Non- redeeming customers (no redemption) n= 750", "key_type": "value", "formal_key": "answer"}}, {"shape_attributes": {"name": "rect", "x": 78, "y": 515, "width": 373, "height": 20}, "region_attributes": {"label": "The total sample size is 2,250. All smokers 21+ years of age.", "key_type": "value", "formal_key": "answer"}}, {"shape_attributes": {"name": "rect", "x": 71, "y": 578, "width": 86, "height": 37}, "region_attributes": {"label": "Respondent Incidence:", "key_type": "key", "formal_key": "question"}}, {"shape_attributes": {"name": "rect", "x": 168, "y": 596, "width": 82, "height": 33}, "region_attributes": {"label": "38% revised from 70%", "key_type": "value", "formal_key": "answer"}}, {"shape_attributes": {"name": "rect", "x": 332, "y": 587, "width": 66, "height": 28}, "region_attributes": {"label": "Interview Length:", "key_type": "key", "formal_key": "question"}}, {"shape_attributes": {"name": "rect", "x": 413, "y": 584, "width": 100, "height": 33}, "region_attributes": {"label": "Screener Questionnaire", "key_type": "key", "formal_key": "question"}}, {"shape_attributes": {"name": "rect", "x": 568, "y": 588, "width": 66, "height": 12}, "region_attributes": {"label": "5 minutes", "key_type": "value", "formal_key": "answer"}}, {"shape_attributes": {"name": "rect", "x": 564, "y": 605, "width": 68, "height": 11}, "region_attributes": {"label": "10 minutes", "key_type": "value", "formal_key": "answer"}}, {"shape_attributes": {"name": "rect", "x": 77, "y": 642, "width": 101, "height": 14}, "region_attributes": {"label": "Research Firm:", "key_type": "key", "formal_key": "question"}}, {"shape_attributes": {"name": "rect", "x": 77, "y": 675, "width": 98, "height": 17}, "region_attributes": {"label": "Cost Estimate:", "key_type": "key", "formal_key": "question"}}, {"shape_attributes": {"name": "rect", "x": 73, "y": 708, "width": 101, "height": 15}, "region_attributes": {"label": "Revised From:", "key_type": "key", "formal_key": "question"}}, {"shape_attributes": {"name": "rect", "x": 74, "y": 754, "width": 88, "height": 17}, "region_attributes": {"label": "Prepared by", "key_type": "key", "formal_key": "question"}}, {"shape_attributes": {"name": "rect", "x": 70, "y": 785, "width": 92, "height": 18}, "region_attributes": {"label": "Approved by:", "key_type": "key", "formal_key": "header"}}, {"shape_attributes": {"name": "rect", "x": 204, "y": 677, "width": 59, "height": 15}, "region_attributes": {"label": "$100 600", "key_type": "value", "formal_key": "answer"}}, {"shape_attributes": {"name": "rect", "x": 205, "y": 708, "width": 49, "height": 14}, "region_attributes": {"label": "$76 600", "key_type": "value", "formal_key": "answer"}}, {"shape_attributes": {"name": "rect", "x": 201, "y": 736, "width": 179, "height": 54}, "region_attributes": {"label": "S. R. Benson ", "key_type": "value", "formal_key": "answer"}}, {"shape_attributes": {"name": "rect", "x": 187, "y": 803, "width": 103, "height": 12}, "region_attributes": {"label": "Group Manager", "key_type": "key", "formal_key": "question"}}, {"shape_attributes": {"name": "rect", "x": 187, "y": 895, "width": 165, "height": 17}, "region_attributes": {"label": "Group Product Manager", "key_type": "key", "formal_key": "question"}}, {"shape_attributes": {"name": "rect", "x": 184, "y": 865, "width": 119, "height": 15}, "region_attributes": {"label": "Product Manager", "key_type": "key", "formal_key": "question"}}, {"shape_attributes": {"name": "rect", "x": 398, "y": 821, "width": 147, "height": 16}, "region_attributes": {"label": "Start Field w/o 11 /13 /95", "key_type": "value", "formal_key": "answer"}}, {"shape_attributes": {"name": "rect", "x": 388, "y": 852, "width": 149, "height": 14}, "region_attributes": {"label": "Reporting Schedule:", "key_type": "key", "formal_key": "question"}}, {"shape_attributes": {"name": "rect", "x": 397, "y": 881, "width": 131, "height": 33}, "region_attributes": {"label": "Topline w/o 12 /18 /95 Final Report 12/ 31/ 95", "key_type": "value", "formal_key": "answer"}}, {"shape_attributes": {"name": "rect", "x": 577, "y": 742, "width": 58, "height": 17}, "region_attributes": {"label": "$100 600", "key_type": "value", "formal_key": "others"}}, {"shape_attributes": {"name": "rect", "x": 398, "y": 761, "width": 162, "height": 18}, "region_attributes": {"label": "Revised Costs (if any)", "key_type": "key", "formal_key": "question"}}, {"shape_attributes": {"name": "rect", "x": 397, "y": 788, "width": 135, "height": 18}, "region_attributes": {"label": "Fieldwork Schedule:", "key_type": "key", "formal_key": "question"}}, {"shape_attributes": {"name": "rect", "x": 204, "y": 642, "width": 91, "height": 17}, "region_attributes": {"label": "A & G Research", "key_type": "value", "formal_key": "answer"}}]}}}