﻿{"file_name": "80707440_7443.json", "attributes": {"_via_img_metadata": {"regions": [{"shape_attributes": {"name": "rect", "x": 49, "y": 229, "width": 38, "height": 14}, "region_attributes": {"label": "CLIENT:", "key_type": "key", "formal_key": "question"}}, {"shape_attributes": {"name": "rect", "x": 49, "y": 257, "width": 46, "height": 14}, "region_attributes": {"label": "PRODUCT:", "key_type": "key", "formal_key": "question"}}, {"shape_attributes": {"name": "rect", "x": 596, "y": 147, "width": 71, "height": 29}, "region_attributes": {"label": "", "key_type": "value", "formal_key": "others"}}, {"shape_attributes": {"name": "rect", "x": 373, "y": 225, "width": 64, "height": 15}, "region_attributes": {"label": "PUBLICATION", "key_type": "key", "formal_key": "question"}}, {"shape_attributes": {"name": "rect", "x": 373, "y": 254, "width": 31, "height": 14}, "region_attributes": {"label": "ISSUE:", "key_type": "key", "formal_key": "question"}}, {"shape_attributes": {"name": "rect", "x": 373, "y": 278, "width": 34, "height": 14}, "region_attributes": {"label": "SPACE:", "key_type": "key", "formal_key": "question"}}, {"shape_attributes": {"name": "rect", "x": 547, "y": 275, "width": 28, "height": 14}, "region_attributes": {"label": "DATE:", "key_type": "key", "formal_key": "question"}}, {"shape_attributes": {"name": "rect", "x": 102, "y": 391, "width": 91, "height": 14}, "region_attributes": {"label": "ALTERNATIVES:", "key_type": "key", "formal_key": "question"}}, {"shape_attributes": {"name": "rect", "x": 103, "y": 434, "width": 64, "height": 13}, "region_attributes": {"label": "HEADLINE:", "key_type": "key", "formal_key": "question"}}, {"shape_attributes": {"name": "rect", "x": 106, "y": 461, "width": 88, "height": 13}, "region_attributes": {"label": "ILLUSTRATION:", "key_type": "key", "formal_key": "question"}}, {"shape_attributes": {"name": "rect", "x": 599, "y": 832, "width": 22, "height": 85}, "region_attributes": {"label": "80707440", "key_type": "value", "formal_key": "others"}}, {"shape_attributes": {"name": "rect", "x": 108, "y": 228, "width": 148, "height": 14}, "region_attributes": {"label": "LORILLARD CORPORATION", "key_type": "value", "formal_key": "answer"}}, {"shape_attributes": {"name": "rect", "x": 110, "y": 251, "width": 218, "height": 20}, "region_attributes": {"label": "Kent, Newport, True and Old Gold", "key_type": "value", "formal_key": "answer"}}, {"shape_attributes": {"name": "rect", "x": 50, "y": 281, "width": 41, "height": 14}, "region_attributes": {"label": "JOB NO:", "key_type": "key", "formal_key": "question"}}, {"shape_attributes": {"name": "rect", "x": 457, "y": 223, "width": 110, "height": 15}, "region_attributes": {"label": "Daily Newspapers", "key_type": "value", "formal_key": "answer"}}, {"shape_attributes": {"name": "rect", "x": 455, "y": 251, "width": 106, "height": 15}, "region_attributes": {"label": "August 19, 1969", "key_type": "value", "formal_key": "answer"}}, {"shape_attributes": {"name": "rect", "x": 415, "y": 278, "width": 127, "height": 29}, "region_attributes": {"label": "1000 lines B&W 1750 lines 2- color", "key_type": "value", "formal_key": "answer"}}, {"shape_attributes": {"name": "rect", "x": 587, "y": 274, "width": 43, "height": 17}, "region_attributes": {"label": "8/ 8/ 69", "key_type": "value", "formal_key": "answer"}}, {"shape_attributes": {"name": "rect", "x": 172, "y": 362, "width": 151, "height": 15}, "region_attributes": {"label": "New York Football Fans", "key_type": "value", "formal_key": "answer"}}, {"shape_attributes": {"name": "rect", "x": 105, "y": 365, "width": 56, "height": 14}, "region_attributes": {"label": "LEAD- IN:", "key_type": "key", "formal_key": "question"}}, {"shape_attributes": {"name": "rect", "x": 205, "y": 388, "width": 172, "height": 31}, "region_attributes": {"label": "Los Angeles Football Fans Chicago Football Fans", "key_type": "value", "formal_key": "answer"}}, {"shape_attributes": {"name": "rect", "x": 180, "y": 430, "width": 256, "height": 19}, "region_attributes": {"label": "Pick The Winners And Win Up $ 5 ,000", "key_type": "value", "formal_key": "answer"}}, {"shape_attributes": {"name": "rect", "x": 207, "y": 458, "width": 219, "height": 16}, "region_attributes": {"label": "Line Drawings of Football Scenes", "key_type": "value", "formal_key": "answer"}}, {"shape_attributes": {"name": "rect", "x": 106, "y": 487, "width": 96, "height": 15}, "region_attributes": {"label": "BOLD SUB- HEAD:", "key_type": "key", "formal_key": "question"}}, {"shape_attributes": {"name": "rect", "x": 214, "y": 497, "width": 360, "height": 70}, "region_attributes": {"label": "1st Prize $ 5,000 2nd Prize 2,000 3rd Prize 1,000 4th Prizes 500 fans will receive copies of \"The Golden Anniversary of Pro- Football\"", "key_type": "value", "formal_key": "answer"}}, {"shape_attributes": {"name": "rect", "x": 105, "y": 580, "width": 247, "height": 15}, "region_attributes": {"label": "TEXT: Over 500 Prizes To Be Awarded", "key_type": "key", "formal_key": "question"}}, {"shape_attributes": {"name": "rect", "x": 154, "y": 592, "width": 443, "height": 110}, "region_attributes": {"label": "Now you can win up $ 5,000 for simply picking the winners of the games listed below. Just check the box next to the team you think will win. Allow for the point spread in your selections. (For example, if a team is quoted as +7 pts. this means they must win the game by at least 7 points.) Prizes will be awarded by random drawings to those who have the greatest official number of winning selections. Full details are in the Rules.", "key_type": "value", "formal_key": "answer"}}]}}}