﻿{"file_name": "80718412_8413.json", "attributes": {"_via_img_metadata": {"regions": [{"shape_attributes": {"name": "rect", "x": 73, "y": 205, "width": 57, "height": 14}, "region_attributes": {"label": "MARKET:", "key_type": "key", "formal_key": "question"}}, {"shape_attributes": {"name": "rect", "x": 73, "y": 257, "width": 64, "height": 17}, "region_attributes": {"label": "PRODUCT:", "key_type": "key", "formal_key": "question"}}, {"shape_attributes": {"name": "rect", "x": 68, "y": 447, "width": 94, "height": 14}, "region_attributes": {"label": "QUANTITIES:", "key_type": "key", "formal_key": "question"}}, {"shape_attributes": {"name": "rect", "x": 201, "y": 658, "width": 49, "height": 13}, "region_attributes": {"label": "Date:", "key_type": "key", "formal_key": "question"}}, {"shape_attributes": {"name": "rect", "x": 201, "y": 686, "width": 47, "height": 11}, "region_attributes": {"label": "Place:", "key_type": "key", "formal_key": "question"}}, {"shape_attributes": {"name": "rect", "x": 203, "y": 670, "width": 46, "height": 13}, "region_attributes": {"label": "Time:", "key_type": "key", "formal_key": "question"}}, {"shape_attributes": {"name": "rect", "x": 215, "y": 588, "width": 7, "height": 10}, "region_attributes": {"label": "3", "key_type": "value", "formal_key": "answer"}}, {"shape_attributes": {"name": "rect", "x": 218, "y": 203, "width": 41, "height": 13}, "region_attributes": {"label": "Boston", "key_type": "value", "formal_key": "answer"}}, {"shape_attributes": {"name": "rect", "x": 577, "y": 789, "width": 20, "height": 82}, "region_attributes": {"label": "80718412", "key_type": "value", "formal_key": "others"}}, {"shape_attributes": {"name": "rect", "x": 203, "y": 102, "width": 265, "height": 62}, "region_attributes": {"label": "FEDERAL DISTRIBUTING CORPORATION CIGARETTE SAMPLING PROGRAM", "key_type": "key", "formal_key": "header"}}, {"shape_attributes": {"name": "rect", "x": 216, "y": 256, "width": 103, "height": 13}, "region_attributes": {"label": "Old Gold Lights", "key_type": "value", "formal_key": "answer"}}, {"shape_attributes": {"name": "rect", "x": 216, "y": 323, "width": 183, "height": 14}, "region_attributes": {"label": "October 3 through October 5", "key_type": "value", "formal_key": "answer"}}, {"shape_attributes": {"name": "rect", "x": 74, "y": 310, "width": 67, "height": 29}, "region_attributes": {"label": "SAMPLING DATES: *", "key_type": "key", "formal_key": "question"}}, {"shape_attributes": {"name": "rect", "x": 71, "y": 378, "width": 68, "height": 28}, "region_attributes": {"label": "SAMPLING HOURS: *", "key_type": "key", "formal_key": "question"}}, {"shape_attributes": {"name": "rect", "x": 216, "y": 388, "width": 143, "height": 16}, "region_attributes": {"label": "9: 30 a. m. - 5: 30 p. m.", "key_type": "value", "formal_key": "answer"}}, {"shape_attributes": {"name": "rect", "x": 216, "y": 443, "width": 48, "height": 14}, "region_attributes": {"label": "270, 000", "key_type": "value", "formal_key": "answer"}}, {"shape_attributes": {"name": "rect", "x": 71, "y": 499, "width": 82, "height": 41}, "region_attributes": {"label": "NUMBER OF SAMPLING PERSONNEL:", "key_type": "key", "formal_key": "question"}}, {"shape_attributes": {"name": "rect", "x": 215, "y": 522, "width": 68, "height": 12}, "region_attributes": {"label": "24 per day", "key_type": "value", "formal_key": "answer"}}, {"shape_attributes": {"name": "rect", "x": 70, "y": 577, "width": 98, "height": 28}, "region_attributes": {"label": "NUMBER OF SUPERVISORS:", "key_type": "key", "formal_key": "question"}}, {"shape_attributes": {"name": "rect", "x": 70, "y": 644, "width": 89, "height": 27}, "region_attributes": {"label": "ORIENTATION MEETING:", "key_type": "key", "formal_key": "header"}}, {"shape_attributes": {"name": "rect", "x": 267, "y": 658, "width": 76, "height": 11}, "region_attributes": {"label": "October 3rd", "key_type": "value", "formal_key": "answer"}}, {"shape_attributes": {"name": "rect", "x": 268, "y": 673, "width": 60, "height": 10}, "region_attributes": {"label": "9: 30 a. m.", "key_type": "value", "formal_key": "answer"}}, {"shape_attributes": {"name": "rect", "x": 268, "y": 684, "width": 225, "height": 52}, "region_attributes": {"label": "Boston Park Plaza Room 412 64 Arlington Street Boston, Mass 02117 617/ 426- 2000", "key_type": "value", "formal_key": "answer"}}, {"shape_attributes": {"name": "rect", "x": 214, "y": 791, "width": 67, "height": 14}, "region_attributes": {"label": "Tony Anari", "key_type": "value", "formal_key": "answer"}}, {"shape_attributes": {"name": "rect", "x": 71, "y": 778, "width": 131, "height": 25}, "region_attributes": {"label": "FDC REPRESENTATIVES:", "key_type": "key", "formal_key": "question"}}, {"shape_attributes": {"name": "rect", "x": 73, "y": 845, "width": 341, "height": 15}, "region_attributes": {"label": "*Subject to change due to local conditions", "key_type": "value", "formal_key": "others"}}]}}}