﻿{"file_name": "80728670.json", "attributes": {"_via_img_metadata": {"regions": [{"shape_attributes": {"name": "rect", "x": 91, "y": 148, "width": 24, "height": 17}, "region_attributes": {"label": "TO:", "key_type": "key", "formal_key": "question"}}, {"shape_attributes": {"name": "rect", "x": 92, "y": 190, "width": 38, "height": 21}, "region_attributes": {"label": "FROM:", "key_type": "key", "formal_key": "question"}}, {"shape_attributes": {"name": "rect", "x": 469, "y": 142, "width": 39, "height": 18}, "region_attributes": {"label": "DATE:", "key_type": "key", "formal_key": "question"}}, {"shape_attributes": {"name": "rect", "x": 232, "y": 472, "width": 25, "height": 15}, "region_attributes": {"label": "Air", "key_type": "key", "formal_key": "question"}}, {"shape_attributes": {"name": "rect", "x": 295, "y": 471, "width": 28, "height": 15}, "region_attributes": {"label": "Auto", "key_type": "key", "formal_key": "question"}}, {"shape_attributes": {"name": "rect", "x": 360, "y": 469, "width": 41, "height": 15}, "region_attributes": {"label": "Train", "key_type": "key", "formal_key": "question"}}, {"shape_attributes": {"name": "rect", "x": 434, "y": 466, "width": 39, "height": 18}, "region_attributes": {"label": "Other", "key_type": "key", "formal_key": "question"}}, {"shape_attributes": {"name": "rect", "x": 541, "y": 644, "width": 39, "height": 18}, "region_attributes": {"label": "Dates", "key_type": "key", "formal_key": "question"}}, {"shape_attributes": {"name": "rect", "x": 318, "y": 381, "width": 59, "height": 15}, "region_attributes": {"label": "Boston", "key_type": "value", "formal_key": "answer"}}, {"shape_attributes": {"name": "rect", "x": 345, "y": 599, "width": 22, "height": 17}, "region_attributes": {"label": "XX", "key_type": "value", "formal_key": "answer"}}, {"shape_attributes": {"name": "rect", "x": 676, "y": 729, "width": 15, "height": 15}, "region_attributes": {"label": "X", "key_type": "value", "formal_key": "answer"}}, {"shape_attributes": {"name": "rect", "x": 719, "y": 782, "width": 24, "height": 101}, "region_attributes": {"label": "80728670", "key_type": "value", "formal_key": "others"}}, {"shape_attributes": {"name": "rect", "x": 365, "y": 84, "width": 78, "height": 17}, "region_attributes": {"label": "FIELD TRIP", "key_type": "key", "formal_key": "header"}}, {"shape_attributes": {"name": "rect", "x": 180, "y": 144, "width": 99, "height": 18}, "region_attributes": {"label": "J. R. Mueller", "key_type": "value", "formal_key": "answer"}}, {"shape_attributes": {"name": "rect", "x": 159, "y": 182, "width": 162, "height": 21}, "region_attributes": {"label": "Mary Anne Kayiatos", "key_type": "value", "formal_key": "answer"}}, {"shape_attributes": {"name": "rect", "x": 534, "y": 134, "width": 64, "height": 20}, "region_attributes": {"label": "2 /28 /84", "key_type": "value", "formal_key": "answer"}}, {"shape_attributes": {"name": "rect", "x": 92, "y": 249, "width": 397, "height": 19}, "region_attributes": {"label": "Please make the necessary Field Trip arrangements for", "key_type": "key", "formal_key": "question"}}, {"shape_attributes": {"name": "rect", "x": 497, "y": 239, "width": 137, "height": 20}, "region_attributes": {"label": "Ted van de kamp", "key_type": "value", "formal_key": "answer"}}, {"shape_attributes": {"name": "rect", "x": 91, "y": 295, "width": 115, "height": 20}, "region_attributes": {"label": "Purpose of trip", "key_type": "key", "formal_key": "question"}}, {"shape_attributes": {"name": "rect", "x": 230, "y": 282, "width": 485, "height": 24}, "region_attributes": {"label": "To evaluate Satin's overall performance and results of", "key_type": "value", "formal_key": "answer"}}, {"shape_attributes": {"name": "rect", "x": 105, "y": 330, "width": 135, "height": 21}, "region_attributes": {"label": "Special Cities.", "key_type": "value", "formal_key": "answer"}}, {"shape_attributes": {"name": "rect", "x": 91, "y": 383, "width": 204, "height": 20}, "region_attributes": {"label": "Division (s) to be contacted", "key_type": "key", "formal_key": "question"}}, {"shape_attributes": {"name": "rect", "x": 91, "y": 426, "width": 120, "height": 18}, "region_attributes": {"label": "Dates of contact", "key_type": "key", "formal_key": "question"}}, {"shape_attributes": {"name": "rect", "x": 240, "y": 423, "width": 291, "height": 20}, "region_attributes": {"label": "Tuesday 3 /13 and Wednesday, 3 /14", "key_type": "value", "formal_key": "answer"}}, {"shape_attributes": {"name": "rect", "x": 91, "y": 469, "width": 128, "height": 18}, "region_attributes": {"label": "Method of travel:", "key_type": "key", "formal_key": "header"}}, {"shape_attributes": {"name": "rect", "x": 91, "y": 513, "width": 403, "height": 19}, "region_attributes": {"label": "Arrival date and time (include airline and flight no.)", "key_type": "key", "formal_key": "question"}}, {"shape_attributes": {"name": "rect", "x": 514, "y": 510, "width": 115, "height": 20}, "region_attributes": {"label": "Monday, 3 /12", "key_type": "value", "formal_key": "answer"}}, {"shape_attributes": {"name": "rect", "x": 103, "y": 550, "width": 139, "height": 18}, "region_attributes": {"label": "Evening Shuttle", "key_type": "value", "formal_key": "answer"}}, {"shape_attributes": {"name": "rect", "x": 89, "y": 602, "width": 235, "height": 18}, "region_attributes": {"label": "Hotel /Motel reservations needed", "key_type": "key", "formal_key": "question"}}, {"shape_attributes": {"name": "rect", "x": 92, "y": 648, "width": 150, "height": 18}, "region_attributes": {"label": "Reservations made at", "key_type": "key", "formal_key": "question"}}, {"shape_attributes": {"name": "rect", "x": 91, "y": 690, "width": 235, "height": 18}, "region_attributes": {"label": "Sales Personnel to be contacted", "key_type": "key", "formal_key": "question"}}, {"shape_attributes": {"name": "rect", "x": 91, "y": 733, "width": 256, "height": 20}, "region_attributes": {"label": "Sales Personnel to be worked with:", "key_type": "key", "formal_key": "question"}}, {"shape_attributes": {"name": "rect", "x": 362, "y": 735, "width": 29, "height": 14}, "region_attributes": {"label": "D. M.", "key_type": "key", "formal_key": "question"}}, {"shape_attributes": {"name": "rect", "x": 426, "y": 733, "width": 46, "height": 16}, "region_attributes": {"label": "A. D. M.", "key_type": "key", "formal_key": "question"}}, {"shape_attributes": {"name": "rect", "x": 510, "y": 733, "width": 152, "height": 15}, "region_attributes": {"label": "Sales Representative", "key_type": "key", "formal_key": "question"}}, {"shape_attributes": {"name": "rect", "x": 85, "y": 927, "width": 553, "height": 20}, "region_attributes": {"label": "Return to J. R. Mueller no later than two weeks prior to anticipated trip.", "key_type": "value", "formal_key": "others"}}]}}}