﻿{"file_name": "81186212.json", "attributes": {"_via_img_metadata": {"regions": [{"shape_attributes": {"name": "rect", "x": 89, "y": 232, "width": 46, "height": 18}, "region_attributes": {"label": "Date:", "key_type": "key", "formal_key": "question"}}, {"shape_attributes": {"name": "rect", "x": 690, "y": 775, "width": 20, "height": 99}, "region_attributes": {"label": "81186212", "key_type": "value", "formal_key": "others"}}, {"shape_attributes": {"name": "rect", "x": 89, "y": 943, "width": 39, "height": 18}, "region_attributes": {"label": "4/79", "key_type": "value", "formal_key": "others"}}, {"shape_attributes": {"name": "rect", "x": 254, "y": 56, "width": 224, "height": 20}, "region_attributes": {"label": "New Competitive Activity", "key_type": "key", "formal_key": "header"}}, {"shape_attributes": {"name": "rect", "x": 87, "y": 109, "width": 559, "height": 54}, "region_attributes": {"label": "Please fill in the following information, as appropriate and send to C. W. Toti, Marketing Services Director, at the New York Office. Thank you.", "key_type": "value", "formal_key": "others"}}, {"shape_attributes": {"name": "rect", "x": 85, "y": 198, "width": 115, "height": 17}, "region_attributes": {"label": "Reported by:", "key_type": "key", "formal_key": "question"}}, {"shape_attributes": {"name": "rect", "x": 92, "y": 267, "width": 190, "height": 17}, "region_attributes": {"label": "Manufacturer & Brand:", "key_type": "key", "formal_key": "question"}}, {"shape_attributes": {"name": "rect", "x": 89, "y": 303, "width": 349, "height": 18}, "region_attributes": {"label": "Type of product, size(s) & list price:", "key_type": "key", "formal_key": "question"}}, {"shape_attributes": {"name": "rect", "x": 91, "y": 408, "width": 210, "height": 17}, "region_attributes": {"label": "Extent of distribution:", "key_type": "key", "formal_key": "question"}}, {"shape_attributes": {"name": "rect", "x": 91, "y": 514, "width": 419, "height": 16}, "region_attributes": {"label": "Information and hearsay from outside contacts:", "key_type": "key", "formal_key": "question"}}, {"shape_attributes": {"name": "rect", "x": 89, "y": 684, "width": 532, "height": 35}, "region_attributes": {"label": "Further information (please attach any relevant materials; POS, advertising, brochures, etc.):", "key_type": "key", "formal_key": "question"}}]}}}