﻿{"file_name": "81310636.json", "attributes": {"_via_img_metadata": {"regions": [{"shape_attributes": {"name": "rect", "x": 623, "y": 145, "width": 35, "height": 13}, "region_attributes": {"label": "6692", "key_type": "value", "formal_key": "answer"}}, {"shape_attributes": {"name": "rect", "x": 225, "y": 145, "width": 25, "height": 11}, "region_attributes": {"label": "B83", "key_type": "value", "formal_key": "answer"}}, {"shape_attributes": {"name": "rect", "x": 250, "y": 341, "width": 39, "height": 13}, "region_attributes": {"label": "test", "key_type": "value", "formal_key": "others"}}, {"shape_attributes": {"name": "rect", "x": 103, "y": 683, "width": 27, "height": 14}, "region_attributes": {"label": "Misc", "key_type": "value", "formal_key": "others"}}, {"shape_attributes": {"name": "rect", "x": 662, "y": 786, "width": 22, "height": 103}, "region_attributes": {"label": "81310636", "key_type": "value", "formal_key": "others"}}, {"shape_attributes": {"name": "rect", "x": 314, "y": 78, "width": 185, "height": 23}, "region_attributes": {"label": "COMPOUND STRUCTURE", "key_type": "key", "formal_key": "header"}}, {"shape_attributes": {"name": "rect", "x": 514, "y": 127, "width": 145, "height": 17}, "region_attributes": {"label": "Litton Bionetics", "key_type": "value", "formal_key": "others"}}, {"shape_attributes": {"name": "rect", "x": 517, "y": 147, "width": 96, "height": 14}, "region_attributes": {"label": "Genetic Assay No.", "key_type": "key", "formal_key": "question"}}, {"shape_attributes": {"name": "rect", "x": 110, "y": 144, "width": 107, "height": 15}, "region_attributes": {"label": "COMPOUND CODE", "key_type": "key", "formal_key": "question"}}, {"shape_attributes": {"name": "rect", "x": 110, "y": 176, "width": 73, "height": 14}, "region_attributes": {"label": "Chem Abstr#", "key_type": "key", "formal_key": "question"}}, {"shape_attributes": {"name": "rect", "x": 187, "y": 175, "width": 26, "height": 13}, "region_attributes": {"label": "N/ A", "key_type": "value", "formal_key": "answer"}}, {"shape_attributes": {"name": "rect", "x": 226, "y": 200, "width": 173, "height": 17}, "region_attributes": {"label": "Proprietary Mixture", "key_type": "value", "formal_key": "answer"}}, {"shape_attributes": {"name": "rect", "x": 110, "y": 204, "width": 99, "height": 17}, "region_attributes": {"label": "Compound Name", "key_type": "key", "formal_key": "question"}}, {"shape_attributes": {"name": "rect", "x": 110, "y": 271, "width": 80, "height": 14}, "region_attributes": {"label": "ASSAY RESULT", "key_type": "key", "formal_key": "question"}}, {"shape_attributes": {"name": "rect", "x": 186, "y": 263, "width": 555, "height": 78}, "region_attributes": {"label": "M. Lymph: negative with S9 activation, positive without S9 activation; Rerun: negative without S9 activation, border- line positive with S9 activation -Technical problems with the", "key_type": "value", "formal_key": "answer"}}, {"shape_attributes": {"name": "rect", "x": 109, "y": 330, "width": 142, "height": 15}, "region_attributes": {"label": "COMPOUND STRUCTURE", "key_type": "value", "formal_key": "others"}}, {"shape_attributes": {"name": "rect", "x": 117, "y": 411, "width": 139, "height": 15}, "region_attributes": {"label": "Unknown Mixture", "key_type": "value", "formal_key": "others"}}, {"shape_attributes": {"name": "rect", "x": 105, "y": 490, "width": 127, "height": 17}, "region_attributes": {"label": "PH (CALCULATED 50%)", "key_type": "key", "formal_key": "question"}}, {"shape_attributes": {"name": "rect", "x": 249, "y": 485, "width": 35, "height": 18}, "region_attributes": {"label": "5. 26", "key_type": "value", "formal_key": "answer"}}, {"shape_attributes": {"name": "rect", "x": 247, "y": 546, "width": 118, "height": 15}, "region_attributes": {"label": "Yellow liquid", "key_type": "value", "formal_key": "answer"}}, {"shape_attributes": {"name": "rect", "x": 103, "y": 547, "width": 138, "height": 17}, "region_attributes": {"label": "PHYSICAL APPEARANCE", "key_type": "key", "formal_key": "question"}}, {"shape_attributes": {"name": "rect", "x": 123, "y": 578, "width": 36, "height": 16}, "region_attributes": {"label": "bp/mp ", "key_type": "key", "formal_key": "question"}}, {"shape_attributes": {"name": "rect", "x": 182, "y": 574, "width": 31, "height": 17}, "region_attributes": {"label": "N/ A", "key_type": "value", "formal_key": "answer"}}, {"shape_attributes": {"name": "rect", "x": 254, "y": 577, "width": 27, "height": 17}, "region_attributes": {"label": "C @", "key_type": "key", "formal_key": "question"}}, {"shape_attributes": {"name": "rect", "x": 320, "y": 577, "width": 43, "height": 15}, "region_attributes": {"label": "mm Hg", "key_type": "key", "formal_key": "question"}}, {"shape_attributes": {"name": "rect", "x": 102, "y": 620, "width": 123, "height": 24}, "region_attributes": {"label": "REGULATORY STATUS", "key_type": "key", "formal_key": "question"}}, {"shape_attributes": {"name": "rect", "x": 246, "y": 619, "width": 33, "height": 20}, "region_attributes": {"label": "N/ A", "key_type": "value", "formal_key": "answer"}}, {"shape_attributes": {"name": "rect", "x": 637, "y": 948, "width": 59, "height": 19}, "region_attributes": {"label": "", "key_type": "value", "formal_key": "others"}}]}}}