﻿{"file_name": "81574683.json", "attributes": {"_via_img_metadata": {"regions": [{"shape_attributes": {"name": "rect", "x": 485, "y": 32, "width": 41, "height": 17}, "region_attributes": {"label": "Date:", "key_type": "key", "formal_key": "question"}}, {"shape_attributes": {"name": "rect", "x": 531, "y": 32, "width": 54, "height": 17}, "region_attributes": {"label": "3/27/84", "key_type": "value", "formal_key": "answer"}}, {"shape_attributes": {"name": "rect", "x": 634, "y": 34, "width": 49, "height": 14}, "region_attributes": {"label": "84-C-7", "key_type": "value", "formal_key": "others"}}, {"shape_attributes": {"name": "rect", "x": 31, "y": 218, "width": 80, "height": 18}, "region_attributes": {"label": "Cicarettes", "key_type": "key", "formal_key": "header"}}, {"shape_attributes": {"name": "rect", "x": 320, "y": 221, "width": 57, "height": 17}, "region_attributes": {"label": "Filters", "key_type": "value", "formal_key": "others"}}, {"shape_attributes": {"name": "rect", "x": 34, "y": 173, "width": 39, "height": 14}, "region_attributes": {"label": "BLEND", "key_type": "key", "formal_key": "question"}}, {"shape_attributes": {"name": "rect", "x": 144, "y": 173, "width": 52, "height": 14}, "region_attributes": {"label": "CASING", "key_type": "key", "formal_key": "question"}}, {"shape_attributes": {"name": "rect", "x": 267, "y": 173, "width": 61, "height": 17}, "region_attributes": {"label": "RECASING", "key_type": "key", "formal_key": "question"}}, {"shape_attributes": {"name": "rect", "x": 34, "y": 189, "width": 53, "height": 14}, "region_attributes": {"label": "1077-84", "key_type": "value", "formal_key": "answer"}}, {"shape_attributes": {"name": "rect", "x": 144, "y": 187, "width": 35, "height": 20}, "region_attributes": {"label": "7773", "key_type": "value", "formal_key": "answer"}}, {"shape_attributes": {"name": "rect", "x": 268, "y": 190, "width": 32, "height": 15}, "region_attributes": {"label": "7774", "key_type": "value", "formal_key": "answer"}}, {"shape_attributes": {"name": "rect", "x": 392, "y": 191, "width": 64, "height": 17}, "region_attributes": {"label": "attached", "key_type": "value", "formal_key": "answer"}}, {"shape_attributes": {"name": "rect", "x": 52, "y": 250, "width": 43, "height": 14}, "region_attributes": {"label": "Maker", "key_type": "key", "formal_key": "question"}}, {"shape_attributes": {"name": "rect", "x": 52, "y": 274, "width": 52, "height": 13}, "region_attributes": {"label": "Length", "key_type": "key", "formal_key": "question"}}, {"shape_attributes": {"name": "rect", "x": 54, "y": 295, "width": 46, "height": 15}, "region_attributes": {"label": "Filter", "key_type": "key", "formal_key": "question"}}, {"shape_attributes": {"name": "rect", "x": 106, "y": 295, "width": 47, "height": 15}, "region_attributes": {"label": "Length", "key_type": "key", "formal_key": "question"}}, {"shape_attributes": {"name": "rect", "x": 50, "y": 317, "width": 105, "height": 14}, "region_attributes": {"label": "Circumference", "key_type": "key", "formal_key": "question"}}, {"shape_attributes": {"name": "rect", "x": 50, "y": 341, "width": 52, "height": 15}, "region_attributes": {"label": "Weight", "key_type": "key", "formal_key": "question"}}, {"shape_attributes": {"name": "rect", "x": 52, "y": 363, "width": 45, "height": 11}, "region_attributes": {"label": "Paper", "key_type": "key", "formal_key": "question"}}, {"shape_attributes": {"name": "rect", "x": 556, "y": 177, "width": 57, "height": 15}, "region_attributes": {"label": "MENTHOL", "key_type": "key", "formal_key": "question"}}, {"shape_attributes": {"name": "rect", "x": 556, "y": 193, "width": 39, "height": 15}, "region_attributes": {"label": "8098", "key_type": "value", "formal_key": "answer"}}, {"shape_attributes": {"name": "rect", "x": 585, "y": 281, "width": 20, "height": 10}, "region_attributes": {"label": "mm", "key_type": "value", "formal_key": "answer"}}, {"shape_attributes": {"name": "rect", "x": 480, "y": 366, "width": 43, "height": 15}, "region_attributes": {"label": "370mm", "key_type": "value", "formal_key": "answer"}}, {"shape_attributes": {"name": "rect", "x": 482, "y": 390, "width": 49, "height": 15}, "region_attributes": {"label": "24.7mm", "key_type": "value", "formal_key": "answer"}}, {"shape_attributes": {"name": "rect", "x": 479, "y": 457, "width": 17, "height": 15}, "region_attributes": {"label": "E-", "key_type": "value", "formal_key": "others"}}, {"shape_attributes": {"name": "rect", "x": 494, "y": 458, "width": 25, "height": 14}, "region_attributes": {"label": "626", "key_type": "value", "formal_key": "answer"}}, {"shape_attributes": {"name": "rect", "x": 480, "y": 482, "width": 39, "height": 11}, "region_attributes": {"label": "1509C", "key_type": "value", "formal_key": "answer"}}, {"shape_attributes": {"name": "rect", "x": 689, "y": 730, "width": 17, "height": 92}, "region_attributes": {"label": "81574683", "key_type": "value", "formal_key": "others"}}, {"shape_attributes": {"name": "rect", "x": 27, "y": 552, "width": 66, "height": 17}, "region_attributes": {"label": "Wrapping", "key_type": "key", "formal_key": "header"}}, {"shape_attributes": {"name": "rect", "x": 47, "y": 575, "width": 57, "height": 15}, "region_attributes": {"label": "Labels", "key_type": "key", "formal_key": "question"}}, {"shape_attributes": {"name": "rect", "x": 50, "y": 595, "width": 63, "height": 18}, "region_attributes": {"label": "Closures", "key_type": "key", "formal_key": "question"}}, {"shape_attributes": {"name": "rect", "x": 46, "y": 641, "width": 57, "height": 15}, "region_attributes": {"label": "Cartons", "key_type": "key", "formal_key": "question"}}, {"shape_attributes": {"name": "rect", "x": 49, "y": 665, "width": 63, "height": 14}, "region_attributes": {"label": "Markings", "key_type": "key", "formal_key": "question"}}, {"shape_attributes": {"name": "rect", "x": 198, "y": 571, "width": 45, "height": 18}, "region_attributes": {"label": "white", "key_type": "value", "formal_key": "answer"}}, {"shape_attributes": {"name": "rect", "x": 197, "y": 595, "width": 34, "height": 17}, "region_attributes": {"label": "blue", "key_type": "value", "formal_key": "answer"}}, {"shape_attributes": {"name": "rect", "x": 197, "y": 623, "width": 45, "height": 14}, "region_attributes": {"label": "white", "key_type": "value", "formal_key": "answer"}}, {"shape_attributes": {"name": "rect", "x": 198, "y": 644, "width": 38, "height": 14}, "region_attributes": {"label": "white", "key_type": "value", "formal_key": "answer"}}, {"shape_attributes": {"name": "rect", "x": 313, "y": 553, "width": 108, "height": 17}, "region_attributes": {"label": "Responsibility", "key_type": "key", "formal_key": "header"}}, {"shape_attributes": {"name": "rect", "x": 331, "y": 645, "width": 67, "height": 14}, "region_attributes": {"label": "Shipping", "key_type": "key", "formal_key": "question"}}, {"shape_attributes": {"name": "rect", "x": 45, "y": 754, "width": 42, "height": 15}, "region_attributes": {"label": "Other", "key_type": "key", "formal_key": "question"}}, {"shape_attributes": {"name": "rect", "x": 503, "y": 891, "width": 22, "height": 15}, "region_attributes": {"label": "", "key_type": "value", "formal_key": "others"}}, {"shape_attributes": {"name": "rect", "x": 528, "y": 895, "width": 49, "height": 13}, "region_attributes": {"label": "Newan", "key_type": "value", "formal_key": "others"}}, {"shape_attributes": {"name": "rect", "x": 577, "y": 894, "width": 45, "height": 15}, "region_attributes": {"label": "Stein,", "key_type": "value", "formal_key": "others"}}, {"shape_attributes": {"name": "rect", "x": 479, "y": 599, "width": 78, "height": 14}, "region_attributes": {"label": "production", "key_type": "value", "formal_key": "answer"}}, {"shape_attributes": {"name": "rect", "x": 201, "y": 433, "width": 32, "height": 15}, "region_attributes": {"label": "4260", "key_type": "value", "formal_key": "answer"}}, {"shape_attributes": {"name": "rect", "x": 198, "y": 476, "width": 22, "height": 18}, "region_attributes": {"label": "NA", "key_type": "value", "formal_key": "answer"}}, {"shape_attributes": {"name": "rect", "x": 338, "y": 295, "width": 35, "height": 15}, "region_attributes": {"label": "Kind", "key_type": "key", "formal_key": "question"}}, {"shape_attributes": {"name": "rect", "x": 339, "y": 344, "width": 24, "height": 11}, "region_attributes": {"label": "Rod", "key_type": "key", "formal_key": "question"}}, {"shape_attributes": {"name": "rect", "x": 369, "y": 342, "width": 47, "height": 14}, "region_attributes": {"label": "Length", "key_type": "key", "formal_key": "question"}}, {"shape_attributes": {"name": "rect", "x": 335, "y": 387, "width": 101, "height": 17}, "region_attributes": {"label": "Circunference", "key_type": "key", "formal_key": "question"}}, {"shape_attributes": {"name": "rect", "x": 334, "y": 412, "width": 47, "height": 11}, "region_attributes": {"label": "Weight", "key_type": "key", "formal_key": "question"}}, {"shape_attributes": {"name": "rect", "x": 335, "y": 433, "width": 46, "height": 13}, "region_attributes": {"label": "Plast.", "key_type": "key", "formal_key": "question"}}, {"shape_attributes": {"name": "rect", "x": 277, "y": 45, "width": 230, "height": 46}, "region_attributes": {"label": "Sample No. 1078-84 Type of Cigarette NP Control 85 Batch Size As needed", "key_type": "key", "formal_key": "header"}}, {"shape_attributes": {"name": "rect", "x": 49, "y": 96, "width": 166, "height": 17}, "region_attributes": {"label": "ginal Request Made By", "key_type": "key", "formal_key": "question"}}, {"shape_attributes": {"name": "rect", "x": 221, "y": 98, "width": 154, "height": 18}, "region_attributes": {"label": "T. Jessup on 2/13/84", "key_type": "value", "formal_key": "answer"}}, {"shape_attributes": {"name": "rect", "x": 31, "y": 116, "width": 132, "height": 19}, "region_attributes": {"label": "Purpose of Sample", "key_type": "key", "formal_key": "question"}}, {"shape_attributes": {"name": "rect", "x": 165, "y": 119, "width": 167, "height": 20}, "region_attributes": {"label": "Mkt. Research Newport", "key_type": "value", "formal_key": "answer"}}, {"shape_attributes": {"name": "rect", "x": 281, "y": 144, "width": 72, "height": 18}, "region_attributes": {"label": "W. Barnes", "key_type": "value", "formal_key": "answer"}}, {"shape_attributes": {"name": "rect", "x": 32, "y": 141, "width": 245, "height": 17}, "region_attributes": {"label": "Sample Specifications Written By", "key_type": "key", "formal_key": "question"}}, {"shape_attributes": {"name": "rect", "x": 394, "y": 176, "width": 94, "height": 15}, "region_attributes": {"label": "FINAL FLAVOR", "key_type": "key", "formal_key": "question"}}, {"shape_attributes": {"name": "rect", "x": 203, "y": 246, "width": 36, "height": 18}, "region_attributes": {"label": "MK 9", "key_type": "value", "formal_key": "answer"}}, {"shape_attributes": {"name": "rect", "x": 203, "y": 271, "width": 49, "height": 20}, "region_attributes": {"label": "84.0 cm", "key_type": "value", "formal_key": "answer"}}, {"shape_attributes": {"name": "rect", "x": 204, "y": 295, "width": 51, "height": 18}, "region_attributes": {"label": "21.0 mm", "key_type": "value", "formal_key": "answer"}}, {"shape_attributes": {"name": "rect", "x": 204, "y": 320, "width": 46, "height": 13}, "region_attributes": {"label": "24.8 mm", "key_type": "value", "formal_key": "answer"}}, {"shape_attributes": {"name": "rect", "x": 204, "y": 341, "width": 76, "height": 17}, "region_attributes": {"label": "96.0 g/100", "key_type": "value", "formal_key": "answer"}}, {"shape_attributes": {"name": "rect", "x": 203, "y": 363, "width": 40, "height": 15}, "region_attributes": {"label": "E- 554", "key_type": "value", "formal_key": "answer"}}, {"shape_attributes": {"name": "rect", "x": 173, "y": 385, "width": 132, "height": 19}, "region_attributes": {"label": "51mm cork- Ecusta", "key_type": "value", "formal_key": "answer"}}, {"shape_attributes": {"name": "rect", "x": 133, "y": 409, "width": 173, "height": 16}, "region_attributes": {"label": "TOD 01042-4 lines perf.", "key_type": "value", "formal_key": "answer"}}, {"shape_attributes": {"name": "rect", "x": 50, "y": 385, "width": 77, "height": 14}, "region_attributes": {"label": "Tip. Paper", "key_type": "key", "formal_key": "question"}}, {"shape_attributes": {"name": "rect", "x": 50, "y": 430, "width": 115, "height": 20}, "region_attributes": {"label": "Tip. Paper Por.", "key_type": "key", "formal_key": "question"}}, {"shape_attributes": {"name": "rect", "x": 49, "y": 454, "width": 87, "height": 15}, "region_attributes": {"label": "Glue Roller", "key_type": "key", "formal_key": "question"}}, {"shape_attributes": {"name": "rect", "x": 47, "y": 475, "width": 99, "height": 18}, "region_attributes": {"label": "Air Dilution", "key_type": "key", "formal_key": "question"}}, {"shape_attributes": {"name": "rect", "x": 197, "y": 453, "width": 65, "height": 18}, "region_attributes": {"label": "Mk II 85", "key_type": "value", "formal_key": "answer"}}, {"shape_attributes": {"name": "rect", "x": 478, "y": 253, "width": 76, "height": 17}, "region_attributes": {"label": "Section A", "key_type": "key", "formal_key": "question"}}, {"shape_attributes": {"name": "rect", "x": 585, "y": 251, "width": 74, "height": 20}, "region_attributes": {"label": "Section B", "key_type": "key", "formal_key": "question"}}, {"shape_attributes": {"name": "rect", "x": 482, "y": 275, "width": 38, "height": 17}, "region_attributes": {"label": "21mm", "key_type": "value", "formal_key": "answer"}}, {"shape_attributes": {"name": "rect", "x": 480, "y": 299, "width": 85, "height": 17}, "region_attributes": {"label": "3.3 35,000y", "key_type": "value", "formal_key": "answer"}}, {"shape_attributes": {"name": "rect", "x": 475, "y": 323, "width": 54, "height": 14}, "region_attributes": {"label": "RE- 2218", "key_type": "value", "formal_key": "answer"}}, {"shape_attributes": {"name": "rect", "x": 482, "y": 344, "width": 47, "height": 16}, "region_attributes": {"label": "126 mm", "key_type": "value", "formal_key": "answer"}}, {"shape_attributes": {"name": "rect", "x": 480, "y": 412, "width": 78, "height": 15}, "region_attributes": {"label": "81.0 g/100", "key_type": "value", "formal_key": "answer"}}, {"shape_attributes": {"name": "rect", "x": 480, "y": 433, "width": 57, "height": 17}, "region_attributes": {"label": "7% Kent", "key_type": "value", "formal_key": "answer"}}, {"shape_attributes": {"name": "rect", "x": 335, "y": 366, "width": 104, "height": 14}, "region_attributes": {"label": "Pressure Drop", "key_type": "key", "formal_key": "question"}}, {"shape_attributes": {"name": "rect", "x": 337, "y": 455, "width": 71, "height": 16}, "region_attributes": {"label": "Plug Wrap", "key_type": "key", "formal_key": "question"}}, {"shape_attributes": {"name": "rect", "x": 334, "y": 478, "width": 109, "height": 18}, "region_attributes": {"label": "Plug Wrap Por.", "key_type": "key", "formal_key": "question"}}, {"shape_attributes": {"name": "rect", "x": 337, "y": 500, "width": 78, "height": 17}, "region_attributes": {"label": "Comb. Wrap", "key_type": "key", "formal_key": "question"}}, {"shape_attributes": {"name": "rect", "x": 337, "y": 524, "width": 110, "height": 15}, "region_attributes": {"label": "Comb. Wrap Por.", "key_type": "key", "formal_key": "question"}}, {"shape_attributes": {"name": "rect", "x": 335, "y": 575, "width": 104, "height": 17}, "region_attributes": {"label": "Tobacco Blend", "key_type": "key", "formal_key": "question"}}, {"shape_attributes": {"name": "rect", "x": 334, "y": 601, "width": 131, "height": 15}, "region_attributes": {"label": "Filter Production", "key_type": "key", "formal_key": "question"}}, {"shape_attributes": {"name": "rect", "x": 331, "y": 623, "width": 127, "height": 15}, "region_attributes": {"label": "Making & Packing", "key_type": "key", "formal_key": "question"}}, {"shape_attributes": {"name": "rect", "x": 332, "y": 666, "width": 133, "height": 16}, "region_attributes": {"label": "Sample Requistion", "key_type": "key", "formal_key": "question"}}, {"shape_attributes": {"name": "rect", "x": 473, "y": 577, "width": 146, "height": 16}, "region_attributes": {"label": "production, Barnes", "key_type": "value", "formal_key": "answer"}}, {"shape_attributes": {"name": "rect", "x": 476, "y": 623, "width": 117, "height": 15}, "region_attributes": {"label": "Barnes, Fernald", "key_type": "value", "formal_key": "answer"}}, {"shape_attributes": {"name": "rect", "x": 472, "y": 648, "width": 17, "height": 16}, "region_attributes": {"label": "- -", "key_type": "value", "formal_key": "answer"}}, {"shape_attributes": {"name": "rect", "x": 475, "y": 668, "width": 80, "height": 14}, "region_attributes": {"label": "T. Skinner", "key_type": "value", "formal_key": "answer"}}, {"shape_attributes": {"name": "rect", "x": 198, "y": 662, "width": 71, "height": 16}, "region_attributes": {"label": "code #1746", "key_type": "value", "formal_key": "answer"}}, {"shape_attributes": {"name": "rect", "x": 50, "y": 619, "width": 70, "height": 15}, "region_attributes": {"label": "Tear Tape", "key_type": "key", "formal_key": "question"}}, {"shape_attributes": {"name": "rect", "x": 28, "y": 718, "width": 99, "height": 30}, "region_attributes": {"label": "Requirements Laboratory", "key_type": "key", "formal_key": "question"}}, {"shape_attributes": {"name": "rect", "x": 198, "y": 732, "width": 59, "height": 17}, "region_attributes": {"label": "30 ctns.", "key_type": "value", "formal_key": "answer"}}, {"shape_attributes": {"name": "rect", "x": 179, "y": 753, "width": 69, "height": 18}, "region_attributes": {"label": "1100 pks.", "key_type": "value", "formal_key": "answer"}}, {"shape_attributes": {"name": "rect", "x": 310, "y": 716, "width": 150, "height": 17}, "region_attributes": {"label": "Laboratory Analysis:", "key_type": "key", "formal_key": "question"}}, {"shape_attributes": {"name": "rect", "x": 328, "y": 735, "width": 181, "height": 59}, "region_attributes": {"label": "Moisture analysis Menthol analysis Tar & nicotine analysis", "key_type": "value", "formal_key": "answer"}}, {"shape_attributes": {"name": "rect", "x": 303, "y": 799, "width": 152, "height": 18}, "region_attributes": {"label": "Special Requirements", "key_type": "key", "formal_key": "question"}}, {"shape_attributes": {"name": "rect", "x": 22, "y": 817, "width": 544, "height": 64}, "region_attributes": {"label": "1. Cigts. to be packed in white labels printed with \"20 Class A. ATF Auth. #47 sample not for sale, all applicable state taxes paid, and code No. 746.\"", "key_type": "value", "formal_key": "answer"}}, {"shape_attributes": {"name": "rect", "x": 21, "y": 885, "width": 479, "height": 43}, "region_attributes": {"label": "2. Cigts. to be inspected, placed in pk. mailers and shipped Inc., for Mkt. Rsh. Study.", "key_type": "value", "formal_key": "answer"}}, {"shape_attributes": {"name": "rect", "x": 459, "y": 880, "width": 270, "height": 79}, "region_attributes": {"label": "Director, Product Development", "key_type": "value", "formal_key": "others"}}]}}}