﻿{"file_name": "81619486_9488.json", "attributes": {"_via_img_metadata": {"regions": [{"shape_attributes": {"name": "rect", "x": 67, "y": 108, "width": 22, "height": 14}, "region_attributes": {"label": "TO:", "key_type": "key", "formal_key": "question"}}, {"shape_attributes": {"name": "rect", "x": 68, "y": 138, "width": 40, "height": 15}, "region_attributes": {"label": "FROM:", "key_type": "key", "formal_key": "question"}}, {"shape_attributes": {"name": "rect", "x": 450, "y": 171, "width": 14, "height": 13}, "region_attributes": {"label": "x", "key_type": "value", "formal_key": "answer"}}, {"shape_attributes": {"name": "rect", "x": 166, "y": 237, "width": 77, "height": 13}, "region_attributes": {"label": "GEOGRAPHY", "key_type": "key", "formal_key": "question"}}, {"shape_attributes": {"name": "rect", "x": 67, "y": 263, "width": 58, "height": 13}, "region_attributes": {"label": "REGION:", "key_type": "key", "formal_key": "header"}}, {"shape_attributes": {"name": "rect", "x": 298, "y": 262, "width": 32, "height": 13}, "region_attributes": {"label": "FULL", "key_type": "key", "formal_key": "question"}}, {"shape_attributes": {"name": "rect", "x": 508, "y": 263, "width": 45, "height": 12}, "region_attributes": {"label": "PARTIAL", "key_type": "key", "formal_key": "question"}}, {"shape_attributes": {"name": "rect", "x": 508, "y": 312, "width": 47, "height": 12}, "region_attributes": {"label": "PARTIAL", "key_type": "key", "formal_key": "question"}}, {"shape_attributes": {"name": "rect", "x": 298, "y": 311, "width": 34, "height": 14}, "region_attributes": {"label": "FULL", "key_type": "key", "formal_key": "question"}}, {"shape_attributes": {"name": "rect", "x": 69, "y": 311, "width": 59, "height": 14}, "region_attributes": {"label": "DIVISION:", "key_type": "key", "formal_key": "question"}}, {"shape_attributes": {"name": "rect", "x": 68, "y": 203, "width": 58, "height": 13}, "region_attributes": {"label": "SUBJECT:", "key_type": "key", "formal_key": "question"}}, {"shape_attributes": {"name": "rect", "x": 584, "y": 336, "width": 15, "height": 13}, "region_attributes": {"label": "12", "key_type": "value", "formal_key": "answer"}}, {"shape_attributes": {"name": "rect", "x": 583, "y": 356, "width": 14, "height": 17}, "region_attributes": {"label": "13", "key_type": "value", "formal_key": "answer"}}, {"shape_attributes": {"name": "rect", "x": 585, "y": 380, "width": 12, "height": 14}, "region_attributes": {"label": "7", "key_type": "value", "formal_key": "answer"}}, {"shape_attributes": {"name": "rect", "x": 365, "y": 311, "width": 11, "height": 12}, "region_attributes": {"label": "X", "key_type": "value", "formal_key": "answer"}}, {"shape_attributes": {"name": "rect", "x": 156, "y": 416, "width": 97, "height": 15}, "region_attributes": {"label": "DISTRIBUTION", "key_type": "key", "formal_key": "question"}}, {"shape_attributes": {"name": "rect", "x": 297, "y": 509, "width": 14, "height": 15}, "region_attributes": {"label": "70", "key_type": "value", "formal_key": "answer"}}, {"shape_attributes": {"name": "rect", "x": 294, "y": 528, "width": 19, "height": 15}, "region_attributes": {"label": "121", "key_type": "value", "formal_key": "answer"}}, {"shape_attributes": {"name": "rect", "x": 660, "y": 809, "width": 22, "height": 102}, "region_attributes": {"label": "81619486", "key_type": "value", "formal_key": "others"}}, {"shape_attributes": {"name": "rect", "x": 140, "y": 108, "width": 65, "height": 13}, "region_attributes": {"label": "S. P. ZOLOT", "key_type": "value", "formal_key": "answer"}}, {"shape_attributes": {"name": "rect", "x": 447, "y": 109, "width": 112, "height": 14}, "region_attributes": {"label": "SUBMISSION DATE", "key_type": "key", "formal_key": "header"}}, {"shape_attributes": {"name": "rect", "x": 141, "y": 138, "width": 88, "height": 18}, "region_attributes": {"label": "R. W. Richardson", "key_type": "value", "formal_key": "answer"}}, {"shape_attributes": {"name": "rect", "x": 376, "y": 139, "width": 46, "height": 14}, "region_attributes": {"label": "JUNE 29", "key_type": "key", "formal_key": "question"}}, {"shape_attributes": {"name": "rect", "x": 379, "y": 169, "width": 40, "height": 14}, "region_attributes": {"label": "AUG 10", "key_type": "key", "formal_key": "question"}}, {"shape_attributes": {"name": "rect", "x": 525, "y": 140, "width": 46, "height": 13}, "region_attributes": {"label": "SEPT 21", "key_type": "key", "formal_key": "question"}}, {"shape_attributes": {"name": "rect", "x": 529, "y": 169, "width": 38, "height": 15}, "region_attributes": {"label": "NOV 9", "key_type": "key", "formal_key": "question"}}, {"shape_attributes": {"name": "rect", "x": 137, "y": 199, "width": 388, "height": 16}, "region_attributes": {"label": "MAVERICK SPECIALS EXPANSION MARKETS PROGRESS REPORT", "key_type": "value", "formal_key": "answer"}}, {"shape_attributes": {"name": "rect", "x": 67, "y": 284, "width": 363, "height": 16}, "region_attributes": {"label": "(ONLY IF PARTIAL REGION, CONTINUE WITH DIVISION (S) SCOPE)", "key_type": "value", "formal_key": "others"}}, {"shape_attributes": {"name": "rect", "x": 91, "y": 336, "width": 95, "height": 14}, "region_attributes": {"label": "DIVISION NAME:", "key_type": "key", "formal_key": "question"}}, {"shape_attributes": {"name": "rect", "x": 186, "y": 338, "width": 69, "height": 12}, "region_attributes": {"label": "Detroit North", "key_type": "value", "formal_key": "answer"}}, {"shape_attributes": {"name": "rect", "x": 189, "y": 358, "width": 69, "height": 14}, "region_attributes": {"label": "Detroit South", "key_type": "value", "formal_key": "answer"}}, {"shape_attributes": {"name": "rect", "x": 192, "y": 380, "width": 69, "height": 15}, "region_attributes": {"label": "Detroit Central", "key_type": "value", "formal_key": "answer"}}, {"shape_attributes": {"name": "rect", "x": 91, "y": 358, "width": 96, "height": 18}, "region_attributes": {"label": "DIVISION NAME:", "key_type": "key", "formal_key": "question"}}, {"shape_attributes": {"name": "rect", "x": 91, "y": 380, "width": 97, "height": 15}, "region_attributes": {"label": "DIVISION NAME:", "key_type": "key", "formal_key": "question"}}, {"shape_attributes": {"name": "rect", "x": 298, "y": 338, "width": 93, "height": 12}, "region_attributes": {"label": "DIVISION NAME:", "key_type": "key", "formal_key": "question"}}, {"shape_attributes": {"name": "rect", "x": 296, "y": 358, "width": 95, "height": 15}, "region_attributes": {"label": "DIVISION NAME:", "key_type": "key", "formal_key": "question"}}, {"shape_attributes": {"name": "rect", "x": 297, "y": 379, "width": 96, "height": 15}, "region_attributes": {"label": "DIVISION NAME:", "key_type": "key", "formal_key": "question"}}, {"shape_attributes": {"name": "rect", "x": 393, "y": 361, "width": 63, "height": 12}, "region_attributes": {"label": "Detroit East", "key_type": "value", "formal_key": "answer"}}, {"shape_attributes": {"name": "rect", "x": 398, "y": 337, "width": 62, "height": 14}, "region_attributes": {"label": "Detroit West", "key_type": "value", "formal_key": "answer"}}, {"shape_attributes": {"name": "rect", "x": 503, "y": 336, "width": 42, "height": 15}, "region_attributes": {"label": "# REPS:", "key_type": "key", "formal_key": "question"}}, {"shape_attributes": {"name": "rect", "x": 503, "y": 359, "width": 41, "height": 14}, "region_attributes": {"label": "# REPS:", "key_type": "key", "formal_key": "question"}}, {"shape_attributes": {"name": "rect", "x": 501, "y": 382, "width": 43, "height": 13}, "region_attributes": {"label": "# REPS:", "key_type": "key", "formal_key": "question"}}, {"shape_attributes": {"name": "rect", "x": 67, "y": 443, "width": 313, "height": 26}, "region_attributes": {"label": "Direct Accounts and Chains Headquartered within the Region (15+ Stores) Stocking No Maverick Specials", "key_type": "value", "formal_key": "others"}}, {"shape_attributes": {"name": "rect", "x": 80, "y": 482, "width": 93, "height": 15}, "region_attributes": {"label": "Name of Account", "key_type": "key", "formal_key": "question"}}, {"shape_attributes": {"name": "rect", "x": 206, "y": 478, "width": 43, "height": 27}, "region_attributes": {"label": "Ind/ Lor Volume", "key_type": "key", "formal_key": "question"}}, {"shape_attributes": {"name": "rect", "x": 272, "y": 475, "width": 59, "height": 30}, "region_attributes": {"label": "Number of Stores", "key_type": "key", "formal_key": "question"}}, {"shape_attributes": {"name": "rect", "x": 369, "y": 481, "width": 90, "height": 16}, "region_attributes": {"label": "Name of Account", "key_type": "key", "formal_key": "question"}}, {"shape_attributes": {"name": "rect", "x": 494, "y": 472, "width": 43, "height": 31}, "region_attributes": {"label": "Ind/ Lor Volume", "key_type": "key", "formal_key": "question"}}, {"shape_attributes": {"name": "rect", "x": 563, "y": 477, "width": 56, "height": 28}, "region_attributes": {"label": "Number of Stores", "key_type": "key", "formal_key": "question"}}, {"shape_attributes": {"name": "rect", "x": 68, "y": 510, "width": 55, "height": 14}, "region_attributes": {"label": "Meijer Gas", "key_type": "value", "formal_key": "answer"}}, {"shape_attributes": {"name": "rect", "x": 69, "y": 531, "width": 72, "height": 13}, "region_attributes": {"label": "Ultra Diamond", "key_type": "value", "formal_key": "answer"}}, {"shape_attributes": {"name": "rect", "x": 208, "y": 509, "width": 37, "height": 12}, "region_attributes": {"label": "245/ 19", "key_type": "value", "formal_key": "answer"}}, {"shape_attributes": {"name": "rect", "x": 207, "y": 532, "width": 37, "height": 11}, "region_attributes": {"label": "223/ 25", "key_type": "value", "formal_key": "answer"}}, {"shape_attributes": {"name": "rect", "x": 68, "y": 698, "width": 321, "height": 26}, "region_attributes": {"label": "Direct Accounts and Chains Headquartered Outside the Region (15+ Stores Stocking No Maverick Specials", "key_type": "value", "formal_key": "others"}}, {"shape_attributes": {"name": "rect", "x": 84, "y": 739, "width": 89, "height": 11}, "region_attributes": {"label": "Name of Account", "key_type": "key", "formal_key": "question"}}, {"shape_attributes": {"name": "rect", "x": 205, "y": 732, "width": 43, "height": 25}, "region_attributes": {"label": "Ind/ Lor Volume", "key_type": "key", "formal_key": "question"}}, {"shape_attributes": {"name": "rect", "x": 273, "y": 731, "width": 58, "height": 29}, "region_attributes": {"label": "Number of Stores", "key_type": "key", "formal_key": "question"}}, {"shape_attributes": {"name": "rect", "x": 373, "y": 738, "width": 87, "height": 11}, "region_attributes": {"label": "Name of Account", "key_type": "key", "formal_key": "question"}}, {"shape_attributes": {"name": "rect", "x": 497, "y": 730, "width": 42, "height": 25}, "region_attributes": {"label": "Ind/ Lor Volume", "key_type": "key", "formal_key": "question"}}, {"shape_attributes": {"name": "rect", "x": 563, "y": 731, "width": 57, "height": 25}, "region_attributes": {"label": "Number of Stores", "key_type": "key", "formal_key": "question"}}, {"shape_attributes": {"name": "rect", "x": 68, "y": 952, "width": 78, "height": 8}, "region_attributes": {"label": "", "key_type": "value", "formal_key": "others"}}, {"shape_attributes": {"name": "rect", "x": 621, "y": 949, "width": 41, "height": 10}, "region_attributes": {"label": "Page 1 of 3", "key_type": "value", "formal_key": "others"}}]}}}