﻿{"file_name": "81619511_9513.json", "attributes": {"_via_img_metadata": {"regions": [{"shape_attributes": {"name": "rect", "x": 22, "y": 87, "width": 18, "height": 11}, "region_attributes": {"label": "TO:", "key_type": "key", "formal_key": "question"}}, {"shape_attributes": {"name": "rect", "x": 22, "y": 112, "width": 35, "height": 13}, "region_attributes": {"label": "FROM:", "key_type": "key", "formal_key": "question"}}, {"shape_attributes": {"name": "rect", "x": 142, "y": 85, "width": 47, "height": 14}, "region_attributes": {"label": "S.P. Zolot", "key_type": "value", "formal_key": "answer"}}, {"shape_attributes": {"name": "rect", "x": 142, "y": 112, "width": 50, "height": 13}, "region_attributes": {"label": "C.J. Leiker", "key_type": "value", "formal_key": "answer"}}, {"shape_attributes": {"name": "rect", "x": 550, "y": 142, "width": 11, "height": 13}, "region_attributes": {"label": "\u2611", "key_type": "value", "formal_key": "answer"}}, {"shape_attributes": {"name": "rect", "x": 22, "y": 165, "width": 50, "height": 13}, "region_attributes": {"label": "SUBJECT:", "key_type": "key", "formal_key": "question"}}, {"shape_attributes": {"name": "rect", "x": 122, "y": 191, "width": 67, "height": 13}, "region_attributes": {"label": "GEOGRAPHY", "key_type": "key", "formal_key": "header"}}, {"shape_attributes": {"name": "rect", "x": 21, "y": 216, "width": 46, "height": 13}, "region_attributes": {"label": "REGION:", "key_type": "key", "formal_key": "header"}}, {"shape_attributes": {"name": "rect", "x": 22, "y": 268, "width": 49, "height": 13}, "region_attributes": {"label": "DIVISION:", "key_type": "key", "formal_key": "header"}}, {"shape_attributes": {"name": "rect", "x": 215, "y": 216, "width": 27, "height": 13}, "region_attributes": {"label": "FULL", "key_type": "key", "formal_key": "question"}}, {"shape_attributes": {"name": "rect", "x": 264, "y": 216, "width": 10, "height": 11}, "region_attributes": {"label": "x", "key_type": "value", "formal_key": "answer"}}, {"shape_attributes": {"name": "rect", "x": 422, "y": 216, "width": 45, "height": 14}, "region_attributes": {"label": "PARTIAL", "key_type": "key", "formal_key": "question"}}, {"shape_attributes": {"name": "rect", "x": 215, "y": 268, "width": 27, "height": 13}, "region_attributes": {"label": "FULL", "key_type": "key", "formal_key": "question"}}, {"shape_attributes": {"name": "rect", "x": 422, "y": 270, "width": 45, "height": 10}, "region_attributes": {"label": "PARTIAL", "key_type": "key", "formal_key": "question"}}, {"shape_attributes": {"name": "rect", "x": 243, "y": 453, "width": 17, "height": 11}, "region_attributes": {"label": "23", "key_type": "value", "formal_key": "answer"}}, {"shape_attributes": {"name": "rect", "x": 244, "y": 472, "width": 13, "height": 11}, "region_attributes": {"label": "21", "key_type": "value", "formal_key": "answer"}}, {"shape_attributes": {"name": "rect", "x": 246, "y": 492, "width": 15, "height": 11}, "region_attributes": {"label": "15", "key_type": "value", "formal_key": "answer"}}, {"shape_attributes": {"name": "rect", "x": 246, "y": 510, "width": 14, "height": 10}, "region_attributes": {"label": "17", "key_type": "value", "formal_key": "answer"}}, {"shape_attributes": {"name": "rect", "x": 246, "y": 528, "width": 15, "height": 13}, "region_attributes": {"label": "82", "key_type": "value", "formal_key": "answer"}}, {"shape_attributes": {"name": "rect", "x": 514, "y": 684, "width": 14, "height": 11}, "region_attributes": {"label": "25", "key_type": "value", "formal_key": "answer"}}, {"shape_attributes": {"name": "rect", "x": 244, "y": 686, "width": 17, "height": 10}, "region_attributes": {"label": "31", "key_type": "value", "formal_key": "answer"}}, {"shape_attributes": {"name": "rect", "x": 246, "y": 704, "width": 15, "height": 11}, "region_attributes": {"label": "17", "key_type": "value", "formal_key": "answer"}}, {"shape_attributes": {"name": "rect", "x": 246, "y": 722, "width": 15, "height": 13}, "region_attributes": {"label": "15", "key_type": "value", "formal_key": "answer"}}, {"shape_attributes": {"name": "rect", "x": 244, "y": 742, "width": 18, "height": 11}, "region_attributes": {"label": "39", "key_type": "value", "formal_key": "answer"}}, {"shape_attributes": {"name": "rect", "x": 246, "y": 761, "width": 15, "height": 11}, "region_attributes": {"label": "25", "key_type": "value", "formal_key": "answer"}}, {"shape_attributes": {"name": "rect", "x": 244, "y": 779, "width": 20, "height": 11}, "region_attributes": {"label": "460", "key_type": "value", "formal_key": "answer"}}, {"shape_attributes": {"name": "rect", "x": 247, "y": 797, "width": 15, "height": 11}, "region_attributes": {"label": "79", "key_type": "value", "formal_key": "answer"}}, {"shape_attributes": {"name": "rect", "x": 247, "y": 817, "width": 14, "height": 11}, "region_attributes": {"label": "17", "key_type": "value", "formal_key": "answer"}}, {"shape_attributes": {"name": "rect", "x": 246, "y": 835, "width": 21, "height": 14}, "region_attributes": {"label": "112", "key_type": "value", "formal_key": "answer"}}, {"shape_attributes": {"name": "rect", "x": 45, "y": 930, "width": 63, "height": 13}, "region_attributes": {"label": "MAVPROG.XLS", "key_type": "value", "formal_key": "others"}}, {"shape_attributes": {"name": "rect", "x": 677, "y": 781, "width": 20, "height": 108}, "region_attributes": {"label": "81619511", "key_type": "value", "formal_key": "others"}}, {"shape_attributes": {"name": "rect", "x": 458, "y": 87, "width": 96, "height": 13}, "region_attributes": {"label": "SUBMISSION DATE", "key_type": "key", "formal_key": "header"}}, {"shape_attributes": {"name": "rect", "x": 381, "y": 113, "width": 40, "height": 11}, "region_attributes": {"label": "MAY 19", "key_type": "key", "formal_key": "question"}}, {"shape_attributes": {"name": "rect", "x": 508, "y": 113, "width": 39, "height": 13}, "region_attributes": {"label": "AUG 11", "key_type": "key", "formal_key": "question"}}, {"shape_attributes": {"name": "rect", "x": 511, "y": 140, "width": 36, "height": 11}, "region_attributes": {"label": "SEP 22", "key_type": "key", "formal_key": "question"}}, {"shape_attributes": {"name": "rect", "x": 385, "y": 138, "width": 34, "height": 11}, "region_attributes": {"label": "JUN 30", "key_type": "key", "formal_key": "question"}}, {"shape_attributes": {"name": "rect", "x": 144, "y": 165, "width": 277, "height": 13}, "region_attributes": {"label": "MAVERICK SPECIALS MENTHOL- PROGRESS REPORT", "key_type": "value", "formal_key": "answer"}}, {"shape_attributes": {"name": "rect", "x": 22, "y": 242, "width": 319, "height": 14}, "region_attributes": {"label": "(ONLY PARTIAL REGION CONTINUE WITH DIVISION(S) SCOPE)", "key_type": "key", "formal_key": "question"}}, {"shape_attributes": {"name": "rect", "x": 36, "y": 293, "width": 82, "height": 15}, "region_attributes": {"label": "DIVISION NAME:", "key_type": "key", "formal_key": "question"}}, {"shape_attributes": {"name": "rect", "x": 38, "y": 321, "width": 80, "height": 11}, "region_attributes": {"label": "DIVISION NAME:", "key_type": "key", "formal_key": "question"}}, {"shape_attributes": {"name": "rect", "x": 38, "y": 348, "width": 79, "height": 10}, "region_attributes": {"label": "DIVISION NAME:", "key_type": "key", "formal_key": "question"}}, {"shape_attributes": {"name": "rect", "x": 215, "y": 295, "width": 80, "height": 13}, "region_attributes": {"label": "DIVISION NAME:", "key_type": "key", "formal_key": "question"}}, {"shape_attributes": {"name": "rect", "x": 214, "y": 321, "width": 82, "height": 11}, "region_attributes": {"label": "DIVISION NAME:", "key_type": "key", "formal_key": "question"}}, {"shape_attributes": {"name": "rect", "x": 215, "y": 346, "width": 82, "height": 13}, "region_attributes": {"label": "DIVISION NAME:", "key_type": "key", "formal_key": "question"}}, {"shape_attributes": {"name": "rect", "x": 423, "y": 295, "width": 38, "height": 13}, "region_attributes": {"label": "# REPS", "key_type": "key", "formal_key": "question"}}, {"shape_attributes": {"name": "rect", "x": 422, "y": 320, "width": 38, "height": 14}, "region_attributes": {"label": "# REPS", "key_type": "key", "formal_key": "question"}}, {"shape_attributes": {"name": "rect", "x": 423, "y": 346, "width": 37, "height": 15}, "region_attributes": {"label": "# REPS", "key_type": "key", "formal_key": "question"}}, {"shape_attributes": {"name": "rect", "x": 22, "y": 374, "width": 366, "height": 48}, "region_attributes": {"label": "DISTRIBUTION DIRECT ACCOUNTS AND CHAINS HEADQUARTERED WITHIN THE REGION (15+ STORES) STOCKING NO MAVERICK SPECIALS MENTHOL", "key_type": "key", "formal_key": "header"}}, {"shape_attributes": {"name": "rect", "x": 31, "y": 433, "width": 103, "height": 14}, "region_attributes": {"label": "NAME OF ACCOUNT", "key_type": "key", "formal_key": "question"}}, {"shape_attributes": {"name": "rect", "x": 156, "y": 419, "width": 47, "height": 28}, "region_attributes": {"label": "IND. LOR VOLUME", "key_type": "key", "formal_key": "question"}}, {"shape_attributes": {"name": "rect", "x": 222, "y": 422, "width": 45, "height": 25}, "region_attributes": {"label": "NO. OF STORES", "key_type": "key", "formal_key": "question"}}, {"shape_attributes": {"name": "rect", "x": 304, "y": 433, "width": 104, "height": 15}, "region_attributes": {"label": "NAME OF ACCOUNT", "key_type": "key", "formal_key": "question"}}, {"shape_attributes": {"name": "rect", "x": 432, "y": 420, "width": 46, "height": 27}, "region_attributes": {"label": "IND VOLUME", "key_type": "key", "formal_key": "question"}}, {"shape_attributes": {"name": "rect", "x": 497, "y": 422, "width": 45, "height": 25}, "region_attributes": {"label": "NO. OF STORES", "key_type": "key", "formal_key": "question"}}, {"shape_attributes": {"name": "rect", "x": 161, "y": 453, "width": 37, "height": 13}, "region_attributes": {"label": "139/ 27", "key_type": "value", "formal_key": "answer"}}, {"shape_attributes": {"name": "rect", "x": 163, "y": 472, "width": 33, "height": 13}, "region_attributes": {"label": "202/ 22", "key_type": "value", "formal_key": "answer"}}, {"shape_attributes": {"name": "rect", "x": 161, "y": 492, "width": 37, "height": 13}, "region_attributes": {"label": "126/ 26", "key_type": "value", "formal_key": "answer"}}, {"shape_attributes": {"name": "rect", "x": 161, "y": 508, "width": 38, "height": 14}, "region_attributes": {"label": "176/ 13", "key_type": "value", "formal_key": "answer"}}, {"shape_attributes": {"name": "rect", "x": 163, "y": 528, "width": 34, "height": 14}, "region_attributes": {"label": "98/ 17", "key_type": "value", "formal_key": "answer"}}, {"shape_attributes": {"name": "rect", "x": 22, "y": 453, "width": 99, "height": 14}, "region_attributes": {"label": "Chatham Oil (311- 01)", "key_type": "value", "formal_key": "answer"}}, {"shape_attributes": {"name": "rect", "x": 22, "y": 472, "width": 104, "height": 15}, "region_attributes": {"label": "Express Stop (309- 30)", "key_type": "value", "formal_key": "answer"}}, {"shape_attributes": {"name": "rect", "x": 22, "y": 490, "width": 95, "height": 16}, "region_attributes": {"label": "Fowlers Oil (308 -21)", "key_type": "value", "formal_key": "answer"}}, {"shape_attributes": {"name": "rect", "x": 24, "y": 508, "width": 106, "height": 17}, "region_attributes": {"label": "Petro Express (313- 07)", "key_type": "value", "formal_key": "answer"}}, {"shape_attributes": {"name": "rect", "x": 24, "y": 528, "width": 99, "height": 14}, "region_attributes": {"label": "Service Dist. (313- 12)", "key_type": "value", "formal_key": "answer"}}, {"shape_attributes": {"name": "rect", "x": 22, "y": 623, "width": 379, "height": 30}, "region_attributes": {"label": "DIRECT ACCOUNTS AND CHAINS HEADQUARTERED OUTSIDE THE REGION (15+ STORES) STOCKING NO MAVERICK SPECIALS MENTHOL", "key_type": "key", "formal_key": "header"}}, {"shape_attributes": {"name": "rect", "x": 32, "y": 663, "width": 104, "height": 17}, "region_attributes": {"label": "NAME OF ACCOUNT", "key_type": "key", "formal_key": "question"}}, {"shape_attributes": {"name": "rect", "x": 156, "y": 652, "width": 45, "height": 27}, "region_attributes": {"label": "IND LOR VOLUME", "key_type": "key", "formal_key": "question"}}, {"shape_attributes": {"name": "rect", "x": 225, "y": 652, "width": 44, "height": 27}, "region_attributes": {"label": "NO. OF STORES", "key_type": "key", "formal_key": "question"}}, {"shape_attributes": {"name": "rect", "x": 304, "y": 665, "width": 104, "height": 15}, "region_attributes": {"label": "NAME OF ACCOUNT", "key_type": "key", "formal_key": "question"}}, {"shape_attributes": {"name": "rect", "x": 432, "y": 652, "width": 49, "height": 27}, "region_attributes": {"label": "IND LOR VOLUME", "key_type": "key", "formal_key": "question"}}, {"shape_attributes": {"name": "rect", "x": 499, "y": 652, "width": 44, "height": 27}, "region_attributes": {"label": "NO. OF STORES", "key_type": "key", "formal_key": "question"}}, {"shape_attributes": {"name": "rect", "x": 291, "y": 683, "width": 82, "height": 17}, "region_attributes": {"label": "_7-Eleven ", "key_type": "value", "formal_key": "answer"}}, {"shape_attributes": {"name": "rect", "x": 25, "y": 683, "width": 99, "height": 14}, "region_attributes": {"label": "Coastal Mart (210- 06)", "key_type": "value", "formal_key": "answer"}}, {"shape_attributes": {"name": "rect", "x": 25, "y": 701, "width": 77, "height": 17}, "region_attributes": {"label": "Conoco (524- 10)", "key_type": "value", "formal_key": "answer"}}, {"shape_attributes": {"name": "rect", "x": 25, "y": 719, "width": 91, "height": 20}, "region_attributes": {"label": "Dairy Mart (417- 47)", "key_type": "value", "formal_key": "answer"}}, {"shape_attributes": {"name": "rect", "x": 25, "y": 739, "width": 67, "height": 18}, "region_attributes": {"label": "Emro (411- 07)", "key_type": "value", "formal_key": "answer"}}, {"shape_attributes": {"name": "rect", "x": 25, "y": 758, "width": 91, "height": 17}, "region_attributes": {"label": "EZ Serve (810 76B)", "key_type": "value", "formal_key": "answer"}}, {"shape_attributes": {"name": "rect", "x": 25, "y": 778, "width": 99, "height": 15}, "region_attributes": {"label": "CVS- Revco (014- 20)", "key_type": "value", "formal_key": "answer"}}, {"shape_attributes": {"name": "rect", "x": 27, "y": 796, "width": 77, "height": 17}, "region_attributes": {"label": "Rite Aid (209- 07)", "key_type": "value", "formal_key": "answer"}}, {"shape_attributes": {"name": "rect", "x": 24, "y": 816, "width": 88, "height": 15}, "region_attributes": {"label": "Walgreen (625- 60)", "key_type": "value", "formal_key": "answer"}}, {"shape_attributes": {"name": "rect", "x": 24, "y": 835, "width": 84, "height": 15}, "region_attributes": {"label": "Walmart (527- 35)", "key_type": "value", "formal_key": "answer"}}, {"shape_attributes": {"name": "rect", "x": 539, "y": 925, "width": 102, "height": 18}, "region_attributes": {"label": "Page1 of 3 Pages", "key_type": "value", "formal_key": "others"}}]}}}