﻿{"file_name": "81749056_9057.json", "attributes": {"_via_img_metadata": {"regions": [{"shape_attributes": {"name": "rect", "x": 58, "y": 123, "width": 24, "height": 11}, "region_attributes": {"label": "TO:", "key_type": "key", "formal_key": "question"}}, {"shape_attributes": {"name": "rect", "x": 61, "y": 149, "width": 40, "height": 13}, "region_attributes": {"label": "FROM:", "key_type": "key", "formal_key": "question"}}, {"shape_attributes": {"name": "rect", "x": 61, "y": 206, "width": 55, "height": 17}, "region_attributes": {"label": "SUBJECT:", "key_type": "key", "formal_key": "question"}}, {"shape_attributes": {"name": "rect", "x": 438, "y": 143, "width": 13, "height": 12}, "region_attributes": {"label": "X", "key_type": "value", "formal_key": "answer"}}, {"shape_attributes": {"name": "rect", "x": 132, "y": 334, "width": 33, "height": 17}, "region_attributes": {"label": "None", "key_type": "value", "formal_key": "answer"}}, {"shape_attributes": {"name": "rect", "x": 70, "y": 240, "width": 87, "height": 11}, "region_attributes": {"label": "DISTRIBUTION", "key_type": "key", "formal_key": "header"}}, {"shape_attributes": {"name": "rect", "x": 96, "y": 617, "width": 44, "height": 11}, "region_attributes": {"label": "PACKING", "key_type": "key", "formal_key": "question"}}, {"shape_attributes": {"name": "rect", "x": 309, "y": 610, "width": 14, "height": 14}, "region_attributes": {"label": "%", "key_type": "key", "formal_key": "question"}}, {"shape_attributes": {"name": "rect", "x": 503, "y": 605, "width": 11, "height": 14}, "region_attributes": {"label": "%", "key_type": "key", "formal_key": "question"}}, {"shape_attributes": {"name": "rect", "x": 219, "y": 641, "width": 20, "height": 12}, "region_attributes": {"label": "542", "key_type": "value", "formal_key": "answer"}}, {"shape_attributes": {"name": "rect", "x": 219, "y": 657, "width": 22, "height": 10}, "region_attributes": {"label": "475", "key_type": "value", "formal_key": "answer"}}, {"shape_attributes": {"name": "rect", "x": 222, "y": 672, "width": 18, "height": 10}, "region_attributes": {"label": "479", "key_type": "value", "formal_key": "answer"}}, {"shape_attributes": {"name": "rect", "x": 218, "y": 685, "width": 23, "height": 18}, "region_attributes": {"label": "451", "key_type": "value", "formal_key": "answer"}}, {"shape_attributes": {"name": "rect", "x": 304, "y": 638, "width": 24, "height": 12}, "region_attributes": {"label": "22%", "key_type": "value", "formal_key": "answer"}}, {"shape_attributes": {"name": "rect", "x": 306, "y": 654, "width": 23, "height": 11}, "region_attributes": {"label": "19%", "key_type": "value", "formal_key": "answer"}}, {"shape_attributes": {"name": "rect", "x": 307, "y": 670, "width": 21, "height": 14}, "region_attributes": {"label": "19%", "key_type": "value", "formal_key": "answer"}}, {"shape_attributes": {"name": "rect", "x": 307, "y": 689, "width": 25, "height": 10}, "region_attributes": {"label": "18%", "key_type": "value", "formal_key": "answer"}}, {"shape_attributes": {"name": "rect", "x": 402, "y": 635, "width": 22, "height": 11}, "region_attributes": {"label": "365", "key_type": "value", "formal_key": "answer"}}, {"shape_attributes": {"name": "rect", "x": 402, "y": 651, "width": 22, "height": 13}, "region_attributes": {"label": "346", "key_type": "value", "formal_key": "answer"}}, {"shape_attributes": {"name": "rect", "x": 405, "y": 669, "width": 20, "height": 11}, "region_attributes": {"label": "371", "key_type": "value", "formal_key": "answer"}}, {"shape_attributes": {"name": "rect", "x": 407, "y": 685, "width": 19, "height": 14}, "region_attributes": {"label": "355", "key_type": "value", "formal_key": "answer"}}, {"shape_attributes": {"name": "rect", "x": 497, "y": 632, "width": 25, "height": 12}, "region_attributes": {"label": "36%", "key_type": "value", "formal_key": "answer"}}, {"shape_attributes": {"name": "rect", "x": 499, "y": 649, "width": 22, "height": 14}, "region_attributes": {"label": "34%", "key_type": "value", "formal_key": "answer"}}, {"shape_attributes": {"name": "rect", "x": 500, "y": 682, "width": 21, "height": 13}, "region_attributes": {"label": "35%", "key_type": "value", "formal_key": "answer"}}, {"shape_attributes": {"name": "rect", "x": 499, "y": 666, "width": 22, "height": 13}, "region_attributes": {"label": "36%", "key_type": "value", "formal_key": "answer"}}, {"shape_attributes": {"name": "rect", "x": 72, "y": 676, "width": 28, "height": 14}, "region_attributes": {"label": "100's", "key_type": "value", "formal_key": "answer"}}, {"shape_attributes": {"name": "rect", "x": 477, "y": 534, "width": 32, "height": 11}, "region_attributes": {"label": "2.471", "key_type": "value", "formal_key": "answer"}}, {"shape_attributes": {"name": "rect", "x": 480, "y": 563, "width": 29, "height": 18}, "region_attributes": {"label": "1,020", "key_type": "value", "formal_key": "answer"}}, {"shape_attributes": {"name": "rect", "x": 210, "y": 829, "width": 21, "height": 17}, "region_attributes": {"label": "30", "key_type": "value", "formal_key": "answer"}}, {"shape_attributes": {"name": "rect", "x": 203, "y": 861, "width": 10, "height": 13}, "region_attributes": {"label": "$", "key_type": "value", "formal_key": "others"}}, {"shape_attributes": {"name": "rect", "x": 289, "y": 830, "width": 22, "height": 11}, "region_attributes": {"label": "20", "key_type": "value", "formal_key": "answer"}}, {"shape_attributes": {"name": "rect", "x": 363, "y": 829, "width": 22, "height": 13}, "region_attributes": {"label": "30", "key_type": "value", "formal_key": "answer"}}, {"shape_attributes": {"name": "rect", "x": 214, "y": 861, "width": 22, "height": 12}, "region_attributes": {"label": "3.00", "key_type": "value", "formal_key": "answer"}}, {"shape_attributes": {"name": "rect", "x": 102, "y": 831, "width": 40, "height": 14}, "region_attributes": {"label": "PACKS", "key_type": "key", "formal_key": "question"}}, {"shape_attributes": {"name": "rect", "x": 106, "y": 861, "width": 55, "height": 13}, "region_attributes": {"label": "CARTONS", "key_type": "key", "formal_key": "question"}}, {"shape_attributes": {"name": "rect", "x": 197, "y": 812, "width": 46, "height": 14}, "region_attributes": {"label": "DORAL", "key_type": "key", "formal_key": "question"}}, {"shape_attributes": {"name": "rect", "x": 280, "y": 809, "width": 39, "height": 13}, "region_attributes": {"label": "BASIC", "key_type": "key", "formal_key": "question"}}, {"shape_attributes": {"name": "rect", "x": 354, "y": 811, "width": 39, "height": 12}, "region_attributes": {"label": "G.P.C", "key_type": "key", "formal_key": "question"}}, {"shape_attributes": {"name": "rect", "x": 346, "y": 920, "width": 45, "height": 18}, "region_attributes": {"label": "12/8/97", "key_type": "value", "formal_key": "others"}}, {"shape_attributes": {"name": "rect", "x": 687, "y": 752, "width": 28, "height": 109}, "region_attributes": {"label": "81749056", "key_type": "value", "formal_key": "others"}}, {"shape_attributes": {"name": "rect", "x": 65, "y": 77, "width": 232, "height": 17}, "region_attributes": {"label": "12/08/97 09: 01 FAX 1 732 583 8977", "key_type": "value", "formal_key": "others"}}, {"shape_attributes": {"name": "rect", "x": 354, "y": 76, "width": 205, "height": 14}, "region_attributes": {"label": "LORILLARD TOE CO NYO - SALES", "key_type": "value", "formal_key": "others"}}, {"shape_attributes": {"name": "rect", "x": 607, "y": 74, "width": 59, "height": 15}, "region_attributes": {"label": "002/ 003", "key_type": "value", "formal_key": "others"}}, {"shape_attributes": {"name": "rect", "x": 111, "y": 121, "width": 65, "height": 13}, "region_attributes": {"label": "S. P. ZOLOT", "key_type": "value", "formal_key": "answer"}}, {"shape_attributes": {"name": "rect", "x": 109, "y": 149, "width": 72, "height": 11}, "region_attributes": {"label": "S. P. McBride", "key_type": "value", "formal_key": "answer"}}, {"shape_attributes": {"name": "rect", "x": 58, "y": 178, "width": 89, "height": 12}, "region_attributes": {"label": "AREA REGION:", "key_type": "key", "formal_key": "question"}}, {"shape_attributes": {"name": "rect", "x": 359, "y": 141, "width": 37, "height": 17}, "region_attributes": {"label": "DEC 8", "key_type": "key", "formal_key": "question"}}, {"shape_attributes": {"name": "rect", "x": 361, "y": 170, "width": 39, "height": 14}, "region_attributes": {"label": "JAN 19", "key_type": "key", "formal_key": "question"}}, {"shape_attributes": {"name": "rect", "x": 436, "y": 109, "width": 108, "height": 15}, "region_attributes": {"label": "SUBMISSION DATE", "key_type": "key", "formal_key": "header"}}, {"shape_attributes": {"name": "rect", "x": 525, "y": 140, "width": 38, "height": 15}, "region_attributes": {"label": "FEB 23", "key_type": "key", "formal_key": "question"}}, {"shape_attributes": {"name": "rect", "x": 152, "y": 203, "width": 402, "height": 16}, "region_attributes": {"label": "MAVERICK SPECIALS NON- MENTHOL- EXPANSION PROGRESS REPORT", "key_type": "value", "formal_key": "answer"}}, {"shape_attributes": {"name": "rect", "x": 159, "y": 177, "width": 32, "height": 10}, "region_attributes": {"label": "1/ 20", "key_type": "value", "formal_key": "answer"}}, {"shape_attributes": {"name": "rect", "x": 63, "y": 259, "width": 487, "height": 21}, "region_attributes": {"label": "DIRECT ACCOUNTS PROJECTED TO ACCEPT WHICH REFUSED ONE OR MORE PACKING", "key_type": "value", "formal_key": "others"}}, {"shape_attributes": {"name": "rect", "x": 89, "y": 302, "width": 116, "height": 15}, "region_attributes": {"label": "NAME OF ACCOUNT", "key_type": "key", "formal_key": "question"}}, {"shape_attributes": {"name": "rect", "x": 235, "y": 289, "width": 74, "height": 27}, "region_attributes": {"label": "# OF STORES SUPPLIED", "key_type": "key", "formal_key": "question"}}, {"shape_attributes": {"name": "rect", "x": 323, "y": 302, "width": 29, "height": 25}, "region_attributes": {"label": "BOX 80's", "key_type": "key", "formal_key": "question"}}, {"shape_attributes": {"name": "rect", "x": 367, "y": 303, "width": 48, "height": 23}, "region_attributes": {"label": "LT. BOX 80's", "key_type": "key", "formal_key": "question"}}, {"shape_attributes": {"name": "rect", "x": 433, "y": 304, "width": 29, "height": 12}, "region_attributes": {"label": "100's", "key_type": "key", "formal_key": "question"}}, {"shape_attributes": {"name": "rect", "x": 488, "y": 301, "width": 29, "height": 25}, "region_attributes": {"label": "LT. 100's", "key_type": "key", "formal_key": "question"}}, {"shape_attributes": {"name": "rect", "x": 537, "y": 303, "width": 28, "height": 13}, "region_attributes": {"label": "K. S.", "key_type": "key", "formal_key": "question"}}, {"shape_attributes": {"name": "rect", "x": 591, "y": 297, "width": 24, "height": 23}, "region_attributes": {"label": "LT. K. S.", "key_type": "key", "formal_key": "question"}}, {"shape_attributes": {"name": "rect", "x": 65, "y": 533, "width": 325, "height": 21}, "region_attributes": {"label": "TOTAL # OF INDEPENDENT SPECIAL EMPHASIS OUTLETS:", "key_type": "key", "formal_key": "question"}}, {"shape_attributes": {"name": "rect", "x": 70, "y": 566, "width": 322, "height": 18}, "region_attributes": {"label": "TOTAL # OF INDEPENDENT NEWPORT #1 CLUB OUTLETS:", "key_type": "key", "formal_key": "question"}}, {"shape_attributes": {"name": "rect", "x": 175, "y": 601, "width": 110, "height": 35}, "region_attributes": {"label": "TOTAL # OF SP EMPHASIS OUTLEIS WITH DISTRIBUTION", "key_type": "key", "formal_key": "question"}}, {"shape_attributes": {"name": "rect", "x": 345, "y": 597, "width": 134, "height": 35}, "region_attributes": {"label": "TOTAL # OF NUMBER ONE CLUB OUTLETS WITH DISTRIBUTION", "key_type": "key", "formal_key": "question"}}, {"shape_attributes": {"name": "rect", "x": 69, "y": 641, "width": 52, "height": 16}, "region_attributes": {"label": "BOX 80's", "key_type": "value", "formal_key": "answer"}}, {"shape_attributes": {"name": "rect", "x": 69, "y": 660, "width": 74, "height": 13}, "region_attributes": {"label": "LT. BOX 80's", "key_type": "value", "formal_key": "answer"}}, {"shape_attributes": {"name": "rect", "x": 72, "y": 694, "width": 44, "height": 13}, "region_attributes": {"label": "LT. 100's", "key_type": "value", "formal_key": "answer"}}, {"shape_attributes": {"name": "rect", "x": 69, "y": 710, "width": 27, "height": 12}, "region_attributes": {"label": "K. S.", "key_type": "value", "formal_key": "answer"}}, {"shape_attributes": {"name": "rect", "x": 72, "y": 724, "width": 46, "height": 15}, "region_attributes": {"label": "LT. K. S.", "key_type": "value", "formal_key": "answer"}}, {"shape_attributes": {"name": "rect", "x": 78, "y": 756, "width": 234, "height": 17}, "region_attributes": {"label": "COMPETITIVE PROMOTIONAL ACTIVITY", "key_type": "key", "formal_key": "header"}}, {"shape_attributes": {"name": "rect", "x": 68, "y": 783, "width": 512, "height": 21}, "region_attributes": {"label": "PREDOMINANT BUYDOWN VALUE OF TARGETED BRANDS (DORAL G. P. C/ BASIC)", "key_type": "key", "formal_key": "question"}}, {"shape_attributes": {"name": "rect", "x": 101, "y": 874, "width": 67, "height": 13}, "region_attributes": {"label": "(Where Applicable)", "key_type": "value", "formal_key": "others"}}, {"shape_attributes": {"name": "rect", "x": 87, "y": 926, "width": 85, "height": 16}, "region_attributes": {"label": "Mav- nm- 1. xls", "key_type": "value", "formal_key": "others"}}, {"shape_attributes": {"name": "rect", "x": 584, "y": 919, "width": 73, "height": 14}, "region_attributes": {"label": "Page 1 of 2", "key_type": "value", "formal_key": "others"}}, {"shape_attributes": {"name": "rect", "x": 283, "y": 859, "width": 29, "height": 11}, "region_attributes": {"label": "$ 2.00", "key_type": "value", "formal_key": "answer"}}, {"shape_attributes": {"name": "rect", "x": 360, "y": 857, "width": 29, "height": 13}, "region_attributes": {"label": "$ 3.00", "key_type": "value", "formal_key": "answer"}}]}}}