﻿{"file_name": "82254638.json", "attributes": {"_via_img_metadata": {"regions": [{"shape_attributes": {"name": "rect", "x": 67, "y": 112, "width": 25, "height": 13}, "region_attributes": {"label": "TO:", "key_type": "key", "formal_key": "question"}}, {"shape_attributes": {"name": "rect", "x": 67, "y": 138, "width": 45, "height": 14}, "region_attributes": {"label": "FROM:", "key_type": "key", "formal_key": "question"}}, {"shape_attributes": {"name": "rect", "x": 303, "y": 413, "width": 59, "height": 14}, "region_attributes": {"label": "#CASES", "key_type": "key", "formal_key": "header"}}, {"shape_attributes": {"name": "rect", "x": 304, "y": 549, "width": 42, "height": 17}, "region_attributes": {"label": "ITEMS", "key_type": "key", "formal_key": "header"}}, {"shape_attributes": {"name": "rect", "x": 609, "y": 108, "width": 50, "height": 15}, "region_attributes": {"label": "7/11/97", "key_type": "value", "formal_key": "answer"}}, {"shape_attributes": {"name": "rect", "x": 221, "y": 434, "width": 28, "height": 20}, "region_attributes": {"label": "1", "key_type": "value", "formal_key": "answer"}}, {"shape_attributes": {"name": "rect", "x": 221, "y": 454, "width": 25, "height": 11}, "region_attributes": {"label": "", "key_type": "value", "formal_key": "answer"}}, {"shape_attributes": {"name": "rect", "x": 223, "y": 468, "width": 24, "height": 14}, "region_attributes": {"label": "", "key_type": "value", "formal_key": "answer"}}, {"shape_attributes": {"name": "rect", "x": 612, "y": 451, "width": 35, "height": 21}, "region_attributes": {"label": "", "key_type": "value", "formal_key": "answer"}}, {"shape_attributes": {"name": "rect", "x": 426, "y": 598, "width": 80, "height": 20}, "region_attributes": {"label": "29-980-7", "key_type": "value", "formal_key": "answer"}}, {"shape_attributes": {"name": "rect", "x": 547, "y": 577, "width": 31, "height": 15}, "region_attributes": {"label": "400", "key_type": "value", "formal_key": "answer"}}, {"shape_attributes": {"name": "rect", "x": 549, "y": 608, "width": 27, "height": 11}, "region_attributes": {"label": "400", "key_type": "value", "formal_key": "answer"}}, {"shape_attributes": {"name": "rect", "x": 553, "y": 628, "width": 24, "height": 11}, "region_attributes": {"label": "400", "key_type": "value", "formal_key": "answer"}}, {"shape_attributes": {"name": "rect", "x": 608, "y": 595, "width": 32, "height": 21}, "region_attributes": {"label": "400", "key_type": "value", "formal_key": "answer"}}, {"shape_attributes": {"name": "rect", "x": 415, "y": 813, "width": 56, "height": 17}, "region_attributes": {"label": "7/11/97", "key_type": "value", "formal_key": "answer"}}, {"shape_attributes": {"name": "rect", "x": 324, "y": 742, "width": 84, "height": 20}, "region_attributes": {"label": "198-820-0003", "key_type": "value", "formal_key": "answer"}}, {"shape_attributes": {"name": "rect", "x": 50, "y": 923, "width": 59, "height": 15}, "region_attributes": {"label": "REQFORM", "key_type": "value", "formal_key": "others"}}, {"shape_attributes": {"name": "rect", "x": 672, "y": 792, "width": 22, "height": 108}, "region_attributes": {"label": "82254638", "key_type": "value", "formal_key": "others"}}, {"shape_attributes": {"name": "rect", "x": 651, "y": 923, "width": 47, "height": 15}, "region_attributes": {"label": "01/17/97", "key_type": "value", "formal_key": "others"}}, {"shape_attributes": {"name": "rect", "x": 504, "y": 239, "width": 77, "height": 25}, "region_attributes": {"label": "Attendence", "key_type": "value", "formal_key": "others"}}, {"shape_attributes": {"name": "rect", "x": 486, "y": 282, "width": 27, "height": 17}, "region_attributes": {"label": "140", "key_type": "value", "formal_key": "others"}}, {"shape_attributes": {"name": "rect", "x": 482, "y": 339, "width": 31, "height": 17}, "region_attributes": {"label": "250", "key_type": "value", "formal_key": "others"}}, {"shape_attributes": {"name": "rect", "x": 352, "y": 381, "width": 151, "height": 42}, "region_attributes": {"label": "", "key_type": "value", "formal_key": "others"}}, {"shape_attributes": {"name": "rect", "x": 219, "y": 483, "width": 27, "height": 11}, "region_attributes": {"label": "", "key_type": "value", "formal_key": "others"}}, {"shape_attributes": {"name": "rect", "x": 413, "y": 494, "width": 32, "height": 14}, "region_attributes": {"label": "", "key_type": "value", "formal_key": "others"}}, {"shape_attributes": {"name": "rect", "x": 415, "y": 468, "width": 32, "height": 11}, "region_attributes": {"label": "", "key_type": "value", "formal_key": "others"}}, {"shape_attributes": {"name": "rect", "x": 608, "y": 437, "width": 38, "height": 14}, "region_attributes": {"label": "", "key_type": "value", "formal_key": "others"}}, {"shape_attributes": {"name": "rect", "x": 363, "y": 127, "width": 117, "height": 24}, "region_attributes": {"label": "(314)739-8090", "key_type": "value", "formal_key": "others"}}, {"shape_attributes": {"name": "rect", "x": 415, "y": 439, "width": 34, "height": 13}, "region_attributes": {"label": "", "key_type": "value", "formal_key": "others"}}, {"shape_attributes": {"name": "rect", "x": 68, "y": 165, "width": 103, "height": 14}, "region_attributes": {"label": "DIV. NAME/ NO:", "key_type": "key", "formal_key": "question"}}, {"shape_attributes": {"name": "rect", "x": 207, "y": 110, "width": 68, "height": 15}, "region_attributes": {"label": "SAM ZOLOT", "key_type": "value", "formal_key": "answer"}}, {"shape_attributes": {"name": "rect", "x": 211, "y": 137, "width": 131, "height": 17}, "region_attributes": {"label": "W. R. KNIGHT - MCA", "key_type": "value", "formal_key": "answer"}}, {"shape_attributes": {"name": "rect", "x": 211, "y": 163, "width": 95, "height": 17}, "region_attributes": {"label": "ST. LOUIS, MO", "key_type": "value", "formal_key": "answer"}}, {"shape_attributes": {"name": "rect", "x": 499, "y": 109, "width": 96, "height": 16}, "region_attributes": {"label": "DATE TO CORP:", "key_type": "key", "formal_key": "question"}}, {"shape_attributes": {"name": "rect", "x": 254, "y": 218, "width": 234, "height": 16}, "region_attributes": {"label": "1997 SPECIAL EVENT REQUEST FORM", "key_type": "key", "formal_key": "header"}}, {"shape_attributes": {"name": "rect", "x": 68, "y": 274, "width": 110, "height": 15}, "region_attributes": {"label": "NAME OF EVENT:", "key_type": "key", "formal_key": "question"}}, {"shape_attributes": {"name": "rect", "x": 70, "y": 302, "width": 112, "height": 14}, "region_attributes": {"label": "*DATE OF EVENT:", "key_type": "key", "formal_key": "question"}}, {"shape_attributes": {"name": "rect", "x": 209, "y": 274, "width": 232, "height": 17}, "region_attributes": {"label": "Lorillard Metro Golf Outing 1997", "key_type": "value", "formal_key": "answer"}}, {"shape_attributes": {"name": "rect", "x": 209, "y": 300, "width": 325, "height": 59}, "region_attributes": {"label": "September 10, 1997 Marcus Hellenic Spirit Charities Golf Classic September 18, 1997", "key_type": "value", "formal_key": "answer"}}, {"shape_attributes": {"name": "rect", "x": 70, "y": 356, "width": 185, "height": 15}, "region_attributes": {"label": "SAMPLES/ ITEMS REQUIRED:", "key_type": "key", "formal_key": "question"}}, {"shape_attributes": {"name": "rect", "x": 272, "y": 356, "width": 201, "height": 17}, "region_attributes": {"label": "SAMPLE 10'S (400 PACKS PER CASE)", "key_type": "value", "formal_key": "answer"}}, {"shape_attributes": {"name": "rect", "x": 70, "y": 440, "width": 85, "height": 11}, "region_attributes": {"label": "NEWPORTKS K.S.", "key_type": "key", "formal_key": "question"}}, {"shape_attributes": {"name": "rect", "x": 70, "y": 453, "width": 90, "height": 13}, "region_attributes": {"label": "NEWPORT 100'S", "key_type": "key", "formal_key": "question"}}, {"shape_attributes": {"name": "rect", "x": 70, "y": 465, "width": 110, "height": 15}, "region_attributes": {"label": "NEWPORT LTS. KS.", "key_type": "key", "formal_key": "question"}}, {"shape_attributes": {"name": "rect", "x": 70, "y": 480, "width": 109, "height": 13}, "region_attributes": {"label": "NEWPORT LTS. 100", "key_type": "key", "formal_key": "question"}}, {"shape_attributes": {"name": "rect", "x": 304, "y": 440, "width": 75, "height": 13}, "region_attributes": {"label": "KENT II K.S.", "key_type": "key", "formal_key": "question"}}, {"shape_attributes": {"name": "rect", "x": 304, "y": 454, "width": 74, "height": 11}, "region_attributes": {"label": "KENT III 100", "key_type": "key", "formal_key": "question"}}, {"shape_attributes": {"name": "rect", "x": 304, "y": 466, "width": 60, "height": 14}, "region_attributes": {"label": "TRUE K.S.", "key_type": "key", "formal_key": "question"}}, {"shape_attributes": {"name": "rect", "x": 306, "y": 482, "width": 57, "height": 11}, "region_attributes": {"label": "KENT K.S.", "key_type": "key", "formal_key": "question"}}, {"shape_attributes": {"name": "rect", "x": 304, "y": 496, "width": 58, "height": 13}, "region_attributes": {"label": "KENT 100", "key_type": "key", "formal_key": "question"}}, {"shape_attributes": {"name": "rect", "x": 501, "y": 439, "width": 99, "height": 15}, "region_attributes": {"label": "KENT GL LTS K.S.", "key_type": "key", "formal_key": "question"}}, {"shape_attributes": {"name": "rect", "x": 500, "y": 454, "width": 74, "height": 13}, "region_attributes": {"label": "KENT GL 100", "key_type": "key", "formal_key": "question"}}, {"shape_attributes": {"name": "rect", "x": 420, "y": 448, "width": 51, "height": 20}, "region_attributes": {"label": "1", "key_type": "value", "formal_key": "answer"}}, {"shape_attributes": {"name": "rect", "x": 418, "y": 473, "width": 56, "height": 28}, "region_attributes": {"label": "1", "key_type": "value", "formal_key": "answer"}}, {"shape_attributes": {"name": "rect", "x": 306, "y": 577, "width": 95, "height": 15}, "region_attributes": {"label": "BASEBALL CAP", "key_type": "key", "formal_key": "question"}}, {"shape_attributes": {"name": "rect", "x": 500, "y": 549, "width": 148, "height": 15}, "region_attributes": {"label": "QUANTITY REQUIRED", "key_type": "key", "formal_key": "question"}}, {"shape_attributes": {"name": "rect", "x": 307, "y": 603, "width": 108, "height": 17}, "region_attributes": {"label": "WATER BOTTLES", "key_type": "key", "formal_key": "question"}}, {"shape_attributes": {"name": "rect", "x": 309, "y": 627, "width": 182, "height": 15}, "region_attributes": {"label": "Any Other Items Available", "key_type": "key", "formal_key": "question"}}, {"shape_attributes": {"name": "rect", "x": 73, "y": 716, "width": 56, "height": 13}, "region_attributes": {"label": "SHIP TO:", "key_type": "key", "formal_key": "header"}}, {"shape_attributes": {"name": "rect", "x": 71, "y": 742, "width": 184, "height": 15}, "region_attributes": {"label": "CUSTOMER SHIPPING NUMBER", "key_type": "key", "formal_key": "question"}}, {"shape_attributes": {"name": "rect", "x": 73, "y": 782, "width": 73, "height": 17}, "region_attributes": {"label": "NYO ONLY:", "key_type": "key", "formal_key": "header"}}, {"shape_attributes": {"name": "rect", "x": 71, "y": 811, "width": 278, "height": 15}, "region_attributes": {"label": "DATE FORWARDED TO PROMOTION SERVICES:", "key_type": "key", "formal_key": "question"}}, {"shape_attributes": {"name": "rect", "x": 469, "y": 694, "width": 231, "height": 75}, "region_attributes": {"label": "", "key_type": "value", "formal_key": "others"}}, {"shape_attributes": {"name": "rect", "x": 74, "y": 863, "width": 409, "height": 19}, "region_attributes": {"label": "*PLEASE ALLOW 6 WEEKS FOR PROCESSING OF YOUR REQUEST.", "key_type": "value", "formal_key": "others"}}, {"shape_attributes": {"name": "rect", "x": 141, "y": 883, "width": 215, "height": 19}, "region_attributes": {"label": "CONFIRMATION TO SPZ 9/2/97", "key_type": "value", "formal_key": "others"}}]}}}