﻿{"file_name": "87533049.json", "attributes": {"_via_img_metadata": {"regions": [{"shape_attributes": {"name": "rect", "x": 138, "y": 137, "width": 39, "height": 13}, "region_attributes": {"label": "FROM:", "key_type": "key", "formal_key": "question"}}, {"shape_attributes": {"name": "rect", "x": 137, "y": 173, "width": 25, "height": 14}, "region_attributes": {"label": "TO:", "key_type": "key", "formal_key": "question"}}, {"shape_attributes": {"name": "rect", "x": 138, "y": 214, "width": 22, "height": 11}, "region_attributes": {"label": "cc:", "key_type": "key", "formal_key": "question"}}, {"shape_attributes": {"name": "rect", "x": 423, "y": 258, "width": 31, "height": 13}, "region_attributes": {"label": "TRUE", "key_type": "value", "formal_key": "answer"}}, {"shape_attributes": {"name": "rect", "x": 425, "y": 309, "width": 21, "height": 14}, "region_attributes": {"label": "N/A", "key_type": "value", "formal_key": "answer"}}, {"shape_attributes": {"name": "rect", "x": 425, "y": 335, "width": 21, "height": 14}, "region_attributes": {"label": "N/A", "key_type": "value", "formal_key": "answer"}}, {"shape_attributes": {"name": "rect", "x": 425, "y": 362, "width": 21, "height": 11}, "region_attributes": {"label": "N/A", "key_type": "value", "formal_key": "answer"}}, {"shape_attributes": {"name": "rect", "x": 425, "y": 487, "width": 34, "height": 13}, "region_attributes": {"label": "$2.00", "key_type": "value", "formal_key": "answer"}}, {"shape_attributes": {"name": "rect", "x": 423, "y": 515, "width": 43, "height": 10}, "region_attributes": {"label": "Carton", "key_type": "value", "formal_key": "answer"}}, {"shape_attributes": {"name": "rect", "x": 415, "y": 549, "width": 222, "height": 50}, "region_attributes": {"label": "", "key_type": "value", "formal_key": "answer"}}, {"shape_attributes": {"name": "rect", "x": 137, "y": 663, "width": 84, "height": 11}, "region_attributes": {"label": "ANALYTICAL", "key_type": "key", "formal_key": "question"}}, {"shape_attributes": {"name": "rect", "x": 228, "y": 663, "width": 103, "height": 11}, "region_attributes": {"label": "REQUIREMENTS:", "key_type": "key", "formal_key": "question"}}, {"shape_attributes": {"name": "rect", "x": 655, "y": 750, "width": 17, "height": 80}, "region_attributes": {"label": "87533049", "key_type": "value", "formal_key": "others"}}, {"shape_attributes": {"name": "rect", "x": 415, "y": 774, "width": 94, "height": 24}, "region_attributes": {"label": "530430", "key_type": "value", "formal_key": "answer"}}, {"shape_attributes": {"name": "rect", "x": 420, "y": 802, "width": 66, "height": 21}, "region_attributes": {"label": "1112", "key_type": "value", "formal_key": "answer"}}, {"shape_attributes": {"name": "rect", "x": 268, "y": 85, "width": 235, "height": 15}, "region_attributes": {"label": "COUPON CODE REGISTRATION FORM", "key_type": "key", "formal_key": "header"}}, {"shape_attributes": {"name": "rect", "x": 225, "y": 131, "width": 75, "height": 16}, "region_attributes": {"label": "J. La Valle", "key_type": "value", "formal_key": "answer"}}, {"shape_attributes": {"name": "rect", "x": 219, "y": 170, "width": 130, "height": 16}, "region_attributes": {"label": "S. A. Rapisarldi", "key_type": "value", "formal_key": "answer"}}, {"shape_attributes": {"name": "rect", "x": 218, "y": 211, "width": 89, "height": 32}, "region_attributes": {"label": "R. G. Ryan ", "key_type": "value", "formal_key": "answer"}}, {"shape_attributes": {"name": "rect", "x": 186, "y": 261, "width": 158, "height": 15}, "region_attributes": {"label": "Brand (s) Applicable", "key_type": "key", "formal_key": "question"}}, {"shape_attributes": {"name": "rect", "x": 187, "y": 286, "width": 82, "height": 14}, "region_attributes": {"label": "Media Type", "key_type": "key", "formal_key": "question"}}, {"shape_attributes": {"name": "rect", "x": 187, "y": 311, "width": 82, "height": 14}, "region_attributes": {"label": "Media Name", "key_type": "key", "formal_key": "question"}}, {"shape_attributes": {"name": "rect", "x": 179, "y": 337, "width": 170, "height": 13}, "region_attributes": {"label": "*Issue Frequency / Year", "key_type": "key", "formal_key": "question"}}, {"shape_attributes": {"name": "rect", "x": 180, "y": 362, "width": 98, "height": 14}, "region_attributes": {"label": "* Space / Color", "key_type": "key", "formal_key": "question"}}, {"shape_attributes": {"name": "rect", "x": 189, "y": 387, "width": 137, "height": 13}, "region_attributes": {"label": "Coupon Issue Date", "key_type": "key", "formal_key": "question"}}, {"shape_attributes": {"name": "rect", "x": 187, "y": 411, "width": 177, "height": 15}, "region_attributes": {"label": "Coupon Expiration Date", "key_type": "key", "formal_key": "question"}}, {"shape_attributes": {"name": "rect", "x": 187, "y": 436, "width": 119, "height": 14}, "region_attributes": {"label": "Circulation (#)", "key_type": "key", "formal_key": "question"}}, {"shape_attributes": {"name": "rect", "x": 189, "y": 461, "width": 157, "height": 15}, "region_attributes": {"label": "Geographical Area (s)", "key_type": "key", "formal_key": "question"}}, {"shape_attributes": {"name": "rect", "x": 189, "y": 487, "width": 96, "height": 15}, "region_attributes": {"label": "Coupon Value", "key_type": "key", "formal_key": "question"}}, {"shape_attributes": {"name": "rect", "x": 189, "y": 513, "width": 152, "height": 12}, "region_attributes": {"label": "Pack and / or Carton?", "key_type": "key", "formal_key": "question"}}, {"shape_attributes": {"name": "rect", "x": 180, "y": 538, "width": 219, "height": 14}, "region_attributes": {"label": "* Advertising Creative Title", "key_type": "key", "formal_key": "question"}}, {"shape_attributes": {"name": "rect", "x": 179, "y": 587, "width": 180, "height": 15}, "region_attributes": {"label": "Signature of Initiator", "key_type": "key", "formal_key": "question"}}, {"shape_attributes": {"name": "rect", "x": 179, "y": 612, "width": 114, "height": 14}, "region_attributes": {"label": "Date Initiated", "key_type": "key", "formal_key": "question"}}, {"shape_attributes": {"name": "rect", "x": 422, "y": 612, "width": 76, "height": 14}, "region_attributes": {"label": "May 3, 1990", "key_type": "value", "formal_key": "answer"}}, {"shape_attributes": {"name": "rect", "x": 423, "y": 285, "width": 188, "height": 13}, "region_attributes": {"label": "ON - Carton Instant Redeemable", "key_type": "value", "formal_key": "answer"}}, {"shape_attributes": {"name": "rect", "x": 425, "y": 383, "width": 33, "height": 14}, "region_attributes": {"label": "10 / 90", "key_type": "value", "formal_key": "answer"}}, {"shape_attributes": {"name": "rect", "x": 423, "y": 408, "width": 48, "height": 14}, "region_attributes": {"label": "6 / 30 / 91", "key_type": "value", "formal_key": "answer"}}, {"shape_attributes": {"name": "rect", "x": 425, "y": 436, "width": 60, "height": 11}, "region_attributes": {"label": "1. 213, 400", "key_type": "value", "formal_key": "answer"}}, {"shape_attributes": {"name": "rect", "x": 423, "y": 461, "width": 53, "height": 13}, "region_attributes": {"label": "National", "key_type": "value", "formal_key": "answer"}}, {"shape_attributes": {"name": "rect", "x": 425, "y": 535, "width": 152, "height": 14}, "region_attributes": {"label": "True Filter King Carton", "key_type": "value", "formal_key": "answer"}}, {"shape_attributes": {"name": "rect", "x": 349, "y": 659, "width": 294, "height": 13}, "region_attributes": {"label": "Break - out separately byl packing as indicated", "key_type": "value", "formal_key": "answer"}}, {"shape_attributes": {"name": "rect", "x": 300, "y": 760, "width": 168, "height": 15}, "region_attributes": {"label": "FOR CONTROL USE ONLY :", "key_type": "key", "formal_key": "header"}}, {"shape_attributes": {"name": "rect", "x": 300, "y": 785, "width": 105, "height": 14}, "region_attributes": {"label": "Code Assigned", "key_type": "key", "formal_key": "question"}}, {"shape_attributes": {"name": "rect", "x": 300, "y": 811, "width": 82, "height": 13}, "region_attributes": {"label": "Job Number", "key_type": "key", "formal_key": "question"}}, {"shape_attributes": {"name": "rect", "x": 142, "y": 860, "width": 136, "height": 13}, "region_attributes": {"label": "", "key_type": "value", "formal_key": "others"}}]}}}