﻿{"file_name": "87672097.json", "attributes": {"_via_img_metadata": {"regions": [{"shape_attributes": {"name": "rect", "x": 100, "y": 115, "width": 45, "height": 10}, "region_attributes": {"label": "COMPOUND", "key_type": "key", "formal_key": "question"}}, {"shape_attributes": {"name": "rect", "x": 100, "y": 147, "width": 33, "height": 7}, "region_attributes": {"label": "SOURCE", "key_type": "key", "formal_key": "question"}}, {"shape_attributes": {"name": "rect", "x": 154, "y": 108, "width": 72, "height": 13}, "region_attributes": {"label": "Mapleine", "key_type": "value", "formal_key": "answer"}}, {"shape_attributes": {"name": "rect", "x": 142, "y": 139, "width": 67, "height": 12}, "region_attributes": {"label": "Crescent", "key_type": "value", "formal_key": "answer"}}, {"shape_attributes": {"name": "rect", "x": 328, "y": 177, "width": 33, "height": 9}, "region_attributes": {"label": "TESTED:", "key_type": "key", "formal_key": "question"}}, {"shape_attributes": {"name": "rect", "x": 497, "y": 178, "width": 43, "height": 7}, "region_attributes": {"label": "REPORTED", "key_type": "key", "formal_key": "question"}}, {"shape_attributes": {"name": "rect", "x": 481, "y": 138, "width": 31, "height": 13}, "region_attributes": {"label": "B75", "key_type": "value", "formal_key": "answer"}}, {"shape_attributes": {"name": "rect", "x": 337, "y": 293, "width": 24, "height": 10}, "region_attributes": {"label": "MALE", "key_type": "key", "formal_key": "question"}}, {"shape_attributes": {"name": "rect", "x": 400, "y": 295, "width": 33, "height": 9}, "region_attributes": {"label": "FEMALE", "key_type": "key", "formal_key": "question"}}, {"shape_attributes": {"name": "rect", "x": 401, "y": 323, "width": 31, "height": 9}, "region_attributes": {"label": "SOURCE", "key_type": "key", "formal_key": "question"}}, {"shape_attributes": {"name": "rect", "x": 368, "y": 289, "width": 15, "height": 12}, "region_attributes": {"label": "X", "key_type": "value", "formal_key": "answer"}}, {"shape_attributes": {"name": "rect", "x": 370, "y": 358, "width": 7, "height": 7}, "region_attributes": {"label": "T", "key_type": "key", "formal_key": "question"}}, {"shape_attributes": {"name": "rect", "x": 377, "y": 356, "width": 7, "height": 7}, "region_attributes": {"label": "P.", "key_type": "key", "formal_key": "question"}}, {"shape_attributes": {"name": "rect", "x": 359, "y": 355, "width": 12, "height": 12}, "region_attributes": {"label": "\u2611", "key_type": "value", "formal_key": "answer"}}, {"shape_attributes": {"name": "rect", "x": 548, "y": 382, "width": 27, "height": 10}, "region_attributes": {"label": "OTHER", "key_type": "key", "formal_key": "question"}}, {"shape_attributes": {"name": "rect", "x": 536, "y": 382, "width": 12, "height": 10}, "region_attributes": {"label": "\u2611", "key_type": "value", "formal_key": "answer"}}, {"shape_attributes": {"name": "rect", "x": 133, "y": 467, "width": 10, "height": 9}, "region_attributes": {"label": "1", "key_type": "value", "formal_key": "answer"}}, {"shape_attributes": {"name": "rect", "x": 135, "y": 494, "width": 9, "height": 9}, "region_attributes": {"label": "2", "key_type": "value", "formal_key": "answer"}}, {"shape_attributes": {"name": "rect", "x": 135, "y": 522, "width": 9, "height": 7}, "region_attributes": {"label": "3", "key_type": "value", "formal_key": "answer"}}, {"shape_attributes": {"name": "rect", "x": 133, "y": 551, "width": 9, "height": 7}, "region_attributes": {"label": "4", "key_type": "value", "formal_key": "answer"}}, {"shape_attributes": {"name": "rect", "x": 133, "y": 576, "width": 9, "height": 10}, "region_attributes": {"label": "5", "key_type": "value", "formal_key": "answer"}}, {"shape_attributes": {"name": "rect", "x": 222, "y": 470, "width": 30, "height": 13}, "region_attributes": {"label": "100", "key_type": "value", "formal_key": "answer"}}, {"shape_attributes": {"name": "rect", "x": 223, "y": 494, "width": 30, "height": 15}, "region_attributes": {"label": "100", "key_type": "value", "formal_key": "answer"}}, {"shape_attributes": {"name": "rect", "x": 222, "y": 552, "width": 28, "height": 13}, "region_attributes": {"label": "100", "key_type": "value", "formal_key": "answer"}}, {"shape_attributes": {"name": "rect", "x": 222, "y": 525, "width": 28, "height": 12}, "region_attributes": {"label": "100", "key_type": "value", "formal_key": "answer"}}, {"shape_attributes": {"name": "rect", "x": 223, "y": 579, "width": 27, "height": 13}, "region_attributes": {"label": "100", "key_type": "value", "formal_key": "answer"}}, {"shape_attributes": {"name": "rect", "x": 386, "y": 470, "width": 34, "height": 15}, "region_attributes": {"label": "5000", "key_type": "value", "formal_key": "answer"}}, {"shape_attributes": {"name": "rect", "x": 386, "y": 497, "width": 36, "height": 13}, "region_attributes": {"label": "6000", "key_type": "value", "formal_key": "answer"}}, {"shape_attributes": {"name": "rect", "x": 386, "y": 525, "width": 34, "height": 16}, "region_attributes": {"label": "7200", "key_type": "value", "formal_key": "answer"}}, {"shape_attributes": {"name": "rect", "x": 385, "y": 554, "width": 37, "height": 15}, "region_attributes": {"label": "8640", "key_type": "value", "formal_key": "answer"}}, {"shape_attributes": {"name": "rect", "x": 377, "y": 578, "width": 45, "height": 16}, "region_attributes": {"label": "10368", "key_type": "value", "formal_key": "answer"}}, {"shape_attributes": {"name": "rect", "x": 94, "y": 705, "width": 52, "height": 10}, "region_attributes": {"label": "CONCLUSION:", "key_type": "key", "formal_key": "question"}}, {"shape_attributes": {"name": "rect", "x": 713, "y": 741, "width": 18, "height": 90}, "region_attributes": {"label": "87672097", "key_type": "value", "formal_key": "others"}}, {"shape_attributes": {"name": "rect", "x": 566, "y": 289, "width": 56, "height": 13}, "region_attributes": {"label": "3/5/81", "key_type": "value", "formal_key": "answer"}}, {"shape_attributes": {"name": "rect", "x": 298, "y": 72, "width": 200, "height": 15}, "region_attributes": {"label": "ACUTE TOXICITY IN MICE", "key_type": "key", "formal_key": "header"}}, {"shape_attributes": {"name": "rect", "x": 410, "y": 147, "width": 56, "height": 10}, "region_attributes": {"label": "LORILLARD NO", "key_type": "key", "formal_key": "question"}}, {"shape_attributes": {"name": "rect", "x": 600, "y": 150, "width": 31, "height": 9}, "region_attributes": {"label": "LOT NO", "key_type": "key", "formal_key": "question"}}, {"shape_attributes": {"name": "rect", "x": 100, "y": 175, "width": 58, "height": 9}, "region_attributes": {"label": "DATE RECEIVED", "key_type": "key", "formal_key": "question"}}, {"shape_attributes": {"name": "rect", "x": 175, "y": 166, "width": 60, "height": 13}, "region_attributes": {"label": "12 /4 /80", "key_type": "value", "formal_key": "answer"}}, {"shape_attributes": {"name": "rect", "x": 364, "y": 168, "width": 126, "height": 13}, "region_attributes": {"label": "3 /12 /81 -3 /24 /81", "key_type": "value", "formal_key": "answer"}}, {"shape_attributes": {"name": "rect", "x": 558, "y": 168, "width": 63, "height": 14}, "region_attributes": {"label": "3 /30 /81", "key_type": "value", "formal_key": "answer"}}, {"shape_attributes": {"name": "rect", "x": 603, "y": 198, "width": 60, "height": 13}, "region_attributes": {"label": "BC19 -15", "key_type": "value", "formal_key": "answer"}}, {"shape_attributes": {"name": "rect", "x": 533, "y": 207, "width": 67, "height": 9}, "region_attributes": {"label": "NOTEBOOK PAGE:", "key_type": "key", "formal_key": "question"}}, {"shape_attributes": {"name": "rect", "x": 181, "y": 196, "width": 208, "height": 15}, "region_attributes": {"label": "H. S. Tong & A. A. Poole", "key_type": "value", "formal_key": "answer"}}, {"shape_attributes": {"name": "rect", "x": 99, "y": 204, "width": 65, "height": 10}, "region_attributes": {"label": "INVESTIGATOR (S)", "key_type": "key", "formal_key": "question"}}, {"shape_attributes": {"name": "rect", "x": 99, "y": 232, "width": 55, "height": 9}, "region_attributes": {"label": "SIGNATURE (S)", "key_type": "key", "formal_key": "question"}}, {"shape_attributes": {"name": "rect", "x": 187, "y": 214, "width": 340, "height": 42}, "region_attributes": {"label": "", "key_type": "value", "formal_key": "answer"}}, {"shape_attributes": {"name": "rect", "x": 99, "y": 292, "width": 59, "height": 10}, "region_attributes": {"label": "STRAIN OF MICE", "key_type": "key", "formal_key": "question"}}, {"shape_attributes": {"name": "rect", "x": 163, "y": 287, "width": 115, "height": 14}, "region_attributes": {"label": "Swiss- Webster", "key_type": "value", "formal_key": "answer"}}, {"shape_attributes": {"name": "rect", "x": 484, "y": 295, "width": 60, "height": 10}, "region_attributes": {"label": "DATE RECEIVED", "key_type": "key", "formal_key": "question"}}, {"shape_attributes": {"name": "rect", "x": 99, "y": 322, "width": 116, "height": 10}, "region_attributes": {"label": "AVERAGE WEIGHT RANGE (GM)", "key_type": "key", "formal_key": "question"}}, {"shape_attributes": {"name": "rect", "x": 243, "y": 311, "width": 41, "height": 15}, "region_attributes": {"label": "16- 30", "key_type": "value", "formal_key": "answer"}}, {"shape_attributes": {"name": "rect", "x": 448, "y": 314, "width": 112, "height": 12}, "region_attributes": {"label": "Camm Research", "key_type": "value", "formal_key": "answer"}}, {"shape_attributes": {"name": "rect", "x": 97, "y": 352, "width": 153, "height": 11}, "region_attributes": {"label": "ROUTE OF COMPOUND ADMINISTRATION", "key_type": "key", "formal_key": "header"}}, {"shape_attributes": {"name": "rect", "x": 290, "y": 355, "width": 30, "height": 9}, "region_attributes": {"label": "\u2610 P. O.", "key_type": "key", "formal_key": "question"}}, {"shape_attributes": {"name": "rect", "x": 424, "y": 356, "width": 23, "height": 10}, "region_attributes": {"label": "\u2610 I. V.", "key_type": "key", "formal_key": "question"}}, {"shape_attributes": {"name": "rect", "x": 485, "y": 355, "width": 63, "height": 12}, "region_attributes": {"label": "\u2610 INHALATION", "key_type": "key", "formal_key": "question"}}, {"shape_attributes": {"name": "rect", "x": 99, "y": 379, "width": 79, "height": 9}, "region_attributes": {"label": "COMPOUND VEHICLE", "key_type": "key", "formal_key": "header"}}, {"shape_attributes": {"name": "rect", "x": 213, "y": 380, "width": 114, "height": 10}, "region_attributes": {"label": "\u2610 % METHYL CELLULOSE", "key_type": "key", "formal_key": "question"}}, {"shape_attributes": {"name": "rect", "x": 368, "y": 380, "width": 47, "height": 11}, "region_attributes": {"label": "\u2610 CORN OIL", "key_type": "key", "formal_key": "question"}}, {"shape_attributes": {"name": "rect", "x": 458, "y": 382, "width": 39, "height": 9}, "region_attributes": {"label": "\u2610 SALINE", "key_type": "key", "formal_key": "question"}}, {"shape_attributes": {"name": "rect", "x": 582, "y": 373, "width": 117, "height": 16}, "region_attributes": {"label": "pure solution", "key_type": "value", "formal_key": "answer"}}, {"shape_attributes": {"name": "rect", "x": 118, "y": 433, "width": 43, "height": 9}, "region_attributes": {"label": "GROUP NO.", "key_type": "key", "formal_key": "question"}}, {"shape_attributes": {"name": "rect", "x": 225, "y": 434, "width": 48, "height": 9}, "region_attributes": {"label": "% SOLUTION", "key_type": "key", "formal_key": "question"}}, {"shape_attributes": {"name": "rect", "x": 365, "y": 434, "width": 81, "height": 17}, "region_attributes": {"label": "DOSAGE (mg/kg) BODY WEIGHT", "key_type": "key", "formal_key": "question"}}, {"shape_attributes": {"name": "rect", "x": 570, "y": 434, "width": 85, "height": 20}, "region_attributes": {"label": "RESULTS (NO DEAD/NO TESTED", "key_type": "key", "formal_key": "question"}}, {"shape_attributes": {"name": "rect", "x": 573, "y": 470, "width": 28, "height": 17}, "region_attributes": {"label": "0 /6", "key_type": "value", "formal_key": "answer"}}, {"shape_attributes": {"name": "rect", "x": 573, "y": 499, "width": 27, "height": 15}, "region_attributes": {"label": "0 /6", "key_type": "value", "formal_key": "answer"}}, {"shape_attributes": {"name": "rect", "x": 573, "y": 525, "width": 27, "height": 16}, "region_attributes": {"label": "0 /6", "key_type": "value", "formal_key": "answer"}}, {"shape_attributes": {"name": "rect", "x": 573, "y": 554, "width": 28, "height": 18}, "region_attributes": {"label": "0 /6", "key_type": "value", "formal_key": "answer"}}, {"shape_attributes": {"name": "rect", "x": 573, "y": 582, "width": 30, "height": 13}, "region_attributes": {"label": "0 /6", "key_type": "value", "formal_key": "answer"}}, {"shape_attributes": {"name": "rect", "x": 97, "y": 623, "width": 111, "height": 10}, "region_attributes": {"label": "REFERENCE FOR CALCULATION", "key_type": "key", "formal_key": "question"}}, {"shape_attributes": {"name": "rect", "x": 213, "y": 612, "width": 483, "height": 21}, "region_attributes": {"label": "Weil, Carrol S., Biometrics, Vol. 8, No. 3., Sept. 1952,", "key_type": "value", "formal_key": "answer"}}, {"shape_attributes": {"name": "rect", "x": 93, "y": 642, "width": 61, "height": 17}, "region_attributes": {"label": "p. 249.", "key_type": "value", "formal_key": "answer"}}, {"shape_attributes": {"name": "rect", "x": 214, "y": 669, "width": 157, "height": 21}, "region_attributes": {"label": "LD0 = 10, 368 mg /kg", "key_type": "value", "formal_key": "answer"}}, {"shape_attributes": {"name": "rect", "x": 96, "y": 678, "width": 114, "height": 11}, "region_attributes": {"label": "LD50 95% CONFIDENCE ", "key_type": "key", "formal_key": "question"}}, {"shape_attributes": {"name": "rect", "x": 151, "y": 696, "width": 527, "height": 21}, "region_attributes": {"label": "Higher doses were impractical. The recommended safe dose for", "key_type": "value", "formal_key": "answer"}}, {"shape_attributes": {"name": "rect", "x": 93, "y": 720, "width": 564, "height": 50}, "region_attributes": {"label": "trial inhalation in man is 80. 6, 40. 3, or 26. 8 mg per cigarette . when smoked 1, 2 or 3 cigarettes per hour, respectively.", "key_type": "value", "formal_key": "answer"}}, {"shape_attributes": {"name": "rect", "x": 93, "y": 798, "width": 207, "height": 18}, "region_attributes": {"label": "Copies to the following:", "key_type": "key", "formal_key": "question"}}, {"shape_attributes": {"name": "rect", "x": 314, "y": 798, "width": 140, "height": 38}, "region_attributes": {"label": "H. J. Minnemeyer L. B. Gray", "key_type": "value", "formal_key": "answer"}}, {"shape_attributes": {"name": "rect", "x": 93, "y": 897, "width": 110, "height": 10}, "region_attributes": {"label": "LORILLARD RESEARCH CENTER", "key_type": "value", "formal_key": "others"}}, {"shape_attributes": {"name": "rect", "x": 653, "y": 900, "width": 52, "height": 12}, "region_attributes": {"label": "FORM ", "key_type": "value", "formal_key": "others"}}]}}}