﻿{"file_name": "87682908.json", "attributes": {"_via_img_metadata": {"regions": [{"shape_attributes": {"name": "rect", "x": 105, "y": 331, "width": 41, "height": 15}, "region_attributes": {"label": "Name:", "key_type": "key", "formal_key": "question"}}, {"shape_attributes": {"name": "rect", "x": 102, "y": 376, "width": 68, "height": 13}, "region_attributes": {"label": "Institution:", "key_type": "key", "formal_key": "question"}}, {"shape_attributes": {"name": "rect", "x": 103, "y": 406, "width": 54, "height": 14}, "region_attributes": {"label": "Address:", "key_type": "key", "formal_key": "question"}}, {"shape_attributes": {"name": "rect", "x": 184, "y": 420, "width": 31, "height": 14}, "region_attributes": {"label": "Street", "key_type": "key", "formal_key": "question"}}, {"shape_attributes": {"name": "rect", "x": 186, "y": 468, "width": 24, "height": 11}, "region_attributes": {"label": "City", "key_type": "key", "formal_key": "question"}}, {"shape_attributes": {"name": "rect", "x": 304, "y": 465, "width": 27, "height": 13}, "region_attributes": {"label": "State", "key_type": "key", "formal_key": "question"}}, {"shape_attributes": {"name": "rect", "x": 184, "y": 344, "width": 22, "height": 15}, "region_attributes": {"label": "First", "key_type": "key", "formal_key": "question"}}, {"shape_attributes": {"name": "rect", "x": 302, "y": 344, "width": 36, "height": 14}, "region_attributes": {"label": "Middle", "key_type": "key", "formal_key": "question"}}, {"shape_attributes": {"name": "rect", "x": 420, "y": 344, "width": 24, "height": 11}, "region_attributes": {"label": "Last", "key_type": "key", "formal_key": "question"}}, {"shape_attributes": {"name": "rect", "x": 503, "y": 464, "width": 43, "height": 10}, "region_attributes": {"label": "Country", "key_type": "key", "formal_key": "question"}}, {"shape_attributes": {"name": "rect", "x": 109, "y": 497, "width": 66, "height": 14}, "region_attributes": {"label": "Telephone:", "key_type": "key", "formal_key": "question"}}, {"shape_attributes": {"name": "rect", "x": 506, "y": 661, "width": 47, "height": 14}, "region_attributes": {"label": "TOTAL", "key_type": "key", "formal_key": "question"}}, {"shape_attributes": {"name": "rect", "x": 324, "y": 617, "width": 21, "height": 14}, "region_attributes": {"label": "10)", "key_type": "key", "formal_key": "question"}}, {"shape_attributes": {"name": "rect", "x": 645, "y": 791, "width": 18, "height": 78}, "region_attributes": {"label": "87682908", "key_type": "value", "formal_key": "others"}}, {"shape_attributes": {"name": "rect", "x": 203, "y": 135, "width": 194, "height": 39}, "region_attributes": {"label": "46th Tobacco Chemists' Research Conference", "key_type": "key", "formal_key": "header"}}, {"shape_attributes": {"name": "rect", "x": 201, "y": 251, "width": 323, "height": 29}, "region_attributes": {"label": "TH 46 TCRC REGISTRATION FORM", "key_type": "key", "formal_key": "header"}}, {"shape_attributes": {"name": "rect", "x": 105, "y": 299, "width": 113, "height": 18}, "region_attributes": {"label": "Please type or print", "key_type": "value", "formal_key": "others"}}, {"shape_attributes": {"name": "rect", "x": 304, "y": 420, "width": 50, "height": 15}, "region_attributes": {"label": "P. O. Box #", "key_type": "key", "formal_key": "question"}}, {"shape_attributes": {"name": "rect", "x": 384, "y": 464, "width": 51, "height": 13}, "region_attributes": {"label": "ZIP Code", "key_type": "key", "formal_key": "question"}}, {"shape_attributes": {"name": "rect", "x": 299, "y": 496, "width": 66, "height": 13}, "region_attributes": {"label": "Area Code:", "key_type": "key", "formal_key": "question"}}, {"shape_attributes": {"name": "rect", "x": 109, "y": 524, "width": 301, "height": 20}, "region_attributes": {"label": "Name of spouse participating in the guest programs", "key_type": "key", "formal_key": "question"}}, {"shape_attributes": {"name": "rect", "x": 320, "y": 554, "width": 72, "height": 17}, "region_attributes": {"label": "Monday (Y/ N)", "key_type": "key", "formal_key": "question"}}, {"shape_attributes": {"name": "rect", "x": 441, "y": 554, "width": 71, "height": 13}, "region_attributes": {"label": "Tuesday (Y/ N)", "key_type": "key", "formal_key": "question"}}, {"shape_attributes": {"name": "rect", "x": 504, "y": 599, "width": 53, "height": 15}, "region_attributes": {"label": "$ 170.00", "key_type": "value", "formal_key": "answer"}}, {"shape_attributes": {"name": "rect", "x": 506, "y": 616, "width": 52, "height": 14}, "region_attributes": {"label": "$ $185.00", "key_type": "value", "formal_key": "answer"}}, {"shape_attributes": {"name": "rect", "x": 110, "y": 721, "width": 519, "height": 50}, "region_attributes": {"label": "Send this registration form, along with payment to address noted below in attached envelope. Enclose a cheque or international money order payable in Canadian funds to the 46th Tobacco Chemists Research Conference.", "key_type": "value", "formal_key": "others"}}, {"shape_attributes": {"name": "rect", "x": 310, "y": 784, "width": 253, "height": 78}, "region_attributes": {"label": "Ms. Susan Mathison Canadian Tobacco Manufacturers Council 701- 99 Bank Street Ottawa, Ontario, Canada K1P 6B9 (613) 238- 2799", "key_type": "value", "formal_key": "answer"}}, {"shape_attributes": {"name": "rect", "x": 232, "y": 785, "width": 49, "height": 15}, "region_attributes": {"label": "Mail to:", "key_type": "key", "formal_key": "question"}}, {"shape_attributes": {"name": "rect", "x": 109, "y": 602, "width": 282, "height": 17}, "region_attributes": {"label": "Advance Registration Fee: (prior to August 10)", "key_type": "key", "formal_key": "question"}}, {"shape_attributes": {"name": "rect", "x": 110, "y": 619, "width": 213, "height": 16}, "region_attributes": {"label": "Late Registration Fee: (after August", "key_type": "key", "formal_key": "question"}}, {"shape_attributes": {"name": "rect", "x": 176, "y": 634, "width": 188, "height": 17}, "region_attributes": {"label": "Extra banquet tickets @ $ 40.00", "key_type": "key", "formal_key": "question"}}]}}}