﻿{"file_name": "88057519.json", "attributes": {"_via_img_metadata": {"regions": [{"shape_attributes": {"name": "rect", "x": 395, "y": 483, "width": 47, "height": 13}, "region_attributes": {"label": "Address", "key_type": "key", "formal_key": "question"}}, {"shape_attributes": {"name": "rect", "x": 397, "y": 507, "width": 22, "height": 11}, "region_attributes": {"label": "City", "key_type": "key", "formal_key": "question"}}, {"shape_attributes": {"name": "rect", "x": 395, "y": 529, "width": 31, "height": 11}, "region_attributes": {"label": "State", "key_type": "key", "formal_key": "question"}}, {"shape_attributes": {"name": "rect", "x": 658, "y": 528, "width": 18, "height": 14}, "region_attributes": {"label": "Zip", "key_type": "key", "formal_key": "question"}}, {"shape_attributes": {"name": "rect", "x": 619, "y": 584, "width": 63, "height": 14}, "region_attributes": {"label": "BRAND", "key_type": "key", "formal_key": "question"}}, {"shape_attributes": {"name": "rect", "x": 708, "y": 409, "width": 24, "height": 13}, "region_attributes": {"label": "1982", "key_type": "value", "formal_key": "others"}}, {"shape_attributes": {"name": "rect", "x": 701, "y": 747, "width": 18, "height": 85}, "region_attributes": {"label": "88057519", "key_type": "value", "formal_key": "others"}}, {"shape_attributes": {"name": "rect", "x": 552, "y": 270, "width": 178, "height": 81}, "region_attributes": {"label": "New SATIN 100's", "key_type": "key", "formal_key": "header"}}, {"shape_attributes": {"name": "rect", "x": 397, "y": 434, "width": 79, "height": 13}, "region_attributes": {"label": "Direct Account", "key_type": "key", "formal_key": "question"}}, {"shape_attributes": {"name": "rect", "x": 395, "y": 455, "width": 82, "height": 17}, "region_attributes": {"label": "Please Ship To", "key_type": "key", "formal_key": "question"}}, {"shape_attributes": {"name": "rect", "x": 394, "y": 554, "width": 75, "height": 14}, "region_attributes": {"label": "Delivery Date", "key_type": "key", "formal_key": "question"}}, {"shape_attributes": {"name": "rect", "x": 411, "y": 582, "width": 144, "height": 17}, "region_attributes": {"label": "No. OF CARTONS", "key_type": "key", "formal_key": "question"}}, {"shape_attributes": {"name": "rect", "x": 574, "y": 617, "width": 108, "height": 17}, "region_attributes": {"label": "Satin Filter 100's", "key_type": "value", "formal_key": "answer"}}, {"shape_attributes": {"name": "rect", "x": 574, "y": 652, "width": 129, "height": 18}, "region_attributes": {"label": "Satin Menthol 100's", "key_type": "value", "formal_key": "answer"}}, {"shape_attributes": {"name": "rect", "x": 395, "y": 796, "width": 79, "height": 20}, "region_attributes": {"label": "Signature of Hetail Purchaser", "key_type": "key", "formal_key": "question"}}, {"shape_attributes": {"name": "rect", "x": 398, "y": 830, "width": 95, "height": 22}, "region_attributes": {"label": "Order Taken By Sales Representative", "key_type": "value", "formal_key": "others"}}, {"shape_attributes": {"name": "rect", "x": 518, "y": 858, "width": 113, "height": 9}, "region_attributes": {"label": "DIRECT ACCOUNT", "key_type": "value", "formal_key": "others"}}]}}}