﻿{"file_name": "88547278_88547279.json", "attributes": {"_via_img_metadata": {"regions": [{"shape_attributes": {"name": "rect", "x": 78, "y": 357, "width": 37, "height": 18}, "region_attributes": {"label": "Sizes:", "key_type": "key", "formal_key": "question"}}, {"shape_attributes": {"name": "rect", "x": 75, "y": 627, "width": 41, "height": 17}, "region_attributes": {"label": "Binding", "key_type": "key", "formal_key": "question"}}, {"shape_attributes": {"name": "rect", "x": 666, "y": 787, "width": 25, "height": 97}, "region_attributes": {"label": "88547278", "key_type": "value", "formal_key": "others"}}, {"shape_attributes": {"name": "rect", "x": 493, "y": 175, "width": 26, "height": 14}, "region_attributes": {"label": "Date:", "key_type": "key", "formal_key": "question"}}, {"shape_attributes": {"name": "rect", "x": 189, "y": 324, "width": 35, "height": 13}, "region_attributes": {"label": "Qty:", "key_type": "key", "formal_key": "question"}}, {"shape_attributes": {"name": "rect", "x": 468, "y": 923, "width": 28, "height": 15}, "region_attributes": {"label": "TEL:", "key_type": "key", "formal_key": "question"}}, {"shape_attributes": {"name": "rect", "x": 579, "y": 927, "width": 28, "height": 14}, "region_attributes": {"label": "FAX:", "key_type": "key", "formal_key": "question"}}, {"shape_attributes": {"name": "rect", "x": 300, "y": 926, "width": 17, "height": 12}, "region_attributes": {"label": "19", "key_type": "value", "formal_key": "others"}}, {"shape_attributes": {"name": "rect", "x": 68, "y": 61, "width": 137, "height": 71}, "region_attributes": {"label": "Quotation Request", "key_type": "key", "formal_key": "header"}}, {"shape_attributes": {"name": "rect", "x": 496, "y": 93, "width": 178, "height": 27}, "region_attributes": {"label": "APPLIED GRAPHICS", "key_type": "key", "formal_key": "header"}}, {"shape_attributes": {"name": "rect", "x": 190, "y": 171, "width": 142, "height": 67}, "region_attributes": {"label": "Lorillard One Park Avenue New York, NY 10016 Attn: Neil Toumey", "key_type": "value", "formal_key": "answer"}}, {"shape_attributes": {"name": "rect", "x": 80, "y": 175, "width": 68, "height": 13}, "region_attributes": {"label": "Quotation To:", "key_type": "key", "formal_key": "question"}}, {"shape_attributes": {"name": "rect", "x": 533, "y": 171, "width": 87, "height": 20}, "region_attributes": {"label": "July 7, 1993", "key_type": "value", "formal_key": "answer"}}, {"shape_attributes": {"name": "rect", "x": 493, "y": 195, "width": 59, "height": 14}, "region_attributes": {"label": "Estimate No:", "key_type": "key", "formal_key": "question"}}, {"shape_attributes": {"name": "rect", "x": 535, "y": 205, "width": 49, "height": 15}, "region_attributes": {"label": "4854- 5", "key_type": "value", "formal_key": "answer"}}, {"shape_attributes": {"name": "rect", "x": 493, "y": 224, "width": 85, "height": 15}, "region_attributes": {"label": "Account Executive:", "key_type": "key", "formal_key": "question"}}, {"shape_attributes": {"name": "rect", "x": 532, "y": 238, "width": 123, "height": 19}, "region_attributes": {"label": "Peter Faucetta Jr.", "key_type": "value", "formal_key": "answer"}}, {"shape_attributes": {"name": "rect", "x": 78, "y": 272, "width": 132, "height": 17}, "region_attributes": {"label": "Quantities and Description:", "key_type": "key", "formal_key": "question"}}, {"shape_attributes": {"name": "rect", "x": 189, "y": 285, "width": 273, "height": 39}, "region_attributes": {"label": "H/D 8 Pk. Wide Header 4 C/P + 2 Hits Day- Glo + Spot Varnish", "key_type": "value", "formal_key": "answer"}}, {"shape_attributes": {"name": "rect", "x": 236, "y": 321, "width": 48, "height": 18}, "region_attributes": {"label": "89,725", "key_type": "value", "formal_key": "answer"}}, {"shape_attributes": {"name": "rect", "x": 193, "y": 373, "width": 80, "height": 20}, "region_attributes": {"label": "19.750 X 11", "key_type": "value", "formal_key": "answer"}}, {"shape_attributes": {"name": "rect", "x": 75, "y": 409, "width": 104, "height": 19}, "region_attributes": {"label": "Paper and Materials:", "key_type": "key", "formal_key": "question"}}, {"shape_attributes": {"name": "rect", "x": 190, "y": 425, "width": 156, "height": 21}, "region_attributes": {"label": "24 pt. Carolina C/1/S", "key_type": "value", "formal_key": "answer"}}, {"shape_attributes": {"name": "rect", "x": 78, "y": 467, "width": 145, "height": 18}, "region_attributes": {"label": "Preparation and Composition:", "key_type": "key", "formal_key": "question"}}, {"shape_attributes": {"name": "rect", "x": 190, "y": 494, "width": 141, "height": 37}, "region_attributes": {"label": "Final Film Supplied Combined Blue", "key_type": "value", "formal_key": "answer"}}, {"shape_attributes": {"name": "rect", "x": 77, "y": 565, "width": 99, "height": 14}, "region_attributes": {"label": "Process and Colors:", "key_type": "key", "formal_key": "question"}}, {"shape_attributes": {"name": "rect", "x": 190, "y": 566, "width": 27, "height": 34}, "region_attributes": {"label": "6/1 1/1", "key_type": "value", "formal_key": "answer"}}, {"shape_attributes": {"name": "rect", "x": 192, "y": 634, "width": 137, "height": 17}, "region_attributes": {"label": "Leave in Full Sheets", "key_type": "value", "formal_key": "answer"}}, {"shape_attributes": {"name": "rect", "x": 78, "y": 691, "width": 118, "height": 15}, "region_attributes": {"label": "Packing and Distribution:", "key_type": "key", "formal_key": "question"}}, {"shape_attributes": {"name": "rect", "x": 189, "y": 700, "width": 286, "height": 38}, "region_attributes": {"label": "Bulk in cartons, FOB Oceanside Please allow 14 working days for delivery", "key_type": "value", "formal_key": "answer"}}, {"shape_attributes": {"name": "rect", "x": 75, "y": 726, "width": 70, "height": 13}, "region_attributes": {"label": "Delivery Date:", "key_type": "key", "formal_key": "question"}}, {"shape_attributes": {"name": "rect", "x": 78, "y": 755, "width": 99, "height": 15}, "region_attributes": {"label": "Prices and Schedule:", "key_type": "key", "formal_key": "question"}}, {"shape_attributes": {"name": "rect", "x": 190, "y": 767, "width": 57, "height": 20}, "region_attributes": {"label": "$16, 158", "key_type": "value", "formal_key": "answer"}}, {"shape_attributes": {"name": "rect", "x": 75, "y": 838, "width": 101, "height": 14}, "region_attributes": {"label": "Other Specifications:", "key_type": "key", "formal_key": "question"}}, {"shape_attributes": {"name": "rect", "x": 494, "y": 840, "width": 102, "height": 15}, "region_attributes": {"label": "Authorized Signature:", "key_type": "key", "formal_key": "question"}}, {"shape_attributes": {"name": "rect", "x": 77, "y": 897, "width": 63, "height": 18}, "region_attributes": {"label": "Accepted by:", "key_type": "key", "formal_key": "question"}}, {"shape_attributes": {"name": "rect", "x": 74, "y": 945, "width": 596, "height": 38}, "region_attributes": {"label": "we wted with line Whortly how Motion ", "key_type": "value", "formal_key": "others"}}, {"shape_attributes": {"name": "rect", "x": 498, "y": 926, "width": 74, "height": 15}, "region_attributes": {"label": "(212) 627 4111", "key_type": "value", "formal_key": "answer"}}, {"shape_attributes": {"name": "rect", "x": 608, "y": 925, "width": 76, "height": 15}, "region_attributes": {"label": "(212) 627- 8602", "key_type": "value", "formal_key": "answer"}}, {"shape_attributes": {"name": "rect", "x": 467, "y": 855, "width": 174, "height": 72}, "region_attributes": {"label": "Applied Graphics Technologies 50 West 23rd Street, N.Y.C. 10010", "key_type": "value", "formal_key": "answer"}}]}}}