﻿{"file_name": "89368010.json", "attributes": {"_via_img_metadata": {"regions": [{"shape_attributes": {"name": "rect", "x": 154, "y": 618, "width": 43, "height": 18}, "region_attributes": {"label": "DATE", "key_type": "key", "formal_key": "question"}}, {"shape_attributes": {"name": "rect", "x": 133, "y": 587, "width": 106, "height": 24}, "region_attributes": {"label": "16/3/82", "key_type": "value", "formal_key": "answer"}}, {"shape_attributes": {"name": "rect", "x": 490, "y": 576, "width": 162, "height": 39}, "region_attributes": {"label": "", "key_type": "value", "formal_key": "answer"}}, {"shape_attributes": {"name": "rect", "x": 114, "y": 657, "width": 75, "height": 12}, "region_attributes": {"label": "APPROVALS", "key_type": "key", "formal_key": "question"}}, {"shape_attributes": {"name": "rect", "x": 364, "y": 684, "width": 78, "height": 25}, "region_attributes": {"label": "Accept", "key_type": "value", "formal_key": "answer"}}, {"shape_attributes": {"name": "rect", "x": 368, "y": 726, "width": 78, "height": 31}, "region_attributes": {"label": "Accept", "key_type": "value", "formal_key": "answer"}}, {"shape_attributes": {"name": "rect", "x": 361, "y": 775, "width": 72, "height": 30}, "region_attributes": {"label": "Accept", "key_type": "value", "formal_key": "answer"}}, {"shape_attributes": {"name": "rect", "x": 469, "y": 668, "width": 223, "height": 39}, "region_attributes": {"label": "", "key_type": "value", "formal_key": "answer"}}, {"shape_attributes": {"name": "rect", "x": 510, "y": 714, "width": 108, "height": 39}, "region_attributes": {"label": "", "key_type": "value", "formal_key": "answer"}}, {"shape_attributes": {"name": "rect", "x": 475, "y": 766, "width": 216, "height": 30}, "region_attributes": {"label": "", "key_type": "value", "formal_key": "answer"}}, {"shape_attributes": {"name": "rect", "x": 490, "y": 843, "width": 115, "height": 30}, "region_attributes": {"label": "", "key_type": "value", "formal_key": "answer"}}, {"shape_attributes": {"name": "rect", "x": 370, "y": 850, "width": 93, "height": 25}, "region_attributes": {"label": "", "key_type": "value", "formal_key": "answer"}}, {"shape_attributes": {"name": "rect", "x": 723, "y": 804, "width": 25, "height": 93}, "region_attributes": {"label": "89368010", "key_type": "value", "formal_key": "others"}}, {"shape_attributes": {"name": "rect", "x": 45, "y": 28, "width": 100, "height": 18}, "region_attributes": {"label": "RA/QA FORM 9", "key_type": "value", "formal_key": "others"}}, {"shape_attributes": {"name": "rect", "x": 280, "y": 76, "width": 209, "height": 18}, "region_attributes": {"label": "FINAL REPORT AMENDMENT", "key_type": "key", "formal_key": "header"}}, {"shape_attributes": {"name": "rect", "x": 106, "y": 120, "width": 83, "height": 16}, "region_attributes": {"label": "Study Name", "key_type": "key", "formal_key": "question"}}, {"shape_attributes": {"name": "rect", "x": 106, "y": 141, "width": 98, "height": 18}, "region_attributes": {"label": "Study Number", "key_type": "key", "formal_key": "question"}}, {"shape_attributes": {"name": "rect", "x": 111, "y": 163, "width": 118, "height": 18}, "region_attributes": {"label": "Initiation Date", "key_type": "key", "formal_key": "question"}}, {"shape_attributes": {"name": "rect", "x": 106, "y": 186, "width": 342, "height": 19}, "region_attributes": {"label": "Date of Final Report (Review Completed Date)", "key_type": "key", "formal_key": "question"}}, {"shape_attributes": {"name": "rect", "x": 109, "y": 208, "width": 389, "height": 18}, "region_attributes": {"label": "Part of Final Report to be Amended (Exact location)", "key_type": "key", "formal_key": "question"}}, {"shape_attributes": {"name": "rect", "x": 117, "y": 232, "width": 518, "height": 18}, "region_attributes": {"label": "The attached is an addition to the I- 1725.001 Final Report", "key_type": "value", "formal_key": "answer"}}, {"shape_attributes": {"name": "rect", "x": 478, "y": 183, "width": 117, "height": 21}, "region_attributes": {"label": "27 April 1982", "key_type": "value", "formal_key": "answer"}}, {"shape_attributes": {"name": "rect", "x": 266, "y": 162, "width": 120, "height": 16}, "region_attributes": {"label": "25 March 1982", "key_type": "value", "formal_key": "answer"}}, {"shape_attributes": {"name": "rect", "x": 220, "y": 141, "width": 93, "height": 15}, "region_attributes": {"label": "I- 1725.001", "key_type": "value", "formal_key": "answer"}}, {"shape_attributes": {"name": "rect", "x": 190, "y": 117, "width": 571, "height": 33}, "region_attributes": {"label": "Acute Toxicity of Reference Cigarette Smoke lafter Inhalation in Mice.", "key_type": "value", "formal_key": "answer"}}, {"shape_attributes": {"name": "rect", "x": 108, "y": 310, "width": 189, "height": 15}, "region_attributes": {"label": "Reason for the Amendment", "key_type": "key", "formal_key": "question"}}, {"shape_attributes": {"name": "rect", "x": 308, "y": 305, "width": 454, "height": 17}, "region_attributes": {"label": "Survival after repeated doses over a 14 day period", "key_type": "value", "formal_key": "answer"}}, {"shape_attributes": {"name": "rect", "x": 123, "y": 328, "width": 593, "height": 38}, "region_attributes": {"label": "may not be accurately predicted from survival after a single day's exposure.", "key_type": "value", "formal_key": "answer"}}, {"shape_attributes": {"name": "rect", "x": 111, "y": 404, "width": 374, "height": 20}, "region_attributes": {"label": "Amendment (Attach additional sheets as necessary)", "key_type": "key", "formal_key": "question"}}, {"shape_attributes": {"name": "rect", "x": 496, "y": 401, "width": 251, "height": 18}, "region_attributes": {"label": "The report of the results of", "key_type": "value", "formal_key": "answer"}}, {"shape_attributes": {"name": "rect", "x": 133, "y": 425, "width": 590, "height": 42}, "region_attributes": {"label": "A 14 Day Repeated Dose Assay for Reference Cigarette Smoke in Mice (I- 1725.001- M1 is attached.", "key_type": "value", "formal_key": "answer"}}, {"shape_attributes": {"name": "rect", "x": 504, "y": 615, "width": 111, "height": 13}, "region_attributes": {"label": "STUDY DIRECTOR", "key_type": "key", "formal_key": "question"}}, {"shape_attributes": {"name": "rect", "x": 112, "y": 689, "width": 135, "height": 22}, "region_attributes": {"label": "03 June 1982", "key_type": "value", "formal_key": "answer"}}, {"shape_attributes": {"name": "rect", "x": 132, "y": 725, "width": 118, "height": 45}, "region_attributes": {"label": "3 June 1982", "key_type": "value", "formal_key": "answer"}}, {"shape_attributes": {"name": "rect", "x": 117, "y": 772, "width": 130, "height": 28}, "region_attributes": {"label": "3 June 1982", "key_type": "value", "formal_key": "answer"}}, {"shape_attributes": {"name": "rect", "x": 380, "y": 651, "width": 250, "height": 21}, "region_attributes": {"label": "ACCEPT/ REJECT (as per 58.185 (c))", "key_type": "key", "formal_key": "question"}}, {"shape_attributes": {"name": "rect", "x": 500, "y": 705, "width": 184, "height": 14}, "region_attributes": {"label": "QUALITY ASSURANCE ASSOC.", "key_type": "key", "formal_key": "question"}}, {"shape_attributes": {"name": "rect", "x": 501, "y": 749, "width": 156, "height": 15}, "region_attributes": {"label": "DIRECTOR OF RESEARCH", "key_type": "key", "formal_key": "question"}}, {"shape_attributes": {"name": "rect", "x": 499, "y": 795, "width": 137, "height": 14}, "region_attributes": {"label": "DIRECTOR OF RA/QA", "key_type": "key", "formal_key": "question"}}, {"shape_attributes": {"name": "rect", "x": 499, "y": 870, "width": 147, "height": 16}, "region_attributes": {"label": "REGULATORY AFFAIRS", "key_type": "key", "formal_key": "question"}}, {"shape_attributes": {"name": "rect", "x": 115, "y": 855, "width": 232, "height": 19}, "region_attributes": {"label": "Received by REGULATORY AFFATRS", "key_type": "key", "formal_key": "question"}}]}}}