﻿{"file_name": "89386032.json", "attributes": {"_via_img_metadata": {"regions": [{"shape_attributes": {"name": "rect", "x": 70, "y": 130, "width": 53, "height": 28}, "region_attributes": {"label": "EPL", "key_type": "key", "formal_key": "header"}}, {"shape_attributes": {"name": "rect", "x": 209, "y": 405, "width": 63, "height": 11}, "region_attributes": {"label": "Multiple", "key_type": "value", "formal_key": "answer"}}, {"shape_attributes": {"name": "rect", "x": 571, "y": 274, "width": 36, "height": 15}, "region_attributes": {"label": "1419A", "key_type": "value", "formal_key": "answer"}}, {"shape_attributes": {"name": "rect", "x": 441, "y": 405, "width": 52, "height": 14}, "region_attributes": {"label": "Species", "key_type": "key", "formal_key": "question"}}, {"shape_attributes": {"name": "rect", "x": 527, "y": 405, "width": 34, "height": 14}, "region_attributes": {"label": "Mice", "key_type": "value", "formal_key": "answer"}}, {"shape_attributes": {"name": "rect", "x": 675, "y": 832, "width": 15, "height": 89}, "region_attributes": {"label": "89386032", "key_type": "value", "formal_key": "others"}}, {"shape_attributes": {"name": "rect", "x": 141, "y": 168, "width": 283, "height": 14}, "region_attributes": {"label": "EXPERIMENTAL PATHOLOGY LABORATORIES, INC.", "key_type": "key", "formal_key": "header"}}, {"shape_attributes": {"name": "rect", "x": 291, "y": 218, "width": 147, "height": 27}, "region_attributes": {"label": "QUALITY ASSURANCE REPORT CERTIFICATION", "key_type": "key", "formal_key": "header"}}, {"shape_attributes": {"name": "rect", "x": 106, "y": 274, "width": 82, "height": 16}, "region_attributes": {"label": "Client Name", "key_type": "key", "formal_key": "question"}}, {"shape_attributes": {"name": "rect", "x": 106, "y": 317, "width": 102, "height": 15}, "region_attributes": {"label": "Study Director", "key_type": "key", "formal_key": "question"}}, {"shape_attributes": {"name": "rect", "x": 106, "y": 360, "width": 79, "height": 15}, "region_attributes": {"label": "Study Title", "key_type": "key", "formal_key": "question"}}, {"shape_attributes": {"name": "rect", "x": 109, "y": 404, "width": 86, "height": 15}, "region_attributes": {"label": "Test Article", "key_type": "key", "formal_key": "question"}}, {"shape_attributes": {"name": "rect", "x": 200, "y": 274, "width": 197, "height": 15}, "region_attributes": {"label": "Borriston Laboratories, Inc.", "key_type": "value", "formal_key": "answer"}}, {"shape_attributes": {"name": "rect", "x": 404, "y": 275, "width": 117, "height": 15}, "region_attributes": {"label": "Client Study No.", "key_type": "key", "formal_key": "question"}}, {"shape_attributes": {"name": "rect", "x": 212, "y": 316, "width": 424, "height": 19}, "region_attributes": {"label": "Dr. William O. Iverson Pathologist Dr. Charley E. Gilmore", "key_type": "value", "formal_key": "answer"}}, {"shape_attributes": {"name": "rect", "x": 214, "y": 344, "width": 380, "height": 47}, "region_attributes": {"label": "Bioassay of Cigarette Smoke Condensates for potential Tumorigenic Activity on Mouse Skin (Revised Pathology Report)", "key_type": "value", "formal_key": "answer"}}, {"shape_attributes": {"name": "rect", "x": 124, "y": 486, "width": 543, "height": 107}, "region_attributes": {"label": "A11 parts of the pathology phase of this study, including the final report, were reviewed by Experimental Pathology Laboratories Quality Assurance Unit on March 2- June 8, 1983 . All Findings were reported to the Study Director and Management.", "key_type": "value", "formal_key": "others"}}, {"shape_attributes": {"name": "rect", "x": 398, "y": 661, "width": 229, "height": 88}, "region_attributes": {"label": "6/8/83", "key_type": "value", "formal_key": "others"}}]}}}