﻿{"file_name": "89817999_8002.json", "attributes": {"_via_img_metadata": {"regions": [{"shape_attributes": {"name": "rect", "x": 61, "y": 101, "width": 27, "height": 15}, "region_attributes": {"label": "TO", "key_type": "key", "formal_key": "question"}}, {"shape_attributes": {"name": "rect", "x": 63, "y": 131, "width": 48, "height": 17}, "region_attributes": {"label": "FROM:", "key_type": "key", "formal_key": "question"}}, {"shape_attributes": {"name": "rect", "x": 65, "y": 163, "width": 70, "height": 15}, "region_attributes": {"label": "SUBJECT:", "key_type": "key", "formal_key": "question"}}, {"shape_attributes": {"name": "rect", "x": 63, "y": 221, "width": 103, "height": 13}, "region_attributes": {"label": "DISTRIBUTION", "key_type": "key", "formal_key": "question"}}, {"shape_attributes": {"name": "rect", "x": 525, "y": 140, "width": 20, "height": 15}, "region_attributes": {"label": "\u2611", "key_type": "value", "formal_key": "answer"}}, {"shape_attributes": {"name": "rect", "x": 656, "y": 846, "width": 18, "height": 88}, "region_attributes": {"label": "89817999", "key_type": "value", "formal_key": "others"}}, {"shape_attributes": {"name": "rect", "x": 115, "y": 96, "width": 99, "height": 19}, "region_attributes": {"label": "R. H. ORCUTT", "key_type": "value", "formal_key": "answer"}}, {"shape_attributes": {"name": "rect", "x": 115, "y": 128, "width": 96, "height": 18}, "region_attributes": {"label": "J. J. BUXTON", "key_type": "value", "formal_key": "answer"}}, {"shape_attributes": {"name": "rect", "x": 462, "y": 90, "width": 138, "height": 17}, "region_attributes": {"label": "SUBMISSION DATE:", "key_type": "key", "formal_key": "header"}}, {"shape_attributes": {"name": "rect", "x": 462, "y": 123, "width": 52, "height": 17}, "region_attributes": {"label": "FEB 17", "key_type": "key", "formal_key": "question"}}, {"shape_attributes": {"name": "rect", "x": 463, "y": 138, "width": 52, "height": 18}, "region_attributes": {"label": "MAR 16", "key_type": "key", "formal_key": "question"}}, {"shape_attributes": {"name": "rect", "x": 561, "y": 123, "width": 50, "height": 15}, "region_attributes": {"label": "MAY 11", "key_type": "key", "formal_key": "question"}}, {"shape_attributes": {"name": "rect", "x": 561, "y": 138, "width": 51, "height": 15}, "region_attributes": {"label": "JULY 6", "key_type": "key", "formal_key": "question"}}, {"shape_attributes": {"name": "rect", "x": 141, "y": 159, "width": 249, "height": 17}, "region_attributes": {"label": "STYLE LIGHTS PROGRESS REPORT", "key_type": "value", "formal_key": "answer"}}, {"shape_attributes": {"name": "rect", "x": 174, "y": 213, "width": 410, "height": 19}, "region_attributes": {"label": "EFFECTIVENESS OF PRE- SELL (REPORT ON FEB. 17 ONLY).", "key_type": "value", "formal_key": "answer"}}, {"shape_attributes": {"name": "rect", "x": 65, "y": 322, "width": 357, "height": 22}, "region_attributes": {"label": "% OF DISTRIBUTION ACHIEVED IN RETAIL OUTLETS:", "key_type": "key", "formal_key": "question"}}, {"shape_attributes": {"name": "rect", "x": 284, "y": 350, "width": 163, "height": 17}, "region_attributes": {"label": "62%\uf702 CLASSIFIED CALLS", "key_type": "value", "formal_key": "answer"}}, {"shape_attributes": {"name": "rect", "x": 284, "y": 377, "width": 140, "height": 17}, "region_attributes": {"label": "10% ANNUAL CALLS", "key_type": "value", "formal_key": "answer"}}, {"shape_attributes": {"name": "rect", "x": 68, "y": 410, "width": 164, "height": 13}, "region_attributes": {"label": "PROMOTIONAL IMPACT:", "key_type": "key", "formal_key": "header"}}, {"shape_attributes": {"name": "rect", "x": 204, "y": 472, "width": 444, "height": 60}, "region_attributes": {"label": "HAS PROVEN TO BE AN EXCELLENT TOOL IN GENERATING PACK TRIAL IN BOTH HIGH AND LOW DEVELOPMENT PRICE VALUE MARKETS. MANY DISPLAYS SELLING OUT BEFORE RECONTACT.", "key_type": "value", "formal_key": "answer"}}, {"shape_attributes": {"name": "rect", "x": 63, "y": 482, "width": 131, "height": 33}, "region_attributes": {"label": "20 CENTS OFF PACK COUPON/STICKER:", "key_type": "key", "formal_key": "question"}}, {"shape_attributes": {"name": "rect", "x": 68, "y": 555, "width": 114, "height": 11}, "region_attributes": {"label": "SALES FORCE 20'S", "key_type": "key", "formal_key": "question"}}, {"shape_attributes": {"name": "rect", "x": 206, "y": 545, "width": 385, "height": 38}, "region_attributes": {"label": "ADDITIONAL SUPPLY WOULD BE HELPFUL. INITIAL QUANTITIES WERE QUICKLY DEPLETED", "key_type": "value", "formal_key": "answer"}}, {"shape_attributes": {"name": "rect", "x": 71, "y": 663, "width": 117, "height": 34}, "region_attributes": {"label": "$1.50 OFF CARTON COUPON:", "key_type": "key", "formal_key": "question"}}, {"shape_attributes": {"name": "rect", "x": 206, "y": 656, "width": 443, "height": 40}, "region_attributes": {"label": "CARTON MOVEMENT SPOTTY AT THIS POINT. SUPPLIES ARE MORE THAN ADEQUATE AND THE NEED IS MOSTLY PACKAGE SUPPORT AT THIS TIME.", "key_type": "value", "formal_key": "answer"}}, {"shape_attributes": {"name": "rect", "x": 71, "y": 746, "width": 245, "height": 15}, "region_attributes": {"label": "EFFECTIVENESS OF ADVERTISING:", "key_type": "key", "formal_key": "question"}}, {"shape_attributes": {"name": "rect", "x": 321, "y": 739, "width": 317, "height": 18}, "region_attributes": {"label": "OUTDOOR AND PRINT ADS HAVE BEEN EFFECTIVE IN", "key_type": "value", "formal_key": "answer"}}, {"shape_attributes": {"name": "rect", "x": 71, "y": 764, "width": 580, "height": 56}, "region_attributes": {"label": "CREATING CONSUMER AWARENESS IN THOSE ARE EYE CATCHING AND CONSUMERS ARE MORE AWARE OF THE PRODUCT IN THOSE MARKETS WITH ADVERTISING.", "key_type": "value", "formal_key": "answer"}}, {"shape_attributes": {"name": "rect", "x": 68, "y": 900, "width": 72, "height": 15}, "region_attributes": {"label": "PAGE 1 of 4", "key_type": "value", "formal_key": "others"}}]}}}