﻿{"file_name": "89867723.json", "attributes": {"_via_img_metadata": {"regions": [{"shape_attributes": {"name": "rect", "x": 47, "y": 31, "width": 38, "height": 71}, "region_attributes": {"label": "file", "key_type": "value", "formal_key": "others"}}, {"shape_attributes": {"name": "rect", "x": 135, "y": 78, "width": 52, "height": 15}, "region_attributes": {"label": "PRODUCT", "key_type": "key", "formal_key": "question"}}, {"shape_attributes": {"name": "rect", "x": 598, "y": 81, "width": 29, "height": 15}, "region_attributes": {"label": "JOB#", "key_type": "key", "formal_key": "question"}}, {"shape_attributes": {"name": "rect", "x": 286, "y": 623, "width": 24, "height": 11}, "region_attributes": {"label": "yes", "key_type": "key", "formal_key": "question"}}, {"shape_attributes": {"name": "rect", "x": 286, "y": 637, "width": 24, "height": 11}, "region_attributes": {"label": "yes", "key_type": "key", "formal_key": "question"}}, {"shape_attributes": {"name": "rect", "x": 229, "y": 645, "width": 117, "height": 31}, "region_attributes": {"label": "", "key_type": "value", "formal_key": "answer"}}, {"shape_attributes": {"name": "rect", "x": 228, "y": 679, "width": 50, "height": 29}, "region_attributes": {"label": "", "key_type": "value", "formal_key": "answer"}}, {"shape_attributes": {"name": "rect", "x": 219, "y": 708, "width": 74, "height": 77}, "region_attributes": {"label": "", "key_type": "value", "formal_key": "answer"}}, {"shape_attributes": {"name": "rect", "x": 264, "y": 750, "width": 60, "height": 13}, "region_attributes": {"label": "Director", "key_type": "key", "formal_key": "question"}}, {"shape_attributes": {"name": "rect", "x": 226, "y": 852, "width": 52, "height": 14}, "region_attributes": {"label": "Manager", "key_type": "key", "formal_key": "question"}}, {"shape_attributes": {"name": "rect", "x": 204, "y": 813, "width": 169, "height": 91}, "region_attributes": {"label": "", "key_type": "value", "formal_key": "answer"}}, {"shape_attributes": {"name": "rect", "x": 363, "y": 623, "width": 17, "height": 11}, "region_attributes": {"label": "no", "key_type": "key", "formal_key": "question"}}, {"shape_attributes": {"name": "rect", "x": 366, "y": 637, "width": 14, "height": 11}, "region_attributes": {"label": "no", "key_type": "key", "formal_key": "question"}}, {"shape_attributes": {"name": "rect", "x": 476, "y": 608, "width": 66, "height": 14}, "region_attributes": {"label": "Facility:", "key_type": "key", "formal_key": "question"}}, {"shape_attributes": {"name": "rect", "x": 476, "y": 622, "width": 53, "height": 14}, "region_attributes": {"label": "Agency:", "key_type": "key", "formal_key": "question"}}, {"shape_attributes": {"name": "rect", "x": 472, "y": 634, "width": 66, "height": 15}, "region_attributes": {"label": "Incidence", "key_type": "key", "formal_key": "question"}}, {"shape_attributes": {"name": "rect", "x": 490, "y": 824, "width": 66, "height": 14}, "region_attributes": {"label": "Facility:", "key_type": "key", "formal_key": "question"}}, {"shape_attributes": {"name": "rect", "x": 490, "y": 839, "width": 52, "height": 11}, "region_attributes": {"label": "Agency:", "key_type": "key", "formal_key": "question"}}, {"shape_attributes": {"name": "rect", "x": 703, "y": 820, "width": 18, "height": 91}, "region_attributes": {"label": "89867723", "key_type": "value", "formal_key": "others"}}, {"shape_attributes": {"name": "rect", "x": 535, "y": 10, "width": 32, "height": 15}, "region_attributes": {"label": "DATE", "key_type": "key", "formal_key": "question"}}, {"shape_attributes": {"name": "rect", "x": 320, "y": 622, "width": 11, "height": 13}, "region_attributes": {"label": "X", "key_type": "value", "formal_key": "answer"}}, {"shape_attributes": {"name": "rect", "x": 318, "y": 637, "width": 15, "height": 10}, "region_attributes": {"label": "X", "key_type": "value", "formal_key": "answer"}}, {"shape_attributes": {"name": "rect", "x": 307, "y": 24, "width": 251, "height": 14}, "region_attributes": {"label": "MARKETING RESEARCH PROJECT APPROVAL", "key_type": "key", "formal_key": "header"}}, {"shape_attributes": {"name": "rect", "x": 577, "y": 10, "width": 103, "height": 17}, "region_attributes": {"label": "April 27, 1981", "key_type": "value", "formal_key": "answer"}}, {"shape_attributes": {"name": "rect", "x": 232, "y": 36, "width": 361, "height": 16}, "region_attributes": {"label": "(To be filled out by Marketing Research Department)", "key_type": "value", "formal_key": "others"}}, {"shape_attributes": {"name": "rect", "x": 203, "y": 82, "width": 86, "height": 15}, "region_attributes": {"label": "New Products", "key_type": "value", "formal_key": "answer"}}, {"shape_attributes": {"name": "rect", "x": 370, "y": 70, "width": 54, "height": 25}, "region_attributes": {"label": "PROJECT TITLE", "key_type": "key", "formal_key": "question"}}, {"shape_attributes": {"name": "rect", "x": 429, "y": 73, "width": 131, "height": 23}, "region_attributes": {"label": "No Side Stream Smoke Focus Groups", "key_type": "value", "formal_key": "answer"}}, {"shape_attributes": {"name": "rect", "x": 634, "y": 80, "width": 66, "height": 18}, "region_attributes": {"label": "5546/ 1481", "key_type": "value", "formal_key": "answer"}}, {"shape_attributes": {"name": "rect", "x": 135, "y": 108, "width": 618, "height": 19}, "region_attributes": {"label": "Research Design (N, Cells, Elegibility, Design, Key Banner Breaks, Methodology, Cities)", "key_type": "key", "formal_key": "question"}}, {"shape_attributes": {"name": "rect", "x": 123, "y": 158, "width": 555, "height": 32}, "region_attributes": {"label": "Three Groups (1 male/ 2 female) will be conducted in Ridgewood, N. J. on May 7th to explore the NSS concept/ product.", "key_type": "value", "formal_key": "others"}}, {"shape_attributes": {"name": "rect", "x": 122, "y": 201, "width": 528, "height": 33}, "region_attributes": {"label": "The groups will be comprised of random Reduced Tar smokers. No group will be over represented by brand, type or size of cigarettes.", "key_type": "value", "formal_key": "others"}}, {"shape_attributes": {"name": "rect", "x": 122, "y": 246, "width": 505, "height": 17}, "region_attributes": {"label": "All smokers will be 18 years and over and smoke 10+ cigarettes per day.", "key_type": "value", "formal_key": "others"}}, {"shape_attributes": {"name": "rect", "x": 131, "y": 369, "width": 180, "height": 17}, "region_attributes": {"label": "Key Criteria For Analysis", "key_type": "key", "formal_key": "question"}}, {"shape_attributes": {"name": "rect", "x": 122, "y": 402, "width": 564, "height": 17}, "region_attributes": {"label": "To determine if the NSS concept/ product is viable based upon smokers reactions.", "key_type": "value", "formal_key": "others"}}, {"shape_attributes": {"name": "rect", "x": 131, "y": 471, "width": 144, "height": 16}, "region_attributes": {"label": "Research Limitations", "key_type": "key", "formal_key": "question"}}, {"shape_attributes": {"name": "rect", "x": 122, "y": 504, "width": 449, "height": 19}, "region_attributes": {"label": "Information from this exploratory research is directional only.", "key_type": "value", "formal_key": "others"}}, {"shape_attributes": {"name": "rect", "x": 251, "y": 591, "width": 45, "height": 15}, "region_attributes": {"label": "$ 6.816", "key_type": "value", "formal_key": "answer"}}, {"shape_attributes": {"name": "rect", "x": 128, "y": 588, "width": 96, "height": 15}, "region_attributes": {"label": "Cost Estimate", "key_type": "key", "formal_key": "question"}}, {"shape_attributes": {"name": "rect", "x": 128, "y": 617, "width": 139, "height": 31}, "region_attributes": {"label": "+ - 10% Contingency Final Report Inc.", "key_type": "key", "formal_key": "header"}}, {"shape_attributes": {"name": "rect", "x": 126, "y": 659, "width": 89, "height": 17}, "region_attributes": {"label": "Prepared by:", "key_type": "key", "formal_key": "question"}}, {"shape_attributes": {"name": "rect", "x": 127, "y": 689, "width": 86, "height": 17}, "region_attributes": {"label": "Approved by", "key_type": "key", "formal_key": "question"}}, {"shape_attributes": {"name": "rect", "x": 126, "y": 749, "width": 133, "height": 17}, "region_attributes": {"label": "Marketing Research", "key_type": "key", "formal_key": "question"}}, {"shape_attributes": {"name": "rect", "x": 127, "y": 793, "width": 109, "height": 15}, "region_attributes": {"label": "Product Manager", "key_type": "key", "formal_key": "question"}}, {"shape_attributes": {"name": "rect", "x": 126, "y": 851, "width": 96, "height": 18}, "region_attributes": {"label": "Group Product", "key_type": "key", "formal_key": "question"}}, {"shape_attributes": {"name": "rect", "x": 471, "y": 592, "width": 97, "height": 16}, "region_attributes": {"label": "Research Firm", "key_type": "key", "formal_key": "question"}}, {"shape_attributes": {"name": "rect", "x": 584, "y": 591, "width": 119, "height": 18}, "region_attributes": {"label": "Ruth Manko Assoc.", "key_type": "value", "formal_key": "answer"}}, {"shape_attributes": {"name": "rect", "x": 554, "y": 608, "width": 140, "height": 14}, "region_attributes": {"label": "Suburban Associates", "key_type": "value", "formal_key": "answer"}}, {"shape_attributes": {"name": "rect", "x": 557, "y": 620, "width": 103, "height": 18}, "region_attributes": {"label": "D' Arcy/ deGarmo", "key_type": "value", "formal_key": "answer"}}, {"shape_attributes": {"name": "rect", "x": 472, "y": 663, "width": 76, "height": 15}, "region_attributes": {"label": "Length Int.", "key_type": "key", "formal_key": "question"}}, {"shape_attributes": {"name": "rect", "x": 472, "y": 690, "width": 77, "height": 17}, "region_attributes": {"label": "# Open Ends", "key_type": "key", "formal_key": "question"}}, {"shape_attributes": {"name": "rect", "x": 469, "y": 719, "width": 66, "height": 17}, "region_attributes": {"label": "# Banners", "key_type": "key", "formal_key": "question"}}, {"shape_attributes": {"name": "rect", "x": 469, "y": 747, "width": 246, "height": 18}, "region_attributes": {"label": "Topline Oral presentation w/ o 5/ 18", "key_type": "value", "formal_key": "others"}}, {"shape_attributes": {"name": "rect", "x": 641, "y": 837, "width": 44, "height": 14}, "region_attributes": {"label": "816. 00", "key_type": "value", "formal_key": "answer"}}, {"shape_attributes": {"name": "rect", "x": 624, "y": 823, "width": 61, "height": 13}, "region_attributes": {"label": "1. 500. 00", "key_type": "value", "formal_key": "answer"}}, {"shape_attributes": {"name": "rect", "x": 622, "y": 807, "width": 63, "height": 15}, "region_attributes": {"label": "$ 4. 500. 00", "key_type": "value", "formal_key": "answer"}}, {"shape_attributes": {"name": "rect", "x": 490, "y": 806, "width": 107, "height": 17}, "region_attributes": {"label": "Moderators fee:", "key_type": "key", "formal_key": "question"}}, {"shape_attributes": {"name": "rect", "x": 468, "y": 791, "width": 269, "height": 20}, "region_attributes": {"label": "Final Written presentation w/ o 5/ 25", "key_type": "value", "formal_key": "others"}}]}}}