﻿{"file_name": "91104867.json", "attributes": {"_via_img_metadata": {"regions": [{"shape_attributes": {"name": "rect", "x": 68, "y": 206, "width": 51, "height": 15}, "region_attributes": {"label": "17,000", "key_type": "value", "formal_key": "answer"}}, {"shape_attributes": {"name": "rect", "x": 73, "y": 234, "width": 45, "height": 18}, "region_attributes": {"label": "8.000", "key_type": "value", "formal_key": "answer"}}, {"shape_attributes": {"name": "rect", "x": 70, "y": 264, "width": 51, "height": 13}, "region_attributes": {"label": "16.000", "key_type": "value", "formal_key": "answer"}}, {"shape_attributes": {"name": "rect", "x": 68, "y": 294, "width": 50, "height": 15}, "region_attributes": {"label": "19.000", "key_type": "value", "formal_key": "answer"}}, {"shape_attributes": {"name": "rect", "x": 203, "y": 206, "width": 47, "height": 15}, "region_attributes": {"label": "25,500", "key_type": "value", "formal_key": "answer"}}, {"shape_attributes": {"name": "rect", "x": 203, "y": 238, "width": 47, "height": 13}, "region_attributes": {"label": "18,000", "key_type": "value", "formal_key": "answer"}}, {"shape_attributes": {"name": "rect", "x": 201, "y": 264, "width": 50, "height": 15}, "region_attributes": {"label": "20,000", "key_type": "value", "formal_key": "answer"}}, {"shape_attributes": {"name": "rect", "x": 199, "y": 294, "width": 51, "height": 15}, "region_attributes": {"label": "29,000", "key_type": "value", "formal_key": "answer"}}, {"shape_attributes": {"name": "rect", "x": 140, "y": 266, "width": 48, "height": 13}, "region_attributes": {"label": "4,000", "key_type": "value", "formal_key": "answer"}}, {"shape_attributes": {"name": "rect", "x": 135, "y": 234, "width": 50, "height": 13}, "region_attributes": {"label": "10,000", "key_type": "value", "formal_key": "answer"}}, {"shape_attributes": {"name": "rect", "x": 138, "y": 209, "width": 47, "height": 12}, "region_attributes": {"label": "8,500", "key_type": "value", "formal_key": "answer"}}, {"shape_attributes": {"name": "rect", "x": 136, "y": 294, "width": 45, "height": 12}, "region_attributes": {"label": "10.000", "key_type": "value", "formal_key": "answer"}}, {"shape_attributes": {"name": "rect", "x": 272, "y": 206, "width": 37, "height": 17}, "region_attributes": {"label": "6450", "key_type": "value", "formal_key": "answer"}}, {"shape_attributes": {"name": "rect", "x": 274, "y": 234, "width": 35, "height": 18}, "region_attributes": {"label": "6460", "key_type": "value", "formal_key": "answer"}}, {"shape_attributes": {"name": "rect", "x": 272, "y": 262, "width": 33, "height": 15}, "region_attributes": {"label": "6470", "key_type": "value", "formal_key": "answer"}}, {"shape_attributes": {"name": "rect", "x": 272, "y": 292, "width": 37, "height": 18}, "region_attributes": {"label": "6560", "key_type": "value", "formal_key": "answer"}}, {"shape_attributes": {"name": "rect", "x": 324, "y": 204, "width": 61, "height": 15}, "region_attributes": {"label": "Consumer", "key_type": "value", "formal_key": "answer"}}, {"shape_attributes": {"name": "rect", "x": 326, "y": 238, "width": 60, "height": 13}, "region_attributes": {"label": "Consumer", "key_type": "value", "formal_key": "answer"}}, {"shape_attributes": {"name": "rect", "x": 326, "y": 261, "width": 63, "height": 20}, "region_attributes": {"label": "Consumer", "key_type": "value", "formal_key": "answer"}}, {"shape_attributes": {"name": "rect", "x": 324, "y": 297, "width": 55, "height": 12}, "region_attributes": {"label": "Special", "key_type": "value", "formal_key": "answer"}}, {"shape_attributes": {"name": "rect", "x": 576, "y": 204, "width": 48, "height": 20}, "region_attributes": {"label": "30,000", "key_type": "value", "formal_key": "answer"}}, {"shape_attributes": {"name": "rect", "x": 578, "y": 236, "width": 48, "height": 17}, "region_attributes": {"label": "28,000", "key_type": "value", "formal_key": "answer"}}, {"shape_attributes": {"name": "rect", "x": 578, "y": 264, "width": 48, "height": 17}, "region_attributes": {"label": "20,000", "key_type": "value", "formal_key": "answer"}}, {"shape_attributes": {"name": "rect", "x": 576, "y": 294, "width": 50, "height": 13}, "region_attributes": {"label": "42,000", "key_type": "value", "formal_key": "others"}}, {"shape_attributes": {"name": "rect", "x": 636, "y": 206, "width": 60, "height": 17}, "region_attributes": {"label": "4,500)", "key_type": "value", "formal_key": "answer"}}, {"shape_attributes": {"name": "rect", "x": 636, "y": 238, "width": 60, "height": 17}, "region_attributes": {"label": "(10,000)", "key_type": "value", "formal_key": "answer"}}, {"shape_attributes": {"name": "rect", "x": 638, "y": 292, "width": 58, "height": 18}, "region_attributes": {"label": "(13,000)", "key_type": "value", "formal_key": "answer"}}, {"shape_attributes": {"name": "rect", "x": 135, "y": 93, "width": 38, "height": 15}, "region_attributes": {"label": "Sales", "key_type": "value", "formal_key": "answer"}}, {"shape_attributes": {"name": "rect", "x": 422, "y": 146, "width": 37, "height": 18}, "region_attributes": {"label": "ITEM", "key_type": "key", "formal_key": "question"}}, {"shape_attributes": {"name": "rect", "x": 53, "y": 98, "width": 68, "height": 13}, "region_attributes": {"label": "Division", "key_type": "key", "formal_key": "question"}}, {"shape_attributes": {"name": "rect", "x": 282, "y": 100, "width": 73, "height": 13}, "region_attributes": {"label": "Department", "key_type": "key", "formal_key": "question"}}, {"shape_attributes": {"name": "rect", "x": 664, "y": 65, "width": 35, "height": 12}, "region_attributes": {"label": "LT-1.71", "key_type": "value", "formal_key": "others"}}, {"shape_attributes": {"name": "rect", "x": 70, "y": 899, "width": 47, "height": 20}, "region_attributes": {"label": "60,000", "key_type": "value", "formal_key": "answer"}}, {"shape_attributes": {"name": "rect", "x": 133, "y": 899, "width": 45, "height": 20}, "region_attributes": {"label": "32,500", "key_type": "value", "formal_key": "answer"}}, {"shape_attributes": {"name": "rect", "x": 193, "y": 900, "width": 55, "height": 17}, "region_attributes": {"label": "92,500", "key_type": "value", "formal_key": "answer"}}, {"shape_attributes": {"name": "rect", "x": 576, "y": 900, "width": 50, "height": 18}, "region_attributes": {"label": "120,000", "key_type": "value", "formal_key": "answer"}}, {"shape_attributes": {"name": "rect", "x": 638, "y": 904, "width": 50, "height": 15}, "region_attributes": {"label": "27,500", "key_type": "value", "formal_key": "answer"}}, {"shape_attributes": {"name": "rect", "x": 317, "y": 939, "width": 111, "height": 12}, "region_attributes": {"label": "", "key_type": "value", "formal_key": "answer"}}, {"shape_attributes": {"name": "rect", "x": 570, "y": 930, "width": 123, "height": 27}, "region_attributes": {"label": "", "key_type": "value", "formal_key": "answer"}}, {"shape_attributes": {"name": "rect", "x": 316, "y": 927, "width": 63, "height": 10}, "region_attributes": {"label": "APPROVAL", "key_type": "key", "formal_key": "question"}}, {"shape_attributes": {"name": "rect", "x": 570, "y": 925, "width": 61, "height": 10}, "region_attributes": {"label": "APPROVAL", "key_type": "key", "formal_key": "question"}}, {"shape_attributes": {"name": "rect", "x": 316, "y": 897, "width": 37, "height": 13}, "region_attributes": {"label": "", "key_type": "key", "formal_key": "question"}}, {"shape_attributes": {"name": "rect", "x": 684, "y": 771, "width": 23, "height": 75}, "region_attributes": {"label": "91104867", "key_type": "value", "formal_key": "others"}}, {"shape_attributes": {"name": "rect", "x": 241, "y": 51, "width": 248, "height": 10}, "region_attributes": {"label": "DEPARTMENT EXPENSE BUDGET SUMMARY", "key_type": "key", "formal_key": "header"}}, {"shape_attributes": {"name": "rect", "x": 58, "y": 58, "width": 178, "height": 28}, "region_attributes": {"label": "LORILLARD DIVISION DE LOEW'S CORP.", "key_type": "value", "formal_key": "others"}}, {"shape_attributes": {"name": "rect", "x": 359, "y": 93, "width": 131, "height": 15}, "region_attributes": {"label": "Domestic Tax Free", "key_type": "value", "formal_key": "answer"}}, {"shape_attributes": {"name": "rect", "x": 520, "y": 81, "width": 65, "height": 30}, "region_attributes": {"label": "Dept. Code No.", "key_type": "key", "formal_key": "question"}}, {"shape_attributes": {"name": "rect", "x": 58, "y": 159, "width": 63, "height": 32}, "region_attributes": {"label": "ACTUAL 8 MONTHS", "key_type": "key", "formal_key": "question"}}, {"shape_attributes": {"name": "rect", "x": 125, "y": 158, "width": 64, "height": 29}, "region_attributes": {"label": "PROJECTED 4 MONTHS", "key_type": "key", "formal_key": "question"}}, {"shape_attributes": {"name": "rect", "x": 198, "y": 159, "width": 42, "height": 28}, "region_attributes": {"label": "TOTAL YEAR", "key_type": "key", "formal_key": "question"}}, {"shape_attributes": {"name": "rect", "x": 257, "y": 145, "width": 51, "height": 29}, "region_attributes": {"label": "ACCOUNT NO.", "key_type": "key", "formal_key": "question"}}, {"shape_attributes": {"name": "rect", "x": 73, "y": 121, "width": 165, "height": 34}, "region_attributes": {"label": "PROJECTED CURRENT YEAR EXPENSES 19", "key_type": "key", "formal_key": "header"}}, {"shape_attributes": {"name": "rect", "x": 580, "y": 148, "width": 47, "height": 38}, "region_attributes": {"label": "BUDGET YEAR 19", "key_type": "key", "formal_key": "question"}}, {"shape_attributes": {"name": "rect", "x": 641, "y": 126, "width": 58, "height": 68}, "region_attributes": {"label": "VS. CURRENT YEAR (INCR.) DECR.", "key_type": "key", "formal_key": "question"}}, {"shape_attributes": {"name": "rect", "x": 576, "y": 50, "width": 155, "height": 21}, "region_attributes": {"label": "Form P.O. 1049-A 788", "key_type": "value", "formal_key": "others"}}, {"shape_attributes": {"name": "rect", "x": 65, "y": 925, "width": 234, "height": 13}, "region_attributes": {"label": "DATE SUBMITTED AND DEPT. MANAGER", "key_type": "key", "formal_key": "question"}}]}}}