﻿{"file_name": "91161344_91161347.json", "attributes": {"_via_img_metadata": {"regions": [{"shape_attributes": {"name": "rect", "x": 123, "y": 71, "width": 22, "height": 15}, "region_attributes": {"label": "TO:", "key_type": "key", "formal_key": "question"}}, {"shape_attributes": {"name": "rect", "x": 123, "y": 143, "width": 56, "height": 15}, "region_attributes": {"label": "PRODUCT", "key_type": "key", "formal_key": "question"}}, {"shape_attributes": {"name": "rect", "x": 244, "y": 143, "width": 25, "height": 15}, "region_attributes": {"label": "EF1", "key_type": "value", "formal_key": "answer"}}, {"shape_attributes": {"name": "rect", "x": 243, "y": 174, "width": 66, "height": 15}, "region_attributes": {"label": "5546/478", "key_type": "value", "formal_key": "answer"}}, {"shape_attributes": {"name": "rect", "x": 120, "y": 279, "width": 55, "height": 13}, "region_attributes": {"label": "Alabama", "key_type": "key", "formal_key": "question"}}, {"shape_attributes": {"name": "rect", "x": 120, "y": 296, "width": 50, "height": 12}, "region_attributes": {"label": "Alaska", "key_type": "key", "formal_key": "question"}}, {"shape_attributes": {"name": "rect", "x": 120, "y": 309, "width": 55, "height": 10}, "region_attributes": {"label": "Arizona", "key_type": "key", "formal_key": "question"}}, {"shape_attributes": {"name": "rect", "x": 118, "y": 322, "width": 66, "height": 13}, "region_attributes": {"label": "Arkansas", "key_type": "key", "formal_key": "question"}}, {"shape_attributes": {"name": "rect", "x": 118, "y": 337, "width": 78, "height": 10}, "region_attributes": {"label": "California", "key_type": "key", "formal_key": "question"}}, {"shape_attributes": {"name": "rect", "x": 116, "y": 352, "width": 65, "height": 10}, "region_attributes": {"label": "Colorada", "key_type": "key", "formal_key": "question"}}, {"shape_attributes": {"name": "rect", "x": 118, "y": 365, "width": 83, "height": 13}, "region_attributes": {"label": "Connecticut", "key_type": "key", "formal_key": "question"}}, {"shape_attributes": {"name": "rect", "x": 118, "y": 380, "width": 63, "height": 15}, "region_attributes": {"label": "Delaware", "key_type": "key", "formal_key": "question"}}, {"shape_attributes": {"name": "rect", "x": 115, "y": 409, "width": 58, "height": 13}, "region_attributes": {"label": "Florida", "key_type": "key", "formal_key": "question"}}, {"shape_attributes": {"name": "rect", "x": 116, "y": 427, "width": 55, "height": 15}, "region_attributes": {"label": "Georgia", "key_type": "key", "formal_key": "question"}}, {"shape_attributes": {"name": "rect", "x": 116, "y": 440, "width": 48, "height": 13}, "region_attributes": {"label": "Hawaii", "key_type": "key", "formal_key": "question"}}, {"shape_attributes": {"name": "rect", "x": 234, "y": 279, "width": 13, "height": 13}, "region_attributes": {"label": "x", "key_type": "value", "formal_key": "answer"}}, {"shape_attributes": {"name": "rect", "x": 236, "y": 309, "width": 10, "height": 8}, "region_attributes": {"label": "x", "key_type": "value", "formal_key": "answer"}}, {"shape_attributes": {"name": "rect", "x": 234, "y": 324, "width": 13, "height": 10}, "region_attributes": {"label": "", "key_type": "value", "formal_key": "answer"}}, {"shape_attributes": {"name": "rect", "x": 234, "y": 341, "width": 12, "height": 10}, "region_attributes": {"label": "x", "key_type": "value", "formal_key": "answer"}}, {"shape_attributes": {"name": "rect", "x": 234, "y": 354, "width": 10, "height": 10}, "region_attributes": {"label": "x", "key_type": "value", "formal_key": "answer"}}, {"shape_attributes": {"name": "rect", "x": 234, "y": 369, "width": 12, "height": 12}, "region_attributes": {"label": "x", "key_type": "value", "formal_key": "answer"}}, {"shape_attributes": {"name": "rect", "x": 234, "y": 385, "width": 12, "height": 10}, "region_attributes": {"label": "x", "key_type": "value", "formal_key": "answer"}}, {"shape_attributes": {"name": "rect", "x": 234, "y": 399, "width": 13, "height": 10}, "region_attributes": {"label": "x", "key_type": "value", "formal_key": "answer"}}, {"shape_attributes": {"name": "rect", "x": 233, "y": 427, "width": 13, "height": 12}, "region_attributes": {"label": "x", "key_type": "value", "formal_key": "answer"}}, {"shape_attributes": {"name": "rect", "x": 463, "y": 281, "width": 10, "height": 12}, "region_attributes": {"label": "x", "key_type": "value", "formal_key": "answer"}}, {"shape_attributes": {"name": "rect", "x": 460, "y": 297, "width": 15, "height": 12}, "region_attributes": {"label": "x", "key_type": "value", "formal_key": "answer"}}, {"shape_attributes": {"name": "rect", "x": 460, "y": 311, "width": 12, "height": 12}, "region_attributes": {"label": "x", "key_type": "value", "formal_key": "answer"}}, {"shape_attributes": {"name": "rect", "x": 460, "y": 346, "width": 8, "height": 10}, "region_attributes": {"label": "x", "key_type": "value", "formal_key": "answer"}}, {"shape_attributes": {"name": "rect", "x": 457, "y": 359, "width": 12, "height": 8}, "region_attributes": {"label": "x", "key_type": "value", "formal_key": "answer"}}, {"shape_attributes": {"name": "rect", "x": 460, "y": 374, "width": 8, "height": 8}, "region_attributes": {"label": "x", "key_type": "value", "formal_key": "answer"}}, {"shape_attributes": {"name": "rect", "x": 458, "y": 389, "width": 12, "height": 8}, "region_attributes": {"label": "x", "key_type": "value", "formal_key": "answer"}}, {"shape_attributes": {"name": "rect", "x": 458, "y": 404, "width": 13, "height": 7}, "region_attributes": {"label": "x", "key_type": "value", "formal_key": "answer"}}, {"shape_attributes": {"name": "rect", "x": 460, "y": 417, "width": 10, "height": 10}, "region_attributes": {"label": "x", "key_type": "value", "formal_key": "answer"}}, {"shape_attributes": {"name": "rect", "x": 457, "y": 447, "width": 12, "height": 10}, "region_attributes": {"label": "x", "key_type": "value", "formal_key": "answer"}}, {"shape_attributes": {"name": "rect", "x": 460, "y": 460, "width": 12, "height": 8}, "region_attributes": {"label": "x", "key_type": "value", "formal_key": "answer"}}, {"shape_attributes": {"name": "rect", "x": 460, "y": 475, "width": 10, "height": 10}, "region_attributes": {"label": "x", "key_type": "value", "formal_key": "answer"}}, {"shape_attributes": {"name": "rect", "x": 457, "y": 490, "width": 12, "height": 12}, "region_attributes": {"label": "x", "key_type": "value", "formal_key": "answer"}}, {"shape_attributes": {"name": "rect", "x": 458, "y": 507, "width": 10, "height": 10}, "region_attributes": {"label": "x", "key_type": "value", "formal_key": "answer"}}, {"shape_attributes": {"name": "rect", "x": 458, "y": 522, "width": 10, "height": 7}, "region_attributes": {"label": "x", "key_type": "value", "formal_key": "answer"}}, {"shape_attributes": {"name": "rect", "x": 458, "y": 537, "width": 10, "height": 8}, "region_attributes": {"label": "x", "key_type": "value", "formal_key": "answer"}}, {"shape_attributes": {"name": "rect", "x": 691, "y": 299, "width": 8, "height": 13}, "region_attributes": {"label": "x", "key_type": "value", "formal_key": "answer"}}, {"shape_attributes": {"name": "rect", "x": 689, "y": 316, "width": 10, "height": 8}, "region_attributes": {"label": "x", "key_type": "value", "formal_key": "answer"}}, {"shape_attributes": {"name": "rect", "x": 689, "y": 329, "width": 8, "height": 10}, "region_attributes": {"label": "x", "key_type": "value", "formal_key": "answer"}}, {"shape_attributes": {"name": "rect", "x": 689, "y": 344, "width": 8, "height": 10}, "region_attributes": {"label": "x", "key_type": "value", "formal_key": "answer"}}, {"shape_attributes": {"name": "rect", "x": 689, "y": 370, "width": 8, "height": 13}, "region_attributes": {"label": "x", "key_type": "value", "formal_key": "answer"}}, {"shape_attributes": {"name": "rect", "x": 689, "y": 402, "width": 10, "height": 10}, "region_attributes": {"label": "x", "key_type": "value", "formal_key": "answer"}}, {"shape_attributes": {"name": "rect", "x": 689, "y": 417, "width": 8, "height": 8}, "region_attributes": {"label": "x", "key_type": "value", "formal_key": "answer"}}, {"shape_attributes": {"name": "rect", "x": 688, "y": 432, "width": 10, "height": 10}, "region_attributes": {"label": "x", "key_type": "value", "formal_key": "answer"}}, {"shape_attributes": {"name": "rect", "x": 689, "y": 460, "width": 7, "height": 10}, "region_attributes": {"label": "x", "key_type": "value", "formal_key": "answer"}}, {"shape_attributes": {"name": "rect", "x": 689, "y": 475, "width": 10, "height": 8}, "region_attributes": {"label": "x", "key_type": "value", "formal_key": "answer"}}, {"shape_attributes": {"name": "rect", "x": 689, "y": 490, "width": 8, "height": 12}, "region_attributes": {"label": "x", "key_type": "value", "formal_key": "answer"}}, {"shape_attributes": {"name": "rect", "x": 688, "y": 503, "width": 8, "height": 13}, "region_attributes": {"label": "x", "key_type": "value", "formal_key": "answer"}}, {"shape_attributes": {"name": "rect", "x": 686, "y": 520, "width": 13, "height": 8}, "region_attributes": {"label": "x", "key_type": "value", "formal_key": "answer"}}, {"shape_attributes": {"name": "rect", "x": 558, "y": 282, "width": 63, "height": 15}, "region_attributes": {"label": "Oklahoma", "key_type": "key", "formal_key": "question"}}, {"shape_attributes": {"name": "rect", "x": 555, "y": 299, "width": 51, "height": 13}, "region_attributes": {"label": "Oregon", "key_type": "key", "formal_key": "question"}}, {"shape_attributes": {"name": "rect", "x": 555, "y": 370, "width": 73, "height": 12}, "region_attributes": {"label": "Tennessee", "key_type": "key", "formal_key": "question"}}, {"shape_attributes": {"name": "rect", "x": 555, "y": 385, "width": 43, "height": 10}, "region_attributes": {"label": "Texas", "key_type": "key", "formal_key": "question"}}, {"shape_attributes": {"name": "rect", "x": 553, "y": 399, "width": 35, "height": 13}, "region_attributes": {"label": "Utah", "key_type": "key", "formal_key": "question"}}, {"shape_attributes": {"name": "rect", "x": 555, "y": 415, "width": 55, "height": 12}, "region_attributes": {"label": "Vermont", "key_type": "key", "formal_key": "question"}}, {"shape_attributes": {"name": "rect", "x": 553, "y": 429, "width": 65, "height": 12}, "region_attributes": {"label": "Virginia", "key_type": "key", "formal_key": "question"}}, {"shape_attributes": {"name": "rect", "x": 555, "y": 445, "width": 80, "height": 12}, "region_attributes": {"label": "Washington", "key_type": "key", "formal_key": "question"}}, {"shape_attributes": {"name": "rect", "x": 555, "y": 472, "width": 71, "height": 13}, "region_attributes": {"label": "Wisconsin", "key_type": "key", "formal_key": "question"}}, {"shape_attributes": {"name": "rect", "x": 555, "y": 488, "width": 56, "height": 13}, "region_attributes": {"label": "Wyoming", "key_type": "key", "formal_key": "question"}}, {"shape_attributes": {"name": "rect", "x": 331, "y": 281, "width": 71, "height": 13}, "region_attributes": {"label": "Louisiana", "key_type": "key", "formal_key": "question"}}, {"shape_attributes": {"name": "rect", "x": 331, "y": 297, "width": 42, "height": 10}, "region_attributes": {"label": "Maine", "key_type": "key", "formal_key": "question"}}, {"shape_attributes": {"name": "rect", "x": 329, "y": 309, "width": 68, "height": 13}, "region_attributes": {"label": "Maryland", "key_type": "key", "formal_key": "question"}}, {"shape_attributes": {"name": "rect", "x": 331, "y": 326, "width": 100, "height": 13}, "region_attributes": {"label": "Massachusetts", "key_type": "key", "formal_key": "question"}}, {"shape_attributes": {"name": "rect", "x": 331, "y": 339, "width": 63, "height": 13}, "region_attributes": {"label": "Michigan", "key_type": "key", "formal_key": "question"}}, {"shape_attributes": {"name": "rect", "x": 329, "y": 354, "width": 71, "height": 12}, "region_attributes": {"label": "Minnesota", "key_type": "key", "formal_key": "question"}}, {"shape_attributes": {"name": "rect", "x": 331, "y": 369, "width": 83, "height": 12}, "region_attributes": {"label": "Mississippi", "key_type": "key", "formal_key": "question"}}, {"shape_attributes": {"name": "rect", "x": 329, "y": 384, "width": 61, "height": 12}, "region_attributes": {"label": "Missouri", "key_type": "key", "formal_key": "question"}}, {"shape_attributes": {"name": "rect", "x": 329, "y": 400, "width": 53, "height": 8}, "region_attributes": {"label": "Montana", "key_type": "key", "formal_key": "question"}}, {"shape_attributes": {"name": "rect", "x": 329, "y": 414, "width": 60, "height": 10}, "region_attributes": {"label": "Nebraska", "key_type": "key", "formal_key": "question"}}, {"shape_attributes": {"name": "rect", "x": 329, "y": 429, "width": 45, "height": 12}, "region_attributes": {"label": "Nevada", "key_type": "key", "formal_key": "question"}}, {"shape_attributes": {"name": "rect", "x": 327, "y": 530, "width": 30, "height": 13}, "region_attributes": {"label": "Ohio", "key_type": "key", "formal_key": "question"}}, {"shape_attributes": {"name": "rect", "x": 231, "y": 473, "width": 13, "height": 10}, "region_attributes": {"label": "x", "key_type": "value", "formal_key": "answer"}}, {"shape_attributes": {"name": "rect", "x": 231, "y": 518, "width": 12, "height": 8}, "region_attributes": {"label": "x", "key_type": "value", "formal_key": "answer"}}, {"shape_attributes": {"name": "rect", "x": 231, "y": 533, "width": 10, "height": 8}, "region_attributes": {"label": "x", "key_type": "value", "formal_key": "answer"}}, {"shape_attributes": {"name": "rect", "x": 116, "y": 455, "width": 40, "height": 12}, "region_attributes": {"label": "Idaho", "key_type": "key", "formal_key": "question"}}, {"shape_attributes": {"name": "rect", "x": 116, "y": 470, "width": 63, "height": 12}, "region_attributes": {"label": "Illinois", "key_type": "key", "formal_key": "question"}}, {"shape_attributes": {"name": "rect", "x": 115, "y": 487, "width": 56, "height": 12}, "region_attributes": {"label": "Indiana", "key_type": "key", "formal_key": "question"}}, {"shape_attributes": {"name": "rect", "x": 115, "y": 502, "width": 35, "height": 12}, "region_attributes": {"label": "Iowa", "key_type": "key", "formal_key": "question"}}, {"shape_attributes": {"name": "rect", "x": 116, "y": 515, "width": 47, "height": 10}, "region_attributes": {"label": "Kansas", "key_type": "key", "formal_key": "question"}}, {"shape_attributes": {"name": "rect", "x": 111, "y": 530, "width": 68, "height": 12}, "region_attributes": {"label": "Kentucky", "key_type": "key", "formal_key": "question"}}, {"shape_attributes": {"name": "rect", "x": 327, "y": 606, "width": 63, "height": 12}, "region_attributes": {"label": "QUANTITY", "key_type": "key", "formal_key": "question"}}, {"shape_attributes": {"name": "rect", "x": 123, "y": 635, "width": 25, "height": 12}, "region_attributes": {"label": "741", "key_type": "value", "formal_key": "answer"}}, {"shape_attributes": {"name": "rect", "x": 123, "y": 651, "width": 27, "height": 10}, "region_attributes": {"label": "753", "key_type": "value", "formal_key": "answer"}}, {"shape_attributes": {"name": "rect", "x": 123, "y": 664, "width": 25, "height": 12}, "region_attributes": {"label": "827", "key_type": "value", "formal_key": "answer"}}, {"shape_attributes": {"name": "rect", "x": 123, "y": 678, "width": 27, "height": 12}, "region_attributes": {"label": "462", "key_type": "value", "formal_key": "answer"}}, {"shape_attributes": {"name": "rect", "x": 206, "y": 635, "width": 28, "height": 12}, "region_attributes": {"label": "519", "key_type": "value", "formal_key": "answer"}}, {"shape_attributes": {"name": "rect", "x": 208, "y": 651, "width": 23, "height": 10}, "region_attributes": {"label": "934", "key_type": "value", "formal_key": "answer"}}, {"shape_attributes": {"name": "rect", "x": 206, "y": 664, "width": 25, "height": 13}, "region_attributes": {"label": "639", "key_type": "value", "formal_key": "answer"}}, {"shape_attributes": {"name": "rect", "x": 111, "y": 738, "width": 60, "height": 12}, "region_attributes": {"label": "PRODUCT", "key_type": "key", "formal_key": "header"}}, {"shape_attributes": {"name": "rect", "x": 322, "y": 739, "width": 65, "height": 12}, "region_attributes": {"label": "QUANTITY", "key_type": "key", "formal_key": "question"}}, {"shape_attributes": {"name": "rect", "x": 718, "y": 822, "width": 15, "height": 71}, "region_attributes": {"label": "91161344", "key_type": "value", "formal_key": "others"}}, {"shape_attributes": {"name": "rect", "x": 618, "y": 15, "width": 55, "height": 15}, "region_attributes": {"label": "3/20/78", "key_type": "value", "formal_key": "answer"}}, {"shape_attributes": {"name": "rect", "x": 485, "y": 15, "width": 95, "height": 15}, "region_attributes": {"label": "Today's Date", "key_type": "key", "formal_key": "question"}}, {"shape_attributes": {"name": "rect", "x": 161, "y": 75, "width": 74, "height": 12}, "region_attributes": {"label": "Mr. Flinn", "key_type": "value", "formal_key": "answer"}}, {"shape_attributes": {"name": "rect", "x": 336, "y": 73, "width": 152, "height": 15}, "region_attributes": {"label": "Mr. Donahue (Loews)", "key_type": "value", "formal_key": "answer"}}, {"shape_attributes": {"name": "rect", "x": 538, "y": 75, "width": 183, "height": 17}, "region_attributes": {"label": "Mr. Hudson (Greensboro)", "key_type": "value", "formal_key": "answer"}}, {"shape_attributes": {"name": "rect", "x": 537, "y": 91, "width": 184, "height": 14}, "region_attributes": {"label": "Dr. Schultz (Greensboro", "key_type": "value", "formal_key": "answer"}}, {"shape_attributes": {"name": "rect", "x": 537, "y": 105, "width": 184, "height": 13}, "region_attributes": {"label": "Mr. Tucker (Greensboro)", "key_type": "value", "formal_key": "answer"}}, {"shape_attributes": {"name": "rect", "x": 538, "y": 118, "width": 184, "height": 15}, "region_attributes": {"label": "Dr. Jones (Greensboro)", "key_type": "value", "formal_key": "answer"}}, {"shape_attributes": {"name": "rect", "x": 161, "y": 90, "width": 84, "height": 12}, "region_attributes": {"label": "Mr. Gaalman", "key_type": "value", "formal_key": "answer"}}, {"shape_attributes": {"name": "rect", "x": 161, "y": 101, "width": 116, "height": 13}, "region_attributes": {"label": "Mr. Goldbrenner", "key_type": "value", "formal_key": "answer"}}, {"shape_attributes": {"name": "rect", "x": 336, "y": 88, "width": 153, "height": 16}, "region_attributes": {"label": "Mr. Duffy (Loews)", "key_type": "value", "formal_key": "answer"}}, {"shape_attributes": {"name": "rect", "x": 334, "y": 103, "width": 154, "height": 15}, "region_attributes": {"label": "Mr. Miele (Loews)", "key_type": "value", "formal_key": "answer"}}, {"shape_attributes": {"name": "rect", "x": 120, "y": 173, "width": 40, "height": 15}, "region_attributes": {"label": "MRD #", "key_type": "key", "formal_key": "question"}}, {"shape_attributes": {"name": "rect", "x": 121, "y": 204, "width": 161, "height": 15}, "region_attributes": {"label": "PROJECT ORIGINATED BY", "key_type": "key", "formal_key": "question"}}, {"shape_attributes": {"name": "rect", "x": 311, "y": 203, "width": 100, "height": 17}, "region_attributes": {"label": "William Doyle", "key_type": "value", "formal_key": "answer"}}, {"shape_attributes": {"name": "rect", "x": 90, "y": 249, "width": 386, "height": 15}, "region_attributes": {"label": "1. STATES AND CITIES* SELECTED TO RECEIVE PRODUCT:", "key_type": "key", "formal_key": "header"}}, {"shape_attributes": {"name": "rect", "x": 115, "y": 395, "width": 40, "height": 15}, "region_attributes": {"label": "D. C.", "key_type": "key", "formal_key": "question"}}, {"shape_attributes": {"name": "rect", "x": 329, "y": 442, "width": 99, "height": 13}, "region_attributes": {"label": "New Hampshire", "key_type": "key", "formal_key": "question"}}, {"shape_attributes": {"name": "rect", "x": 329, "y": 457, "width": 77, "height": 11}, "region_attributes": {"label": "New Jersey", "key_type": "key", "formal_key": "question"}}, {"shape_attributes": {"name": "rect", "x": 332, "y": 472, "width": 76, "height": 15}, "region_attributes": {"label": "New Mexico", "key_type": "key", "formal_key": "question"}}, {"shape_attributes": {"name": "rect", "x": 329, "y": 488, "width": 59, "height": 12}, "region_attributes": {"label": "New York", "key_type": "key", "formal_key": "question"}}, {"shape_attributes": {"name": "rect", "x": 331, "y": 500, "width": 105, "height": 14}, "region_attributes": {"label": "North Carolina", "key_type": "key", "formal_key": "question"}}, {"shape_attributes": {"name": "rect", "x": 329, "y": 517, "width": 92, "height": 9}, "region_attributes": {"label": "North Dakota", "key_type": "key", "formal_key": "question"}}, {"shape_attributes": {"name": "rect", "x": 558, "y": 312, "width": 94, "height": 13}, "region_attributes": {"label": "Pennsyl vania", "key_type": "key", "formal_key": "question"}}, {"shape_attributes": {"name": "rect", "x": 558, "y": 327, "width": 91, "height": 12}, "region_attributes": {"label": "Rhode Island", "key_type": "key", "formal_key": "question"}}, {"shape_attributes": {"name": "rect", "x": 556, "y": 341, "width": 111, "height": 14}, "region_attributes": {"label": "South Carolina", "key_type": "key", "formal_key": "question"}}, {"shape_attributes": {"name": "rect", "x": 556, "y": 355, "width": 95, "height": 14}, "region_attributes": {"label": "South Dakota", "key_type": "key", "formal_key": "question"}}, {"shape_attributes": {"name": "rect", "x": 558, "y": 457, "width": 98, "height": 15}, "region_attributes": {"label": "West Virginia", "key_type": "key", "formal_key": "question"}}, {"shape_attributes": {"name": "rect", "x": 555, "y": 503, "width": 106, "height": 13}, "region_attributes": {"label": "*Chicago, Ill.", "key_type": "key", "formal_key": "question"}}, {"shape_attributes": {"name": "rect", "x": 555, "y": 517, "width": 81, "height": 13}, "region_attributes": {"label": "*NYC, N. Y.", "key_type": "key", "formal_key": "question"}}, {"shape_attributes": {"name": "rect", "x": 85, "y": 573, "width": 382, "height": 15}, "region_attributes": {"label": "2. ESTIMATED TEST PRODUCT QUANTITIES (PER MARKET)", "key_type": "key", "formal_key": "header"}}, {"shape_attributes": {"name": "rect", "x": 116, "y": 605, "width": 55, "height": 28}, "region_attributes": {"label": "PRODUCT Code #", "key_type": "key", "formal_key": "question"}}, {"shape_attributes": {"name": "rect", "x": 196, "y": 618, "width": 51, "height": 15}, "region_attributes": {"label": "Code #", "key_type": "key", "formal_key": "question"}}, {"shape_attributes": {"name": "rect", "x": 547, "y": 603, "width": 161, "height": 18}, "region_attributes": {"label": "(4's, 5's, 20's etc.)", "key_type": "key", "formal_key": "question"}}, {"shape_attributes": {"name": "rect", "x": 571, "y": 635, "width": 93, "height": 13}, "region_attributes": {"label": "All are 20's", "key_type": "value", "formal_key": "answer"}}, {"shape_attributes": {"name": "rect", "x": 548, "y": 738, "width": 155, "height": 18}, "region_attributes": {"label": "(4's, 5's, 20's etc.)", "key_type": "key", "formal_key": "question"}}, {"shape_attributes": {"name": "rect", "x": 575, "y": 767, "width": 90, "height": 15}, "region_attributes": {"label": "All are 20's", "key_type": "value", "formal_key": "answer"}}, {"shape_attributes": {"name": "rect", "x": 339, "y": 635, "width": 156, "height": 73}, "region_attributes": {"label": "Varies by market, see attached list. Approx. 20% of the total # by state will receive product", "key_type": "value", "formal_key": "answer"}}, {"shape_attributes": {"name": "rect", "x": 76, "y": 708, "width": 419, "height": 14}, "region_attributes": {"label": "2a. ESTIMATED TOTALS BY PRODUCT ALL MARKETS COMBINED", "key_type": "key", "formal_key": "header"}}, {"shape_attributes": {"name": "rect", "x": 133, "y": 752, "width": 72, "height": 14}, "region_attributes": {"label": "Code # 741", "key_type": "key", "formal_key": "question"}}, {"shape_attributes": {"name": "rect", "x": 135, "y": 769, "width": 73, "height": 12}, "region_attributes": {"label": "Code # 753", "key_type": "key", "formal_key": "question"}}, {"shape_attributes": {"name": "rect", "x": 135, "y": 782, "width": 70, "height": 13}, "region_attributes": {"label": "Code # 327", "key_type": "key", "formal_key": "question"}}, {"shape_attributes": {"name": "rect", "x": 135, "y": 797, "width": 69, "height": 14}, "region_attributes": {"label": "Code # 462", "key_type": "key", "formal_key": "question"}}, {"shape_attributes": {"name": "rect", "x": 135, "y": 812, "width": 69, "height": 14}, "region_attributes": {"label": "Code # #519", "key_type": "key", "formal_key": "question"}}, {"shape_attributes": {"name": "rect", "x": 135, "y": 827, "width": 69, "height": 12}, "region_attributes": {"label": "Code # 934", "key_type": "key", "formal_key": "question"}}, {"shape_attributes": {"name": "rect", "x": 131, "y": 842, "width": 75, "height": 13}, "region_attributes": {"label": "Cade # 639", "key_type": "key", "formal_key": "question"}}, {"shape_attributes": {"name": "rect", "x": 347, "y": 754, "width": 79, "height": 12}, "region_attributes": {"label": "1920 Packs", "key_type": "value", "formal_key": "answer"}}, {"shape_attributes": {"name": "rect", "x": 349, "y": 769, "width": 77, "height": 12}, "region_attributes": {"label": "1920 Packs", "key_type": "value", "formal_key": "answer"}}, {"shape_attributes": {"name": "rect", "x": 357, "y": 784, "width": 69, "height": 12}, "region_attributes": {"label": "960 Packs", "key_type": "value", "formal_key": "answer"}}, {"shape_attributes": {"name": "rect", "x": 354, "y": 797, "width": 70, "height": 14}, "region_attributes": {"label": "960 Packs", "key_type": "value", "formal_key": "answer"}}, {"shape_attributes": {"name": "rect", "x": 347, "y": 812, "width": 76, "height": 14}, "region_attributes": {"label": "1920 Packs", "key_type": "value", "formal_key": "answer"}}, {"shape_attributes": {"name": "rect", "x": 347, "y": 827, "width": 77, "height": 12}, "region_attributes": {"label": "1920 Packs", "key_type": "value", "formal_key": "answer"}}, {"shape_attributes": {"name": "rect", "x": 349, "y": 842, "width": 75, "height": 12}, "region_attributes": {"label": "1920 Packs", "key_type": "value", "formal_key": "answer"}}]}}}