﻿{"file_name": "91315069_91315070.json", "attributes": {"_via_img_metadata": {"regions": [{"shape_attributes": {"name": "rect", "x": 41, "y": 68, "width": 28, "height": 20}, "region_attributes": {"label": "TO:", "key_type": "key", "formal_key": "question"}}, {"shape_attributes": {"name": "rect", "x": 41, "y": 103, "width": 46, "height": 17}, "region_attributes": {"label": "FROM:", "key_type": "key", "formal_key": "question"}}, {"shape_attributes": {"name": "rect", "x": 41, "y": 138, "width": 70, "height": 15}, "region_attributes": {"label": "SUBJECT:", "key_type": "key", "formal_key": "question"}}, {"shape_attributes": {"name": "rect", "x": 39, "y": 198, "width": 103, "height": 21}, "region_attributes": {"label": "DISTRIBUTION:", "key_type": "key", "formal_key": "question"}}, {"shape_attributes": {"name": "rect", "x": 187, "y": 335, "width": 68, "height": 18}, "region_attributes": {"label": "ACCOUNT", "key_type": "key", "formal_key": "question"}}, {"shape_attributes": {"name": "rect", "x": 550, "y": 334, "width": 35, "height": 14}, "region_attributes": {"label": "100'S", "key_type": "key", "formal_key": "question"}}, {"shape_attributes": {"name": "rect", "x": 694, "y": 749, "width": 18, "height": 92}, "region_attributes": {"label": "9131506", "key_type": "value", "formal_key": "others"}}, {"shape_attributes": {"name": "rect", "x": 98, "y": 67, "width": 100, "height": 20}, "region_attributes": {"label": "R. H. ORCUTT", "key_type": "value", "formal_key": "answer"}}, {"shape_attributes": {"name": "rect", "x": 483, "y": 64, "width": 136, "height": 17}, "region_attributes": {"label": "SUBMISSION DATE:", "key_type": "key", "formal_key": "header"}}, {"shape_attributes": {"name": "rect", "x": 464, "y": 98, "width": 93, "height": 17}, "region_attributes": {"label": "OCT 3 \u2610", "key_type": "key", "formal_key": "question"}}, {"shape_attributes": {"name": "rect", "x": 465, "y": 116, "width": 92, "height": 17}, "region_attributes": {"label": "OCT 31 \u2610", "key_type": "key", "formal_key": "question"}}, {"shape_attributes": {"name": "rect", "x": 575, "y": 96, "width": 84, "height": 19}, "region_attributes": {"label": "DEC 26 \u2610", "key_type": "key", "formal_key": "question"}}, {"shape_attributes": {"name": "rect", "x": 575, "y": 116, "width": 87, "height": 17}, "region_attributes": {"label": "JAN 23 \u2610", "key_type": "key", "formal_key": "question"}}, {"shape_attributes": {"name": "rect", "x": 115, "y": 133, "width": 408, "height": 21}, "region_attributes": {"label": "HARLEY- DAVIDSON 100'S CIGARETTES PROGRESS REPORT", "key_type": "value", "formal_key": "answer"}}, {"shape_attributes": {"name": "rect", "x": 148, "y": 194, "width": 406, "height": 21}, "region_attributes": {"label": "EFFECTIVENESS OF PRE- SELL (REPORT ON OCT. 3 ONLY).", "key_type": "value", "formal_key": "answer"}}, {"shape_attributes": {"name": "rect", "x": 42, "y": 288, "width": 457, "height": 23}, "region_attributes": {"label": "DIRECT ACCOUNT AND CHAIN VOIDS (USE X TO INDICATE A VOID).", "key_type": "key", "formal_key": "header"}}, {"shape_attributes": {"name": "rect", "x": 451, "y": 320, "width": 57, "height": 28}, "region_attributes": {"label": "NO. STORES", "key_type": "key", "formal_key": "question"}}, {"shape_attributes": {"name": "rect", "x": 594, "y": 318, "width": 35, "height": 29}, "region_attributes": {"label": "LTS. 100'S.", "key_type": "key", "formal_key": "question"}}, {"shape_attributes": {"name": "rect", "x": 42, "y": 559, "width": 359, "height": 21}, "region_attributes": {"label": "% OF DISTRIBUTION ACHIEVED IN RETAIL OUTLETS:", "key_type": "key", "formal_key": "header"}}, {"shape_attributes": {"name": "rect", "x": 304, "y": 588, "width": 130, "height": 17}, "region_attributes": {"label": "% CLASSIFIED CALLS", "key_type": "key", "formal_key": "question"}}, {"shape_attributes": {"name": "rect", "x": 306, "y": 610, "width": 109, "height": 15}, "region_attributes": {"label": "% ANNUAL CALLS", "key_type": "key", "formal_key": "question"}}, {"shape_attributes": {"name": "rect", "x": 42, "y": 644, "width": 169, "height": 21}, "region_attributes": {"label": "PROMOTIONAL IMPACT:", "key_type": "key", "formal_key": "header"}}, {"shape_attributes": {"name": "rect", "x": 41, "y": 679, "width": 93, "height": 17}, "region_attributes": {"label": "$.50 OFF PACK:", "key_type": "key", "formal_key": "question"}}, {"shape_attributes": {"name": "rect", "x": 43, "y": 756, "width": 115, "height": 17}, "region_attributes": {"label": "SALES FORCE 20'S:", "key_type": "key", "formal_key": "question"}}, {"shape_attributes": {"name": "rect", "x": 42, "y": 832, "width": 116, "height": 17}, "region_attributes": {"label": "$5.00 OFF CARTON:", "key_type": "key", "formal_key": "question"}}, {"shape_attributes": {"name": "rect", "x": 39, "y": 923, "width": 35, "height": 17}, "region_attributes": {"label": "1 of 2", "key_type": "value", "formal_key": "others"}}]}}}