﻿{"file_name": "91355841.json", "attributes": {"_via_img_metadata": {"regions": [{"shape_attributes": {"name": "rect", "x": 190, "y": 201, "width": 35, "height": 17}, "region_attributes": {"label": "DATE:", "key_type": "key", "formal_key": "question"}}, {"shape_attributes": {"name": "rect", "x": 102, "y": 271, "width": 102, "height": 15}, "region_attributes": {"label": "MANUFACTURER:", "key_type": "key", "formal_key": "question"}}, {"shape_attributes": {"name": "rect", "x": 99, "y": 753, "width": 22, "height": 14}, "region_attributes": {"label": "CC:", "key_type": "key", "formal_key": "question"}}, {"shape_attributes": {"name": "rect", "x": 709, "y": 718, "width": 15, "height": 80}, "region_attributes": {"label": "91355841", "key_type": "value", "formal_key": "others"}}, {"shape_attributes": {"name": "rect", "x": 263, "y": 71, "width": 304, "height": 18}, "region_attributes": {"label": "COMPETITIVE ACTIVITIES AND PROMOTIONS", "key_type": "key", "formal_key": "header"}}, {"shape_attributes": {"name": "rect", "x": 253, "y": 131, "width": 449, "height": 15}, "region_attributes": {"label": "A. L. EVERETT, MANAGER, CHAIN ACCOUNTS - ATLANTA, GA", "key_type": "value", "formal_key": "answer"}}, {"shape_attributes": {"name": "rect", "x": 103, "y": 137, "width": 88, "height": 14}, "region_attributes": {"label": "REPORTED BY:", "key_type": "key", "formal_key": "question"}}, {"shape_attributes": {"name": "rect", "x": 270, "y": 203, "width": 120, "height": 15}, "region_attributes": {"label": "SEPT. 27, 1991", "key_type": "value", "formal_key": "answer"}}, {"shape_attributes": {"name": "rect", "x": 278, "y": 268, "width": 156, "height": 15}, "region_attributes": {"label": "BROWN & WILLIAMSON", "key_type": "value", "formal_key": "answer"}}, {"shape_attributes": {"name": "rect", "x": 101, "y": 339, "width": 132, "height": 16}, "region_attributes": {"label": "BRAND (S) PROMOTED:", "key_type": "key", "formal_key": "question"}}, {"shape_attributes": {"name": "rect", "x": 295, "y": 338, "width": 128, "height": 17}, "region_attributes": {"label": "KOOL CIGARETTES", "key_type": "value", "formal_key": "answer"}}, {"shape_attributes": {"name": "rect", "x": 101, "y": 406, "width": 130, "height": 17}, "region_attributes": {"label": "TYPE OF PROMOTION:", "key_type": "key", "formal_key": "question"}}, {"shape_attributes": {"name": "rect", "x": 278, "y": 402, "width": 128, "height": 17}, "region_attributes": {"label": "SEE ATTACHMENTS", "key_type": "value", "formal_key": "answer"}}, {"shape_attributes": {"name": "rect", "x": 99, "y": 528, "width": 121, "height": 13}, "region_attributes": {"label": "HOW WIDESPREAD?", "key_type": "key", "formal_key": "question"}}, {"shape_attributes": {"name": "rect", "x": 101, "y": 595, "width": 120, "height": 16}, "region_attributes": {"label": "OTHER COMMENTS:", "key_type": "key", "formal_key": "question"}}, {"shape_attributes": {"name": "rect", "x": 124, "y": 768, "width": 72, "height": 15}, "region_attributes": {"label": "A. H. TISCH", "key_type": "value", "formal_key": "answer"}}, {"shape_attributes": {"name": "rect", "x": 124, "y": 785, "width": 84, "height": 17}, "region_attributes": {"label": "R. H. ORCUTT", "key_type": "value", "formal_key": "answer"}}, {"shape_attributes": {"name": "rect", "x": 124, "y": 803, "width": 101, "height": 17}, "region_attributes": {"label": "M. A. PETERSON", "key_type": "value", "formal_key": "answer"}}, {"shape_attributes": {"name": "rect", "x": 124, "y": 820, "width": 101, "height": 15}, "region_attributes": {"label": "M. L. ORLOWSKY", "key_type": "value", "formal_key": "answer"}}, {"shape_attributes": {"name": "rect", "x": 126, "y": 838, "width": 68, "height": 14}, "region_attributes": {"label": "L. GORDON", "key_type": "value", "formal_key": "answer"}}, {"shape_attributes": {"name": "rect", "x": 123, "y": 855, "width": 115, "height": 17}, "region_attributes": {"label": "J. P. MASTANDREA", "key_type": "value", "formal_key": "answer"}}, {"shape_attributes": {"name": "rect", "x": 285, "y": 767, "width": 88, "height": 17}, "region_attributes": {"label": "G. R. TELFORD", "key_type": "value", "formal_key": "answer"}}, {"shape_attributes": {"name": "rect", "x": 284, "y": 785, "width": 69, "height": 15}, "region_attributes": {"label": "R. G. RYAN", "key_type": "value", "formal_key": "answer"}}, {"shape_attributes": {"name": "rect", "x": 285, "y": 802, "width": 88, "height": 15}, "region_attributes": {"label": "N. P. RUFFALO", "key_type": "value", "formal_key": "answer"}}, {"shape_attributes": {"name": "rect", "x": 284, "y": 820, "width": 72, "height": 15}, "region_attributes": {"label": "T. L. ACHEY", "key_type": "value", "formal_key": "answer"}}, {"shape_attributes": {"name": "rect", "x": 284, "y": 838, "width": 83, "height": 15}, "region_attributes": {"label": "P. J. McCANN", "key_type": "value", "formal_key": "answer"}}, {"shape_attributes": {"name": "rect", "x": 282, "y": 856, "width": 88, "height": 13}, "region_attributes": {"label": "A. J. GIACOIO", "key_type": "value", "formal_key": "answer"}}, {"shape_attributes": {"name": "rect", "x": 284, "y": 872, "width": 77, "height": 14}, "region_attributes": {"label": "J. J. TATULLI", "key_type": "value", "formal_key": "answer"}}, {"shape_attributes": {"name": "rect", "x": 406, "y": 770, "width": 76, "height": 14}, "region_attributes": {"label": "L. H. KERSH", "key_type": "value", "formal_key": "answer"}}, {"shape_attributes": {"name": "rect", "x": 408, "y": 785, "width": 76, "height": 17}, "region_attributes": {"label": "J. R. SLATER", "key_type": "value", "formal_key": "answer"}}, {"shape_attributes": {"name": "rect", "x": 406, "y": 803, "width": 76, "height": 15}, "region_attributes": {"label": "S. T. JONES", "key_type": "value", "formal_key": "answer"}}, {"shape_attributes": {"name": "rect", "x": 406, "y": 820, "width": 128, "height": 14}, "region_attributes": {"label": "R. S. GOLDBRENNER", "key_type": "value", "formal_key": "answer"}}, {"shape_attributes": {"name": "rect", "x": 406, "y": 838, "width": 92, "height": 15}, "region_attributes": {"label": "N. SIMEONIDIS", "key_type": "value", "formal_key": "answer"}}, {"shape_attributes": {"name": "rect", "x": 408, "y": 855, "width": 70, "height": 14}, "region_attributes": {"label": "S. F. SMITH", "key_type": "value", "formal_key": "answer"}}]}}}