﻿{"file_name": "91356315.json", "attributes": {"_via_img_metadata": {"regions": [{"shape_attributes": {"name": "rect", "x": 152, "y": 193, "width": 38, "height": 17}, "region_attributes": {"label": "DATE:", "key_type": "key", "formal_key": "question"}}, {"shape_attributes": {"name": "rect", "x": 68, "y": 313, "width": 101, "height": 14}, "region_attributes": {"label": "MANUFACTURER:", "key_type": "key", "formal_key": "question"}}, {"shape_attributes": {"name": "rect", "x": 661, "y": 691, "width": 17, "height": 71}, "region_attributes": {"label": "9135631", "key_type": "value", "formal_key": "others"}}, {"shape_attributes": {"name": "rect", "x": 70, "y": 785, "width": 27, "height": 15}, "region_attributes": {"label": "CC:", "key_type": "key", "formal_key": "question"}}, {"shape_attributes": {"name": "rect", "x": 225, "y": 78, "width": 302, "height": 21}, "region_attributes": {"label": "COMPETITIVE ACTIVITIES AND PROMOTIONS", "key_type": "key", "formal_key": "header"}}, {"shape_attributes": {"name": "rect", "x": 67, "y": 141, "width": 87, "height": 15}, "region_attributes": {"label": "REPORTED BY:", "key_type": "key", "formal_key": "question"}}, {"shape_attributes": {"name": "rect", "x": 211, "y": 138, "width": 384, "height": 17}, "region_attributes": {"label": "VAL THURMAN, DIVISION MANAGER, LOUISVILLE, KY", "key_type": "value", "formal_key": "answer"}}, {"shape_attributes": {"name": "rect", "x": 209, "y": 190, "width": 63, "height": 18}, "region_attributes": {"label": "4/ 26/ 91", "key_type": "value", "formal_key": "answer"}}, {"shape_attributes": {"name": "rect", "x": 68, "y": 244, "width": 87, "height": 28}, "region_attributes": {"label": "SOURCE OF INFORMATION:", "key_type": "key", "formal_key": "question"}}, {"shape_attributes": {"name": "rect", "x": 215, "y": 260, "width": 315, "height": 17}, "region_attributes": {"label": "SHORT STOP FOOD MARTS. LOUISVILLE, KY", "key_type": "value", "formal_key": "answer"}}, {"shape_attributes": {"name": "rect", "x": 205, "y": 310, "width": 113, "height": 17}, "region_attributes": {"label": "PHILIP MORRIS", "key_type": "value", "formal_key": "answer"}}, {"shape_attributes": {"name": "rect", "x": 70, "y": 365, "width": 131, "height": 18}, "region_attributes": {"label": "BRAND (S) PROMOTED:", "key_type": "key", "formal_key": "question"}}, {"shape_attributes": {"name": "rect", "x": 240, "y": 359, "width": 164, "height": 15}, "region_attributes": {"label": "MARLBORO CIGARETTES", "key_type": "value", "formal_key": "answer"}}, {"shape_attributes": {"name": "rect", "x": 67, "y": 416, "width": 133, "height": 18}, "region_attributes": {"label": "TYPE OF PROMOTION:", "key_type": "key", "formal_key": "question"}}, {"shape_attributes": {"name": "rect", "x": 265, "y": 415, "width": 241, "height": 39}, "region_attributes": {"label": "CARTON PROMOTION SWEEPSTAKES (SEE ATTACHMENTS)", "key_type": "value", "formal_key": "answer"}}, {"shape_attributes": {"name": "rect", "x": 70, "y": 550, "width": 117, "height": 18}, "region_attributes": {"label": "HOW WIDESPREAD?", "key_type": "key", "formal_key": "question"}}, {"shape_attributes": {"name": "rect", "x": 71, "y": 601, "width": 117, "height": 17}, "region_attributes": {"label": "OTHER COMMENTS:", "key_type": "key", "formal_key": "question"}}, {"shape_attributes": {"name": "rect", "x": 373, "y": 797, "width": 72, "height": 13}, "region_attributes": {"label": "L. H. LAKERSH", "key_type": "value", "formal_key": "answer"}}, {"shape_attributes": {"name": "rect", "x": 372, "y": 810, "width": 77, "height": 13}, "region_attributes": {"label": "J. R. SLATER", "key_type": "value", "formal_key": "answer"}}, {"shape_attributes": {"name": "rect", "x": 372, "y": 824, "width": 75, "height": 13}, "region_attributes": {"label": "S. T. JONES", "key_type": "value", "formal_key": "answer"}}, {"shape_attributes": {"name": "rect", "x": 374, "y": 837, "width": 123, "height": 14}, "region_attributes": {"label": "R. S. GOLDBRENNER", "key_type": "value", "formal_key": "answer"}}, {"shape_attributes": {"name": "rect", "x": 373, "y": 851, "width": 71, "height": 13}, "region_attributes": {"label": "S. F. SMITH", "key_type": "value", "formal_key": "answer"}}, {"shape_attributes": {"name": "rect", "x": 253, "y": 797, "width": 87, "height": 14}, "region_attributes": {"label": "G. R. TELFORD", "key_type": "value", "formal_key": "answer"}}, {"shape_attributes": {"name": "rect", "x": 251, "y": 811, "width": 68, "height": 12}, "region_attributes": {"label": "R. G. RYAN", "key_type": "value", "formal_key": "answer"}}, {"shape_attributes": {"name": "rect", "x": 251, "y": 823, "width": 89, "height": 15}, "region_attributes": {"label": "N. P. RUFFALO", "key_type": "value", "formal_key": "answer"}}, {"shape_attributes": {"name": "rect", "x": 251, "y": 838, "width": 72, "height": 14}, "region_attributes": {"label": "T. L. ACHEY", "key_type": "value", "formal_key": "answer"}}, {"shape_attributes": {"name": "rect", "x": 251, "y": 849, "width": 83, "height": 15}, "region_attributes": {"label": "P. J. McCANN", "key_type": "value", "formal_key": "answer"}}, {"shape_attributes": {"name": "rect", "x": 250, "y": 865, "width": 83, "height": 11}, "region_attributes": {"label": "A. J. GIACOIO", "key_type": "value", "formal_key": "answer"}}, {"shape_attributes": {"name": "rect", "x": 253, "y": 877, "width": 75, "height": 15}, "region_attributes": {"label": "J. J. TATULLI", "key_type": "value", "formal_key": "answer"}}, {"shape_attributes": {"name": "rect", "x": 96, "y": 797, "width": 67, "height": 16}, "region_attributes": {"label": "A. H. TISCH", "key_type": "value", "formal_key": "answer"}}, {"shape_attributes": {"name": "rect", "x": 96, "y": 813, "width": 81, "height": 13}, "region_attributes": {"label": "R. H. ORCUTT", "key_type": "value", "formal_key": "answer"}}, {"shape_attributes": {"name": "rect", "x": 95, "y": 825, "width": 98, "height": 13}, "region_attributes": {"label": "M. A. PETERSON", "key_type": "value", "formal_key": "answer"}}, {"shape_attributes": {"name": "rect", "x": 95, "y": 839, "width": 100, "height": 11}, "region_attributes": {"label": "M. L. ORLOWSKY", "key_type": "value", "formal_key": "answer"}}, {"shape_attributes": {"name": "rect", "x": 96, "y": 853, "width": 68, "height": 11}, "region_attributes": {"label": "L. GORDON", "key_type": "value", "formal_key": "answer"}}, {"shape_attributes": {"name": "rect", "x": 95, "y": 863, "width": 111, "height": 16}, "region_attributes": {"label": "J. P. MASTANDREA", "key_type": "value", "formal_key": "answer"}}]}}}