﻿{"file_name": "91361993.json", "attributes": {"_via_img_metadata": {"regions": [{"shape_attributes": {"name": "rect", "x": 115, "y": 172, "width": 46, "height": 20}, "region_attributes": {"label": "DATE:", "key_type": "key", "formal_key": "question"}}, {"shape_attributes": {"name": "rect", "x": 244, "y": 173, "width": 39, "height": 18}, "region_attributes": {"label": "TIME:", "key_type": "key", "formal_key": "question"}}, {"shape_attributes": {"name": "rect", "x": 64, "y": 225, "width": 122, "height": 20}, "region_attributes": {"label": "MANUFACTURER:", "key_type": "key", "formal_key": "question"}}, {"shape_attributes": {"name": "rect", "x": 733, "y": 824, "width": 17, "height": 71}, "region_attributes": {"label": "91361993", "key_type": "value", "formal_key": "others"}}, {"shape_attributes": {"name": "rect", "x": 66, "y": 751, "width": 24, "height": 13}, "region_attributes": {"label": "cc:", "key_type": "key", "formal_key": "question"}}, {"shape_attributes": {"name": "rect", "x": 295, "y": 59, "width": 218, "height": 18}, "region_attributes": {"label": "NEW COMPETITIVE PRODUCTS", "key_type": "key", "formal_key": "header"}}, {"shape_attributes": {"name": "rect", "x": 184, "y": 117, "width": 308, "height": 22}, "region_attributes": {"label": "C. M. WIECHMANN, D. M. , LUBBOCK, TX", "key_type": "value", "formal_key": "answer"}}, {"shape_attributes": {"name": "rect", "x": 63, "y": 119, "width": 101, "height": 19}, "region_attributes": {"label": "REPORTED BY", "key_type": "key", "formal_key": "question"}}, {"shape_attributes": {"name": "rect", "x": 170, "y": 172, "width": 63, "height": 18}, "region_attributes": {"label": "10 /5 /92", "key_type": "value", "formal_key": "answer"}}, {"shape_attributes": {"name": "rect", "x": 229, "y": 222, "width": 129, "height": 20}, "region_attributes": {"label": "R. J. REYNOLDS", "key_type": "value", "formal_key": "answer"}}, {"shape_attributes": {"name": "rect", "x": 194, "y": 278, "width": 305, "height": 20}, "region_attributes": {"label": "CARDINAL CIGARETTES (11 PACKINGS)", "key_type": "value", "formal_key": "answer"}}, {"shape_attributes": {"name": "rect", "x": 63, "y": 278, "width": 99, "height": 19}, "region_attributes": {"label": "BRAND NAME:", "key_type": "key", "formal_key": "question"}}, {"shape_attributes": {"name": "rect", "x": 64, "y": 332, "width": 76, "height": 36}, "region_attributes": {"label": "TYPE OF PRODUCT:", "key_type": "key", "formal_key": "question"}}, {"shape_attributes": {"name": "rect", "x": 63, "y": 398, "width": 110, "height": 19}, "region_attributes": {"label": "SIZE OR SIZES:", "key_type": "key", "formal_key": "question"}}, {"shape_attributes": {"name": "rect", "x": 64, "y": 454, "width": 86, "height": 18}, "region_attributes": {"label": "LIST PRICE:", "key_type": "key", "formal_key": "question"}}, {"shape_attributes": {"name": "rect", "x": 64, "y": 507, "width": 108, "height": 33}, "region_attributes": {"label": "EXTENT OF DISTRIBUTION:", "key_type": "key", "formal_key": "question"}}, {"shape_attributes": {"name": "rect", "x": 64, "y": 608, "width": 111, "height": 37}, "region_attributes": {"label": "OTHER INFORMATION:", "key_type": "key", "formal_key": "question"}}, {"shape_attributes": {"name": "rect", "x": 235, "y": 624, "width": 129, "height": 20}, "region_attributes": {"label": "SEE ATTACHMENT", "key_type": "value", "formal_key": "answer"}}, {"shape_attributes": {"name": "rect", "x": 534, "y": 763, "width": 97, "height": 16}, "region_attributes": {"label": "K. P. Augustyn", "key_type": "value", "formal_key": "others"}}, {"shape_attributes": {"name": "rect", "x": 532, "y": 779, "width": 93, "height": 18}, "region_attributes": {"label": "V. D. Lindsley", "key_type": "value", "formal_key": "others"}}, {"shape_attributes": {"name": "rect", "x": 532, "y": 797, "width": 97, "height": 16}, "region_attributes": {"label": "R. D. Hammer", "key_type": "value", "formal_key": "others"}}, {"shape_attributes": {"name": "rect", "x": 355, "y": 764, "width": 75, "height": 16}, "region_attributes": {"label": "J. J. Tatulli", "key_type": "value", "formal_key": "others"}}, {"shape_attributes": {"name": "rect", "x": 355, "y": 781, "width": 77, "height": 17}, "region_attributes": {"label": "L. H. Kersh", "key_type": "value", "formal_key": "others"}}, {"shape_attributes": {"name": "rect", "x": 355, "y": 799, "width": 74, "height": 18}, "region_attributes": {"label": "J. R. Slater", "key_type": "value", "formal_key": "others"}}, {"shape_attributes": {"name": "rect", "x": 356, "y": 818, "width": 78, "height": 15}, "region_attributes": {"label": "A. Pasheluk", "key_type": "value", "formal_key": "others"}}, {"shape_attributes": {"name": "rect", "x": 353, "y": 834, "width": 121, "height": 17}, "region_attributes": {"label": "R. R. S. Goldbrenner", "key_type": "value", "formal_key": "others"}}, {"shape_attributes": {"name": "rect", "x": 356, "y": 852, "width": 92, "height": 17}, "region_attributes": {"label": "N. Simeonidis", "key_type": "value", "formal_key": "others"}}, {"shape_attributes": {"name": "rect", "x": 356, "y": 867, "width": 74, "height": 18}, "region_attributes": {"label": "S. F. Smith", "key_type": "value", "formal_key": "others"}}, {"shape_attributes": {"name": "rect", "x": 222, "y": 767, "width": 85, "height": 14}, "region_attributes": {"label": "F. J. Schultz", "key_type": "value", "formal_key": "others"}}, {"shape_attributes": {"name": "rect", "x": 222, "y": 781, "width": 88, "height": 18}, "region_attributes": {"label": "A. W. Spears", "key_type": "value", "formal_key": "others"}}, {"shape_attributes": {"name": "rect", "x": 222, "y": 799, "width": 85, "height": 16}, "region_attributes": {"label": "N. P. Ruffalo", "key_type": "value", "formal_key": "others"}}, {"shape_attributes": {"name": "rect", "x": 225, "y": 818, "width": 75, "height": 16}, "region_attributes": {"label": "T. L. Achey", "key_type": "value", "formal_key": "others"}}, {"shape_attributes": {"name": "rect", "x": 222, "y": 835, "width": 92, "height": 16}, "region_attributes": {"label": "P. J. McCann", "key_type": "value", "formal_key": "others"}}, {"shape_attributes": {"name": "rect", "x": 223, "y": 852, "width": 87, "height": 17}, "region_attributes": {"label": "A. J. Giacoio", "key_type": "value", "formal_key": "others"}}, {"shape_attributes": {"name": "rect", "x": 66, "y": 767, "width": 71, "height": 14}, "region_attributes": {"label": "A. H. Tisch", "key_type": "value", "formal_key": "others"}}, {"shape_attributes": {"name": "rect", "x": 67, "y": 785, "width": 79, "height": 15}, "region_attributes": {"label": "R. H. Orcutt", "key_type": "value", "formal_key": "others"}}, {"shape_attributes": {"name": "rect", "x": 66, "y": 802, "width": 98, "height": 15}, "region_attributes": {"label": "M. A. Peterson", "key_type": "value", "formal_key": "others"}}, {"shape_attributes": {"name": "rect", "x": 66, "y": 818, "width": 99, "height": 17}, "region_attributes": {"label": "M. L. Orlowsky", "key_type": "value", "formal_key": "others"}}, {"shape_attributes": {"name": "rect", "x": 66, "y": 838, "width": 65, "height": 14}, "region_attributes": {"label": "L. Gordon", "key_type": "value", "formal_key": "others"}}, {"shape_attributes": {"name": "rect", "x": 66, "y": 855, "width": 71, "height": 15}, "region_attributes": {"label": "G. Telford", "key_type": "value", "formal_key": "others"}}]}}}