﻿{"file_name": "91372360.json", "attributes": {"_via_img_metadata": {"regions": [{"shape_attributes": {"name": "rect", "x": 156, "y": 270, "width": 55, "height": 20}, "region_attributes": {"label": "DATE", "key_type": "key", "formal_key": "question"}}, {"shape_attributes": {"name": "rect", "x": 360, "y": 271, "width": 43, "height": 19}, "region_attributes": {"label": "TIME", "key_type": "key", "formal_key": "question"}}, {"shape_attributes": {"name": "rect", "x": 160, "y": 380, "width": 55, "height": 19}, "region_attributes": {"label": "NAME:", "key_type": "key", "formal_key": "question"}}, {"shape_attributes": {"name": "rect", "x": 158, "y": 406, "width": 70, "height": 23}, "region_attributes": {"label": "OFFICE:", "key_type": "key", "formal_key": "question"}}, {"shape_attributes": {"name": "rect", "x": 156, "y": 516, "width": 60, "height": 20}, "region_attributes": {"label": "NAME:", "key_type": "key", "formal_key": "question"}}, {"shape_attributes": {"name": "rect", "x": 156, "y": 540, "width": 68, "height": 24}, "region_attributes": {"label": "OFFICE:", "key_type": "key", "formal_key": "question"}}, {"shape_attributes": {"name": "rect", "x": 235, "y": 273, "width": 60, "height": 13}, "region_attributes": {"label": "11/4/93", "key_type": "value", "formal_key": "answer"}}, {"shape_attributes": {"name": "rect", "x": 155, "y": 611, "width": 111, "height": 16}, "region_attributes": {"label": "COMMENTS:", "key_type": "key", "formal_key": "question"}}, {"shape_attributes": {"name": "rect", "x": 285, "y": 786, "width": 23, "height": 13}, "region_attributes": {"label": "cc:", "key_type": "key", "formal_key": "question"}}, {"shape_attributes": {"name": "rect", "x": 754, "y": 745, "width": 21, "height": 75}, "region_attributes": {"label": "91372360", "key_type": "value", "formal_key": "others"}}, {"shape_attributes": {"name": "rect", "x": 120, "y": 84, "width": 230, "height": 68}, "region_attributes": {"label": "Lorillard TOBACCO COMPANY", "key_type": "key", "formal_key": "header"}}, {"shape_attributes": {"name": "rect", "x": 104, "y": 29, "width": 109, "height": 16}, "region_attributes": {"label": "Nov. 4 93 16:33", "key_type": "value", "formal_key": "others"}}, {"shape_attributes": {"name": "rect", "x": 297, "y": 29, "width": 93, "height": 15}, "region_attributes": {"label": "KONICA FAX 285", "key_type": "value", "formal_key": "others"}}, {"shape_attributes": {"name": "rect", "x": 690, "y": 19, "width": 37, "height": 23}, "region_attributes": {"label": "P. 1", "key_type": "value", "formal_key": "others"}}, {"shape_attributes": {"name": "rect", "x": 116, "y": 152, "width": 443, "height": 15}, "region_attributes": {"label": "101 N. CLASSEN BLVD. SUITE 102. OKLAHOMA CITY OK. 73118 TELEPHONE 405) 543- 0455 or 04600460", "key_type": "value", "formal_key": "others"}}, {"shape_attributes": {"name": "rect", "x": 318, "y": 214, "width": 206, "height": 21}, "region_attributes": {"label": "FACSIMILE COVER PAGE", "key_type": "key", "formal_key": "header"}}, {"shape_attributes": {"name": "rect", "x": 428, "y": 273, "width": 66, "height": 13}, "region_attributes": {"label": "3:28 CST", "key_type": "value", "formal_key": "answer"}}, {"shape_attributes": {"name": "rect", "x": 160, "y": 298, "width": 493, "height": 22}, "region_attributes": {"label": "The following document, including cover page is 3 pages long.", "key_type": "value", "formal_key": "others"}}, {"shape_attributes": {"name": "rect", "x": 156, "y": 337, "width": 351, "height": 19}, "region_attributes": {"label": "PLEASE TRANSMIT THIS DOCUMENT TO:", "key_type": "key", "formal_key": "header"}}, {"shape_attributes": {"name": "rect", "x": 249, "y": 382, "width": 143, "height": 16}, "region_attributes": {"label": "Mr. A. J. Giacoio", "key_type": "value", "formal_key": "answer"}}, {"shape_attributes": {"name": "rect", "x": 249, "y": 406, "width": 209, "height": 19}, "region_attributes": {"label": "New York- Sales Planning", "key_type": "value", "formal_key": "answer"}}, {"shape_attributes": {"name": "rect", "x": 365, "y": 436, "width": 110, "height": 19}, "region_attributes": {"label": "212 545- 3299", "key_type": "value", "formal_key": "answer"}}, {"shape_attributes": {"name": "rect", "x": 159, "y": 434, "width": 183, "height": 20}, "region_attributes": {"label": "FAX PHONE NUMBER:", "key_type": "key", "formal_key": "question"}}, {"shape_attributes": {"name": "rect", "x": 160, "y": 476, "width": 225, "height": 17}, "region_attributes": {"label": "THIS DOCUMENT IS FROM:", "key_type": "key", "formal_key": "header"}}, {"shape_attributes": {"name": "rect", "x": 253, "y": 519, "width": 96, "height": 16}, "region_attributes": {"label": "R F ", "key_type": "value", "formal_key": "answer"}}, {"shape_attributes": {"name": "rect", "x": 226, "y": 544, "width": 157, "height": 18}, "region_attributes": {"label": "Oklahoma City. OK", "key_type": "value", "formal_key": "answer"}}, {"shape_attributes": {"name": "rect", "x": 154, "y": 571, "width": 191, "height": 19}, "region_attributes": {"label": "FAX PHONE NUMBER:", "key_type": "key", "formal_key": "question"}}, {"shape_attributes": {"name": "rect", "x": 349, "y": 572, "width": 123, "height": 19}, "region_attributes": {"label": "(400) 840- 0639", "key_type": "value", "formal_key": "answer"}}, {"shape_attributes": {"name": "rect", "x": 285, "y": 611, "width": 303, "height": 78}, "region_attributes": {"label": "The attached Competitive information was secured in Oklahoma today. If you should have any questions.", "key_type": "value", "formal_key": "answer"}}, {"shape_attributes": {"name": "rect", "x": 154, "y": 709, "width": 479, "height": 34}, "region_attributes": {"label": "If any of these pages are not legible, or you do not receive all pages, please call this office as soon as possible.", "key_type": "value", "formal_key": "others"}}, {"shape_attributes": {"name": "rect", "x": 316, "y": 783, "width": 127, "height": 15}, "region_attributes": {"label": "Mr. R. B. Spell", "key_type": "value", "formal_key": "answer"}}, {"shape_attributes": {"name": "rect", "x": 321, "y": 798, "width": 123, "height": 14}, "region_attributes": {"label": "Mr. S. L. Enloe", "key_type": "value", "formal_key": "answer"}}, {"shape_attributes": {"name": "rect", "x": 286, "y": 691, "width": 207, "height": 17}, "region_attributes": {"label": "please advise. Dick", "key_type": "value", "formal_key": "others"}}]}}}