﻿{"file_name": "91391286.json", "attributes": {"_via_img_metadata": {"regions": [{"shape_attributes": {"name": "rect", "x": 108, "y": 117, "width": 46, "height": 17}, "region_attributes": {"label": "FROM:", "key_type": "key", "formal_key": "question"}}, {"shape_attributes": {"name": "rect", "x": 108, "y": 152, "width": 25, "height": 13}, "region_attributes": {"label": "TO:", "key_type": "key", "formal_key": "question"}}, {"shape_attributes": {"name": "rect", "x": 108, "y": 184, "width": 25, "height": 13}, "region_attributes": {"label": "CC:", "key_type": "key", "formal_key": "question"}}, {"shape_attributes": {"name": "rect", "x": 108, "y": 282, "width": 42, "height": 14}, "region_attributes": {"label": "MEDIA", "key_type": "key", "formal_key": "question"}}, {"shape_attributes": {"name": "rect", "x": 108, "y": 459, "width": 89, "height": 17}, "region_attributes": {"label": "CIRCULATION", "key_type": "key", "formal_key": "question"}}, {"shape_attributes": {"name": "rect", "x": 337, "y": 311, "width": 11, "height": 13}, "region_attributes": {"label": "1", "key_type": "value", "formal_key": "answer"}}, {"shape_attributes": {"name": "rect", "x": 335, "y": 381, "width": 57, "height": 15}, "region_attributes": {"label": "5/19/93", "key_type": "value", "formal_key": "answer"}}, {"shape_attributes": {"name": "rect", "x": 337, "y": 409, "width": 64, "height": 17}, "region_attributes": {"label": "11/30/93", "key_type": "value", "formal_key": "answer"}}, {"shape_attributes": {"name": "rect", "x": 334, "y": 473, "width": 49, "height": 15}, "region_attributes": {"label": "25,461", "key_type": "value", "formal_key": "answer"}}, {"shape_attributes": {"name": "rect", "x": 337, "y": 571, "width": 36, "height": 13}, "region_attributes": {"label": "PACK", "key_type": "value", "formal_key": "answer"}}, {"shape_attributes": {"name": "rect", "x": 366, "y": 655, "width": 78, "height": 39}, "region_attributes": {"label": "2/3/93", "key_type": "value", "formal_key": "answer"}}, {"shape_attributes": {"name": "rect", "x": 554, "y": 761, "width": 50, "height": 20}, "region_attributes": {"label": "8482", "key_type": "value", "formal_key": "answer"}}, {"shape_attributes": {"name": "rect", "x": 581, "y": 797, "width": 45, "height": 17}, "region_attributes": {"label": "1.54", "key_type": "value", "formal_key": "answer"}}, {"shape_attributes": {"name": "rect", "x": 568, "y": 781, "width": 52, "height": 15}, "region_attributes": {"label": "9076", "key_type": "value", "formal_key": "answer"}}, {"shape_attributes": {"name": "rect", "x": 742, "y": 774, "width": 18, "height": 73}, "region_attributes": {"label": "91391286", "key_type": "value", "formal_key": "others"}}, {"shape_attributes": {"name": "rect", "x": 328, "y": 82, "width": 243, "height": 17}, "region_attributes": {"label": "COUPON CODE REGISTRATION FORM", "key_type": "key", "formal_key": "header"}}, {"shape_attributes": {"name": "rect", "x": 161, "y": 117, "width": 84, "height": 15}, "region_attributes": {"label": "THOM SMITH", "key_type": "value", "formal_key": "answer"}}, {"shape_attributes": {"name": "rect", "x": 148, "y": 149, "width": 94, "height": 15}, "region_attributes": {"label": "VINCE LOSITO", "key_type": "value", "formal_key": "answer"}}, {"shape_attributes": {"name": "rect", "x": 145, "y": 180, "width": 446, "height": 18}, "region_attributes": {"label": "T. BAYLIES, L GIORDANO, V. LINDSLEY, M. MCGLYNN, S RAPISARLDI,", "key_type": "value", "formal_key": "answer"}}, {"shape_attributes": {"name": "rect", "x": 589, "y": 165, "width": 70, "height": 29}, "region_attributes": {"label": "B. maj ", "key_type": "value", "formal_key": "others"}}, {"shape_attributes": {"name": "rect", "x": 338, "y": 250, "width": 116, "height": 14}, "region_attributes": {"label": "HARLEY- DAVIDSON", "key_type": "value", "formal_key": "answer"}}, {"shape_attributes": {"name": "rect", "x": 337, "y": 281, "width": 141, "height": 14}, "region_attributes": {"label": "MAGAZINE- HOT ROD", "key_type": "value", "formal_key": "answer"}}, {"shape_attributes": {"name": "rect", "x": 106, "y": 247, "width": 156, "height": 19}, "region_attributes": {"label": "BRANDS(S) APPLICABLE", "key_type": "key", "formal_key": "question"}}, {"shape_attributes": {"name": "rect", "x": 105, "y": 313, "width": 166, "height": 15}, "region_attributes": {"label": "ISSUE FREQUENCY/ YEAR", "key_type": "key", "formal_key": "question"}}, {"shape_attributes": {"name": "rect", "x": 105, "y": 346, "width": 97, "height": 17}, "region_attributes": {"label": "SPACE/ COLOR", "key_type": "key", "formal_key": "question"}}, {"shape_attributes": {"name": "rect", "x": 334, "y": 339, "width": 75, "height": 15}, "region_attributes": {"label": "FULL PAGE", "key_type": "value", "formal_key": "answer"}}, {"shape_attributes": {"name": "rect", "x": 106, "y": 378, "width": 141, "height": 16}, "region_attributes": {"label": "COUPON ISSUE DATE", "key_type": "key", "formal_key": "question"}}, {"shape_attributes": {"name": "rect", "x": 108, "y": 411, "width": 180, "height": 15}, "region_attributes": {"label": "COUPON EXPIRATION DATE", "key_type": "key", "formal_key": "question"}}, {"shape_attributes": {"name": "rect", "x": 106, "y": 507, "width": 160, "height": 17}, "region_attributes": {"label": "GEOGRAPHICAL AREA(S)", "key_type": "key", "formal_key": "question"}}, {"shape_attributes": {"name": "rect", "x": 335, "y": 503, "width": 417, "height": 18}, "region_attributes": {"label": "TOTAL HOUSTON, GALVESTON, MINNEAPOLIS, ST. PAUL, DULUTH", "key_type": "value", "formal_key": "answer"}}, {"shape_attributes": {"name": "rect", "x": 105, "y": 539, "width": 108, "height": 16}, "region_attributes": {"label": "COUPON VALUE", "key_type": "key", "formal_key": "question"}}, {"shape_attributes": {"name": "rect", "x": 334, "y": 541, "width": 121, "height": 15}, "region_attributes": {"label": "$ .75 OFF 1 PACK", "key_type": "value", "formal_key": "answer"}}, {"shape_attributes": {"name": "rect", "x": 106, "y": 573, "width": 150, "height": 15}, "region_attributes": {"label": "PACK AND OR/ CARTOCARTON", "key_type": "key", "formal_key": "question"}}, {"shape_attributes": {"name": "rect", "x": 105, "y": 603, "width": 210, "height": 18}, "region_attributes": {"label": "ADVERTISING CREATIVE THEME", "key_type": "key", "formal_key": "question"}}, {"shape_attributes": {"name": "rect", "x": 338, "y": 606, "width": 63, "height": 15}, "region_attributes": {"label": "BLUE SKY", "key_type": "value", "formal_key": "answer"}}, {"shape_attributes": {"name": "rect", "x": 105, "y": 637, "width": 167, "height": 18}, "region_attributes": {"label": "SIGNATURE OF INITIATOR", "key_type": "key", "formal_key": "question"}}, {"shape_attributes": {"name": "rect", "x": 429, "y": 599, "width": 205, "height": 77}, "region_attributes": {"label": "", "key_type": "value", "formal_key": "answer"}}, {"shape_attributes": {"name": "rect", "x": 108, "y": 670, "width": 103, "height": 16}, "region_attributes": {"label": "DATE INITIATED", "key_type": "key", "formal_key": "question"}}, {"shape_attributes": {"name": "rect", "x": 108, "y": 700, "width": 191, "height": 21}, "region_attributes": {"label": "ANALYTICAL REQUIREMENTS:", "key_type": "key", "formal_key": "header"}}, {"shape_attributes": {"name": "rect", "x": 325, "y": 732, "width": 173, "height": 18}, "region_attributes": {"label": "FOR CONTROL USE ONLY:", "key_type": "key", "formal_key": "question"}}, {"shape_attributes": {"name": "rect", "x": 554, "y": 729, "width": 73, "height": 18}, "region_attributes": {"label": "93- 056", "key_type": "value", "formal_key": "answer"}}, {"shape_attributes": {"name": "rect", "x": 327, "y": 765, "width": 113, "height": 18}, "region_attributes": {"label": "CODE ASSIGNED:", "key_type": "key", "formal_key": "question"}}, {"shape_attributes": {"name": "rect", "x": 325, "y": 784, "width": 97, "height": 14}, "region_attributes": {"label": "JOB NUMBER:", "key_type": "key", "formal_key": "question"}}, {"shape_attributes": {"name": "rect", "x": 325, "y": 799, "width": 129, "height": 15}, "region_attributes": {"label": "EST. REDEMPTION:", "key_type": "key", "formal_key": "question"}}]}}}