﻿{"file_name": "91391310.json", "attributes": {"_via_img_metadata": {"regions": [{"shape_attributes": {"name": "rect", "x": 98, "y": 140, "width": 46, "height": 14}, "region_attributes": {"label": "FROM:", "key_type": "key", "formal_key": "question"}}, {"shape_attributes": {"name": "rect", "x": 101, "y": 169, "width": 21, "height": 14}, "region_attributes": {"label": "TO:", "key_type": "key", "formal_key": "question"}}, {"shape_attributes": {"name": "rect", "x": 99, "y": 201, "width": 22, "height": 14}, "region_attributes": {"label": "CC:", "key_type": "key", "formal_key": "question"}}, {"shape_attributes": {"name": "rect", "x": 101, "y": 302, "width": 41, "height": 17}, "region_attributes": {"label": "MEDIA", "key_type": "key", "formal_key": "question"}}, {"shape_attributes": {"name": "rect", "x": 99, "y": 365, "width": 96, "height": 15}, "region_attributes": {"label": "SPACE/COLOR", "key_type": "key", "formal_key": "question"}}, {"shape_attributes": {"name": "rect", "x": 102, "y": 478, "width": 91, "height": 17}, "region_attributes": {"label": "CIRCULATION", "key_type": "key", "formal_key": "question"}}, {"shape_attributes": {"name": "rect", "x": 149, "y": 137, "width": 78, "height": 15}, "region_attributes": {"label": "M. BORSINI", "key_type": "value", "formal_key": "answer"}}, {"shape_attributes": {"name": "rect", "x": 316, "y": 297, "width": 60, "height": 17}, "region_attributes": {"label": "COUPON", "key_type": "value", "formal_key": "answer"}}, {"shape_attributes": {"name": "rect", "x": 316, "y": 325, "width": 71, "height": 20}, "region_attributes": {"label": "OCR-DEC", "key_type": "value", "formal_key": "answer"}}, {"shape_attributes": {"name": "rect", "x": 317, "y": 395, "width": 56, "height": 14}, "region_attributes": {"label": "10/11/93", "key_type": "value", "formal_key": "answer"}}, {"shape_attributes": {"name": "rect", "x": 317, "y": 427, "width": 47, "height": 15}, "region_attributes": {"label": "6/30/94", "key_type": "value", "formal_key": "answer"}}, {"shape_attributes": {"name": "rect", "x": 317, "y": 522, "width": 67, "height": 18}, "region_attributes": {"label": "NATIONAL", "key_type": "value", "formal_key": "answer"}}, {"shape_attributes": {"name": "rect", "x": 318, "y": 554, "width": 31, "height": 14}, "region_attributes": {"label": "$.50", "key_type": "value", "formal_key": "answer"}}, {"shape_attributes": {"name": "rect", "x": 320, "y": 589, "width": 38, "height": 14}, "region_attributes": {"label": "PACK", "key_type": "value", "formal_key": "answer"}}, {"shape_attributes": {"name": "rect", "x": 320, "y": 684, "width": 46, "height": 17}, "region_attributes": {"label": "8/06/93", "key_type": "value", "formal_key": "answer"}}, {"shape_attributes": {"name": "rect", "x": 561, "y": 770, "width": 61, "height": 25}, "region_attributes": {"label": "8470", "key_type": "value", "formal_key": "answer"}}, {"shape_attributes": {"name": "rect", "x": 581, "y": 795, "width": 35, "height": 17}, "region_attributes": {"label": "916", "key_type": "value", "formal_key": "answer"}}, {"shape_attributes": {"name": "rect", "x": 567, "y": 811, "width": 47, "height": 22}, "region_attributes": {"label": "80%", "key_type": "value", "formal_key": "answer"}}, {"shape_attributes": {"name": "rect", "x": 735, "y": 782, "width": 18, "height": 78}, "region_attributes": {"label": "91391310", "key_type": "value", "formal_key": "others"}}, {"shape_attributes": {"name": "rect", "x": 304, "y": 640, "width": 205, "height": 43}, "region_attributes": {"label": "Marine B", "key_type": "value", "formal_key": "answer"}}, {"shape_attributes": {"name": "rect", "x": 316, "y": 99, "width": 237, "height": 18}, "region_attributes": {"label": "COUPON CODE REGISTRATION FORM", "key_type": "key", "formal_key": "header"}}, {"shape_attributes": {"name": "rect", "x": 137, "y": 169, "width": 95, "height": 14}, "region_attributes": {"label": "VINCE LOSITO", "key_type": "value", "formal_key": "answer"}}, {"shape_attributes": {"name": "rect", "x": 137, "y": 191, "width": 644, "height": 33}, "region_attributes": {"label": "T. BAYLIES, L. GIORDANO V. LINDSLEY, J. SCHNEFF, S. RAPISARLDI, N, DISCENZA E LUNDBERG", "key_type": "value", "formal_key": "answer"}}, {"shape_attributes": {"name": "rect", "x": 313, "y": 229, "width": 199, "height": 19}, "region_attributes": {"label": "HARLEY -DAVIDSON DTS CPNS", "key_type": "key", "formal_key": "header"}}, {"shape_attributes": {"name": "rect", "x": 99, "y": 268, "width": 157, "height": 16}, "region_attributes": {"label": "BRANDS(S) APPLICABLE", "key_type": "key", "formal_key": "question"}}, {"shape_attributes": {"name": "rect", "x": 317, "y": 265, "width": 127, "height": 17}, "region_attributes": {"label": "HARLEY- DAVIDSON", "key_type": "value", "formal_key": "answer"}}, {"shape_attributes": {"name": "rect", "x": 99, "y": 332, "width": 165, "height": 16}, "region_attributes": {"label": "ISSUE FREQUENCY/YEAR", "key_type": "key", "formal_key": "question"}}, {"shape_attributes": {"name": "rect", "x": 101, "y": 395, "width": 138, "height": 16}, "region_attributes": {"label": "COUPON ISSUE DATE", "key_type": "key", "formal_key": "question"}}, {"shape_attributes": {"name": "rect", "x": 101, "y": 427, "width": 175, "height": 18}, "region_attributes": {"label": "COUPON EXPIRATION DATE", "key_type": "key", "formal_key": "question"}}, {"shape_attributes": {"name": "rect", "x": 327, "y": 469, "width": 160, "height": 25}, "region_attributes": {"label": "2,852,100 - 47.200", "key_type": "value", "formal_key": "answer"}}, {"shape_attributes": {"name": "rect", "x": 101, "y": 525, "width": 161, "height": 17}, "region_attributes": {"label": "GEOGRAPHICAL AREA(S)", "key_type": "key", "formal_key": "question"}}, {"shape_attributes": {"name": "rect", "x": 103, "y": 559, "width": 107, "height": 14}, "region_attributes": {"label": "COUPON VALUE", "key_type": "key", "formal_key": "question"}}, {"shape_attributes": {"name": "rect", "x": 105, "y": 589, "width": 148, "height": 17}, "region_attributes": {"label": "PACK AND OR/CARTON", "key_type": "key", "formal_key": "question"}}, {"shape_attributes": {"name": "rect", "x": 105, "y": 620, "width": 203, "height": 17}, "region_attributes": {"label": "ADVERTISING CREATIVE THEME", "key_type": "key", "formal_key": "question"}}, {"shape_attributes": {"name": "rect", "x": 105, "y": 654, "width": 165, "height": 17}, "region_attributes": {"label": "SIGNATURE OF INITIATOR", "key_type": "key", "formal_key": "question"}}, {"shape_attributes": {"name": "rect", "x": 105, "y": 687, "width": 105, "height": 18}, "region_attributes": {"label": "DATE INITIATED", "key_type": "key", "formal_key": "question"}}, {"shape_attributes": {"name": "rect", "x": 103, "y": 718, "width": 192, "height": 18}, "region_attributes": {"label": "ANALYTICAL REQUIREMENTS:", "key_type": "key", "formal_key": "header"}}, {"shape_attributes": {"name": "rect", "x": 321, "y": 749, "width": 174, "height": 18}, "region_attributes": {"label": "FOR CONTROL USE ONLY:", "key_type": "key", "formal_key": "question"}}, {"shape_attributes": {"name": "rect", "x": 321, "y": 781, "width": 118, "height": 18}, "region_attributes": {"label": "CODE ASSIGNED:", "key_type": "key", "formal_key": "question"}}, {"shape_attributes": {"name": "rect", "x": 320, "y": 797, "width": 97, "height": 17}, "region_attributes": {"label": "JOB NUMBER:", "key_type": "key", "formal_key": "question"}}, {"shape_attributes": {"name": "rect", "x": 321, "y": 814, "width": 128, "height": 19}, "region_attributes": {"label": "EST, REDEMPTION:", "key_type": "key", "formal_key": "question"}}]}}}