﻿{"file_name": "91581919.json", "attributes": {"_via_img_metadata": {"regions": [{"shape_attributes": {"name": "rect", "x": 519, "y": 150, "width": 72, "height": 16}, "region_attributes": {"label": "Account", "key_type": "key", "formal_key": "question"}}, {"shape_attributes": {"name": "rect", "x": 521, "y": 199, "width": 60, "height": 12}, "region_attributes": {"label": "Agency", "key_type": "key", "formal_key": "question"}}, {"shape_attributes": {"name": "rect", "x": 407, "y": 213, "width": 27, "height": 15}, "region_attributes": {"label": "SS:", "key_type": "key", "formal_key": "question"}}, {"shape_attributes": {"name": "rect", "x": 105, "y": 433, "width": 42, "height": 21}, "region_attributes": {"label": "Date", "key_type": "key", "formal_key": "question"}}, {"shape_attributes": {"name": "rect", "x": 102, "y": 467, "width": 58, "height": 13}, "region_attributes": {"label": "1/31/88", "key_type": "value", "formal_key": "answer"}}, {"shape_attributes": {"name": "rect", "x": 246, "y": 469, "width": 49, "height": 13}, "region_attributes": {"label": "Insert", "key_type": "value", "formal_key": "answer"}}, {"shape_attributes": {"name": "rect", "x": 395, "y": 684, "width": 61, "height": 22}, "region_attributes": {"label": "Signed", "key_type": "key", "formal_key": "question"}}, {"shape_attributes": {"name": "rect", "x": 737, "y": 825, "width": 25, "height": 75}, "region_attributes": {"label": "91581919", "key_type": "value", "formal_key": "others"}}, {"shape_attributes": {"name": "rect", "x": 458, "y": 650, "width": 150, "height": 70}, "region_attributes": {"label": "", "key_type": "value", "formal_key": "answer"}}, {"shape_attributes": {"name": "rect", "x": 478, "y": 749, "width": 33, "height": 16}, "region_attributes": {"label": "4th", "key_type": "value", "formal_key": "answer"}}, {"shape_attributes": {"name": "rect", "x": 102, "y": 659, "width": 30, "height": 13}, "region_attributes": {"label": "New", "key_type": "value", "formal_key": "answer"}}, {"shape_attributes": {"name": "rect", "x": 138, "y": 657, "width": 48, "height": 15}, "region_attributes": {"label": "Albany", "key_type": "value", "formal_key": "answer"}}, {"shape_attributes": {"name": "rect", "x": 187, "y": 657, "width": 58, "height": 15}, "region_attributes": {"label": "Tribune", "key_type": "value", "formal_key": "others"}}, {"shape_attributes": {"name": "rect", "x": 347, "y": 653, "width": 145, "height": 19}, "region_attributes": {"label": "advertisements.", "key_type": "key", "formal_key": "question"}}, {"shape_attributes": {"name": "rect", "x": 561, "y": 301, "width": 85, "height": 16}, "region_attributes": {"label": "Bookkeeper", "key_type": "value", "formal_key": "answer"}}, {"shape_attributes": {"name": "rect", "x": 126, "y": 40, "width": 126, "height": 45}, "region_attributes": {"label": "MAR 08 RECO", "key_type": "value", "formal_key": "others"}}, {"shape_attributes": {"name": "rect", "x": 281, "y": 108, "width": 236, "height": 19}, "region_attributes": {"label": "AFFIDAVIT OF PERFORMANCE", "key_type": "key", "formal_key": "header"}}, {"shape_attributes": {"name": "rect", "x": 109, "y": 148, "width": 130, "height": 19}, "region_attributes": {"label": "From Newspaper", "key_type": "key", "formal_key": "question"}}, {"shape_attributes": {"name": "rect", "x": 251, "y": 147, "width": 138, "height": 19}, "region_attributes": {"label": "New Albany Tribune", "key_type": "value", "formal_key": "answer"}}, {"shape_attributes": {"name": "rect", "x": 588, "y": 148, "width": 120, "height": 32}, "region_attributes": {"label": "Harley Davidson Cigarettes", "key_type": "value", "formal_key": "answer"}}, {"shape_attributes": {"name": "rect", "x": 590, "y": 196, "width": 180, "height": 15}, "region_attributes": {"label": "Lorillard Media Service", "key_type": "value", "formal_key": "answer"}}, {"shape_attributes": {"name": "rect", "x": 106, "y": 195, "width": 81, "height": 17}, "region_attributes": {"label": "State of", "key_type": "key", "formal_key": "question"}}, {"shape_attributes": {"name": "rect", "x": 111, "y": 226, "width": 82, "height": 18}, "region_attributes": {"label": "County of", "key_type": "key", "formal_key": "question"}}, {"shape_attributes": {"name": "rect", "x": 199, "y": 193, "width": 190, "height": 19}, "region_attributes": {"label": "Indiana )", "key_type": "value", "formal_key": "answer"}}, {"shape_attributes": {"name": "rect", "x": 199, "y": 225, "width": 190, "height": 16}, "region_attributes": {"label": "Floyd )", "key_type": "value", "formal_key": "answer"}}, {"shape_attributes": {"name": "rect", "x": 108, "y": 268, "width": 434, "height": 22}, "region_attributes": {"label": "Before me a Notary Public, personally appeared", "key_type": "key", "formal_key": "question"}}, {"shape_attributes": {"name": "rect", "x": 554, "y": 265, "width": 97, "height": 19}, "region_attributes": {"label": "Holly Inzer", "key_type": "value", "formal_key": "answer"}}, {"shape_attributes": {"name": "rect", "x": 103, "y": 298, "width": 428, "height": 24}, "region_attributes": {"label": "who being duly sworn, says that (he) (she) is", "key_type": "key", "formal_key": "question"}}, {"shape_attributes": {"name": "rect", "x": 105, "y": 331, "width": 594, "height": 54}, "region_attributes": {"label": "of the abovementioned newspaper and that display ads for the above account were made through the aforesaid newspaper during", "key_type": "key", "formal_key": "question"}}, {"shape_attributes": {"name": "rect", "x": 100, "y": 397, "width": 126, "height": 16}, "region_attributes": {"label": "the month of", "key_type": "key", "formal_key": "question"}}, {"shape_attributes": {"name": "rect", "x": 243, "y": 394, "width": 201, "height": 19}, "region_attributes": {"label": "January ,1988", "key_type": "value", "formal_key": "answer"}}, {"shape_attributes": {"name": "rect", "x": 463, "y": 398, "width": 106, "height": 18}, "region_attributes": {"label": "as follows:", "key_type": "key", "formal_key": "question"}}, {"shape_attributes": {"name": "rect", "x": 237, "y": 437, "width": 128, "height": 16}, "region_attributes": {"label": "Column Inches", "key_type": "key", "formal_key": "question"}}, {"shape_attributes": {"name": "rect", "x": 436, "y": 437, "width": 236, "height": 16}, "region_attributes": {"label": "Exclusive advertising for", "key_type": "key", "formal_key": "question"}}, {"shape_attributes": {"name": "rect", "x": 436, "y": 469, "width": 200, "height": 13}, "region_attributes": {"label": "Harley Davidson Cigarettes", "key_type": "value", "formal_key": "answer"}}, {"shape_attributes": {"name": "rect", "x": 102, "y": 558, "width": 564, "height": 87}, "region_attributes": {"label": "We hereby certify charges shown above on dates per attached bill are true and correct as billed to the account in upper right hand corner of the affidavit and are exclusive", "key_type": "key", "formal_key": "question"}}, {"shape_attributes": {"name": "rect", "x": 105, "y": 744, "width": 361, "height": 24}, "region_attributes": {"label": "Sworn to and subscribed before me this", "key_type": "key", "formal_key": "question"}}, {"shape_attributes": {"name": "rect", "x": 515, "y": 750, "width": 60, "height": 16}, "region_attributes": {"label": "day of", "key_type": "key", "formal_key": "question"}}, {"shape_attributes": {"name": "rect", "x": 585, "y": 744, "width": 134, "height": 22}, "region_attributes": {"label": "March ,1988", "key_type": "value", "formal_key": "answer"}}, {"shape_attributes": {"name": "rect", "x": 100, "y": 777, "width": 612, "height": 47}, "region_attributes": {"label": "IN TESTIMONY WHEREOF I have set my hand and seal the day and year aforesaid.", "key_type": "key", "formal_key": "question"}}, {"shape_attributes": {"name": "rect", "x": 102, "y": 840, "width": 211, "height": 22}, "region_attributes": {"label": "MY COMMISSION EXPIRES:", "key_type": "key", "formal_key": "question"}}, {"shape_attributes": {"name": "rect", "x": 349, "y": 838, "width": 287, "height": 39}, "region_attributes": {"label": "2-9-90 Betty J. murphy (Notary Public)", "key_type": "value", "formal_key": "answer"}}]}}}