﻿{"file_name": "91856041_6049.json", "attributes": {"_via_img_metadata": {"regions": [{"shape_attributes": {"name": "rect", "x": 156, "y": 480, "width": 71, "height": 18}, "region_attributes": {"label": "HOURS:", "key_type": "key", "formal_key": "header"}}, {"shape_attributes": {"name": "rect", "x": 158, "y": 606, "width": 92, "height": 20}, "region_attributes": {"label": "SPECIFICS:", "key_type": "key", "formal_key": "header"}}, {"shape_attributes": {"name": "rect", "x": 232, "y": 659, "width": 14, "height": 14}, "region_attributes": {"label": "\u2611", "key_type": "value", "formal_key": "answer"}}, {"shape_attributes": {"name": "rect", "x": 230, "y": 715, "width": 17, "height": 14}, "region_attributes": {"label": "\u2611", "key_type": "value", "formal_key": "answer"}}, {"shape_attributes": {"name": "rect", "x": 82, "y": 899, "width": 18, "height": 10}, "region_attributes": {"label": "0006", "key_type": "value", "formal_key": "others"}}, {"shape_attributes": {"name": "rect", "x": 661, "y": 772, "width": 21, "height": 67}, "region_attributes": {"label": "91856041", "key_type": "value", "formal_key": "others"}}, {"shape_attributes": {"name": "rect", "x": 156, "y": 225, "width": 471, "height": 30}, "region_attributes": {"label": "SPECIAL EVENT INFORMATION SHEET", "key_type": "key", "formal_key": "header"}}, {"shape_attributes": {"name": "rect", "x": 154, "y": 324, "width": 227, "height": 18}, "region_attributes": {"label": "GENERAL INFORMATION:", "key_type": "key", "formal_key": "header"}}, {"shape_attributes": {"name": "rect", "x": 158, "y": 360, "width": 83, "height": 17}, "region_attributes": {"label": "EVENT NAME:", "key_type": "key", "formal_key": "question"}}, {"shape_attributes": {"name": "rect", "x": 156, "y": 387, "width": 110, "height": 18}, "region_attributes": {"label": "EVENT LOCATION:", "key_type": "key", "formal_key": "question"}}, {"shape_attributes": {"name": "rect", "x": 158, "y": 416, "width": 80, "height": 17}, "region_attributes": {"label": "EVENT DATES:", "key_type": "key", "formal_key": "question"}}, {"shape_attributes": {"name": "rect", "x": 282, "y": 356, "width": 153, "height": 16}, "region_attributes": {"label": "The USO Spring Festival", "key_type": "value", "formal_key": "answer"}}, {"shape_attributes": {"name": "rect", "x": 284, "y": 385, "width": 213, "height": 14}, "region_attributes": {"label": "42nd- 57th Street, New York NY", "key_type": "value", "formal_key": "answer"}}, {"shape_attributes": {"name": "rect", "x": 282, "y": 413, "width": 82, "height": 14}, "region_attributes": {"label": "June 3, 1995", "key_type": "value", "formal_key": "answer"}}, {"shape_attributes": {"name": "rect", "x": 156, "y": 513, "width": 108, "height": 20}, "region_attributes": {"label": "MONDAY- FRIDAY", "key_type": "key", "formal_key": "question"}}, {"shape_attributes": {"name": "rect", "x": 158, "y": 542, "width": 116, "height": 20}, "region_attributes": {"label": "SATURDAY- SUNDAY", "key_type": "key", "formal_key": "question"}}, {"shape_attributes": {"name": "rect", "x": 286, "y": 542, "width": 68, "height": 18}, "region_attributes": {"label": "llam- 6pm", "key_type": "value", "formal_key": "answer"}}, {"shape_attributes": {"name": "rect", "x": 159, "y": 631, "width": 113, "height": 16}, "region_attributes": {"label": "check applicable box(es):", "key_type": "key", "formal_key": "question"}}, {"shape_attributes": {"name": "rect", "x": 249, "y": 656, "width": 91, "height": 17}, "region_attributes": {"label": "# OF BOOTH(S)", "key_type": "key", "formal_key": "question"}}, {"shape_attributes": {"name": "rect", "x": 232, "y": 686, "width": 152, "height": 18}, "region_attributes": {"label": "\u2610 SAMPLING & PREMIUMS", "key_type": "key", "formal_key": "question"}}, {"shape_attributes": {"name": "rect", "x": 247, "y": 715, "width": 99, "height": 15}, "region_attributes": {"label": "PREMIUMS ONLY", "key_type": "key", "formal_key": "question"}}, {"shape_attributes": {"name": "rect", "x": 464, "y": 655, "width": 71, "height": 16}, "region_attributes": {"label": "\u2610 SIGNAGE", "key_type": "key", "formal_key": "question"}}, {"shape_attributes": {"name": "rect", "x": 464, "y": 683, "width": 86, "height": 18}, "region_attributes": {"label": "\u2610 MUSIC VAN", "key_type": "key", "formal_key": "question"}}, {"shape_attributes": {"name": "rect", "x": 465, "y": 714, "width": 95, "height": 15}, "region_attributes": {"label": "\u2610 RACING CAR", "key_type": "key", "formal_key": "question"}}, {"shape_attributes": {"name": "rect", "x": 159, "y": 778, "width": 250, "height": 18}, "region_attributes": {"label": "SUPERVISOR INFORMATION:", "key_type": "key", "formal_key": "header"}}, {"shape_attributes": {"name": "rect", "x": 156, "y": 813, "width": 190, "height": 18}, "region_attributes": {"label": "NAME OF ALLWAYS SUPERVISOR:", "key_type": "key", "formal_key": "question"}}, {"shape_attributes": {"name": "rect", "x": 376, "y": 813, "width": 85, "height": 17}, "region_attributes": {"label": "Jerome Curry", "key_type": "value", "formal_key": "answer"}}, {"shape_attributes": {"name": "rect", "x": 159, "y": 844, "width": 101, "height": 15}, "region_attributes": {"label": "PHONE NUMBER", "key_type": "key", "formal_key": "question"}}, {"shape_attributes": {"name": "rect", "x": 275, "y": 839, "width": 97, "height": 16}, "region_attributes": {"label": "(201) 923-9208 ", "key_type": "value", "formal_key": "answer"}}, {"shape_attributes": {"name": "rect", "x": 390, "y": 841, "width": 102, "height": 15}, "region_attributes": {"label": "BEEPER NUMBER:", "key_type": "key", "formal_key": "question"}}, {"shape_attributes": {"name": "rect", "x": 514, "y": 839, "width": 91, "height": 15}, "region_attributes": {"label": "(201) 698- 780", "key_type": "value", "formal_key": "answer"}}, {"shape_attributes": {"name": "rect", "x": 106, "y": 77, "width": 551, "height": 85}, "region_attributes": {"label": "Newport pleasure", "key_type": "key", "formal_key": "header"}}]}}}