﻿{"file_name": "91903177.json", "attributes": {"_via_img_metadata": {"regions": [{"shape_attributes": {"name": "rect", "x": 96, "y": 127, "width": 24, "height": 14}, "region_attributes": {"label": "TO:", "key_type": "key", "formal_key": "question"}}, {"shape_attributes": {"name": "rect", "x": 96, "y": 154, "width": 42, "height": 15}, "region_attributes": {"label": "FROM:", "key_type": "key", "formal_key": "question"}}, {"shape_attributes": {"name": "rect", "x": 317, "y": 553, "width": 42, "height": 15}, "region_attributes": {"label": "ITEMS", "key_type": "key", "formal_key": "header"}}, {"shape_attributes": {"name": "rect", "x": 317, "y": 649, "width": 45, "height": 11}, "region_attributes": {"label": "URBAN", "key_type": "key", "formal_key": "question"}}, {"shape_attributes": {"name": "rect", "x": 328, "y": 744, "width": 29, "height": 11}, "region_attributes": {"label": "198\u2013", "key_type": "key", "formal_key": "question"}}, {"shape_attributes": {"name": "rect", "x": 626, "y": 915, "width": 60, "height": 15}, "region_attributes": {"label": "09-Apr-96", "key_type": "value", "formal_key": "others"}}, {"shape_attributes": {"name": "rect", "x": 675, "y": 763, "width": 17, "height": 67}, "region_attributes": {"label": "91903177", "key_type": "value", "formal_key": "others"}}, {"shape_attributes": {"name": "rect", "x": 78, "y": 916, "width": 54, "height": 17}, "region_attributes": {"label": "REQFORM", "key_type": "value", "formal_key": "others"}}, {"shape_attributes": {"name": "rect", "x": 229, "y": 126, "width": 88, "height": 15}, "region_attributes": {"label": "K. A. SPARROW", "key_type": "value", "formal_key": "answer"}}, {"shape_attributes": {"name": "rect", "x": 504, "y": 127, "width": 82, "height": 14}, "region_attributes": {"label": "DATE TO NYO:", "key_type": "key", "formal_key": "question"}}, {"shape_attributes": {"name": "rect", "x": 96, "y": 180, "width": 99, "height": 16}, "region_attributes": {"label": "DIV. NAME/ NO:", "key_type": "key", "formal_key": "question"}}, {"shape_attributes": {"name": "rect", "x": 282, "y": 235, "width": 196, "height": 15}, "region_attributes": {"label": "SPECIAL EVENT REQUEST FORM", "key_type": "key", "formal_key": "header"}}, {"shape_attributes": {"name": "rect", "x": 94, "y": 289, "width": 107, "height": 15}, "region_attributes": {"label": "NAME OF EVENT:", "key_type": "key", "formal_key": "question"}}, {"shape_attributes": {"name": "rect", "x": 94, "y": 314, "width": 110, "height": 16}, "region_attributes": {"label": "* DATE OF EVENT:", "key_type": "key", "formal_key": "question"}}, {"shape_attributes": {"name": "rect", "x": 94, "y": 369, "width": 177, "height": 14}, "region_attributes": {"label": "SAMPLES/ ITEMS REQUIRED:", "key_type": "key", "formal_key": "question"}}, {"shape_attributes": {"name": "rect", "x": 286, "y": 369, "width": 189, "height": 15}, "region_attributes": {"label": "SAMPLE 10'S (400 PACKS PER CASE)", "key_type": "value", "formal_key": "answer"}}, {"shape_attributes": {"name": "rect", "x": 317, "y": 422, "width": 55, "height": 14}, "region_attributes": {"label": "# CASES", "key_type": "key", "formal_key": "header"}}, {"shape_attributes": {"name": "rect", "x": 94, "y": 448, "width": 81, "height": 14}, "region_attributes": {"label": "NEWPORT K. S.", "key_type": "key", "formal_key": "question"}}, {"shape_attributes": {"name": "rect", "x": 94, "y": 462, "width": 88, "height": 14}, "region_attributes": {"label": "NEWPORT 100'S", "key_type": "key", "formal_key": "question"}}, {"shape_attributes": {"name": "rect", "x": 95, "y": 475, "width": 106, "height": 14}, "region_attributes": {"label": "NEWPORT LTS K. S.", "key_type": "key", "formal_key": "question"}}, {"shape_attributes": {"name": "rect", "x": 92, "y": 489, "width": 108, "height": 14}, "region_attributes": {"label": "NEWPORT LTS. 100", "key_type": "key", "formal_key": "question"}}, {"shape_attributes": {"name": "rect", "x": 317, "y": 450, "width": 69, "height": 15}, "region_attributes": {"label": "KENT III K. S.", "key_type": "key", "formal_key": "question"}}, {"shape_attributes": {"name": "rect", "x": 317, "y": 462, "width": 70, "height": 15}, "region_attributes": {"label": "KENT III 100", "key_type": "key", "formal_key": "question"}}, {"shape_attributes": {"name": "rect", "x": 317, "y": 475, "width": 56, "height": 14}, "region_attributes": {"label": "TRUE K. S.", "key_type": "key", "formal_key": "question"}}, {"shape_attributes": {"name": "rect", "x": 317, "y": 489, "width": 55, "height": 14}, "region_attributes": {"label": "KENT K. S.", "key_type": "key", "formal_key": "question"}}, {"shape_attributes": {"name": "rect", "x": 318, "y": 503, "width": 54, "height": 13}, "region_attributes": {"label": "KENT 100", "key_type": "key", "formal_key": "question"}}, {"shape_attributes": {"name": "rect", "x": 500, "y": 450, "width": 96, "height": 14}, "region_attributes": {"label": "KENT GL LTS K S.", "key_type": "key", "formal_key": "question"}}, {"shape_attributes": {"name": "rect", "x": 501, "y": 464, "width": 70, "height": 13}, "region_attributes": {"label": "KENT GL 100", "key_type": "key", "formal_key": "question"}}, {"shape_attributes": {"name": "rect", "x": 499, "y": 553, "width": 139, "height": 17}, "region_attributes": {"label": "QUANTITY REQUIRED", "key_type": "key", "formal_key": "question"}}, {"shape_attributes": {"name": "rect", "x": 316, "y": 581, "width": 106, "height": 15}, "region_attributes": {"label": "WATER BOTTLES", "key_type": "key", "formal_key": "question"}}, {"shape_attributes": {"name": "rect", "x": 317, "y": 609, "width": 109, "height": 15}, "region_attributes": {"label": "BANNER(S) (4 x 8)", "key_type": "key", "formal_key": "question"}}, {"shape_attributes": {"name": "rect", "x": 316, "y": 634, "width": 110, "height": 16}, "region_attributes": {"label": "GENERAL MARKET", "key_type": "key", "formal_key": "question"}}, {"shape_attributes": {"name": "rect", "x": 314, "y": 662, "width": 122, "height": 15}, "region_attributes": {"label": "SPANISH LANGUAGE", "key_type": "key", "formal_key": "question"}}, {"shape_attributes": {"name": "rect", "x": 92, "y": 714, "width": 54, "height": 16}, "region_attributes": {"label": "SHIP TO:", "key_type": "key", "formal_key": "header"}}, {"shape_attributes": {"name": "rect", "x": 94, "y": 742, "width": 176, "height": 15}, "region_attributes": {"label": "CUSTOMER SHIPPING NUMBER", "key_type": "key", "formal_key": "question"}}, {"shape_attributes": {"name": "rect", "x": 92, "y": 782, "width": 74, "height": 15}, "region_attributes": {"label": "NYO ONLY:", "key_type": "key", "formal_key": "header"}}, {"shape_attributes": {"name": "rect", "x": 94, "y": 809, "width": 263, "height": 15}, "region_attributes": {"label": "DATE FORWARDED PROMOTION SERVICES:", "key_type": "key", "formal_key": "question"}}, {"shape_attributes": {"name": "rect", "x": 91, "y": 862, "width": 390, "height": 16}, "region_attributes": {"label": "* PLEASE ALLOW 6 WEEKS FOR PROCESSING YOUR REQUEST.", "key_type": "value", "formal_key": "others"}}]}}}