﻿{"file_name": "91914407.json", "attributes": {"_via_img_metadata": {"regions": [{"shape_attributes": {"name": "rect", "x": 196, "y": 38, "width": 24, "height": 17}, "region_attributes": {"label": "1", "key_type": "value", "formal_key": "others"}}, {"shape_attributes": {"name": "rect", "x": 189, "y": 163, "width": 63, "height": 15}, "region_attributes": {"label": "COMPANY", "key_type": "key", "formal_key": "header"}}, {"shape_attributes": {"name": "rect", "x": 131, "y": 162, "width": 60, "height": 15}, "region_attributes": {"label": "TOBACCO", "key_type": "key", "formal_key": "header"}}, {"shape_attributes": {"name": "rect", "x": 41, "y": 106, "width": 222, "height": 74}, "region_attributes": {"label": "Lorillard", "key_type": "key", "formal_key": "header"}}, {"shape_attributes": {"name": "rect", "x": 63, "y": 321, "width": 47, "height": 18}, "region_attributes": {"label": "DATE:", "key_type": "key", "formal_key": "question"}}, {"shape_attributes": {"name": "rect", "x": 61, "y": 441, "width": 52, "height": 20}, "region_attributes": {"label": "NAME:", "key_type": "key", "formal_key": "question"}}, {"shape_attributes": {"name": "rect", "x": 61, "y": 480, "width": 64, "height": 22}, "region_attributes": {"label": "OFFICE:", "key_type": "key", "formal_key": "question"}}, {"shape_attributes": {"name": "rect", "x": 541, "y": 327, "width": 20, "height": 18}, "region_attributes": {"label": "14", "key_type": "value", "formal_key": "answer"}}, {"shape_attributes": {"name": "rect", "x": 59, "y": 626, "width": 53, "height": 17}, "region_attributes": {"label": "NAME:", "key_type": "key", "formal_key": "question"}}, {"shape_attributes": {"name": "rect", "x": 57, "y": 726, "width": 102, "height": 21}, "region_attributes": {"label": "COMMENTS:", "key_type": "key", "formal_key": "question"}}, {"shape_attributes": {"name": "rect", "x": 246, "y": 811, "width": 27, "height": 18}, "region_attributes": {"label": "CC:", "key_type": "key", "formal_key": "question"}}, {"shape_attributes": {"name": "rect", "x": 698, "y": 845, "width": 17, "height": 73}, "region_attributes": {"label": "91914407", "key_type": "value", "formal_key": "others"}}, {"shape_attributes": {"name": "rect", "x": 59, "y": 39, "width": 113, "height": 17}, "region_attributes": {"label": "06/ 29/ 94 08: 25", "key_type": "value", "formal_key": "others"}}, {"shape_attributes": {"name": "rect", "x": 363, "y": 35, "width": 255, "height": 18}, "region_attributes": {"label": "LORILLARD 25 JAX SALES GENERAL NY", "key_type": "value", "formal_key": "others"}}, {"shape_attributes": {"name": "rect", "x": 656, "y": 35, "width": 36, "height": 14}, "region_attributes": {"label": "001", "key_type": "value", "formal_key": "others"}}, {"shape_attributes": {"name": "rect", "x": 82, "y": 180, "width": 471, "height": 18}, "region_attributes": {"label": "9143 PHILLIPS HWY. SUITE 120. JACKSONVILLE, FL 32256 TELEPHONE (904) 464 0800 FAX (904) 464 744", "key_type": "value", "formal_key": "others"}}, {"shape_attributes": {"name": "rect", "x": 214, "y": 246, "width": 338, "height": 33}, "region_attributes": {"label": "FACSIMILE COVER PAGE", "key_type": "key", "formal_key": "header"}}, {"shape_attributes": {"name": "rect", "x": 163, "y": 325, "width": 65, "height": 15}, "region_attributes": {"label": "6- 29- 94", "key_type": "value", "formal_key": "answer"}}, {"shape_attributes": {"name": "rect", "x": 372, "y": 321, "width": 116, "height": 20}, "region_attributes": {"label": "TOTAL PAGES", "key_type": "key", "formal_key": "question"}}, {"shape_attributes": {"name": "rect", "x": 372, "y": 344, "width": 227, "height": 20}, "region_attributes": {"label": "(INCLUDING COVER SHEET)", "key_type": "value", "formal_key": "others"}}, {"shape_attributes": {"name": "rect", "x": 60, "y": 401, "width": 298, "height": 21}, "region_attributes": {"label": "PLEASE DELIVER TRANSMISSION TO:", "key_type": "key", "formal_key": "header"}}, {"shape_attributes": {"name": "rect", "x": 190, "y": 441, "width": 124, "height": 18}, "region_attributes": {"label": "Mr. Al Giacoio", "key_type": "value", "formal_key": "answer"}}, {"shape_attributes": {"name": "rect", "x": 60, "y": 524, "width": 177, "height": 21}, "region_attributes": {"label": "FAX PHONE NUMBER:", "key_type": "key", "formal_key": "question"}}, {"shape_attributes": {"name": "rect", "x": 59, "y": 582, "width": 219, "height": 23}, "region_attributes": {"label": "THIS DOCUMENT IS FROM:", "key_type": "key", "formal_key": "header"}}, {"shape_attributes": {"name": "rect", "x": 215, "y": 627, "width": 141, "height": 20}, "region_attributes": {"label": "Fred Paternostro", "key_type": "value", "formal_key": "answer"}}, {"shape_attributes": {"name": "rect", "x": 56, "y": 666, "width": 220, "height": 22}, "region_attributes": {"label": "FAX TELEPHONE NUMBER:", "key_type": "key", "formal_key": "question"}}, {"shape_attributes": {"name": "rect", "x": 282, "y": 669, "width": 115, "height": 21}, "region_attributes": {"label": "(904) 464- 0744", "key_type": "value", "formal_key": "answer"}}, {"shape_attributes": {"name": "rect", "x": 207, "y": 728, "width": 374, "height": 20}, "region_attributes": {"label": "The attached was obtained from Mackoul Dist.", "key_type": "value", "formal_key": "answer"}}, {"shape_attributes": {"name": "rect", "x": 281, "y": 810, "width": 87, "height": 21}, "region_attributes": {"label": "R. E. KLEIN", "key_type": "value", "formal_key": "answer"}}, {"shape_attributes": {"name": "rect", "x": 56, "y": 911, "width": 620, "height": 46}, "region_attributes": {"label": "IF ANY OF THESE PAGES ARE NOT LEGIBLE OR YOU DO NOT RECEIVE ALL OF THIS TRANSMISSION, PLEASE CALL (904) 464 0800 AS SOON AS POSSIBLE.", "key_type": "value", "formal_key": "others"}}]}}}