﻿{"file_name": "91939637.json", "attributes": {"_via_img_metadata": {"regions": [{"shape_attributes": {"name": "rect", "x": 55, "y": 108, "width": 28, "height": 18}, "region_attributes": {"label": "TO:", "key_type": "key", "formal_key": "question"}}, {"shape_attributes": {"name": "rect", "x": 55, "y": 148, "width": 50, "height": 18}, "region_attributes": {"label": "FROM:", "key_type": "key", "formal_key": "question"}}, {"shape_attributes": {"name": "rect", "x": 528, "y": 111, "width": 45, "height": 15}, "region_attributes": {"label": "DATE", "key_type": "key", "formal_key": "question"}}, {"shape_attributes": {"name": "rect", "x": 277, "y": 409, "width": 66, "height": 15}, "region_attributes": {"label": "COUNTER", "key_type": "key", "formal_key": "question"}}, {"shape_attributes": {"name": "rect", "x": 289, "y": 463, "width": 53, "height": 13}, "region_attributes": {"label": "POSTER", "key_type": "key", "formal_key": "question"}}, {"shape_attributes": {"name": "rect", "x": 296, "y": 435, "width": 45, "height": 15}, "region_attributes": {"label": "FLOOR", "key_type": "key", "formal_key": "question"}}, {"shape_attributes": {"name": "rect", "x": 161, "y": 495, "width": 40, "height": 17}, "region_attributes": {"label": "DATE:", "key_type": "key", "formal_key": "question"}}, {"shape_attributes": {"name": "rect", "x": 203, "y": 497, "width": 38, "height": 12}, "region_attributes": {"label": "FROM", "key_type": "value", "formal_key": "answer"}}, {"shape_attributes": {"name": "rect", "x": 349, "y": 498, "width": 27, "height": 10}, "region_attributes": {"label": "TO", "key_type": "value", "formal_key": "answer"}}, {"shape_attributes": {"name": "rect", "x": 259, "y": 281, "width": 37, "height": 13}, "region_attributes": {"label": "TRUE", "key_type": "value", "formal_key": "answer"}}, {"shape_attributes": {"name": "rect", "x": 394, "y": 711, "width": 56, "height": 15}, "region_attributes": {"label": "PACKING", "key_type": "key", "formal_key": "header"}}, {"shape_attributes": {"name": "rect", "x": 150, "y": 713, "width": 60, "height": 12}, "region_attributes": {"label": "PACKING", "key_type": "key", "formal_key": "header"}}, {"shape_attributes": {"name": "rect", "x": 349, "y": 666, "width": 35, "height": 17}, "region_attributes": {"label": "TRUE", "key_type": "key", "formal_key": "question"}}, {"shape_attributes": {"name": "rect", "x": 61, "y": 834, "width": 93, "height": 12}, "region_attributes": {"label": "MERCHANDISE:", "key_type": "key", "formal_key": "header"}}, {"shape_attributes": {"name": "rect", "x": 570, "y": 895, "width": 30, "height": 13}, "region_attributes": {"label": "Date:", "key_type": "key", "formal_key": "question"}}, {"shape_attributes": {"name": "rect", "x": 643, "y": 784, "width": 27, "height": 68}, "region_attributes": {"label": "91939637", "key_type": "value", "formal_key": "others"}}, {"shape_attributes": {"name": "rect", "x": 183, "y": 184, "width": 360, "height": 47}, "region_attributes": {"label": "TRUE $3.00 CARTON COUPON PROMOTION", "key_type": "key", "formal_key": "header"}}, {"shape_attributes": {"name": "rect", "x": 103, "y": 254, "width": 151, "height": 15}, "region_attributes": {"label": "PROMOTIONAL PERIOD:", "key_type": "key", "formal_key": "question"}}, {"shape_attributes": {"name": "rect", "x": 128, "y": 266, "width": 123, "height": 15}, "region_attributes": {"label": "CONSUMER OFFER:", "key_type": "key", "formal_key": "question"}}, {"shape_attributes": {"name": "rect", "x": 135, "y": 281, "width": 119, "height": 13}, "region_attributes": {"label": "DISPLAY BRANDS:", "key_type": "key", "formal_key": "question"}}, {"shape_attributes": {"name": "rect", "x": 110, "y": 292, "width": 143, "height": 17}, "region_attributes": {"label": "DISPLAY AGREEMENT:", "key_type": "key", "formal_key": "question"}}, {"shape_attributes": {"name": "rect", "x": 264, "y": 252, "width": 90, "height": 17}, "region_attributes": {"label": "May- June 1992", "key_type": "value", "formal_key": "answer"}}, {"shape_attributes": {"name": "rect", "x": 261, "y": 267, "width": 231, "height": 15}, "region_attributes": {"label": "$3 Off Store Redeemable Carton Coupon", "key_type": "value", "formal_key": "answer"}}, {"shape_attributes": {"name": "rect", "x": 261, "y": 292, "width": 366, "height": 44}, "region_attributes": {"label": "Lorillard Representative will supply all display materials and assemble display. Display containing deals will be placed on a self- service basis for a two- week period.", "key_type": "value", "formal_key": "answer"}}, {"shape_attributes": {"name": "rect", "x": 148, "y": 352, "width": 212, "height": 17}, "region_attributes": {"label": "AUTHORIZATION FOR PLACEMENT", "key_type": "value", "formal_key": "others"}}, {"shape_attributes": {"name": "rect", "x": 392, "y": 377, "width": 88, "height": 17}, "region_attributes": {"label": "NO. CARTONS", "key_type": "key", "formal_key": "question"}}, {"shape_attributes": {"name": "rect", "x": 251, "y": 379, "width": 92, "height": 15}, "region_attributes": {"label": "TYPE DISPLAY", "key_type": "key", "formal_key": "header"}}, {"shape_attributes": {"name": "rect", "x": 485, "y": 462, "width": 90, "height": 17}, "region_attributes": {"label": "\u2611 if approved)", "key_type": "value", "formal_key": "others"}}, {"shape_attributes": {"name": "rect", "x": 58, "y": 543, "width": 154, "height": 15}, "region_attributes": {"label": "STORES PARTICIPATING:", "key_type": "key", "formal_key": "question"}}, {"shape_attributes": {"name": "rect", "x": 61, "y": 628, "width": 602, "height": 29}, "region_attributes": {"label": "THE FOLLOWING QUANTITY OF TRUE CARTONS MUST BE AVAILABLE FOR THE LORILLARD SALES REPRESENTATIVE TO ASSEMBLE THE DISPLAY ON THE DATE INDICATED ABOVE,", "key_type": "value", "formal_key": "others"}}, {"shape_attributes": {"name": "rect", "x": 254, "y": 698, "width": 83, "height": 28}, "region_attributes": {"label": "NUMBER OF CARTONS", "key_type": "key", "formal_key": "question"}}, {"shape_attributes": {"name": "rect", "x": 510, "y": 698, "width": 81, "height": 26}, "region_attributes": {"label": "NUMBER OF CARTONS", "key_type": "key", "formal_key": "question"}}, {"shape_attributes": {"name": "rect", "x": 141, "y": 739, "width": 73, "height": 15}, "region_attributes": {"label": "FILTER K.S.", "key_type": "key", "formal_key": "question"}}, {"shape_attributes": {"name": "rect", "x": 140, "y": 766, "width": 79, "height": 15}, "region_attributes": {"label": "FILTER 100's", "key_type": "key", "formal_key": "question"}}, {"shape_attributes": {"name": "rect", "x": 145, "y": 792, "width": 69, "height": 24}, "region_attributes": {"label": "BOX 80's WHERE AVAILABLE", "key_type": "key", "formal_key": "question"}}, {"shape_attributes": {"name": "rect", "x": 379, "y": 739, "width": 91, "height": 15}, "region_attributes": {"label": "MENTHOL K.S.", "key_type": "key", "formal_key": "question"}}, {"shape_attributes": {"name": "rect", "x": 375, "y": 766, "width": 97, "height": 15}, "region_attributes": {"label": "MENTHOL 100's", "key_type": "key", "formal_key": "question"}}, {"shape_attributes": {"name": "rect", "x": 387, "y": 792, "width": 72, "height": 22}, "region_attributes": {"label": "BOX 100's (WHERE AVAILABLE)", "key_type": "key", "formal_key": "question"}}, {"shape_attributes": {"name": "rect", "x": 105, "y": 854, "width": 263, "height": 13}, "region_attributes": {"label": "WILL BE ARBITRARILY SHIPPED TO STORE.", "key_type": "key", "formal_key": "question"}}, {"shape_attributes": {"name": "rect", "x": 105, "y": 872, "width": 219, "height": 15}, "region_attributes": {"label": "ORDER THROUGH YOUR SUPPLIER.", "key_type": "key", "formal_key": "question"}}, {"shape_attributes": {"name": "rect", "x": 61, "y": 899, "width": 80, "height": 15}, "region_attributes": {"label": "Authorized by:", "key_type": "key", "formal_key": "question"}}]}}}