﻿{"file_name": "91974562.json", "attributes": {"_via_img_metadata": {"regions": [{"shape_attributes": {"name": "rect", "x": 106, "y": 170, "width": 41, "height": 15}, "region_attributes": {"label": "FROM:", "key_type": "key", "formal_key": "question"}}, {"shape_attributes": {"name": "rect", "x": 106, "y": 203, "width": 21, "height": 13}, "region_attributes": {"label": "TO:", "key_type": "key", "formal_key": "question"}}, {"shape_attributes": {"name": "rect", "x": 108, "y": 233, "width": 21, "height": 15}, "region_attributes": {"label": "CC:", "key_type": "key", "formal_key": "question"}}, {"shape_attributes": {"name": "rect", "x": 300, "y": 295, "width": 35, "height": 14}, "region_attributes": {"label": "KENT", "key_type": "value", "formal_key": "answer"}}, {"shape_attributes": {"name": "rect", "x": 358, "y": 358, "width": 8, "height": 13}, "region_attributes": {"label": "1", "key_type": "value", "formal_key": "answer"}}, {"shape_attributes": {"name": "rect", "x": 108, "y": 325, "width": 38, "height": 14}, "region_attributes": {"label": "MEDIA", "key_type": "key", "formal_key": "question"}}, {"shape_attributes": {"name": "rect", "x": 105, "y": 489, "width": 78, "height": 15}, "region_attributes": {"label": "CIRCULATION", "key_type": "key", "formal_key": "question"}}, {"shape_attributes": {"name": "rect", "x": 525, "y": 774, "width": 61, "height": 25}, "region_attributes": {"label": "00862", "key_type": "value", "formal_key": "answer"}}, {"shape_attributes": {"name": "rect", "x": 538, "y": 797, "width": 36, "height": 15}, "region_attributes": {"label": "490", "key_type": "value", "formal_key": "answer"}}, {"shape_attributes": {"name": "rect", "x": 543, "y": 811, "width": 39, "height": 17}, "region_attributes": {"label": "890", "key_type": "value", "formal_key": "answer"}}, {"shape_attributes": {"name": "rect", "x": 675, "y": 809, "width": 18, "height": 70}, "region_attributes": {"label": "91974562", "key_type": "value", "formal_key": "others"}}, {"shape_attributes": {"name": "rect", "x": 303, "y": 142, "width": 216, "height": 16}, "region_attributes": {"label": "COUPON CODE REGISTRATION FORM", "key_type": "key", "formal_key": "header"}}, {"shape_attributes": {"name": "rect", "x": 155, "y": 172, "width": 74, "height": 14}, "region_attributes": {"label": "THOM SMITH", "key_type": "value", "formal_key": "answer"}}, {"shape_attributes": {"name": "rect", "x": 141, "y": 203, "width": 82, "height": 14}, "region_attributes": {"label": "VINCE LOSITO", "key_type": "value", "formal_key": "answer"}}, {"shape_attributes": {"name": "rect", "x": 141, "y": 232, "width": 514, "height": 17}, "region_attributes": {"label": "D. WEST, L. GIORDANO, V. LINDSLEY, A. SADOVNICK S. RAPISARLDI B. DAVIN. A. Pasheluk", "key_type": "value", "formal_key": "answer"}}, {"shape_attributes": {"name": "rect", "x": 300, "y": 264, "width": 358, "height": 19}, "region_attributes": {"label": "KENT HEAVY UP TEST DIRECT MAIL CPNS New Names", "key_type": "value", "formal_key": "others"}}, {"shape_attributes": {"name": "rect", "x": 106, "y": 295, "width": 140, "height": 15}, "region_attributes": {"label": "BRANDS(S) APPLICABLE", "key_type": "key", "formal_key": "question"}}, {"shape_attributes": {"name": "rect", "x": 300, "y": 325, "width": 77, "height": 14}, "region_attributes": {"label": "DIRECT MAIL", "key_type": "value", "formal_key": "answer"}}, {"shape_attributes": {"name": "rect", "x": 105, "y": 355, "width": 145, "height": 17}, "region_attributes": {"label": "ISSUE FREQUENCY/ YEAR", "key_type": "key", "formal_key": "question"}}, {"shape_attributes": {"name": "rect", "x": 106, "y": 387, "width": 83, "height": 14}, "region_attributes": {"label": "SPACE/ COLOR", "key_type": "key", "formal_key": "question"}}, {"shape_attributes": {"name": "rect", "x": 106, "y": 416, "width": 123, "height": 15}, "region_attributes": {"label": "COUPON ISSUE DATE", "key_type": "key", "formal_key": "question"}}, {"shape_attributes": {"name": "rect", "x": 105, "y": 444, "width": 156, "height": 16}, "region_attributes": {"label": "COUPON EXPIRATION DATE", "key_type": "key", "formal_key": "question"}}, {"shape_attributes": {"name": "rect", "x": 302, "y": 416, "width": 45, "height": 15}, "region_attributes": {"label": "10/ 13/ 95", "key_type": "value", "formal_key": "answer"}}, {"shape_attributes": {"name": "rect", "x": 300, "y": 446, "width": 46, "height": 15}, "region_attributes": {"label": "12/ 17/ 95", "key_type": "value", "formal_key": "answer"}}, {"shape_attributes": {"name": "rect", "x": 105, "y": 535, "width": 140, "height": 15}, "region_attributes": {"label": "GEOGRAPHICAL AREA(S)", "key_type": "key", "formal_key": "question"}}, {"shape_attributes": {"name": "rect", "x": 299, "y": 538, "width": 99, "height": 15}, "region_attributes": {"label": "Regions 11, 17, 21", "key_type": "value", "formal_key": "answer"}}, {"shape_attributes": {"name": "rect", "x": 105, "y": 564, "width": 90, "height": 18}, "region_attributes": {"label": "COUPON VALUE", "key_type": "key", "formal_key": "question"}}, {"shape_attributes": {"name": "rect", "x": 297, "y": 567, "width": 110, "height": 17}, "region_attributes": {"label": "$2 off 3 Pcks or Crtn", "key_type": "value", "formal_key": "answer"}}, {"shape_attributes": {"name": "rect", "x": 103, "y": 596, "width": 132, "height": 17}, "region_attributes": {"label": "PACK AND OR/ CARTON", "key_type": "key", "formal_key": "question"}}, {"shape_attributes": {"name": "rect", "x": 297, "y": 595, "width": 103, "height": 18}, "region_attributes": {"label": "PACK OR CARTON", "key_type": "value", "formal_key": "answer"}}, {"shape_attributes": {"name": "rect", "x": 102, "y": 628, "width": 184, "height": 15}, "region_attributes": {"label": "ADVERTISING CREATIVE THEME", "key_type": "key", "formal_key": "question"}}, {"shape_attributes": {"name": "rect", "x": 102, "y": 658, "width": 148, "height": 15}, "region_attributes": {"label": "SIGNATURE OF INITIATOR", "key_type": "key", "formal_key": "question"}}, {"shape_attributes": {"name": "rect", "x": 342, "y": 617, "width": 186, "height": 80}, "region_attributes": {"label": "", "key_type": "value", "formal_key": "answer"}}, {"shape_attributes": {"name": "rect", "x": 297, "y": 689, "width": 34, "height": 18}, "region_attributes": {"label": "6/ 8/ 95", "key_type": "value", "formal_key": "answer"}}, {"shape_attributes": {"name": "rect", "x": 102, "y": 689, "width": 90, "height": 15}, "region_attributes": {"label": "DATE INITIATED", "key_type": "key", "formal_key": "question"}}, {"shape_attributes": {"name": "rect", "x": 103, "y": 718, "width": 171, "height": 15}, "region_attributes": {"label": "ANALYTICAL REQUIREMENTS:", "key_type": "key", "formal_key": "header"}}, {"shape_attributes": {"name": "rect", "x": 299, "y": 750, "width": 148, "height": 14}, "region_attributes": {"label": "FOR CONTROL USE ONLY:", "key_type": "key", "formal_key": "question"}}, {"shape_attributes": {"name": "rect", "x": 297, "y": 779, "width": 101, "height": 15}, "region_attributes": {"label": "CODE ASSIGNED:", "key_type": "key", "formal_key": "question"}}, {"shape_attributes": {"name": "rect", "x": 297, "y": 796, "width": 80, "height": 14}, "region_attributes": {"label": "JOB NUMBER:", "key_type": "key", "formal_key": "question"}}, {"shape_attributes": {"name": "rect", "x": 297, "y": 807, "width": 110, "height": 16}, "region_attributes": {"label": "EST. REDEMPTION:", "key_type": "key", "formal_key": "question"}}]}}}