﻿{"file_name": "92039708_9710.json", "attributes": {"_via_img_metadata": {"regions": [{"shape_attributes": {"name": "rect", "x": 96, "y": 115, "width": 24, "height": 15}, "region_attributes": {"label": "TO:", "key_type": "key", "formal_key": "question"}}, {"shape_attributes": {"name": "rect", "x": 96, "y": 141, "width": 45, "height": 17}, "region_attributes": {"label": "FROM:", "key_type": "key", "formal_key": "question"}}, {"shape_attributes": {"name": "rect", "x": 96, "y": 193, "width": 64, "height": 18}, "region_attributes": {"label": "SUBJECT:", "key_type": "key", "formal_key": "question"}}, {"shape_attributes": {"name": "rect", "x": 687, "y": 767, "width": 13, "height": 67}, "region_attributes": {"label": "92039708", "key_type": "value", "formal_key": "others"}}, {"shape_attributes": {"name": "rect", "x": 487, "y": 119, "width": 137, "height": 14}, "region_attributes": {"label": "SUBMISSION DATE", "key_type": "key", "formal_key": "header"}}, {"shape_attributes": {"name": "rect", "x": 451, "y": 145, "width": 97, "height": 18}, "region_attributes": {"label": "MAY 27 \u2610", "key_type": "key", "formal_key": "question"}}, {"shape_attributes": {"name": "rect", "x": 451, "y": 165, "width": 97, "height": 20}, "region_attributes": {"label": "JUN 24 \u2610", "key_type": "key", "formal_key": "question"}}, {"shape_attributes": {"name": "rect", "x": 580, "y": 147, "width": 89, "height": 17}, "region_attributes": {"label": "AUG 26 \u2610", "key_type": "key", "formal_key": "question"}}, {"shape_attributes": {"name": "rect", "x": 580, "y": 165, "width": 89, "height": 21}, "region_attributes": {"label": "OCT 07 \u2610", "key_type": "key", "formal_key": "question"}}, {"shape_attributes": {"name": "rect", "x": 184, "y": 196, "width": 306, "height": 17}, "region_attributes": {"label": "MAVERICK SPECIALS- PROGRESS REPORT", "key_type": "value", "formal_key": "answer"}}, {"shape_attributes": {"name": "rect", "x": 186, "y": 116, "width": 75, "height": 14}, "region_attributes": {"label": "R. B. SPELL", "key_type": "value", "formal_key": "answer"}}, {"shape_attributes": {"name": "rect", "x": 95, "y": 270, "width": 147, "height": 17}, "region_attributes": {"label": "EFFECTIVENESS OF:", "key_type": "key", "formal_key": "question"}}, {"shape_attributes": {"name": "rect", "x": 254, "y": 270, "width": 369, "height": 21}, "region_attributes": {"label": "Pre- Sell Booklet /Coupon Maverick /Harley B1 G1 F", "key_type": "value", "formal_key": "answer"}}, {"shape_attributes": {"name": "rect", "x": 101, "y": 292, "width": 163, "height": 19}, "region_attributes": {"label": "(Report on May 27 only)", "key_type": "value", "formal_key": "others"}}, {"shape_attributes": {"name": "rect", "x": 95, "y": 313, "width": 69, "height": 14}, "region_attributes": {"label": "PRE- SELL", "key_type": "key", "formal_key": "question"}}, {"shape_attributes": {"name": "rect", "x": 94, "y": 457, "width": 138, "height": 17}, "region_attributes": {"label": "BOOKLET/ COUPON", "key_type": "key", "formal_key": "question"}}, {"shape_attributes": {"name": "rect", "x": 94, "y": 605, "width": 184, "height": 15}, "region_attributes": {"label": "MAVERICK/ HARLEY B1 G1 F", "key_type": "key", "formal_key": "question"}}, {"shape_attributes": {"name": "rect", "x": 102, "y": 746, "width": 278, "height": 15}, "region_attributes": {"label": "COMPETITIVE PROMOTIONAL ACTIVITY", "key_type": "key", "formal_key": "question"}}, {"shape_attributes": {"name": "rect", "x": 99, "y": 764, "width": 164, "height": 17}, "region_attributes": {"label": "(Report on May 27 only)", "key_type": "value", "formal_key": "others"}}, {"shape_attributes": {"name": "rect", "x": 94, "y": 786, "width": 567, "height": 20}, "region_attributes": {"label": "Average Coupon Buydown Value On Targeted Brands (Doral/ Basic/ Monarch/ Cambridge/ GPC", "key_type": "key", "formal_key": "header"}}, {"shape_attributes": {"name": "rect", "x": 216, "y": 820, "width": 160, "height": 20}, "region_attributes": {"label": "PACKS \u2610", "key_type": "key", "formal_key": "question"}}, {"shape_attributes": {"name": "rect", "x": 218, "y": 852, "width": 159, "height": 19}, "region_attributes": {"label": "CARTONS \u2610", "key_type": "key", "formal_key": "question"}}, {"shape_attributes": {"name": "rect", "x": 649, "y": 908, "width": 42, "height": 14}, "region_attributes": {"label": "1 of 3", "key_type": "value", "formal_key": "others"}}]}}}