﻿{"file_name": "92081358_1359.json", "attributes": {"_via_img_metadata": {"regions": [{"shape_attributes": {"name": "rect", "x": 138, "y": 178, "width": 78, "height": 13}, "region_attributes": {"label": "DIVISION:", "key_type": "key", "formal_key": "question"}}, {"shape_attributes": {"name": "rect", "x": 512, "y": 275, "width": 23, "height": 13}, "region_attributes": {"label": "80%", "key_type": "value", "formal_key": "answer"}}, {"shape_attributes": {"name": "rect", "x": 520, "y": 320, "width": 16, "height": 13}, "region_attributes": {"label": "5%", "key_type": "value", "formal_key": "answer"}}, {"shape_attributes": {"name": "rect", "x": 607, "y": 291, "width": 17, "height": 12}, "region_attributes": {"label": "5%", "key_type": "value", "formal_key": "answer"}}, {"shape_attributes": {"name": "rect", "x": 601, "y": 305, "width": 21, "height": 12}, "region_attributes": {"label": "10%", "key_type": "value", "formal_key": "answer"}}, {"shape_attributes": {"name": "rect", "x": 600, "y": 334, "width": 35, "height": 13}, "region_attributes": {"label": "100%", "key_type": "value", "formal_key": "answer"}}, {"shape_attributes": {"name": "rect", "x": 346, "y": 482, "width": 11, "height": 12}, "region_attributes": {"label": "0", "key_type": "value", "formal_key": "answer"}}, {"shape_attributes": {"name": "rect", "x": 442, "y": 481, "width": 18, "height": 11}, "region_attributes": {"label": "0%", "key_type": "value", "formal_key": "answer"}}, {"shape_attributes": {"name": "rect", "x": 345, "y": 498, "width": 13, "height": 11}, "region_attributes": {"label": "8", "key_type": "value", "formal_key": "answer"}}, {"shape_attributes": {"name": "rect", "x": 439, "y": 496, "width": 18, "height": 12}, "region_attributes": {"label": "3%", "key_type": "value", "formal_key": "answer"}}, {"shape_attributes": {"name": "rect", "x": 333, "y": 513, "width": 23, "height": 12}, "region_attributes": {"label": "162", "key_type": "value", "formal_key": "answer"}}, {"shape_attributes": {"name": "rect", "x": 434, "y": 512, "width": 22, "height": 12}, "region_attributes": {"label": "53%", "key_type": "value", "formal_key": "answer"}}, {"shape_attributes": {"name": "rect", "x": 340, "y": 529, "width": 15, "height": 10}, "region_attributes": {"label": "76", "key_type": "value", "formal_key": "answer"}}, {"shape_attributes": {"name": "rect", "x": 433, "y": 528, "width": 22, "height": 10}, "region_attributes": {"label": "25%", "key_type": "value", "formal_key": "answer"}}, {"shape_attributes": {"name": "rect", "x": 430, "y": 556, "width": 32, "height": 12}, "region_attributes": {"label": "100%", "key_type": "value", "formal_key": "answer"}}, {"shape_attributes": {"name": "rect", "x": 432, "y": 543, "width": 23, "height": 11}, "region_attributes": {"label": "19%", "key_type": "value", "formal_key": "answer"}}, {"shape_attributes": {"name": "rect", "x": 339, "y": 544, "width": 18, "height": 9}, "region_attributes": {"label": "57", "key_type": "value", "formal_key": "answer"}}, {"shape_attributes": {"name": "rect", "x": 333, "y": 555, "width": 20, "height": 12}, "region_attributes": {"label": "303", "key_type": "value", "formal_key": "answer"}}, {"shape_attributes": {"name": "rect", "x": 368, "y": 618, "width": 48, "height": 7}, "region_attributes": {"label": "Liquor", "key_type": "value", "formal_key": "answer"}}, {"shape_attributes": {"name": "rect", "x": 202, "y": 542, "width": 61, "height": 13}, "region_attributes": {"label": "ANNUALS", "key_type": "key", "formal_key": "question"}}, {"shape_attributes": {"name": "rect", "x": 203, "y": 555, "width": 45, "height": 13}, "region_attributes": {"label": "TOTAL", "key_type": "key", "formal_key": "question"}}, {"shape_attributes": {"name": "rect", "x": 425, "y": 452, "width": 10, "height": 15}, "region_attributes": {"label": "%", "key_type": "key", "formal_key": "question"}}, {"shape_attributes": {"name": "rect", "x": 698, "y": 801, "width": 19, "height": 72}, "region_attributes": {"label": "92081358", "key_type": "value", "formal_key": "others"}}, {"shape_attributes": {"name": "rect", "x": 301, "y": 67, "width": 240, "height": 47}, "region_attributes": {"label": "URBAN CENTER INITIATIVE ASSIGNMENT PROFILE", "key_type": "key", "formal_key": "header"}}, {"shape_attributes": {"name": "rect", "x": 99, "y": 20, "width": 110, "height": 13}, "region_attributes": {"label": "11/30/93 17:07", "key_type": "value", "formal_key": "others"}}, {"shape_attributes": {"name": "rect", "x": 237, "y": 19, "width": 97, "height": 15}, "region_attributes": {"label": "708 369 1422", "key_type": "value", "formal_key": "others"}}, {"shape_attributes": {"name": "rect", "x": 404, "y": 16, "width": 88, "height": 13}, "region_attributes": {"label": "LORILLARD CHI", "key_type": "value", "formal_key": "others"}}, {"shape_attributes": {"name": "rect", "x": 667, "y": 7, "width": 71, "height": 18}, "region_attributes": {"label": "002/003 ", "key_type": "value", "formal_key": "others"}}, {"shape_attributes": {"name": "rect", "x": 245, "y": 175, "width": 98, "height": 13}, "region_attributes": {"label": "Chicago South", "key_type": "value", "formal_key": "answer"}}, {"shape_attributes": {"name": "rect", "x": 136, "y": 199, "width": 532, "height": 37}, "region_attributes": {"label": "LIST THE INFORMATION BELOW AS IT PERTAINS TO THE URBAN CENTER PORTION OF YOUR ASSIGNMENT ONLY:", "key_type": "key", "formal_key": "question"}}, {"shape_attributes": {"name": "rect", "x": 138, "y": 249, "width": 203, "height": 12}, "region_attributes": {"label": "POPULATION COMPOSITION:", "key_type": "key", "formal_key": "header"}}, {"shape_attributes": {"name": "rect", "x": 231, "y": 279, "width": 83, "height": 12}, "region_attributes": {"label": "% BLACK =", "key_type": "key", "formal_key": "question"}}, {"shape_attributes": {"name": "rect", "x": 234, "y": 293, "width": 107, "height": 13}, "region_attributes": {"label": "% HISPANIC =", "key_type": "key", "formal_key": "question"}}, {"shape_attributes": {"name": "rect", "x": 237, "y": 309, "width": 87, "height": 12}, "region_attributes": {"label": "% WHITE =", "key_type": "key", "formal_key": "question"}}, {"shape_attributes": {"name": "rect", "x": 234, "y": 321, "width": 82, "height": 15}, "region_attributes": {"label": "% OTHER ", "key_type": "key", "formal_key": "question"}}, {"shape_attributes": {"name": "rect", "x": 235, "y": 337, "width": 80, "height": 13}, "region_attributes": {"label": "% TOTAL =", "key_type": "key", "formal_key": "question"}}, {"shape_attributes": {"name": "rect", "x": 138, "y": 366, "width": 160, "height": 16}, "region_attributes": {"label": "% OF RETAIL CALLS:", "key_type": "key", "formal_key": "question"}}, {"shape_attributes": {"name": "rect", "x": 332, "y": 364, "width": 119, "height": 15}, "region_attributes": {"label": "247- classifIed", "key_type": "value", "formal_key": "answer"}}, {"shape_attributes": {"name": "rect", "x": 341, "y": 381, "width": 82, "height": 13}, "region_attributes": {"label": "57- annual", "key_type": "value", "formal_key": "answer"}}, {"shape_attributes": {"name": "rect", "x": 138, "y": 392, "width": 406, "height": 17}, "region_attributes": {"label": "APPROXIMATE % OF RETAIL CALLS SECURED BY GLASS:", "key_type": "key", "formal_key": "question"}}, {"shape_attributes": {"name": "rect", "x": 567, "y": 392, "width": 110, "height": 13}, "region_attributes": {"label": "45% (136 calls)", "key_type": "value", "formal_key": "answer"}}, {"shape_attributes": {"name": "rect", "x": 139, "y": 425, "width": 193, "height": 13}, "region_attributes": {"label": "RETAIL CALL FREQUENCY:", "key_type": "key", "formal_key": "question"}}, {"shape_attributes": {"name": "rect", "x": 314, "y": 453, "width": 60, "height": 14}, "region_attributes": {"label": "# CALLS", "key_type": "key", "formal_key": "question"}}, {"shape_attributes": {"name": "rect", "x": 220, "y": 485, "width": 46, "height": 12}, "region_attributes": {"label": "50/ YR", "key_type": "key", "formal_key": "question"}}, {"shape_attributes": {"name": "rect", "x": 218, "y": 493, "width": 46, "height": 18}, "region_attributes": {"label": "25/ YR", "key_type": "key", "formal_key": "question"}}, {"shape_attributes": {"name": "rect", "x": 220, "y": 513, "width": 44, "height": 13}, "region_attributes": {"label": "12/ YR", "key_type": "key", "formal_key": "question"}}, {"shape_attributes": {"name": "rect", "x": 227, "y": 529, "width": 41, "height": 13}, "region_attributes": {"label": "6/ YR", "key_type": "key", "formal_key": "question"}}, {"shape_attributes": {"name": "rect", "x": 140, "y": 585, "width": 200, "height": 13}, "region_attributes": {"label": "PRIMARY CLASS OF TRADE:", "key_type": "key", "formal_key": "question"}}, {"shape_attributes": {"name": "rect", "x": 362, "y": 584, "width": 141, "height": 13}, "region_attributes": {"label": "Convenience/ Grocery", "key_type": "value", "formal_key": "answer"}}, {"shape_attributes": {"name": "rect", "x": 141, "y": 615, "width": 217, "height": 13}, "region_attributes": {"label": "SECONDARY CLASS OF TRADE:", "key_type": "key", "formal_key": "question"}}, {"shape_attributes": {"name": "rect", "x": 140, "y": 654, "width": 570, "height": 16}, "region_attributes": {"label": "PRIMARY DISTRIBUTION CHANNEL (E. G. JOBBER, SUB- JOBBER MEMBERSHIP", "key_type": "key", "formal_key": "question"}}, {"shape_attributes": {"name": "rect", "x": 142, "y": 672, "width": 240, "height": 14}, "region_attributes": {"label": "CLUB, CASH & CARRY, ETC...):", "key_type": "key", "formal_key": "question"}}, {"shape_attributes": {"name": "rect", "x": 411, "y": 670, "width": 156, "height": 15}, "region_attributes": {"label": "*Jobber/ Membership", "key_type": "value", "formal_key": "answer"}}, {"shape_attributes": {"name": "rect", "x": 143, "y": 699, "width": 547, "height": 58}, "region_attributes": {"label": "* A number of stores are part of an Arab owned collective that gets a large order delivered from a jobber and then distributes the cigarettes to each store.", "key_type": "value", "formal_key": "others"}}]}}}