﻿{"file_name": "92094746.json", "attributes": {"_via_img_metadata": {"regions": [{"shape_attributes": {"name": "rect", "x": 340, "y": 110, "width": 65, "height": 18}, "region_attributes": {"label": "LORILLARD", "key_type": "value", "formal_key": "others"}}, {"shape_attributes": {"name": "rect", "x": 468, "y": 190, "width": 41, "height": 14}, "region_attributes": {"label": "DATE", "key_type": "key", "formal_key": "question"}}, {"shape_attributes": {"name": "rect", "x": 184, "y": 219, "width": 24, "height": 15}, "region_attributes": {"label": "28", "key_type": "value", "formal_key": "answer"}}, {"shape_attributes": {"name": "rect", "x": 99, "y": 274, "width": 50, "height": 22}, "region_attributes": {"label": "SCOPE:", "key_type": "key", "formal_key": "header"}}, {"shape_attributes": {"name": "rect", "x": 221, "y": 274, "width": 40, "height": 17}, "region_attributes": {"label": "AREA", "key_type": "key", "formal_key": "question"}}, {"shape_attributes": {"name": "rect", "x": 308, "y": 269, "width": 55, "height": 20}, "region_attributes": {"label": "REGION", "key_type": "key", "formal_key": "question"}}, {"shape_attributes": {"name": "rect", "x": 410, "y": 268, "width": 73, "height": 17}, "region_attributes": {"label": "DIVISION", "key_type": "key", "formal_key": "question"}}, {"shape_attributes": {"name": "rect", "x": 513, "y": 262, "width": 21, "height": 19}, "region_attributes": {"label": "x", "key_type": "value", "formal_key": "answer"}}, {"shape_attributes": {"name": "rect", "x": 328, "y": 361, "width": 40, "height": 24}, "region_attributes": {"label": "POOR", "key_type": "key", "formal_key": "question"}}, {"shape_attributes": {"name": "rect", "x": 400, "y": 360, "width": 39, "height": 21}, "region_attributes": {"label": "FAIR", "key_type": "key", "formal_key": "question"}}, {"shape_attributes": {"name": "rect", "x": 476, "y": 358, "width": 33, "height": 25}, "region_attributes": {"label": "GOOD", "key_type": "key", "formal_key": "question"}}, {"shape_attributes": {"name": "rect", "x": 546, "y": 356, "width": 77, "height": 20}, "region_attributes": {"label": "EXCELLENT", "key_type": "key", "formal_key": "question"}}, {"shape_attributes": {"name": "rect", "x": 328, "y": 406, "width": 38, "height": 17}, "region_attributes": {"label": "POOR", "key_type": "key", "formal_key": "question"}}, {"shape_attributes": {"name": "rect", "x": 334, "y": 442, "width": 33, "height": 21}, "region_attributes": {"label": "POOR", "key_type": "key", "formal_key": "question"}}, {"shape_attributes": {"name": "rect", "x": 330, "y": 483, "width": 39, "height": 21}, "region_attributes": {"label": "POOR", "key_type": "key", "formal_key": "question"}}, {"shape_attributes": {"name": "rect", "x": 403, "y": 402, "width": 35, "height": 20}, "region_attributes": {"label": "FAIR", "key_type": "key", "formal_key": "question"}}, {"shape_attributes": {"name": "rect", "x": 401, "y": 441, "width": 38, "height": 20}, "region_attributes": {"label": "FAIR", "key_type": "key", "formal_key": "question"}}, {"shape_attributes": {"name": "rect", "x": 406, "y": 482, "width": 35, "height": 20}, "region_attributes": {"label": "FAIR", "key_type": "key", "formal_key": "question"}}, {"shape_attributes": {"name": "rect", "x": 474, "y": 399, "width": 37, "height": 20}, "region_attributes": {"label": "GOOD", "key_type": "key", "formal_key": "question"}}, {"shape_attributes": {"name": "rect", "x": 479, "y": 439, "width": 35, "height": 21}, "region_attributes": {"label": "GOOD", "key_type": "key", "formal_key": "question"}}, {"shape_attributes": {"name": "rect", "x": 480, "y": 479, "width": 34, "height": 20}, "region_attributes": {"label": "GOOD", "key_type": "key", "formal_key": "question"}}, {"shape_attributes": {"name": "rect", "x": 547, "y": 397, "width": 80, "height": 20}, "region_attributes": {"label": "EXCELLENT", "key_type": "key", "formal_key": "question"}}, {"shape_attributes": {"name": "rect", "x": 546, "y": 436, "width": 81, "height": 20}, "region_attributes": {"label": "EXCELLENT", "key_type": "key", "formal_key": "question"}}, {"shape_attributes": {"name": "rect", "x": 552, "y": 479, "width": 75, "height": 19}, "region_attributes": {"label": "EXCELLENT", "key_type": "key", "formal_key": "question"}}, {"shape_attributes": {"name": "rect", "x": 383, "y": 401, "width": 18, "height": 17}, "region_attributes": {"label": "x", "key_type": "value", "formal_key": "answer"}}, {"shape_attributes": {"name": "rect", "x": 382, "y": 439, "width": 15, "height": 21}, "region_attributes": {"label": "x", "key_type": "value", "formal_key": "answer"}}, {"shape_attributes": {"name": "rect", "x": 382, "y": 481, "width": 18, "height": 18}, "region_attributes": {"label": "x", "key_type": "value", "formal_key": "answer"}}, {"shape_attributes": {"name": "rect", "x": 329, "y": 637, "width": 47, "height": 19}, "region_attributes": {"label": "28728", "key_type": "value", "formal_key": "answer"}}, {"shape_attributes": {"name": "rect", "x": 380, "y": 666, "width": 20, "height": 19}, "region_attributes": {"label": "x", "key_type": "value", "formal_key": "answer"}}, {"shape_attributes": {"name": "rect", "x": 387, "y": 743, "width": 15, "height": 19}, "region_attributes": {"label": "x", "key_type": "value", "formal_key": "answer"}}, {"shape_attributes": {"name": "rect", "x": 407, "y": 666, "width": 32, "height": 17}, "region_attributes": {"label": "YES", "key_type": "key", "formal_key": "question"}}, {"shape_attributes": {"name": "rect", "x": 415, "y": 744, "width": 33, "height": 21}, "region_attributes": {"label": "YES", "key_type": "key", "formal_key": "question"}}, {"shape_attributes": {"name": "rect", "x": 507, "y": 742, "width": 21, "height": 19}, "region_attributes": {"label": "NO", "key_type": "key", "formal_key": "question"}}, {"shape_attributes": {"name": "rect", "x": 630, "y": 829, "width": 18, "height": 66}, "region_attributes": {"label": "92094746", "key_type": "value", "formal_key": "others"}}, {"shape_attributes": {"name": "rect", "x": 250, "y": 364, "width": 13, "height": 17}, "region_attributes": {"label": "N/", "key_type": "value", "formal_key": "others"}}, {"shape_attributes": {"name": "rect", "x": 263, "y": 367, "width": 18, "height": 15}, "region_attributes": {"label": "A", "key_type": "value", "formal_key": "others"}}, {"shape_attributes": {"name": "rect", "x": 496, "y": 665, "width": 31, "height": 18}, "region_attributes": {"label": "NO*", "key_type": "key", "formal_key": "question"}}, {"shape_attributes": {"name": "rect", "x": 110, "y": 702, "width": 77, "height": 17}, "region_attributes": {"label": "*EXPLAIN:", "key_type": "key", "formal_key": "question"}}, {"shape_attributes": {"name": "rect", "x": 104, "y": 525, "width": 80, "height": 24}, "region_attributes": {"label": "COMMENTS:", "key_type": "key", "formal_key": "question"}}, {"shape_attributes": {"name": "rect", "x": 545, "y": 263, "width": 51, "height": 21}, "region_attributes": {"label": "OTHER*", "key_type": "key", "formal_key": "question"}}, {"shape_attributes": {"name": "rect", "x": 106, "y": 301, "width": 68, "height": 20}, "region_attributes": {"label": "*EXPLAIN:", "key_type": "key", "formal_key": "question"}}, {"shape_attributes": {"name": "rect", "x": 64, "y": 114, "width": 103, "height": 16}, "region_attributes": {"label": "09/ 08/ 95 16: 17", "key_type": "value", "formal_key": "others"}}, {"shape_attributes": {"name": "rect", "x": 186, "y": 111, "width": 95, "height": 19}, "region_attributes": {"label": "214 340 9308", "key_type": "value", "formal_key": "others"}}, {"shape_attributes": {"name": "rect", "x": 443, "y": 108, "width": 100, "height": 20}, "region_attributes": {"label": "NYO SLS GEN", "key_type": "value", "formal_key": "others"}}, {"shape_attributes": {"name": "rect", "x": 580, "y": 108, "width": 64, "height": 17}, "region_attributes": {"label": "00 /003", "key_type": "value", "formal_key": "others"}}, {"shape_attributes": {"name": "rect", "x": 248, "y": 134, "width": 226, "height": 24}, "region_attributes": {"label": "SPECIAL PROMOTION EVALUATION", "key_type": "key", "formal_key": "header"}}, {"shape_attributes": {"name": "rect", "x": 454, "y": 166, "width": 48, "height": 25}, "region_attributes": {"label": "9 /8 /95", "key_type": "value", "formal_key": "answer"}}, {"shape_attributes": {"name": "rect", "x": 93, "y": 192, "width": 172, "height": 25}, "region_attributes": {"label": "AREA/ REGION/ DIVISION", "key_type": "key", "formal_key": "question"}}, {"shape_attributes": {"name": "rect", "x": 111, "y": 182, "width": 75, "height": 15}, "region_attributes": {"label": "2 13", "key_type": "value", "formal_key": "answer"}}, {"shape_attributes": {"name": "rect", "x": 97, "y": 223, "width": 64, "height": 22}, "region_attributes": {"label": "PROMO #", "key_type": "key", "formal_key": "question"}}, {"shape_attributes": {"name": "rect", "x": 317, "y": 213, "width": 154, "height": 26}, "region_attributes": {"label": "PROMOTIONAL PERIOD:", "key_type": "key", "formal_key": "question"}}, {"shape_attributes": {"name": "rect", "x": 508, "y": 203, "width": 64, "height": 24}, "region_attributes": {"label": "June/ July", "key_type": "value", "formal_key": "answer"}}, {"shape_attributes": {"name": "rect", "x": 100, "y": 246, "width": 88, "height": 24}, "region_attributes": {"label": "ITEM/ BRAND:", "key_type": "key", "formal_key": "question"}}, {"shape_attributes": {"name": "rect", "x": 218, "y": 238, "width": 144, "height": 25}, "region_attributes": {"label": "Sunglasses / Newport", "key_type": "value", "formal_key": "answer"}}, {"shape_attributes": {"name": "rect", "x": 197, "y": 297, "width": 146, "height": 21}, "region_attributes": {"label": "Special Emphasis Calls", "key_type": "value", "formal_key": "answer"}}, {"shape_attributes": {"name": "rect", "x": 100, "y": 364, "width": 142, "height": 25}, "region_attributes": {"label": "CHAIN ACCEPTANCE:", "key_type": "key", "formal_key": "header"}}, {"shape_attributes": {"name": "rect", "x": 101, "y": 407, "width": 192, "height": 21}, "region_attributes": {"label": "INDEPENDENT ACCEPTANCE:", "key_type": "key", "formal_key": "header"}}, {"shape_attributes": {"name": "rect", "x": 106, "y": 439, "width": 163, "height": 29}, "region_attributes": {"label": "CONSUMER ACCEPTANCE:", "key_type": "key", "formal_key": "header"}}, {"shape_attributes": {"name": "rect", "x": 105, "y": 482, "width": 149, "height": 26}, "region_attributes": {"label": "EFFICIENCY RATING:", "key_type": "key", "formal_key": "header"}}, {"shape_attributes": {"name": "rect", "x": 195, "y": 517, "width": 395, "height": 23}, "region_attributes": {"label": "This item was perceived by retailers and consumers as a low", "key_type": "value", "formal_key": "answer"}}, {"shape_attributes": {"name": "rect", "x": 107, "y": 541, "width": 483, "height": 53}, "region_attributes": {"label": "quality item. Several Sales Reps reported that on occasion our consumers would pass up the deal or leave the glasses in the store.", "key_type": "value", "formal_key": "answer"}}, {"shape_attributes": {"name": "rect", "x": 112, "y": 645, "width": 178, "height": 18}, "region_attributes": {"label": "#ITEMS/ DEALS RECEIVED:", "key_type": "key", "formal_key": "question"}}, {"shape_attributes": {"name": "rect", "x": 110, "y": 669, "width": 229, "height": 21}, "region_attributes": {"label": "WERE QUANTITIES APPROPRIATE?", "key_type": "key", "formal_key": "header"}}, {"shape_attributes": {"name": "rect", "x": 111, "y": 749, "width": 238, "height": 22}, "region_attributes": {"label": "SHOULD PROMOTION BE REPEATED", "key_type": "key", "formal_key": "header"}}, {"shape_attributes": {"name": "rect", "x": 113, "y": 776, "width": 120, "height": 20}, "region_attributes": {"label": "IF NO, EXPLAIN:", "key_type": "key", "formal_key": "question"}}, {"shape_attributes": {"name": "rect", "x": 113, "y": 828, "width": 221, "height": 23}, "region_attributes": {"label": "IF YES, CAN IT BE IMPROVED?", "key_type": "key", "formal_key": "question"}}, {"shape_attributes": {"name": "rect", "x": 353, "y": 818, "width": 277, "height": 22}, "region_attributes": {"label": "The Promotion can be improved by upgrading", "key_type": "value", "formal_key": "answer"}}, {"shape_attributes": {"name": "rect", "x": 116, "y": 854, "width": 199, "height": 20}, "region_attributes": {"label": "the quality of the sunglasses", "key_type": "value", "formal_key": "answer"}}]}}}