﻿{"file_name": "92094751.json", "attributes": {"_via_img_metadata": {"regions": [{"shape_attributes": {"name": "rect", "x": 341, "y": 110, "width": 59, "height": 14}, "region_attributes": {"label": "LORILLARD", "key_type": "key", "formal_key": "header"}}, {"shape_attributes": {"name": "rect", "x": 473, "y": 204, "width": 34, "height": 14}, "region_attributes": {"label": "DATE", "key_type": "key", "formal_key": "question"}}, {"shape_attributes": {"name": "rect", "x": 115, "y": 286, "width": 46, "height": 17}, "region_attributes": {"label": "SCOPE:", "key_type": "key", "formal_key": "header"}}, {"shape_attributes": {"name": "rect", "x": 115, "y": 309, "width": 70, "height": 20}, "region_attributes": {"label": "*EXPLAIN:", "key_type": "key", "formal_key": "question"}}, {"shape_attributes": {"name": "rect", "x": 233, "y": 285, "width": 32, "height": 14}, "region_attributes": {"label": "AREA", "key_type": "key", "formal_key": "question"}}, {"shape_attributes": {"name": "rect", "x": 318, "y": 285, "width": 50, "height": 13}, "region_attributes": {"label": "REGION", "key_type": "key", "formal_key": "question"}}, {"shape_attributes": {"name": "rect", "x": 420, "y": 282, "width": 67, "height": 15}, "region_attributes": {"label": "DIVISION", "key_type": "key", "formal_key": "question"}}, {"shape_attributes": {"name": "rect", "x": 549, "y": 279, "width": 49, "height": 17}, "region_attributes": {"label": "OTHER*", "key_type": "key", "formal_key": "question"}}, {"shape_attributes": {"name": "rect", "x": 550, "y": 374, "width": 73, "height": 15}, "region_attributes": {"label": "EXCELLENT", "key_type": "key", "formal_key": "question"}}, {"shape_attributes": {"name": "rect", "x": 552, "y": 413, "width": 71, "height": 14}, "region_attributes": {"label": "EXCELLENT", "key_type": "key", "formal_key": "question"}}, {"shape_attributes": {"name": "rect", "x": 552, "y": 453, "width": 71, "height": 15}, "region_attributes": {"label": "EXCELLENT", "key_type": "key", "formal_key": "question"}}, {"shape_attributes": {"name": "rect", "x": 552, "y": 492, "width": 74, "height": 15}, "region_attributes": {"label": "EXCELLENT", "key_type": "key", "formal_key": "question"}}, {"shape_attributes": {"name": "rect", "x": 476, "y": 374, "width": 35, "height": 15}, "region_attributes": {"label": "GOOD", "key_type": "key", "formal_key": "question"}}, {"shape_attributes": {"name": "rect", "x": 478, "y": 415, "width": 34, "height": 14}, "region_attributes": {"label": "GOOD", "key_type": "key", "formal_key": "question"}}, {"shape_attributes": {"name": "rect", "x": 479, "y": 454, "width": 32, "height": 15}, "region_attributes": {"label": "GOOD", "key_type": "key", "formal_key": "question"}}, {"shape_attributes": {"name": "rect", "x": 479, "y": 493, "width": 35, "height": 15}, "region_attributes": {"label": "GOOD", "key_type": "key", "formal_key": "question"}}, {"shape_attributes": {"name": "rect", "x": 337, "y": 377, "width": 31, "height": 14}, "region_attributes": {"label": "POOR", "key_type": "key", "formal_key": "question"}}, {"shape_attributes": {"name": "rect", "x": 408, "y": 415, "width": 32, "height": 17}, "region_attributes": {"label": "FAIR", "key_type": "key", "formal_key": "question"}}, {"shape_attributes": {"name": "rect", "x": 408, "y": 376, "width": 31, "height": 15}, "region_attributes": {"label": "FAIR", "key_type": "key", "formal_key": "question"}}, {"shape_attributes": {"name": "rect", "x": 337, "y": 416, "width": 32, "height": 14}, "region_attributes": {"label": "POOR", "key_type": "key", "formal_key": "question"}}, {"shape_attributes": {"name": "rect", "x": 338, "y": 457, "width": 32, "height": 14}, "region_attributes": {"label": "POOR", "key_type": "key", "formal_key": "question"}}, {"shape_attributes": {"name": "rect", "x": 406, "y": 455, "width": 34, "height": 15}, "region_attributes": {"label": "FAIR", "key_type": "key", "formal_key": "question"}}, {"shape_attributes": {"name": "rect", "x": 409, "y": 494, "width": 31, "height": 15}, "region_attributes": {"label": "FAIR", "key_type": "key", "formal_key": "question"}}, {"shape_attributes": {"name": "rect", "x": 338, "y": 494, "width": 32, "height": 15}, "region_attributes": {"label": "POOR", "key_type": "key", "formal_key": "question"}}, {"shape_attributes": {"name": "rect", "x": 117, "y": 535, "width": 71, "height": 17}, "region_attributes": {"label": "COMMENTS:", "key_type": "key", "formal_key": "question"}}, {"shape_attributes": {"name": "rect", "x": 123, "y": 708, "width": 70, "height": 17}, "region_attributes": {"label": "*EXPLAIN:", "key_type": "key", "formal_key": "question"}}, {"shape_attributes": {"name": "rect", "x": 412, "y": 679, "width": 22, "height": 14}, "region_attributes": {"label": "YES", "key_type": "key", "formal_key": "question"}}, {"shape_attributes": {"name": "rect", "x": 499, "y": 679, "width": 24, "height": 14}, "region_attributes": {"label": "NO*", "key_type": "key", "formal_key": "question"}}, {"shape_attributes": {"name": "rect", "x": 508, "y": 758, "width": 15, "height": 13}, "region_attributes": {"label": "NO", "key_type": "key", "formal_key": "question"}}, {"shape_attributes": {"name": "rect", "x": 420, "y": 758, "width": 24, "height": 15}, "region_attributes": {"label": "YES", "key_type": "key", "formal_key": "question"}}, {"shape_attributes": {"name": "rect", "x": 648, "y": 784, "width": 14, "height": 60}, "region_attributes": {"label": "92094751", "key_type": "value", "formal_key": "others"}}, {"shape_attributes": {"name": "rect", "x": 180, "y": 236, "width": 15, "height": 11}, "region_attributes": {"label": "28", "key_type": "value", "formal_key": "answer"}}, {"shape_attributes": {"name": "rect", "x": 518, "y": 284, "width": 14, "height": 11}, "region_attributes": {"label": "x", "key_type": "value", "formal_key": "answer"}}, {"shape_attributes": {"name": "rect", "x": 318, "y": 416, "width": 11, "height": 14}, "region_attributes": {"label": "x", "key_type": "value", "formal_key": "answer"}}, {"shape_attributes": {"name": "rect", "x": 321, "y": 457, "width": 8, "height": 11}, "region_attributes": {"label": "x", "key_type": "value", "formal_key": "answer"}}, {"shape_attributes": {"name": "rect", "x": 321, "y": 494, "width": 10, "height": 11}, "region_attributes": {"label": "x", "key_type": "value", "formal_key": "answer"}}, {"shape_attributes": {"name": "rect", "x": 387, "y": 680, "width": 11, "height": 13}, "region_attributes": {"label": "X", "key_type": "value", "formal_key": "answer"}}, {"shape_attributes": {"name": "rect", "x": 487, "y": 758, "width": 10, "height": 11}, "region_attributes": {"label": "x", "key_type": "value", "formal_key": "answer"}}, {"shape_attributes": {"name": "rect", "x": 66, "y": 109, "width": 98, "height": 13}, "region_attributes": {"label": "09 /07 /35 15 15:48:48", "key_type": "value", "formal_key": "others"}}, {"shape_attributes": {"name": "rect", "x": 187, "y": 109, "width": 81, "height": 13}, "region_attributes": {"label": "317 8450971", "key_type": "value", "formal_key": "others"}}, {"shape_attributes": {"name": "rect", "x": 587, "y": 108, "width": 55, "height": 15}, "region_attributes": {"label": "001 /002", "key_type": "value", "formal_key": "others"}}, {"shape_attributes": {"name": "rect", "x": 258, "y": 151, "width": 221, "height": 16}, "region_attributes": {"label": "SPECIAL PROMOTION EVALUATION", "key_type": "key", "formal_key": "header"}}, {"shape_attributes": {"name": "rect", "x": 120, "y": 193, "width": 108, "height": 14}, "region_attributes": {"label": "03/ 07/ 415415 & 418418", "key_type": "value", "formal_key": "answer"}}, {"shape_attributes": {"name": "rect", "x": 112, "y": 208, "width": 162, "height": 14}, "region_attributes": {"label": "AREA REGION DIVISION", "key_type": "key", "formal_key": "question"}}, {"shape_attributes": {"name": "rect", "x": 434, "y": 190, "width": 39, "height": 15}, "region_attributes": {"label": "9/ 8 /95", "key_type": "value", "formal_key": "answer"}}, {"shape_attributes": {"name": "rect", "x": 112, "y": 233, "width": 60, "height": 17}, "region_attributes": {"label": "PROMO #", "key_type": "key", "formal_key": "question"}}, {"shape_attributes": {"name": "rect", "x": 327, "y": 229, "width": 146, "height": 18}, "region_attributes": {"label": "PROMOTIONAL PERIOD:", "key_type": "key", "formal_key": "question"}}, {"shape_attributes": {"name": "rect", "x": 494, "y": 229, "width": 94, "height": 15}, "region_attributes": {"label": "June /July 1995", "key_type": "value", "formal_key": "answer"}}, {"shape_attributes": {"name": "rect", "x": 115, "y": 261, "width": 86, "height": 14}, "region_attributes": {"label": "ITEM/ BRAND", "key_type": "key", "formal_key": "question"}}, {"shape_attributes": {"name": "rect", "x": 211, "y": 258, "width": 123, "height": 15}, "region_attributes": {"label": "Newport Sunglasses", "key_type": "value", "formal_key": "answer"}}, {"shape_attributes": {"name": "rect", "x": 194, "y": 311, "width": 159, "height": 16}, "region_attributes": {"label": "Newport Special Emphasis", "key_type": "value", "formal_key": "answer"}}, {"shape_attributes": {"name": "rect", "x": 116, "y": 377, "width": 134, "height": 15}, "region_attributes": {"label": "CHAIN ACCEPTANCE:", "key_type": "key", "formal_key": "header"}}, {"shape_attributes": {"name": "rect", "x": 260, "y": 376, "width": 21, "height": 15}, "region_attributes": {"label": "N/ A", "key_type": "value", "formal_key": "others"}}, {"shape_attributes": {"name": "rect", "x": 117, "y": 416, "width": 182, "height": 17}, "region_attributes": {"label": "INDEPENDENT ACCEPTANCE:", "key_type": "key", "formal_key": "header"}}, {"shape_attributes": {"name": "rect", "x": 117, "y": 457, "width": 157, "height": 14}, "region_attributes": {"label": "CONSUMER ACCEPTANCE:", "key_type": "key", "formal_key": "header"}}, {"shape_attributes": {"name": "rect", "x": 119, "y": 496, "width": 139, "height": 17}, "region_attributes": {"label": "EFFICIENCY RATING:", "key_type": "key", "formal_key": "header"}}, {"shape_attributes": {"name": "rect", "x": 203, "y": 531, "width": 396, "height": 17}, "region_attributes": {"label": "Premiums packaged to large to store on a van. Could not get", "key_type": "value", "formal_key": "answer"}}, {"shape_attributes": {"name": "rect", "x": 120, "y": 560, "width": 486, "height": 41}, "region_attributes": {"label": "enough on a van to sell all day. Retailers only accepted small quantities of deals. Consumers perceived value and not meet expectations.", "key_type": "value", "formal_key": "answer"}}, {"shape_attributes": {"name": "rect", "x": 303, "y": 651, "width": 273, "height": 17}, "region_attributes": {"label": "22, 320 (Indy East & West) NO SHOW SAMPLES", "key_type": "value", "formal_key": "answer"}}, {"shape_attributes": {"name": "rect", "x": 122, "y": 654, "width": 171, "height": 15}, "region_attributes": {"label": "#ITEMS/ DEALS RECEIVED:", "key_type": "key", "formal_key": "question"}}, {"shape_attributes": {"name": "rect", "x": 120, "y": 680, "width": 223, "height": 16}, "region_attributes": {"label": "WERE QUANTITIES APPROPRIATE?", "key_type": "key", "formal_key": "header"}}, {"shape_attributes": {"name": "rect", "x": 214, "y": 704, "width": 367, "height": 18}, "region_attributes": {"label": "Chain stores will not accept multiple Newport Promotions", "key_type": "value", "formal_key": "answer"}}, {"shape_attributes": {"name": "rect", "x": 123, "y": 735, "width": 199, "height": 15}, "region_attributes": {"label": "(Tier system) at the same time.", "key_type": "value", "formal_key": "answer"}}, {"shape_attributes": {"name": "rect", "x": 122, "y": 758, "width": 227, "height": 20}, "region_attributes": {"label": "SHOULD PROMOTION BE REPEATED?", "key_type": "key", "formal_key": "header"}}, {"shape_attributes": {"name": "rect", "x": 123, "y": 788, "width": 115, "height": 15}, "region_attributes": {"label": "IF NO, EXPLAIN:", "key_type": "key", "formal_key": "question"}}, {"shape_attributes": {"name": "rect", "x": 247, "y": 784, "width": 340, "height": 15}, "region_attributes": {"label": "This model/ type of sunglass was not received well at", "key_type": "value", "formal_key": "answer"}}, {"shape_attributes": {"name": "rect", "x": 123, "y": 813, "width": 142, "height": 13}, "region_attributes": {"label": "consumer/ retail level.", "key_type": "value", "formal_key": "answer"}}, {"shape_attributes": {"name": "rect", "x": 123, "y": 838, "width": 213, "height": 17}, "region_attributes": {"label": "IF YES, CAN IT BE IMPROVED?", "key_type": "key", "formal_key": "question"}}, {"shape_attributes": {"name": "rect", "x": 345, "y": 835, "width": 267, "height": 16}, "region_attributes": {"label": "Velcro on strap did not hold. Two right", "key_type": "value", "formal_key": "answer"}}, {"shape_attributes": {"name": "rect", "x": 126, "y": 860, "width": 292, "height": 19}, "region_attributes": {"label": "sides of velcro on same glass did not adhere.", "key_type": "value", "formal_key": "answer"}}, {"shape_attributes": {"name": "rect", "x": 591, "y": 881, "width": 57, "height": 80}, "region_attributes": {"label": "R 9 95", "key_type": "value", "formal_key": "others"}}]}}}