﻿{"file_name": "92091873.json", "attributes": {"_via_img_metadata": {"regions": [{"shape_attributes": {"name": "rect", "x": 105, "y": 134, "width": 53, "height": 15}, "region_attributes": {"label": "Location", "key_type": "key", "formal_key": "question"}}, {"shape_attributes": {"name": "rect", "x": 425, "y": 130, "width": 50, "height": 15}, "region_attributes": {"label": "Division", "key_type": "key", "formal_key": "question"}}, {"shape_attributes": {"name": "rect", "x": 432, "y": 226, "width": 70, "height": 17}, "region_attributes": {"label": "Invitations:", "key_type": "key", "formal_key": "header"}}, {"shape_attributes": {"name": "rect", "x": 103, "y": 254, "width": 36, "height": 15}, "region_attributes": {"label": "Mugs", "key_type": "key", "formal_key": "question"}}, {"shape_attributes": {"name": "rect", "x": 105, "y": 300, "width": 52, "height": 15}, "region_attributes": {"label": "Posters", "key_type": "key", "formal_key": "question"}}, {"shape_attributes": {"name": "rect", "x": 177, "y": 251, "width": 28, "height": 13}, "region_attributes": {"label": "720", "key_type": "value", "formal_key": "answer"}}, {"shape_attributes": {"name": "rect", "x": 186, "y": 268, "width": 17, "height": 14}, "region_attributes": {"label": "40", "key_type": "value", "formal_key": "answer"}}, {"shape_attributes": {"name": "rect", "x": 184, "y": 286, "width": 20, "height": 11}, "region_attributes": {"label": "20", "key_type": "value", "formal_key": "answer"}}, {"shape_attributes": {"name": "rect", "x": 179, "y": 299, "width": 27, "height": 11}, "region_attributes": {"label": "100", "key_type": "value", "formal_key": "answer"}}, {"shape_attributes": {"name": "rect", "x": 547, "y": 250, "width": 21, "height": 13}, "region_attributes": {"label": "50", "key_type": "value", "formal_key": "answer"}}, {"shape_attributes": {"name": "rect", "x": 527, "y": 281, "width": 59, "height": 14}, "region_attributes": {"label": "Unknown", "key_type": "value", "formal_key": "answer"}}, {"shape_attributes": {"name": "rect", "x": 433, "y": 253, "width": 84, "height": 15}, "region_attributes": {"label": "#Requested", "key_type": "key", "formal_key": "question"}}, {"shape_attributes": {"name": "rect", "x": 105, "y": 327, "width": 28, "height": 14}, "region_attributes": {"label": "Date", "key_type": "key", "formal_key": "question"}}, {"shape_attributes": {"name": "rect", "x": 138, "y": 324, "width": 36, "height": 18}, "region_attributes": {"label": "Rec'd", "key_type": "key", "formal_key": "question"}}, {"shape_attributes": {"name": "rect", "x": 384, "y": 365, "width": 68, "height": 15}, "region_attributes": {"label": "Attendees:", "key_type": "key", "formal_key": "header"}}, {"shape_attributes": {"name": "rect", "x": 106, "y": 387, "width": 49, "height": 15}, "region_attributes": {"label": "Counter", "key_type": "key", "formal_key": "question"}}, {"shape_attributes": {"name": "rect", "x": 105, "y": 406, "width": 34, "height": 13}, "region_attributes": {"label": "Floor", "key_type": "key", "formal_key": "question"}}, {"shape_attributes": {"name": "rect", "x": 102, "y": 420, "width": 50, "height": 13}, "region_attributes": {"label": "Posters", "key_type": "key", "formal_key": "question"}}, {"shape_attributes": {"name": "rect", "x": 201, "y": 388, "width": 20, "height": 13}, "region_attributes": {"label": "15", "key_type": "value", "formal_key": "answer"}}, {"shape_attributes": {"name": "rect", "x": 205, "y": 408, "width": 14, "height": 10}, "region_attributes": {"label": "9", "key_type": "value", "formal_key": "answer"}}, {"shape_attributes": {"name": "rect", "x": 193, "y": 419, "width": 29, "height": 15}, "region_attributes": {"label": "100", "key_type": "value", "formal_key": "answer"}}, {"shape_attributes": {"name": "rect", "x": 534, "y": 384, "width": 20, "height": 13}, "region_attributes": {"label": "40", "key_type": "value", "formal_key": "answer"}}, {"shape_attributes": {"name": "rect", "x": 535, "y": 402, "width": 20, "height": 10}, "region_attributes": {"label": "35", "key_type": "value", "formal_key": "answer"}}, {"shape_attributes": {"name": "rect", "x": 535, "y": 418, "width": 18, "height": 13}, "region_attributes": {"label": "10", "key_type": "value", "formal_key": "answer"}}, {"shape_attributes": {"name": "rect", "x": 176, "y": 647, "width": 36, "height": 15}, "region_attributes": {"label": "Food", "key_type": "key", "formal_key": "question"}}, {"shape_attributes": {"name": "rect", "x": 177, "y": 662, "width": 71, "height": 13}, "region_attributes": {"label": "Cleanliness", "key_type": "key", "formal_key": "question"}}, {"shape_attributes": {"name": "rect", "x": 175, "y": 676, "width": 53, "height": 14}, "region_attributes": {"label": "Service", "key_type": "key", "formal_key": "question"}}, {"shape_attributes": {"name": "rect", "x": 338, "y": 690, "width": 28, "height": 13}, "region_attributes": {"label": "Fair", "key_type": "value", "formal_key": "others"}}, {"shape_attributes": {"name": "rect", "x": 464, "y": 689, "width": 50, "height": 17}, "region_attributes": {"label": "Average", "key_type": "value", "formal_key": "others"}}, {"shape_attributes": {"name": "rect", "x": 475, "y": 641, "width": 18, "height": 15}, "region_attributes": {"label": "X", "key_type": "value", "formal_key": "answer"}}, {"shape_attributes": {"name": "rect", "x": 616, "y": 659, "width": 11, "height": 15}, "region_attributes": {"label": "X", "key_type": "value", "formal_key": "answer"}}, {"shape_attributes": {"name": "rect", "x": 616, "y": 675, "width": 15, "height": 13}, "region_attributes": {"label": "X", "key_type": "value", "formal_key": "answer"}}, {"shape_attributes": {"name": "rect", "x": 598, "y": 687, "width": 59, "height": 13}, "region_attributes": {"label": "Excellent", "key_type": "value", "formal_key": "others"}}, {"shape_attributes": {"name": "rect", "x": 155, "y": 884, "width": 22, "height": 17}, "region_attributes": {"label": "cc:", "key_type": "key", "formal_key": "question"}}, {"shape_attributes": {"name": "rect", "x": 675, "y": 777, "width": 15, "height": 70}, "region_attributes": {"label": "92091873", "key_type": "value", "formal_key": "others"}}, {"shape_attributes": {"name": "rect", "x": 190, "y": 321, "width": 17, "height": 18}, "region_attributes": {"label": "6/", "key_type": "value", "formal_key": "answer"}}, {"shape_attributes": {"name": "rect", "x": 211, "y": 321, "width": 22, "height": 20}, "region_attributes": {"label": "12/", "key_type": "value", "formal_key": "answer"}}, {"shape_attributes": {"name": "rect", "x": 235, "y": 321, "width": 15, "height": 18}, "region_attributes": {"label": "95", "key_type": "value", "formal_key": "answer"}}, {"shape_attributes": {"name": "rect", "x": 244, "y": 101, "width": 272, "height": 16}, "region_attributes": {"label": "NEWPORT RACING EVENT SURVEY", "key_type": "key", "formal_key": "header"}}, {"shape_attributes": {"name": "rect", "x": 176, "y": 133, "width": 205, "height": 15}, "region_attributes": {"label": "Leguna Seca, Monterey, Ca", "key_type": "value", "formal_key": "answer"}}, {"shape_attributes": {"name": "rect", "x": 518, "y": 126, "width": 100, "height": 21}, "region_attributes": {"label": "San Jose/ 933", "key_type": "value", "formal_key": "answer"}}, {"shape_attributes": {"name": "rect", "x": 517, "y": 161, "width": 99, "height": 14}, "region_attributes": {"label": "T. L. Roberts", "key_type": "value", "formal_key": "answer"}}, {"shape_attributes": {"name": "rect", "x": 105, "y": 161, "width": 50, "height": 20}, "region_attributes": {"label": "Date (s)", "key_type": "key", "formal_key": "question"}}, {"shape_attributes": {"name": "rect", "x": 177, "y": 159, "width": 147, "height": 18}, "region_attributes": {"label": "September 10, 1995", "key_type": "value", "formal_key": "answer"}}, {"shape_attributes": {"name": "rect", "x": 425, "y": 158, "width": 78, "height": 20}, "region_attributes": {"label": "Division Mgr", "key_type": "key", "formal_key": "question"}}, {"shape_attributes": {"name": "rect", "x": 284, "y": 187, "width": 100, "height": 19}, "region_attributes": {"label": "Date Submitted", "key_type": "key", "formal_key": "question"}}, {"shape_attributes": {"name": "rect", "x": 388, "y": 182, "width": 145, "height": 17}, "region_attributes": {"label": "September 26 1995", "key_type": "value", "formal_key": "answer"}}, {"shape_attributes": {"name": "rect", "x": 311, "y": 204, "width": 160, "height": 17}, "region_attributes": {"label": "(submit by 30 days after event)", "key_type": "value", "formal_key": "answer"}}, {"shape_attributes": {"name": "rect", "x": 102, "y": 230, "width": 131, "height": 15}, "region_attributes": {"label": "Promotion Quantity:", "key_type": "key", "formal_key": "header"}}, {"shape_attributes": {"name": "rect", "x": 105, "y": 267, "width": 73, "height": 20}, "region_attributes": {"label": "Displays (8)", "key_type": "key", "formal_key": "question"}}, {"shape_attributes": {"name": "rect", "x": 103, "y": 286, "width": 67, "height": 13}, "region_attributes": {"label": "Floor (40)", "key_type": "key", "formal_key": "question"}}, {"shape_attributes": {"name": "rect", "x": 434, "y": 268, "width": 86, "height": 14}, "region_attributes": {"label": "Date Notified", "key_type": "key", "formal_key": "question"}}, {"shape_attributes": {"name": "rect", "x": 433, "y": 282, "width": 85, "height": 17}, "region_attributes": {"label": "Date Ordered", "key_type": "key", "formal_key": "question"}}, {"shape_attributes": {"name": "rect", "x": 434, "y": 323, "width": 67, "height": 18}, "region_attributes": {"label": "Date Rec'd", "key_type": "key", "formal_key": "question"}}, {"shape_attributes": {"name": "rect", "x": 532, "y": 267, "width": 54, "height": 17}, "region_attributes": {"label": "9/ 5/ 95", "key_type": "value", "formal_key": "answer"}}, {"shape_attributes": {"name": "rect", "x": 520, "y": 321, "width": 46, "height": 19}, "region_attributes": {"label": "9/ 6/ 95", "key_type": "value", "formal_key": "answer"}}, {"shape_attributes": {"name": "rect", "x": 105, "y": 363, "width": 121, "height": 18}, "region_attributes": {"label": "#Displays Placed:", "key_type": "key", "formal_key": "header"}}, {"shape_attributes": {"name": "rect", "x": 384, "y": 385, "width": 128, "height": 20}, "region_attributes": {"label": "#Customers Invited", "key_type": "key", "formal_key": "question"}}, {"shape_attributes": {"name": "rect", "x": 383, "y": 404, "width": 145, "height": 14}, "region_attributes": {"label": "#Customers Attended", "key_type": "key", "formal_key": "question"}}, {"shape_attributes": {"name": "rect", "x": 383, "y": 418, "width": 137, "height": 17}, "region_attributes": {"label": "#Lorillard Personnel", "key_type": "key", "formal_key": "question"}}, {"shape_attributes": {"name": "rect", "x": 106, "y": 450, "width": 130, "height": 15}, "region_attributes": {"label": "Invitees' Comments:", "key_type": "key", "formal_key": "question"}}, {"shape_attributes": {"name": "rect", "x": 109, "y": 462, "width": 585, "height": 37}, "region_attributes": {"label": "\"Thank You very much for the tickets, we had a great time\" Rogers Liquor, Marina California.", "key_type": "value", "formal_key": "answer"}}, {"shape_attributes": {"name": "rect", "x": 106, "y": 493, "width": 570, "height": 34}, "region_attributes": {"label": "\"We really appreciate Lorillard thinking us.\" Shiffert's Wholesale, Visalia, California.", "key_type": "value", "formal_key": "answer"}}, {"shape_attributes": {"name": "rect", "x": 108, "y": 524, "width": 567, "height": 34}, "region_attributes": {"label": "\"Thank you so much for the invitations... We had a great time.\" Mission Trail Oil Company (Rotten Robbie Stores) San Jose California.", "key_type": "value", "formal_key": "answer"}}, {"shape_attributes": {"name": "rect", "x": 106, "y": 556, "width": 535, "height": 33}, "region_attributes": {"label": "\"The races were great the Newport Hospitality area was terrific\". Coremark, Sacramento, California.", "key_type": "value", "formal_key": "answer"}}, {"shape_attributes": {"name": "rect", "x": 105, "y": 601, "width": 96, "height": 15}, "region_attributes": {"label": "Race Day Info:", "key_type": "key", "formal_key": "question"}}, {"shape_attributes": {"name": "rect", "x": 230, "y": 598, "width": 413, "height": 19}, "region_attributes": {"label": "Event Attendance 100, 000 Hospitality Tent Attendance 35- 40", "key_type": "value", "formal_key": "answer"}}, {"shape_attributes": {"name": "rect", "x": 106, "y": 628, "width": 168, "height": 18}, "region_attributes": {"label": "Quality of Hospitality Tent:", "key_type": "key", "formal_key": "header"}}, {"shape_attributes": {"name": "rect", "x": 106, "y": 718, "width": 218, "height": 18}, "region_attributes": {"label": "Suggestions/ Recommendations:", "key_type": "key", "formal_key": "question"}}, {"shape_attributes": {"name": "rect", "x": 148, "y": 733, "width": 525, "height": 48}, "region_attributes": {"label": "Perhaps the tickets could be sent but a little sooner This year the tickets arrived on Thursday and the race was Sunday. This made it difficult to get the tickets to customers on tine.", "key_type": "value", "formal_key": "answer"}}, {"shape_attributes": {"name": "rect", "x": 191, "y": 887, "width": 93, "height": 15}, "region_attributes": {"label": "R. P. Bonomo", "key_type": "value", "formal_key": "answer"}}]}}}