﻿{"file_name": "92298125.json", "attributes": {"_via_img_metadata": {"regions": [{"shape_attributes": {"name": "rect", "x": 94, "y": 225, "width": 28, "height": 17}, "region_attributes": {"label": "TO:", "key_type": "key", "formal_key": "question"}}, {"shape_attributes": {"name": "rect", "x": 95, "y": 256, "width": 47, "height": 17}, "region_attributes": {"label": "FROM:", "key_type": "key", "formal_key": "question"}}, {"shape_attributes": {"name": "rect", "x": 96, "y": 288, "width": 41, "height": 14}, "region_attributes": {"label": "DATE:", "key_type": "key", "formal_key": "question"}}, {"shape_attributes": {"name": "rect", "x": 96, "y": 353, "width": 25, "height": 14}, "region_attributes": {"label": "RE:", "key_type": "key", "formal_key": "question"}}, {"shape_attributes": {"name": "rect", "x": 96, "y": 320, "width": 50, "height": 18}, "region_attributes": {"label": "PAGES:", "key_type": "key", "formal_key": "question"}}, {"shape_attributes": {"name": "rect", "x": 630, "y": 809, "width": 14, "height": 68}, "region_attributes": {"label": "92298125", "key_type": "value", "formal_key": "others"}}, {"shape_attributes": {"name": "rect", "x": 88, "y": 82, "width": 246, "height": 17}, "region_attributes": {"label": "JAN 19 96 05:27 PM AB RESEARCH ASSOC.", "key_type": "value", "formal_key": "others"}}, {"shape_attributes": {"name": "rect", "x": 598, "y": 81, "width": 42, "height": 13}, "region_attributes": {"label": "P 1/ 16", "key_type": "value", "formal_key": "others"}}, {"shape_attributes": {"name": "rect", "x": 74, "y": 115, "width": 275, "height": 31}, "region_attributes": {"label": "AB Research Associates, Inc.", "key_type": "key", "formal_key": "header"}}, {"shape_attributes": {"name": "rect", "x": 215, "y": 186, "width": 291, "height": 21}, "region_attributes": {"label": "TELECOPIER TRANSMITTAL COVER SHEET", "key_type": "key", "formal_key": "header"}}, {"shape_attributes": {"name": "rect", "x": 539, "y": 169, "width": 116, "height": 128}, "region_attributes": {"label": "Revisions", "key_type": "value", "formal_key": "others"}}, {"shape_attributes": {"name": "rect", "x": 176, "y": 222, "width": 95, "height": 17}, "region_attributes": {"label": "MARY MAZZA", "key_type": "value", "formal_key": "answer"}}, {"shape_attributes": {"name": "rect", "x": 177, "y": 253, "width": 88, "height": 18}, "region_attributes": {"label": "Pam Churchill", "key_type": "value", "formal_key": "answer"}}, {"shape_attributes": {"name": "rect", "x": 179, "y": 285, "width": 87, "height": 18}, "region_attributes": {"label": "JAN 19. 1995", "key_type": "value", "formal_key": "answer"}}, {"shape_attributes": {"name": "rect", "x": 303, "y": 314, "width": 166, "height": 19}, "region_attributes": {"label": "(Including this cover sheet)", "key_type": "key", "formal_key": "question"}}, {"shape_attributes": {"name": "rect", "x": 189, "y": 348, "width": 195, "height": 18}, "region_attributes": {"label": "CIGARETTE QUESTIONNAIRE", "key_type": "value", "formal_key": "answer"}}, {"shape_attributes": {"name": "rect", "x": 98, "y": 425, "width": 536, "height": 54}, "region_attributes": {"label": "Here is yet another version of the questionnaire. Please note that the last 2 pages are at the alternate versions that we discussed. Take a look at the alternate Q9 to try to get at the intensity issue, and maybe we can improve on it from here.", "key_type": "value", "formal_key": "others"}}, {"shape_attributes": {"name": "rect", "x": 101, "y": 486, "width": 534, "height": 56}, "region_attributes": {"label": "By the way, we received 13 more signature cards today and sent the cigarettes out. We are now up to 74 respondents who have been sent cigarettes. Hopefully we will get a lot of callbacks this weekend.", "key_type": "value", "formal_key": "others"}}, {"shape_attributes": {"name": "rect", "x": 102, "y": 556, "width": 182, "height": 18}, "region_attributes": {"label": "Talk you Monday. Thanks", "key_type": "value", "formal_key": "others"}}, {"shape_attributes": {"name": "rect", "x": 117, "y": 934, "width": 504, "height": 20}, "region_attributes": {"label": "41 Kenosia Avenue, Danbury, CT 06810 Phone 203 794- 0323 Fax 203 748- 6304", "key_type": "value", "formal_key": "others"}}]}}}