﻿{"file_name": "92314414.json", "attributes": {"_via_img_metadata": {"regions": [{"shape_attributes": {"name": "rect", "x": 492, "y": 56, "width": 38, "height": 13}, "region_attributes": {"label": "530:", "key_type": "key", "formal_key": "question"}}, {"shape_attributes": {"name": "rect", "x": 490, "y": 71, "width": 87, "height": 14}, "region_attributes": {"label": "PAYROLL:", "key_type": "key", "formal_key": "question"}}, {"shape_attributes": {"name": "rect", "x": 589, "y": 71, "width": 31, "height": 15}, "region_attributes": {"label": "700", "key_type": "value", "formal_key": "answer"}}, {"shape_attributes": {"name": "rect", "x": 465, "y": 318, "width": 53, "height": 15}, "region_attributes": {"label": "OTHER", "key_type": "key", "formal_key": "question"}}, {"shape_attributes": {"name": "rect", "x": 580, "y": 837, "width": 56, "height": 18}, "region_attributes": {"label": "(Date)", "key_type": "key", "formal_key": "question"}}, {"shape_attributes": {"name": "rect", "x": 176, "y": 841, "width": 105, "height": 18}, "region_attributes": {"label": "(Signature)", "key_type": "key", "formal_key": "question"}}, {"shape_attributes": {"name": "rect", "x": 87, "y": 806, "width": 198, "height": 43}, "region_attributes": {"label": "", "key_type": "value", "formal_key": "answer"}}, {"shape_attributes": {"name": "rect", "x": 788, "y": 802, "width": 21, "height": 84}, "region_attributes": {"label": "92314414", "key_type": "value", "formal_key": "others"}}, {"shape_attributes": {"name": "rect", "x": 260, "y": 112, "width": 392, "height": 29}, "region_attributes": {"label": "LOEWS/ LORILLARD PUBLIC AFFAIRS COMMITTEE CONTRIBUTION IDENTITY CARD", "key_type": "key", "formal_key": "header"}}, {"shape_attributes": {"name": "rect", "x": 538, "y": 54, "width": 113, "height": 16}, "region_attributes": {"label": "274- 38- 3042", "key_type": "value", "formal_key": "answer"}}, {"shape_attributes": {"name": "rect", "x": 490, "y": 41, "width": 168, "height": 15}, "region_attributes": {"label": "ANDREW TISCH", "key_type": "value", "formal_key": "others"}}, {"shape_attributes": {"name": "rect", "x": 63, "y": 187, "width": 284, "height": 19}, "region_attributes": {"label": "COMPLETE EITHER A OR B BELOW:", "key_type": "key", "formal_key": "question"}}, {"shape_attributes": {"name": "rect", "x": 64, "y": 228, "width": 688, "height": 51}, "region_attributes": {"label": "A. I hereby authorize, until further notice, a voluntary contribution by salary deduction to the Loews/ Lorillard Public Affairs Committee (LOPAC) of the following amount per pay period:", "key_type": "value", "formal_key": "others"}}, {"shape_attributes": {"name": "rect", "x": 212, "y": 292, "width": 47, "height": 15}, "region_attributes": {"label": "$ 1.00", "key_type": "value", "formal_key": "others"}}, {"shape_attributes": {"name": "rect", "x": 212, "y": 320, "width": 48, "height": 18}, "region_attributes": {"label": "$ 4.00", "key_type": "value", "formal_key": "others"}}, {"shape_attributes": {"name": "rect", "x": 462, "y": 288, "width": 53, "height": 17}, "region_attributes": {"label": "$ 2.00", "key_type": "value", "formal_key": "others"}}, {"shape_attributes": {"name": "rect", "x": 521, "y": 311, "width": 60, "height": 18}, "region_attributes": {"label": "$20.00", "key_type": "value", "formal_key": "answer"}}, {"shape_attributes": {"name": "rect", "x": 466, "y": 332, "width": 157, "height": 17}, "region_attributes": {"label": "(please specify)", "key_type": "key", "formal_key": "question"}}, {"shape_attributes": {"name": "rect", "x": 64, "y": 359, "width": 561, "height": 38}, "region_attributes": {"label": "B. Enclosed is a check or money order in the amount of $ as a contribution to LOPAC.", "key_type": "value", "formal_key": "others"}}, {"shape_attributes": {"name": "rect", "x": 63, "y": 420, "width": 692, "height": 127}, "region_attributes": {"label": "My contribution is voluntary. I am aware of my right to refuse to contribute without reprisal of any kind.  I am aware of the politicial purpose of LOPAC. I am aware that a copy of the report of LOPAC is filed with the Federal Election Commission and is available for purchase. I am aware that the guidelines above as to the amount of my contribution are only suggestions. I am aware that my contribution counts against my individual contribution limit. I am an American citizen or I have been admitted to permanent U. S. residence.", "key_type": "value", "formal_key": "others"}}, {"shape_attributes": {"name": "rect", "x": 63, "y": 602, "width": 433, "height": 15}, "region_attributes": {"label": "THE FOLLOWING INFORMATION MUST BE FURNISHED:", "key_type": "key", "formal_key": "header"}}, {"shape_attributes": {"name": "rect", "x": 64, "y": 631, "width": 129, "height": 17}, "region_attributes": {"label": "1. Full Name", "key_type": "key", "formal_key": "question"}}, {"shape_attributes": {"name": "rect", "x": 66, "y": 676, "width": 207, "height": 17}, "region_attributes": {"label": "2. Residence Address", "key_type": "key", "formal_key": "question"}}, {"shape_attributes": {"name": "rect", "x": 64, "y": 721, "width": 198, "height": 17}, "region_attributes": {"label": "3. Business Address", "key_type": "key", "formal_key": "question"}}, {"shape_attributes": {"name": "rect", "x": 66, "y": 753, "width": 140, "height": 15}, "region_attributes": {"label": "4. Occupation", "key_type": "key", "formal_key": "question"}}, {"shape_attributes": {"name": "rect", "x": 291, "y": 628, "width": 224, "height": 34}, "region_attributes": {"label": "Andrew H. Tisch (Print or type)", "key_type": "value", "formal_key": "answer"}}, {"shape_attributes": {"name": "rect", "x": 293, "y": 669, "width": 409, "height": 39}, "region_attributes": {"label": "26 East 63rd Street, New York, N. Y. 10021 (Include state and zip code)", "key_type": "value", "formal_key": "answer"}}, {"shape_attributes": {"name": "rect", "x": 292, "y": 716, "width": 375, "height": 19}, "region_attributes": {"label": "One Park Avenue, New York, N. Y. 10016", "key_type": "value", "formal_key": "answer"}}, {"shape_attributes": {"name": "rect", "x": 289, "y": 747, "width": 395, "height": 38}, "region_attributes": {"label": "Chairman/ CEO - Lorillard Tobacco Company (Job title or position)", "key_type": "value", "formal_key": "answer"}}, {"shape_attributes": {"name": "rect", "x": 492, "y": 820, "width": 126, "height": 22}, "region_attributes": {"label": "1 November 1991", "key_type": "value", "formal_key": "answer"}}, {"shape_attributes": {"name": "rect", "x": 203, "y": 897, "width": 410, "height": 19}, "region_attributes": {"label": "Return this form in the envelope provided.", "key_type": "value", "formal_key": "others"}}]}}}