﻿{"file_name": "92327794.json", "attributes": {"_via_img_metadata": {"regions": [{"shape_attributes": {"name": "rect", "x": 151, "y": 319, "width": 30, "height": 20}, "region_attributes": {"label": "TO:", "key_type": "key", "formal_key": "question"}}, {"shape_attributes": {"name": "rect", "x": 153, "y": 349, "width": 45, "height": 17}, "region_attributes": {"label": "FROM:", "key_type": "key", "formal_key": "question"}}, {"shape_attributes": {"name": "rect", "x": 151, "y": 379, "width": 47, "height": 13}, "region_attributes": {"label": "DATE:", "key_type": "key", "formal_key": "question"}}, {"shape_attributes": {"name": "rect", "x": 663, "y": 8, "width": 42, "height": 17}, "region_attributes": {"label": "P.1/8", "key_type": "value", "formal_key": "others"}}, {"shape_attributes": {"name": "rect", "x": 513, "y": 414, "width": 13, "height": 15}, "region_attributes": {"label": "8", "key_type": "value", "formal_key": "answer"}}, {"shape_attributes": {"name": "rect", "x": 696, "y": 761, "width": 22, "height": 68}, "region_attributes": {"label": "92327794", "key_type": "value", "formal_key": "others"}}, {"shape_attributes": {"name": "rect", "x": 145, "y": 12, "width": 337, "height": 18}, "region_attributes": {"label": "Jul 22 93 02:42PM LORILLARD TOBACCO 919 373 6917", "key_type": "value", "formal_key": "others"}}, {"shape_attributes": {"name": "rect", "x": 100, "y": 63, "width": 211, "height": 73}, "region_attributes": {"label": "Lorillard TOBACCO COMPANY", "key_type": "key", "formal_key": "header"}}, {"shape_attributes": {"name": "rect", "x": 306, "y": 120, "width": 340, "height": 15}, "region_attributes": {"label": "2525E Market Street, P.O. Box 21688, Greensboro, North Carolina 27420 1688", "key_type": "value", "formal_key": "others"}}, {"shape_attributes": {"name": "rect", "x": 369, "y": 224, "width": 113, "height": 15}, "region_attributes": {"label": "VIA FACSIMILE", "key_type": "key", "formal_key": "header"}}, {"shape_attributes": {"name": "rect", "x": 239, "y": 296, "width": 108, "height": 36}, "region_attributes": {"label": "(919) 378- 001 Ron Goldbrenner", "key_type": "value", "formal_key": "answer"}}, {"shape_attributes": {"name": "rect", "x": 234, "y": 346, "width": 95, "height": 13}, "region_attributes": {"label": "Becky Hayden", "key_type": "value", "formal_key": "answer"}}, {"shape_attributes": {"name": "rect", "x": 239, "y": 372, "width": 95, "height": 15}, "region_attributes": {"label": "July 22, 1993", "key_type": "value", "formal_key": "answer"}}, {"shape_attributes": {"name": "rect", "x": 153, "y": 417, "width": 340, "height": 15}, "region_attributes": {"label": "NUMBER OF PAGES (INCLUDING COVER SHEET):", "key_type": "key", "formal_key": "question"}}, {"shape_attributes": {"name": "rect", "x": 151, "y": 445, "width": 153, "height": 17}, "region_attributes": {"label": "OUR FAX NUMBER IS:", "key_type": "key", "formal_key": "question"}}, {"shape_attributes": {"name": "rect", "x": 321, "y": 444, "width": 117, "height": 18}, "region_attributes": {"label": "(919) 373- 6917", "key_type": "value", "formal_key": "answer"}}, {"shape_attributes": {"name": "rect", "x": 150, "y": 566, "width": 329, "height": 32}, "region_attributes": {"label": "IF YOU DO NOT RECEIVE ANY OF THE PAGES, PLEASE CALL", "key_type": "key", "formal_key": "question"}}, {"shape_attributes": {"name": "rect", "x": 153, "y": 593, "width": 488, "height": 32}, "region_attributes": {"label": "AT (919) AT THE GREENSBORO BRANCH AS SOON AS POSSIBLE.", "key_type": "key", "formal_key": "question"}}, {"shape_attributes": {"name": "rect", "x": 150, "y": 640, "width": 87, "height": 15}, "region_attributes": {"label": "THANK YOU.", "key_type": "value", "formal_key": "others"}}]}}}