﻿{"file_name": "92433599_92433601.json", "attributes": {"_via_img_metadata": {"regions": [{"shape_attributes": {"name": "rect", "x": 124, "y": 263, "width": 41, "height": 15}, "region_attributes": {"label": "Name", "key_type": "key", "formal_key": "question"}}, {"shape_attributes": {"name": "rect", "x": 126, "y": 292, "width": 67, "height": 17}, "region_attributes": {"label": "Address", "key_type": "key", "formal_key": "question"}}, {"shape_attributes": {"name": "rect", "x": 126, "y": 324, "width": 38, "height": 15}, "region_attributes": {"label": "City", "key_type": "key", "formal_key": "question"}}, {"shape_attributes": {"name": "rect", "x": 236, "y": 323, "width": 61, "height": 14}, "region_attributes": {"label": "Novato", "key_type": "value", "formal_key": "answer"}}, {"shape_attributes": {"name": "rect", "x": 468, "y": 321, "width": 50, "height": 15}, "region_attributes": {"label": "State", "key_type": "key", "formal_key": "question"}}, {"shape_attributes": {"name": "rect", "x": 385, "y": 349, "width": 89, "height": 18}, "region_attributes": {"label": "Telephone", "key_type": "key", "formal_key": "question"}}, {"shape_attributes": {"name": "rect", "x": 545, "y": 321, "width": 24, "height": 14}, "region_attributes": {"label": "CA", "key_type": "value", "formal_key": "answer"}}, {"shape_attributes": {"name": "rect", "x": 128, "y": 475, "width": 82, "height": 17}, "region_attributes": {"label": "Defendant", "key_type": "key", "formal_key": "question"}}, {"shape_attributes": {"name": "rect", "x": 130, "y": 443, "width": 81, "height": 20}, "region_attributes": {"label": "Plaintiff", "key_type": "key", "formal_key": "question"}}, {"shape_attributes": {"name": "rect", "x": 598, "y": 594, "width": 10, "height": 17}, "region_attributes": {"label": "(", "key_type": "value", "formal_key": "others"}}, {"shape_attributes": {"name": "rect", "x": 612, "y": 594, "width": 13, "height": 15}, "region_attributes": {"label": "X", "key_type": "value", "formal_key": "answer"}}, {"shape_attributes": {"name": "rect", "x": 631, "y": 594, "width": 8, "height": 14}, "region_attributes": {"label": ")", "key_type": "value", "formal_key": "others"}}, {"shape_attributes": {"name": "rect", "x": 598, "y": 624, "width": 10, "height": 14}, "region_attributes": {"label": "(", "key_type": "value", "formal_key": "others"}}, {"shape_attributes": {"name": "rect", "x": 631, "y": 622, "width": 10, "height": 17}, "region_attributes": {"label": ")", "key_type": "value", "formal_key": "others"}}, {"shape_attributes": {"name": "rect", "x": 613, "y": 652, "width": 11, "height": 17}, "region_attributes": {"label": "X", "key_type": "value", "formal_key": "answer"}}, {"shape_attributes": {"name": "rect", "x": 634, "y": 652, "width": 7, "height": 18}, "region_attributes": {"label": ")", "key_type": "value", "formal_key": "others"}}, {"shape_attributes": {"name": "rect", "x": 705, "y": 816, "width": 18, "height": 77}, "region_attributes": {"label": "92433599", "key_type": "value", "formal_key": "others"}}, {"shape_attributes": {"name": "rect", "x": 420, "y": 883, "width": 11, "height": 14}, "region_attributes": {"label": "1", "key_type": "value", "formal_key": "others"}}, {"shape_attributes": {"name": "rect", "x": 238, "y": 352, "width": 48, "height": 20}, "region_attributes": {"label": "94948", "key_type": "value", "formal_key": "answer"}}, {"shape_attributes": {"name": "rect", "x": 599, "y": 655, "width": 8, "height": 15}, "region_attributes": {"label": "(", "key_type": "value", "formal_key": "others"}}, {"shape_attributes": {"name": "rect", "x": 270, "y": 94, "width": 300, "height": 49}, "region_attributes": {"label": "PRELIMINARY FACT SHEET NEW FILING - ASBESTOS LITIGATION", "key_type": "key", "formal_key": "header"}}, {"shape_attributes": {"name": "rect", "x": 289, "y": 154, "width": 260, "height": 34}, "region_attributes": {"label": "(See General Order No. 29) (In Re: Complex Litigation)", "key_type": "value", "formal_key": "others"}}, {"shape_attributes": {"name": "rect", "x": 117, "y": 214, "width": 596, "height": 35}, "region_attributes": {"label": "1. Name, address and telephone number of law firm representing claimant:", "key_type": "key", "formal_key": "header"}}, {"shape_attributes": {"name": "rect", "x": 236, "y": 260, "width": 235, "height": 18}, "region_attributes": {"label": "BRAYTON, GISVOLD. & HARLEY", "key_type": "value", "formal_key": "answer"}}, {"shape_attributes": {"name": "rect", "x": 236, "y": 288, "width": 292, "height": 20}, "region_attributes": {"label": "999 Grant Avenue, P. O. Box 2109", "key_type": "value", "formal_key": "answer"}}, {"shape_attributes": {"name": "rect", "x": 126, "y": 353, "width": 77, "height": 18}, "region_attributes": {"label": "Zip Code", "key_type": "key", "formal_key": "question"}}, {"shape_attributes": {"name": "rect", "x": 501, "y": 349, "width": 130, "height": 19}, "region_attributes": {"label": "(415) 898- 1555", "key_type": "value", "formal_key": "answer"}}, {"shape_attributes": {"name": "rect", "x": 116, "y": 395, "width": 596, "height": 37}, "region_attributes": {"label": "2. Names of first named plaintiff and first named defendant on the caption of the complaint:", "key_type": "key", "formal_key": "header"}}, {"shape_attributes": {"name": "rect", "x": 239, "y": 444, "width": 150, "height": 15}, "region_attributes": {"label": "CHARLES WOODWARD", "key_type": "value", "formal_key": "answer"}}, {"shape_attributes": {"name": "rect", "x": 237, "y": 473, "width": 224, "height": 16}, "region_attributes": {"label": "ABEX CORPORATION, et al.", "key_type": "value", "formal_key": "answer"}}, {"shape_attributes": {"name": "rect", "x": 119, "y": 520, "width": 279, "height": 17}, "region_attributes": {"label": "3. Date of claimant's birth:", "key_type": "key", "formal_key": "question"}}, {"shape_attributes": {"name": "rect", "x": 433, "y": 518, "width": 126, "height": 17}, "region_attributes": {"label": "June 19, 1921", "key_type": "value", "formal_key": "answer"}}, {"shape_attributes": {"name": "rect", "x": 122, "y": 564, "width": 415, "height": 20}, "region_attributes": {"label": "4. Case involves (check appropriate boxes):", "key_type": "key", "formal_key": "header"}}, {"shape_attributes": {"name": "rect", "x": 131, "y": 595, "width": 94, "height": 18}, "region_attributes": {"label": "(a) Injury", "key_type": "key", "formal_key": "question"}}, {"shape_attributes": {"name": "rect", "x": 134, "y": 626, "width": 165, "height": 18}, "region_attributes": {"label": "(b) Wrongful death", "key_type": "key", "formal_key": "question"}}, {"shape_attributes": {"name": "rect", "x": 134, "y": 656, "width": 130, "height": 17}, "region_attributes": {"label": "(c) Consortium", "key_type": "key", "formal_key": "question"}}, {"shape_attributes": {"name": "rect", "x": 120, "y": 683, "width": 580, "height": 66}, "region_attributes": {"label": "5. Specify the nature or type of asbestos- related injury alleged by the claimant. (E. q., Asbestosis; Lung Cancer- adenocarcinoma Lung Cancer- Mesothelioma; Pleural Thickening; Fibrosis; etc.)", "key_type": "key", "formal_key": "question"}}, {"shape_attributes": {"name": "rect", "x": 165, "y": 757, "width": 490, "height": 21}, "region_attributes": {"label": "Mesothelioma and other asbestos- related lung disease", "key_type": "value", "formal_key": "answer"}}, {"shape_attributes": {"name": "rect", "x": 124, "y": 873, "width": 147, "height": 24}, "region_attributes": {"label": "K:\\CLIENTS\\5002\\FACTSHIT.COM ", "key_type": "value", "formal_key": "others"}}]}}}