﻿{"file_name": "92586242.json", "attributes": {"_via_img_metadata": {"regions": [{"shape_attributes": {"name": "rect", "x": 131, "y": 499, "width": 73, "height": 24}, "region_attributes": {"label": "HOURS:", "key_type": "key", "formal_key": "header"}}, {"shape_attributes": {"name": "rect", "x": 133, "y": 634, "width": 92, "height": 21}, "region_attributes": {"label": "SPECIFICS:", "key_type": "key", "formal_key": "header"}}, {"shape_attributes": {"name": "rect", "x": 307, "y": 684, "width": 11, "height": 18}, "region_attributes": {"label": "(S)", "key_type": "key", "formal_key": "question"}}, {"shape_attributes": {"name": "rect", "x": 209, "y": 746, "width": 14, "height": 13}, "region_attributes": {"label": "\u2611", "key_type": "value", "formal_key": "answer"}}, {"shape_attributes": {"name": "rect", "x": 208, "y": 686, "width": 13, "height": 14}, "region_attributes": {"label": "\u2611", "key_type": "value", "formal_key": "answer"}}, {"shape_attributes": {"name": "rect", "x": 662, "y": 796, "width": 15, "height": 73}, "region_attributes": {"label": "92586242", "key_type": "value", "formal_key": "others"}}, {"shape_attributes": {"name": "rect", "x": 52, "y": 934, "width": 21, "height": 13}, "region_attributes": {"label": "3056", "key_type": "value", "formal_key": "others"}}, {"shape_attributes": {"name": "rect", "x": 80, "y": 80, "width": 591, "height": 91}, "region_attributes": {"label": "Newport pleasure!", "key_type": "key", "formal_key": "header"}}, {"shape_attributes": {"name": "rect", "x": 134, "y": 239, "width": 488, "height": 28}, "region_attributes": {"label": "SPECIAL EVENT INFORMATION SHEET", "key_type": "key", "formal_key": "header"}}, {"shape_attributes": {"name": "rect", "x": 131, "y": 338, "width": 233, "height": 19}, "region_attributes": {"label": "GENERAL INFORMATION:", "key_type": "key", "formal_key": "header"}}, {"shape_attributes": {"name": "rect", "x": 131, "y": 373, "width": 85, "height": 18}, "region_attributes": {"label": "EVENT NAME:", "key_type": "key", "formal_key": "question"}}, {"shape_attributes": {"name": "rect", "x": 133, "y": 404, "width": 112, "height": 17}, "region_attributes": {"label": "EVENT LOCATION:", "key_type": "key", "formal_key": "question"}}, {"shape_attributes": {"name": "rect", "x": 131, "y": 432, "width": 86, "height": 17}, "region_attributes": {"label": "EVENT DATES:", "key_type": "key", "formal_key": "question"}}, {"shape_attributes": {"name": "rect", "x": 258, "y": 372, "width": 201, "height": 17}, "region_attributes": {"label": "Upper Madisor Avenue Festival", "key_type": "value", "formal_key": "answer"}}, {"shape_attributes": {"name": "rect", "x": 258, "y": 402, "width": 215, "height": 17}, "region_attributes": {"label": "68th -86th Street New York, NY", "key_type": "value", "formal_key": "answer"}}, {"shape_attributes": {"name": "rect", "x": 260, "y": 432, "width": 83, "height": 17}, "region_attributes": {"label": "June 4, 1995", "key_type": "value", "formal_key": "answer"}}, {"shape_attributes": {"name": "rect", "x": 133, "y": 535, "width": 109, "height": 20}, "region_attributes": {"label": "MONDAY- FRIDAY", "key_type": "key", "formal_key": "question"}}, {"shape_attributes": {"name": "rect", "x": 131, "y": 564, "width": 119, "height": 17}, "region_attributes": {"label": "SATURDAY- SUNDAY", "key_type": "key", "formal_key": "question"}}, {"shape_attributes": {"name": "rect", "x": 272, "y": 566, "width": 72, "height": 15}, "region_attributes": {"label": "11 am - 6 pm", "key_type": "value", "formal_key": "answer"}}, {"shape_attributes": {"name": "rect", "x": 133, "y": 656, "width": 119, "height": 17}, "region_attributes": {"label": "check applicable box(es)", "key_type": "key", "formal_key": "question"}}, {"shape_attributes": {"name": "rect", "x": 225, "y": 684, "width": 80, "height": 18}, "region_attributes": {"label": "# OF BOOTH", "key_type": "key", "formal_key": "question"}}, {"shape_attributes": {"name": "rect", "x": 208, "y": 715, "width": 158, "height": 16}, "region_attributes": {"label": "\u2610 SAMPLING & PREMIUMS", "key_type": "key", "formal_key": "question"}}, {"shape_attributes": {"name": "rect", "x": 226, "y": 743, "width": 100, "height": 18}, "region_attributes": {"label": "PREMIUMS ONLY", "key_type": "key", "formal_key": "question"}}, {"shape_attributes": {"name": "rect", "x": 451, "y": 684, "width": 68, "height": 17}, "region_attributes": {"label": "\u2610 SIGNAGE", "key_type": "key", "formal_key": "question"}}, {"shape_attributes": {"name": "rect", "x": 453, "y": 714, "width": 84, "height": 15}, "region_attributes": {"label": "\u2610 MUSIC VAN", "key_type": "key", "formal_key": "question"}}, {"shape_attributes": {"name": "rect", "x": 453, "y": 746, "width": 91, "height": 14}, "region_attributes": {"label": "\u2610 RACING CAR", "key_type": "key", "formal_key": "question"}}, {"shape_attributes": {"name": "rect", "x": 135, "y": 813, "width": 256, "height": 18}, "region_attributes": {"label": "SUPERVISOR INFORMATION:", "key_type": "key", "formal_key": "header"}}, {"shape_attributes": {"name": "rect", "x": 134, "y": 848, "width": 191, "height": 18}, "region_attributes": {"label": "NAME OF ALLWAYS SUPERVISOR", "key_type": "key", "formal_key": "question"}}, {"shape_attributes": {"name": "rect", "x": 359, "y": 851, "width": 82, "height": 14}, "region_attributes": {"label": "Jerome Curry", "key_type": "value", "formal_key": "answer"}}, {"shape_attributes": {"name": "rect", "x": 134, "y": 878, "width": 104, "height": 14}, "region_attributes": {"label": "PHONE NUMBER", "key_type": "key", "formal_key": "question"}}, {"shape_attributes": {"name": "rect", "x": 251, "y": 877, "width": 94, "height": 15}, "region_attributes": {"label": "(201) 923 -9208", "key_type": "value", "formal_key": "answer"}}, {"shape_attributes": {"name": "rect", "x": 372, "y": 878, "width": 105, "height": 16}, "region_attributes": {"label": "BEEPER NUMBER:", "key_type": "key", "formal_key": "question"}}, {"shape_attributes": {"name": "rect", "x": 494, "y": 877, "width": 94, "height": 15}, "region_attributes": {"label": "(201) 698 1780", "key_type": "value", "formal_key": "answer"}}]}}}