﻿{"file_name": "92657311_7313.json", "attributes": {"_via_img_metadata": {"regions": [{"shape_attributes": {"name": "rect", "x": 84, "y": 53, "width": 28, "height": 14}, "region_attributes": {"label": "TO:", "key_type": "key", "formal_key": "question"}}, {"shape_attributes": {"name": "rect", "x": 85, "y": 85, "width": 49, "height": 17}, "region_attributes": {"label": "FROM:", "key_type": "key", "formal_key": "question"}}, {"shape_attributes": {"name": "rect", "x": 87, "y": 122, "width": 70, "height": 17}, "region_attributes": {"label": "SUBJECT:", "key_type": "key", "formal_key": "question"}}, {"shape_attributes": {"name": "rect", "x": 87, "y": 180, "width": 106, "height": 17}, "region_attributes": {"label": "DISTRIBUTION:", "key_type": "key", "formal_key": "question"}}, {"shape_attributes": {"name": "rect", "x": 725, "y": 105, "width": 15, "height": 14}, "region_attributes": {"label": "X", "key_type": "value", "formal_key": "answer"}}, {"shape_attributes": {"name": "rect", "x": 236, "y": 321, "width": 67, "height": 11}, "region_attributes": {"label": "ACCOUNT", "key_type": "key", "formal_key": "question"}}, {"shape_attributes": {"name": "rect", "x": 246, "y": 339, "width": 43, "height": 14}, "region_attributes": {"label": "NONE", "key_type": "value", "formal_key": "answer"}}, {"shape_attributes": {"name": "rect", "x": 708, "y": 785, "width": 17, "height": 68}, "region_attributes": {"label": "92657311", "key_type": "value", "formal_key": "others"}}, {"shape_attributes": {"name": "rect", "x": 623, "y": 318, "width": 34, "height": 15}, "region_attributes": {"label": "100'S", "key_type": "key", "formal_key": "question"}}, {"shape_attributes": {"name": "rect", "x": 532, "y": 52, "width": 138, "height": 15}, "region_attributes": {"label": "SUBMISSION DATE:", "key_type": "key", "formal_key": "header"}}, {"shape_attributes": {"name": "rect", "x": 147, "y": 50, "width": 81, "height": 18}, "region_attributes": {"label": "R. B. SPELL", "key_type": "value", "formal_key": "answer"}}, {"shape_attributes": {"name": "rect", "x": 147, "y": 85, "width": 92, "height": 17}, "region_attributes": {"label": "S. J. Farnham", "key_type": "value", "formal_key": "answer"}}, {"shape_attributes": {"name": "rect", "x": 161, "y": 122, "width": 410, "height": 17}, "region_attributes": {"label": "HARLEY DAVIDSON 100'S CIGARETTES PROGRESS REPORT", "key_type": "value", "formal_key": "answer"}}, {"shape_attributes": {"name": "rect", "x": 535, "y": 85, "width": 46, "height": 18}, "region_attributes": {"label": "OCT 3", "key_type": "key", "formal_key": "question"}}, {"shape_attributes": {"name": "rect", "x": 531, "y": 105, "width": 50, "height": 17}, "region_attributes": {"label": "OCT 31", "key_type": "key", "formal_key": "question"}}, {"shape_attributes": {"name": "rect", "x": 651, "y": 85, "width": 53, "height": 18}, "region_attributes": {"label": "DEC 26", "key_type": "key", "formal_key": "question"}}, {"shape_attributes": {"name": "rect", "x": 652, "y": 105, "width": 53, "height": 31}, "region_attributes": {"label": "JAN 23, 1995", "key_type": "key", "formal_key": "question"}}, {"shape_attributes": {"name": "rect", "x": 197, "y": 182, "width": 399, "height": 16}, "region_attributes": {"label": "EFFECTIVENESS OF SELL (REPORT ON OCT 3 ONLY).", "key_type": "value", "formal_key": "answer"}}, {"shape_attributes": {"name": "rect", "x": 85, "y": 272, "width": 461, "height": 20}, "region_attributes": {"label": "DIRECT ACCOUNT AND CHAIN VOIDS (USE X TO INDICATE A VOID).", "key_type": "key", "formal_key": "header"}}, {"shape_attributes": {"name": "rect", "x": 511, "y": 307, "width": 59, "height": 24}, "region_attributes": {"label": "NO. STORES", "key_type": "key", "formal_key": "question"}}, {"shape_attributes": {"name": "rect", "x": 669, "y": 306, "width": 37, "height": 26}, "region_attributes": {"label": "LTS. 100'S", "key_type": "key", "formal_key": "question"}}, {"shape_attributes": {"name": "rect", "x": 87, "y": 541, "width": 360, "height": 18}, "region_attributes": {"label": "% OF DISTRIBUTION ACHIEVED IN RETAIL OUTLETS:", "key_type": "key", "formal_key": "question"}}, {"shape_attributes": {"name": "rect", "x": 321, "y": 573, "width": 164, "height": 37}, "region_attributes": {"label": "9 0 % CLASSIFIED CALLS 2 % ANNUAL CALLS", "key_type": "value", "formal_key": "answer"}}, {"shape_attributes": {"name": "rect", "x": 88, "y": 626, "width": 165, "height": 16}, "region_attributes": {"label": "PROMOTIONAL IMPACT:", "key_type": "key", "formal_key": "header"}}, {"shape_attributes": {"name": "rect", "x": 85, "y": 661, "width": 95, "height": 14}, "region_attributes": {"label": "$ 50 OFF PACK:", "key_type": "key", "formal_key": "question"}}, {"shape_attributes": {"name": "rect", "x": 87, "y": 736, "width": 115, "height": 15}, "region_attributes": {"label": "SALES FORCE 20'S", "key_type": "key", "formal_key": "question"}}, {"shape_attributes": {"name": "rect", "x": 89, "y": 814, "width": 115, "height": 14}, "region_attributes": {"label": "$ 5.00 OFF CARTON:", "key_type": "key", "formal_key": "question"}}, {"shape_attributes": {"name": "rect", "x": 235, "y": 661, "width": 413, "height": 36}, "region_attributes": {"label": "Excellent movement when couponed. Without coupons, movement slows dramatically!", "key_type": "value", "formal_key": "answer"}}, {"shape_attributes": {"name": "rect", "x": 236, "y": 735, "width": 178, "height": 17}, "region_attributes": {"label": "Excellent but quickly depleted.", "key_type": "value", "formal_key": "answer"}}, {"shape_attributes": {"name": "rect", "x": 237, "y": 813, "width": 271, "height": 14}, "region_attributes": {"label": "Excellent. Continues to drive all carton business", "key_type": "value", "formal_key": "answer"}}, {"shape_attributes": {"name": "rect", "x": 85, "y": 905, "width": 37, "height": 12}, "region_attributes": {"label": "1 of 2", "key_type": "value", "formal_key": "others"}}]}}}