﻿{"file_name": "92657391.json", "attributes": {"_via_img_metadata": {"regions": [{"shape_attributes": {"name": "rect", "x": 47, "y": 39, "width": 226, "height": 75}, "region_attributes": {"label": "Lorillard", "key_type": "key", "formal_key": "header"}}, {"shape_attributes": {"name": "rect", "x": 77, "y": 204, "width": 50, "height": 17}, "region_attributes": {"label": "DATE:", "key_type": "key", "formal_key": "question"}}, {"shape_attributes": {"name": "rect", "x": 392, "y": 205, "width": 45, "height": 17}, "region_attributes": {"label": "TIME:", "key_type": "key", "formal_key": "question"}}, {"shape_attributes": {"name": "rect", "x": 514, "y": 261, "width": 11, "height": 15}, "region_attributes": {"label": "3", "key_type": "value", "formal_key": "answer"}}, {"shape_attributes": {"name": "rect", "x": 78, "y": 342, "width": 53, "height": 20}, "region_attributes": {"label": "NAME:", "key_type": "key", "formal_key": "question"}}, {"shape_attributes": {"name": "rect", "x": 77, "y": 377, "width": 66, "height": 18}, "region_attributes": {"label": "OFFICE:", "key_type": "key", "formal_key": "question"}}, {"shape_attributes": {"name": "rect", "x": 75, "y": 515, "width": 53, "height": 17}, "region_attributes": {"label": "NAME:", "key_type": "key", "formal_key": "question"}}, {"shape_attributes": {"name": "rect", "x": 73, "y": 554, "width": 68, "height": 17}, "region_attributes": {"label": "OFFICE:", "key_type": "key", "formal_key": "question"}}, {"shape_attributes": {"name": "rect", "x": 74, "y": 654, "width": 99, "height": 21}, "region_attributes": {"label": "COMMENTS:", "key_type": "key", "formal_key": "question"}}, {"shape_attributes": {"name": "rect", "x": 274, "y": 729, "width": 24, "height": 13}, "region_attributes": {"label": "cc:", "key_type": "key", "formal_key": "question"}}, {"shape_attributes": {"name": "rect", "x": 689, "y": 797, "width": 14, "height": 73}, "region_attributes": {"label": "92657391", "key_type": "value", "formal_key": "others"}}, {"shape_attributes": {"name": "rect", "x": 74, "y": 25, "width": 113, "height": 15}, "region_attributes": {"label": "12/ 29/ 94 10: 14", "key_type": "value", "formal_key": "others"}}, {"shape_attributes": {"name": "rect", "x": 214, "y": 25, "width": 97, "height": 15}, "region_attributes": {"label": "713 591 0204", "key_type": "value", "formal_key": "others"}}, {"shape_attributes": {"name": "rect", "x": 380, "y": 27, "width": 245, "height": 15}, "region_attributes": {"label": "LORILLARD HOUS. NEW YORK SALES", "key_type": "value", "formal_key": "others"}}, {"shape_attributes": {"name": "rect", "x": 651, "y": 29, "width": 64, "height": 14}, "region_attributes": {"label": "001/ 003", "key_type": "value", "formal_key": "others"}}, {"shape_attributes": {"name": "rect", "x": 258, "y": 151, "width": 238, "height": 24}, "region_attributes": {"label": "FACSIMILE COVER PAGE", "key_type": "key", "formal_key": "header"}}, {"shape_attributes": {"name": "rect", "x": 228, "y": 207, "width": 60, "height": 17}, "region_attributes": {"label": "12/ 28/ 94", "key_type": "value", "formal_key": "answer"}}, {"shape_attributes": {"name": "rect", "x": 508, "y": 208, "width": 39, "height": 17}, "region_attributes": {"label": "10: 15", "key_type": "value", "formal_key": "answer"}}, {"shape_attributes": {"name": "rect", "x": 80, "y": 256, "width": 395, "height": 26}, "region_attributes": {"label": "The following document, including cover page is", "key_type": "key", "formal_key": "question"}}, {"shape_attributes": {"name": "rect", "x": 577, "y": 260, "width": 95, "height": 24}, "region_attributes": {"label": "pages long.", "key_type": "key", "formal_key": "question"}}, {"shape_attributes": {"name": "rect", "x": 218, "y": 309, "width": 317, "height": 22}, "region_attributes": {"label": "PLEASE TRANSMIT THIS DOCUMENT TO:", "key_type": "key", "formal_key": "header"}}, {"shape_attributes": {"name": "rect", "x": 77, "y": 411, "width": 170, "height": 20}, "region_attributes": {"label": "FAX PHONE NUMBER:", "key_type": "key", "formal_key": "question"}}, {"shape_attributes": {"name": "rect", "x": 278, "y": 348, "width": 86, "height": 15}, "region_attributes": {"label": "R. H. Orcutt", "key_type": "value", "formal_key": "answer"}}, {"shape_attributes": {"name": "rect", "x": 277, "y": 381, "width": 146, "height": 18}, "region_attributes": {"label": "Lorillard- New York", "key_type": "value", "formal_key": "answer"}}, {"shape_attributes": {"name": "rect", "x": 278, "y": 415, "width": 104, "height": 15}, "region_attributes": {"label": "(212) 545- 3299", "key_type": "value", "formal_key": "answer"}}, {"shape_attributes": {"name": "rect", "x": 271, "y": 483, "width": 208, "height": 19}, "region_attributes": {"label": "THIS DOCUMENT IS FROM:", "key_type": "key", "formal_key": "header"}}, {"shape_attributes": {"name": "rect", "x": 274, "y": 521, "width": 184, "height": 18}, "region_attributes": {"label": "J. L. McGinnis - Region 9", "key_type": "value", "formal_key": "answer"}}, {"shape_attributes": {"name": "rect", "x": 263, "y": 553, "width": 399, "height": 24}, "region_attributes": {"label": "Lorillard Tobacco Company Houston N., Texas", "key_type": "value", "formal_key": "answer"}}, {"shape_attributes": {"name": "rect", "x": 261, "y": 587, "width": 112, "height": 22}, "region_attributes": {"label": "(713) 591 0204", "key_type": "value", "formal_key": "answer"}}, {"shape_attributes": {"name": "rect", "x": 74, "y": 587, "width": 173, "height": 21}, "region_attributes": {"label": "FAX PHONE NUMBER:", "key_type": "key", "formal_key": "question"}}, {"shape_attributes": {"name": "rect", "x": 275, "y": 658, "width": 274, "height": 19}, "region_attributes": {"label": "Harley Davidson 100's Progress Report.", "key_type": "value", "formal_key": "answer"}}, {"shape_attributes": {"name": "rect", "x": 309, "y": 726, "width": 81, "height": 17}, "region_attributes": {"label": "R. B. Spell", "key_type": "value", "formal_key": "answer"}}, {"shape_attributes": {"name": "rect", "x": 309, "y": 746, "width": 96, "height": 15}, "region_attributes": {"label": "A. J. Giacoio", "key_type": "value", "formal_key": "answer"}}, {"shape_attributes": {"name": "rect", "x": 306, "y": 763, "width": 92, "height": 14}, "region_attributes": {"label": "P. J. McCann", "key_type": "value", "formal_key": "answer"}}, {"shape_attributes": {"name": "rect", "x": 309, "y": 779, "width": 83, "height": 15}, "region_attributes": {"label": "S. L. Enloe", "key_type": "value", "formal_key": "answer"}}, {"shape_attributes": {"name": "rect", "x": 307, "y": 796, "width": 84, "height": 15}, "region_attributes": {"label": "T. L. Achey", "key_type": "value", "formal_key": "answer"}}, {"shape_attributes": {"name": "rect", "x": 70, "y": 865, "width": 599, "height": 47}, "region_attributes": {"label": "In the event that any of these pages are not legible, or you do not receive all pages, please call this office soon as possible at (713) 591- 6733", "key_type": "value", "formal_key": "others"}}]}}}