﻿{"file_name": "93213298.json", "attributes": {"_via_img_metadata": {"regions": [{"shape_attributes": {"name": "rect", "x": 404, "y": 144, "width": 56, "height": 18}, "region_attributes": {"label": "Division", "key_type": "key", "formal_key": "question"}}, {"shape_attributes": {"name": "rect", "x": 75, "y": 151, "width": 60, "height": 20}, "region_attributes": {"label": "Location", "key_type": "key", "formal_key": "question"}}, {"shape_attributes": {"name": "rect", "x": 81, "y": 279, "width": 38, "height": 15}, "region_attributes": {"label": "Mugs", "key_type": "key", "formal_key": "question"}}, {"shape_attributes": {"name": "rect", "x": 413, "y": 244, "width": 77, "height": 17}, "region_attributes": {"label": "Invitations:", "key_type": "key", "formal_key": "header"}}, {"shape_attributes": {"name": "rect", "x": 81, "y": 324, "width": 50, "height": 17}, "region_attributes": {"label": "Posters", "key_type": "key", "formal_key": "question"}}, {"shape_attributes": {"name": "rect", "x": 82, "y": 416, "width": 53, "height": 18}, "region_attributes": {"label": "Counter", "key_type": "key", "formal_key": "question"}}, {"shape_attributes": {"name": "rect", "x": 82, "y": 432, "width": 36, "height": 17}, "region_attributes": {"label": "Floor", "key_type": "key", "formal_key": "question"}}, {"shape_attributes": {"name": "rect", "x": 82, "y": 450, "width": 52, "height": 17}, "region_attributes": {"label": "Posters", "key_type": "key", "formal_key": "question"}}, {"shape_attributes": {"name": "rect", "x": 321, "y": 719, "width": 35, "height": 13}, "region_attributes": {"label": "Fair", "key_type": "key", "formal_key": "question"}}, {"shape_attributes": {"name": "rect", "x": 454, "y": 714, "width": 53, "height": 17}, "region_attributes": {"label": "Average", "key_type": "key", "formal_key": "question"}}, {"shape_attributes": {"name": "rect", "x": 594, "y": 709, "width": 61, "height": 17}, "region_attributes": {"label": "Excellent", "key_type": "key", "formal_key": "question"}}, {"shape_attributes": {"name": "rect", "x": 161, "y": 677, "width": 36, "height": 15}, "region_attributes": {"label": "Food", "key_type": "key", "formal_key": "question"}}, {"shape_attributes": {"name": "rect", "x": 161, "y": 693, "width": 77, "height": 14}, "region_attributes": {"label": "Cleanliness", "key_type": "key", "formal_key": "question"}}, {"shape_attributes": {"name": "rect", "x": 161, "y": 705, "width": 50, "height": 18}, "region_attributes": {"label": "Service", "key_type": "key", "formal_key": "question"}}, {"shape_attributes": {"name": "rect", "x": 363, "y": 384, "width": 74, "height": 20}, "region_attributes": {"label": "Attendees:", "key_type": "key", "formal_key": "header"}}, {"shape_attributes": {"name": "rect", "x": 535, "y": 264, "width": 22, "height": 21}, "region_attributes": {"label": "10", "key_type": "value", "formal_key": "answer"}}, {"shape_attributes": {"name": "rect", "x": 541, "y": 408, "width": 17, "height": 15}, "region_attributes": {"label": "8", "key_type": "value", "formal_key": "answer"}}, {"shape_attributes": {"name": "rect", "x": 539, "y": 418, "width": 15, "height": 17}, "region_attributes": {"label": "8", "key_type": "value", "formal_key": "answer"}}, {"shape_attributes": {"name": "rect", "x": 541, "y": 437, "width": 20, "height": 11}, "region_attributes": {"label": "2", "key_type": "value", "formal_key": "answer"}}, {"shape_attributes": {"name": "rect", "x": 186, "y": 415, "width": 17, "height": 17}, "region_attributes": {"label": "0", "key_type": "value", "formal_key": "answer"}}, {"shape_attributes": {"name": "rect", "x": 189, "y": 429, "width": 14, "height": 15}, "region_attributes": {"label": "0", "key_type": "value", "formal_key": "answer"}}, {"shape_attributes": {"name": "rect", "x": 189, "y": 446, "width": 14, "height": 13}, "region_attributes": {"label": "0", "key_type": "value", "formal_key": "answer"}}, {"shape_attributes": {"name": "rect", "x": 186, "y": 275, "width": 13, "height": 20}, "region_attributes": {"label": "0", "key_type": "value", "formal_key": "answer"}}, {"shape_attributes": {"name": "rect", "x": 186, "y": 292, "width": 13, "height": 13}, "region_attributes": {"label": "0", "key_type": "value", "formal_key": "answer"}}, {"shape_attributes": {"name": "rect", "x": 187, "y": 306, "width": 14, "height": 14}, "region_attributes": {"label": "0", "key_type": "value", "formal_key": "answer"}}, {"shape_attributes": {"name": "rect", "x": 187, "y": 320, "width": 13, "height": 15}, "region_attributes": {"label": "0", "key_type": "value", "formal_key": "answer"}}, {"shape_attributes": {"name": "rect", "x": 351, "y": 624, "width": 20, "height": 18}, "region_attributes": {"label": "10", "key_type": "value", "formal_key": "answer"}}, {"shape_attributes": {"name": "rect", "x": 464, "y": 670, "width": 15, "height": 17}, "region_attributes": {"label": "X", "key_type": "value", "formal_key": "answer"}}, {"shape_attributes": {"name": "rect", "x": 615, "y": 680, "width": 11, "height": 14}, "region_attributes": {"label": "X", "key_type": "value", "formal_key": "answer"}}, {"shape_attributes": {"name": "rect", "x": 610, "y": 694, "width": 15, "height": 11}, "region_attributes": {"label": "X", "key_type": "value", "formal_key": "answer"}}, {"shape_attributes": {"name": "rect", "x": 605, "y": 617, "width": 20, "height": 21}, "region_attributes": {"label": "10", "key_type": "value", "formal_key": "answer"}}, {"shape_attributes": {"name": "rect", "x": 683, "y": 785, "width": 15, "height": 68}, "region_attributes": {"label": "93213298", "key_type": "value", "formal_key": "others"}}, {"shape_attributes": {"name": "rect", "x": 291, "y": 253, "width": 80, "height": 47}, "region_attributes": {"label": "", "key_type": "value", "formal_key": "others"}}, {"shape_attributes": {"name": "rect", "x": 338, "y": 331, "width": 29, "height": 29}, "region_attributes": {"label": "", "key_type": "value", "formal_key": "others"}}, {"shape_attributes": {"name": "rect", "x": 219, "y": 113, "width": 283, "height": 23}, "region_attributes": {"label": "NEWPORT RACING EVENT SURVEY", "key_type": "key", "formal_key": "header"}}, {"shape_attributes": {"name": "rect", "x": 504, "y": 137, "width": 109, "height": 23}, "region_attributes": {"label": "Detroit - MCA", "key_type": "value", "formal_key": "answer"}}, {"shape_attributes": {"name": "rect", "x": 504, "y": 169, "width": 103, "height": 21}, "region_attributes": {"label": "R. L. Lavoie", "key_type": "value", "formal_key": "answer"}}, {"shape_attributes": {"name": "rect", "x": 406, "y": 172, "width": 79, "height": 20}, "region_attributes": {"label": "Division Mgr", "key_type": "key", "formal_key": "question"}}, {"shape_attributes": {"name": "rect", "x": 80, "y": 183, "width": 51, "height": 20}, "region_attributes": {"label": "Date (s)", "key_type": "key", "formal_key": "question"}}, {"shape_attributes": {"name": "rect", "x": 159, "y": 147, "width": 152, "height": 20}, "region_attributes": {"label": "DETROIT GRAND PRIX", "key_type": "value", "formal_key": "answer"}}, {"shape_attributes": {"name": "rect", "x": 161, "y": 175, "width": 112, "height": 22}, "region_attributes": {"label": "June 11, 1995", "key_type": "value", "formal_key": "answer"}}, {"shape_attributes": {"name": "rect", "x": 264, "y": 205, "width": 100, "height": 18}, "region_attributes": {"label": "Date Submitted", "key_type": "key", "formal_key": "question"}}, {"shape_attributes": {"name": "rect", "x": 377, "y": 200, "width": 99, "height": 23}, "region_attributes": {"label": "July 6, 1995", "key_type": "value", "formal_key": "answer"}}, {"shape_attributes": {"name": "rect", "x": 295, "y": 223, "width": 160, "height": 17}, "region_attributes": {"label": "(submit by 30 days after event)", "key_type": "value", "formal_key": "others"}}, {"shape_attributes": {"name": "rect", "x": 80, "y": 251, "width": 131, "height": 18}, "region_attributes": {"label": "Promotion Quantity:", "key_type": "key", "formal_key": "header"}}, {"shape_attributes": {"name": "rect", "x": 81, "y": 295, "width": 80, "height": 18}, "region_attributes": {"label": "Displays (8)", "key_type": "key", "formal_key": "question"}}, {"shape_attributes": {"name": "rect", "x": 80, "y": 306, "width": 69, "height": 21}, "region_attributes": {"label": "Floor (40)", "key_type": "key", "formal_key": "question"}}, {"shape_attributes": {"name": "rect", "x": 82, "y": 351, "width": 74, "height": 19}, "region_attributes": {"label": "Date Rec'd", "key_type": "key", "formal_key": "question"}}, {"shape_attributes": {"name": "rect", "x": 412, "y": 264, "width": 91, "height": 21}, "region_attributes": {"label": "# Requested", "key_type": "key", "formal_key": "question"}}, {"shape_attributes": {"name": "rect", "x": 411, "y": 282, "width": 89, "height": 18}, "region_attributes": {"label": "Date Notified", "key_type": "key", "formal_key": "question"}}, {"shape_attributes": {"name": "rect", "x": 415, "y": 297, "width": 89, "height": 20}, "region_attributes": {"label": "Date Ordered", "key_type": "key", "formal_key": "question"}}, {"shape_attributes": {"name": "rect", "x": 415, "y": 345, "width": 76, "height": 20}, "region_attributes": {"label": "Date Rec'd", "key_type": "key", "formal_key": "question"}}, {"shape_attributes": {"name": "rect", "x": 508, "y": 341, "width": 69, "height": 20}, "region_attributes": {"label": "05/ 01/ 95", "key_type": "value", "formal_key": "answer"}}, {"shape_attributes": {"name": "rect", "x": 80, "y": 390, "width": 128, "height": 19}, "region_attributes": {"label": "# Displays Placed:", "key_type": "key", "formal_key": "header"}}, {"shape_attributes": {"name": "rect", "x": 369, "y": 406, "width": 135, "height": 20}, "region_attributes": {"label": "# Customers Invited", "key_type": "key", "formal_key": "question"}}, {"shape_attributes": {"name": "rect", "x": 367, "y": 423, "width": 149, "height": 18}, "region_attributes": {"label": "# Customers Attended", "key_type": "key", "formal_key": "question"}}, {"shape_attributes": {"name": "rect", "x": 367, "y": 437, "width": 143, "height": 21}, "region_attributes": {"label": "# Lorillard Personnel", "key_type": "key", "formal_key": "question"}}, {"shape_attributes": {"name": "rect", "x": 82, "y": 479, "width": 134, "height": 19}, "region_attributes": {"label": "Invitees Comments:", "key_type": "key", "formal_key": "question"}}, {"shape_attributes": {"name": "rect", "x": 233, "y": 469, "width": 436, "height": 24}, "region_attributes": {"label": "Invitees stated the Newport hospitality tent was very", "key_type": "value", "formal_key": "answer"}}, {"shape_attributes": {"name": "rect", "x": 84, "y": 490, "width": 569, "height": 70}, "region_attributes": {"label": "difficult to locate. Also, the Indy Lights Paddock area was not clearly identified Most Invitees were looking for the hospitality tent in a separate identified area away from the Paddock Brea and the Newport car transporter.", "key_type": "value", "formal_key": "answer"}}, {"shape_attributes": {"name": "rect", "x": 84, "y": 630, "width": 102, "height": 20}, "region_attributes": {"label": "Race Day Info:", "key_type": "key", "formal_key": "header"}}, {"shape_attributes": {"name": "rect", "x": 214, "y": 630, "width": 117, "height": 18}, "region_attributes": {"label": "Event Attendance", "key_type": "key", "formal_key": "question"}}, {"shape_attributes": {"name": "rect", "x": 406, "y": 623, "width": 179, "height": 21}, "region_attributes": {"label": "Hospitality Tent Attendance", "key_type": "key", "formal_key": "question"}}, {"shape_attributes": {"name": "rect", "x": 88, "y": 661, "width": 173, "height": 22}, "region_attributes": {"label": "Quality of Hospitality Tent:", "key_type": "key", "formal_key": "header"}}, {"shape_attributes": {"name": "rect", "x": 89, "y": 747, "width": 224, "height": 18}, "region_attributes": {"label": "Suggestions/ Recommendations:", "key_type": "key", "formal_key": "question"}}, {"shape_attributes": {"name": "rect", "x": 321, "y": 742, "width": 325, "height": 21}, "region_attributes": {"label": "In the future, please specify where the", "key_type": "value", "formal_key": "answer"}}, {"shape_attributes": {"name": "rect", "x": 92, "y": 756, "width": 560, "height": 56}, "region_attributes": {"label": "Newport hospitality area will be located - at the Newport car trans- porter site or in a separate area . Specific directions will be needed.", "key_type": "value", "formal_key": "answer"}}]}}}