﻿{"file_name": "93329540.json", "attributes": {"_via_img_metadata": {"regions": [{"shape_attributes": {"name": "rect", "x": 133, "y": 204, "width": 41, "height": 15}, "region_attributes": {"label": "DATE:", "key_type": "key", "formal_key": "question"}}, {"shape_attributes": {"name": "rect", "x": 260, "y": 203, "width": 35, "height": 14}, "region_attributes": {"label": "TIME:", "key_type": "key", "formal_key": "question"}}, {"shape_attributes": {"name": "rect", "x": 78, "y": 254, "width": 117, "height": 20}, "region_attributes": {"label": "MANUFACTURER:", "key_type": "key", "formal_key": "question"}}, {"shape_attributes": {"name": "rect", "x": 84, "y": 782, "width": 20, "height": 14}, "region_attributes": {"label": "cc:", "key_type": "key", "formal_key": "question"}}, {"shape_attributes": {"name": "rect", "x": 735, "y": 799, "width": 18, "height": 71}, "region_attributes": {"label": "93329540", "key_type": "value", "formal_key": "others"}}, {"shape_attributes": {"name": "rect", "x": 311, "y": 87, "width": 213, "height": 20}, "region_attributes": {"label": "NEW COMPETITIVE PRODUCTS", "key_type": "key", "formal_key": "header"}}, {"shape_attributes": {"name": "rect", "x": 80, "y": 151, "width": 100, "height": 17}, "region_attributes": {"label": "REPORTED BY:", "key_type": "key", "formal_key": "question"}}, {"shape_attributes": {"name": "rect", "x": 258, "y": 147, "width": 326, "height": 19}, "region_attributes": {"label": "A. REID, DIVISION MANAGER, SAN FRANCISCO, CA", "key_type": "value", "formal_key": "answer"}}, {"shape_attributes": {"name": "rect", "x": 177, "y": 201, "width": 52, "height": 15}, "region_attributes": {"label": "8/ 13/ 93", "key_type": "value", "formal_key": "answer"}}, {"shape_attributes": {"name": "rect", "x": 256, "y": 256, "width": 180, "height": 16}, "region_attributes": {"label": "AMERICAN TOBACCO COMPANY", "key_type": "value", "formal_key": "answer"}}, {"shape_attributes": {"name": "rect", "x": 260, "y": 304, "width": 88, "height": 19}, "region_attributes": {"label": "SPECIAL 10' s", "key_type": "value", "formal_key": "answer"}}, {"shape_attributes": {"name": "rect", "x": 80, "y": 309, "width": 98, "height": 18}, "region_attributes": {"label": "BRAND NAME:", "key_type": "key", "formal_key": "question"}}, {"shape_attributes": {"name": "rect", "x": 80, "y": 362, "width": 70, "height": 34}, "region_attributes": {"label": "TYPE OF PRODUCT:", "key_type": "key", "formal_key": "question"}}, {"shape_attributes": {"name": "rect", "x": 82, "y": 430, "width": 104, "height": 19}, "region_attributes": {"label": "SIZE OR SIZES:", "key_type": "key", "formal_key": "question"}}, {"shape_attributes": {"name": "rect", "x": 81, "y": 483, "width": 81, "height": 18}, "region_attributes": {"label": "LIST PRICE:", "key_type": "key", "formal_key": "question"}}, {"shape_attributes": {"name": "rect", "x": 81, "y": 536, "width": 103, "height": 35}, "region_attributes": {"label": "EXTENT OF DISTRIBUTION:", "key_type": "key", "formal_key": "question"}}, {"shape_attributes": {"name": "rect", "x": 80, "y": 642, "width": 105, "height": 34}, "region_attributes": {"label": "OTHER INFORMATION:", "key_type": "key", "formal_key": "question"}}, {"shape_attributes": {"name": "rect", "x": 263, "y": 652, "width": 279, "height": 19}, "region_attributes": {"label": "SEE ATTACHED COPY OF CIRCULAR NO. 4848", "key_type": "value", "formal_key": "answer"}}, {"shape_attributes": {"name": "rect", "x": 84, "y": 799, "width": 70, "height": 16}, "region_attributes": {"label": "A. H. Tisch", "key_type": "value", "formal_key": "answer"}}, {"shape_attributes": {"name": "rect", "x": 84, "y": 818, "width": 78, "height": 15}, "region_attributes": {"label": "R. H. Orcutt", "key_type": "value", "formal_key": "answer"}}, {"shape_attributes": {"name": "rect", "x": 82, "y": 837, "width": 99, "height": 14}, "region_attributes": {"label": "M. A. Peterson", "key_type": "value", "formal_key": "answer"}}, {"shape_attributes": {"name": "rect", "x": 85, "y": 853, "width": 94, "height": 15}, "region_attributes": {"label": "M. L. Orlowsky", "key_type": "value", "formal_key": "answer"}}, {"shape_attributes": {"name": "rect", "x": 84, "y": 872, "width": 70, "height": 11}, "region_attributes": {"label": "L. Gordon", "key_type": "value", "formal_key": "answer"}}, {"shape_attributes": {"name": "rect", "x": 85, "y": 887, "width": 64, "height": 12}, "region_attributes": {"label": "G. Telford", "key_type": "value", "formal_key": "answer"}}, {"shape_attributes": {"name": "rect", "x": 242, "y": 797, "width": 72, "height": 14}, "region_attributes": {"label": "V. Norman", "key_type": "value", "formal_key": "answer"}}, {"shape_attributes": {"name": "rect", "x": 240, "y": 817, "width": 86, "height": 14}, "region_attributes": {"label": "A. W. Spears", "key_type": "value", "formal_key": "answer"}}, {"shape_attributes": {"name": "rect", "x": 242, "y": 834, "width": 83, "height": 14}, "region_attributes": {"label": "A. J. Giacoio", "key_type": "value", "formal_key": "answer"}}, {"shape_attributes": {"name": "rect", "x": 242, "y": 851, "width": 78, "height": 14}, "region_attributes": {"label": "N. P. Ruffalo", "key_type": "value", "formal_key": "answer"}}, {"shape_attributes": {"name": "rect", "x": 242, "y": 869, "width": 77, "height": 14}, "region_attributes": {"label": "T. L. Achey", "key_type": "value", "formal_key": "answer"}}, {"shape_attributes": {"name": "rect", "x": 242, "y": 887, "width": 70, "height": 13}, "region_attributes": {"label": "R. B. Spell", "key_type": "value", "formal_key": "answer"}}, {"shape_attributes": {"name": "rect", "x": 240, "y": 901, "width": 87, "height": 14}, "region_attributes": {"label": "P. J. McCann", "key_type": "value", "formal_key": "answer"}}, {"shape_attributes": {"name": "rect", "x": 370, "y": 796, "width": 73, "height": 15}, "region_attributes": {"label": "J. J. Tatulli", "key_type": "value", "formal_key": "answer"}}, {"shape_attributes": {"name": "rect", "x": 372, "y": 813, "width": 72, "height": 16}, "region_attributes": {"label": "L. H. Kersh", "key_type": "value", "formal_key": "answer"}}, {"shape_attributes": {"name": "rect", "x": 373, "y": 831, "width": 71, "height": 14}, "region_attributes": {"label": "J. R. Slater", "key_type": "value", "formal_key": "answer"}}, {"shape_attributes": {"name": "rect", "x": 373, "y": 849, "width": 77, "height": 15}, "region_attributes": {"label": "A. Pasheluk", "key_type": "value", "formal_key": "answer"}}, {"shape_attributes": {"name": "rect", "x": 373, "y": 867, "width": 117, "height": 15}, "region_attributes": {"label": "R. S. Goldbrenner", "key_type": "value", "formal_key": "answer"}}, {"shape_attributes": {"name": "rect", "x": 373, "y": 884, "width": 90, "height": 14}, "region_attributes": {"label": "N. Simeonidis", "key_type": "value", "formal_key": "answer"}}, {"shape_attributes": {"name": "rect", "x": 374, "y": 901, "width": 72, "height": 15}, "region_attributes": {"label": "S. F. Smith", "key_type": "value", "formal_key": "answer"}}, {"shape_attributes": {"name": "rect", "x": 547, "y": 795, "width": 99, "height": 15}, "region_attributes": {"label": "K. P. Augustyn", "key_type": "value", "formal_key": "answer"}}, {"shape_attributes": {"name": "rect", "x": 547, "y": 811, "width": 91, "height": 15}, "region_attributes": {"label": "V. D. Lindsley", "key_type": "value", "formal_key": "answer"}}, {"shape_attributes": {"name": "rect", "x": 549, "y": 830, "width": 80, "height": 14}, "region_attributes": {"label": "R. C. Bondy", "key_type": "value", "formal_key": "answer"}}, {"shape_attributes": {"name": "rect", "x": 550, "y": 846, "width": 92, "height": 15}, "region_attributes": {"label": "R. D. Hammer", "key_type": "value", "formal_key": "answer"}}]}}}