﻿{"file_name": "93351929_93351931.json", "attributes": {"_via_img_metadata": {"regions": [{"shape_attributes": {"name": "rect", "x": 88, "y": 113, "width": 45, "height": 13}, "region_attributes": {"label": "FROM:", "key_type": "key", "formal_key": "question"}}, {"shape_attributes": {"name": "rect", "x": 88, "y": 147, "width": 22, "height": 14}, "region_attributes": {"label": "TO:", "key_type": "key", "formal_key": "question"}}, {"shape_attributes": {"name": "rect", "x": 88, "y": 182, "width": 22, "height": 14}, "region_attributes": {"label": "CC:", "key_type": "key", "formal_key": "question"}}, {"shape_attributes": {"name": "rect", "x": 87, "y": 286, "width": 43, "height": 14}, "region_attributes": {"label": "MEDIA", "key_type": "key", "formal_key": "header"}}, {"shape_attributes": {"name": "rect", "x": 310, "y": 356, "width": 66, "height": 14}, "region_attributes": {"label": "September", "key_type": "value", "formal_key": "answer"}}, {"shape_attributes": {"name": "rect", "x": 307, "y": 615, "width": 32, "height": 14}, "region_attributes": {"label": "Pack", "key_type": "value", "formal_key": "answer"}}, {"shape_attributes": {"name": "rect", "x": 307, "y": 648, "width": 53, "height": 14}, "region_attributes": {"label": "Rebecca", "key_type": "value", "formal_key": "answer"}}, {"shape_attributes": {"name": "rect", "x": 309, "y": 390, "width": 68, "height": 17}, "region_attributes": {"label": "Magazines:", "key_type": "key", "formal_key": "question"}}, {"shape_attributes": {"name": "rect", "x": 419, "y": 390, "width": 78, "height": 14}, "region_attributes": {"label": "Newspapers:", "key_type": "key", "formal_key": "question"}}, {"shape_attributes": {"name": "rect", "x": 309, "y": 289, "width": 70, "height": 14}, "region_attributes": {"label": "Magazines:", "key_type": "key", "formal_key": "question"}}, {"shape_attributes": {"name": "rect", "x": 309, "y": 323, "width": 73, "height": 14}, "region_attributes": {"label": "Newspaper:", "key_type": "key", "formal_key": "question"}}, {"shape_attributes": {"name": "rect", "x": 716, "y": 825, "width": 20, "height": 80}, "region_attributes": {"label": "93351929", "key_type": "value", "formal_key": "others"}}, {"shape_attributes": {"name": "rect", "x": 311, "y": 75, "width": 244, "height": 16}, "region_attributes": {"label": "COUPON CODE REGISTRATION FORM", "key_type": "key", "formal_key": "header"}}, {"shape_attributes": {"name": "rect", "x": 138, "y": 112, "width": 108, "height": 15}, "region_attributes": {"label": "JESSICA ARATO", "key_type": "value", "formal_key": "answer"}}, {"shape_attributes": {"name": "rect", "x": 127, "y": 145, "width": 93, "height": 15}, "region_attributes": {"label": "VINCE LOSITO", "key_type": "value", "formal_key": "answer"}}, {"shape_attributes": {"name": "rect", "x": 127, "y": 180, "width": 377, "height": 17}, "region_attributes": {"label": "K. AUGUSTYN. L. GIORDANO, M. McGLYNN, S. RAPISARLDI", "key_type": "value", "formal_key": "answer"}}, {"shape_attributes": {"name": "rect", "x": 85, "y": 250, "width": 160, "height": 18}, "region_attributes": {"label": "BRANDS (S) APPLICABLE", "key_type": "key", "formal_key": "question"}}, {"shape_attributes": {"name": "rect", "x": 84, "y": 353, "width": 170, "height": 17}, "region_attributes": {"label": "ISSUE FREQUENCY/ YEAR", "key_type": "key", "formal_key": "question"}}, {"shape_attributes": {"name": "rect", "x": 85, "y": 388, "width": 98, "height": 17}, "region_attributes": {"label": "SPACE/ COLOR", "key_type": "key", "formal_key": "header"}}, {"shape_attributes": {"name": "rect", "x": 85, "y": 425, "width": 140, "height": 14}, "region_attributes": {"label": "COUPON ISSUE DATE", "key_type": "key", "formal_key": "question"}}, {"shape_attributes": {"name": "rect", "x": 85, "y": 459, "width": 182, "height": 14}, "region_attributes": {"label": "COUPON EXPIRATION DATE", "key_type": "key", "formal_key": "question"}}, {"shape_attributes": {"name": "rect", "x": 87, "y": 511, "width": 89, "height": 13}, "region_attributes": {"label": "CIRCULATION", "key_type": "key", "formal_key": "question"}}, {"shape_attributes": {"name": "rect", "x": 84, "y": 545, "width": 163, "height": 15}, "region_attributes": {"label": "GEOGFIAPHICAL AREA(S)", "key_type": "key", "formal_key": "question"}}, {"shape_attributes": {"name": "rect", "x": 84, "y": 580, "width": 104, "height": 14}, "region_attributes": {"label": "COUPON VALUE", "key_type": "key", "formal_key": "question"}}, {"shape_attributes": {"name": "rect", "x": 84, "y": 612, "width": 152, "height": 16}, "region_attributes": {"label": "PACK AND OR/ CARTON", "key_type": "key", "formal_key": "question"}}, {"shape_attributes": {"name": "rect", "x": 85, "y": 647, "width": 205, "height": 16}, "region_attributes": {"label": "ADVERTISING CREATIVE THEME", "key_type": "key", "formal_key": "question"}}, {"shape_attributes": {"name": "rect", "x": 82, "y": 682, "width": 170, "height": 15}, "region_attributes": {"label": "SIGNATURE OF INITIATOR", "key_type": "key", "formal_key": "question"}}, {"shape_attributes": {"name": "rect", "x": 82, "y": 716, "width": 107, "height": 15}, "region_attributes": {"label": "DATE INITIATED", "key_type": "key", "formal_key": "question"}}, {"shape_attributes": {"name": "rect", "x": 84, "y": 747, "width": 196, "height": 20}, "region_attributes": {"label": "ANALYTICAL REQUIREMENTS:", "key_type": "key", "formal_key": "header"}}, {"shape_attributes": {"name": "rect", "x": 306, "y": 781, "width": 171, "height": 18}, "region_attributes": {"label": "FOR CONTROL USE ONLY:", "key_type": "key", "formal_key": "question"}}, {"shape_attributes": {"name": "rect", "x": 306, "y": 817, "width": 116, "height": 14}, "region_attributes": {"label": "CODE ASSIGNED:", "key_type": "key", "formal_key": "question"}}, {"shape_attributes": {"name": "rect", "x": 307, "y": 834, "width": 92, "height": 17}, "region_attributes": {"label": "JOB NUMBER:", "key_type": "key", "formal_key": "question"}}, {"shape_attributes": {"name": "rect", "x": 307, "y": 852, "width": 126, "height": 16}, "region_attributes": {"label": "EST. REDEMPTION:", "key_type": "key", "formal_key": "question"}}, {"shape_attributes": {"name": "rect", "x": 568, "y": 849, "width": 41, "height": 22}, "region_attributes": {"label": "3 %", "key_type": "value", "formal_key": "answer"}}, {"shape_attributes": {"name": "rect", "x": 553, "y": 832, "width": 34, "height": 17}, "region_attributes": {"label": "414", "key_type": "value", "formal_key": "answer"}}, {"shape_attributes": {"name": "rect", "x": 527, "y": 807, "width": 89, "height": 24}, "region_attributes": {"label": "221782", "key_type": "value", "formal_key": "answer"}}, {"shape_attributes": {"name": "rect", "x": 306, "y": 715, "width": 83, "height": 16}, "region_attributes": {"label": "May 14, 1992", "key_type": "value", "formal_key": "answer"}}, {"shape_attributes": {"name": "rect", "x": 307, "y": 578, "width": 63, "height": 17}, "region_attributes": {"label": "Free Pack", "key_type": "value", "formal_key": "answer"}}, {"shape_attributes": {"name": "rect", "x": 309, "y": 545, "width": 31, "height": 15}, "region_attributes": {"label": "Tier ", "key_type": "value", "formal_key": "answer"}}, {"shape_attributes": {"name": "rect", "x": 309, "y": 511, "width": 59, "height": 15}, "region_attributes": {"label": "1, 221, 000", "key_type": "value", "formal_key": "answer"}}, {"shape_attributes": {"name": "rect", "x": 307, "y": 459, "width": 119, "height": 15}, "region_attributes": {"label": "December 31, 1992", "key_type": "value", "formal_key": "answer"}}, {"shape_attributes": {"name": "rect", "x": 309, "y": 425, "width": 112, "height": 15}, "region_attributes": {"label": "September 1, 1992", "key_type": "value", "formal_key": "answer"}}, {"shape_attributes": {"name": "rect", "x": 378, "y": 388, "width": 41, "height": 20}, "region_attributes": {"label": "P 4/ C;", "key_type": "value", "formal_key": "answer"}}, {"shape_attributes": {"name": "rect", "x": 500, "y": 388, "width": 49, "height": 19}, "region_attributes": {"label": "1/ 2 B/ W", "key_type": "value", "formal_key": "answer"}}, {"shape_attributes": {"name": "rect", "x": 383, "y": 320, "width": 78, "height": 16}, "region_attributes": {"label": "Village Voice", "key_type": "value", "formal_key": "answer"}}, {"shape_attributes": {"name": "rect", "x": 309, "y": 253, "width": 146, "height": 15}, "region_attributes": {"label": "All Kent Family Packings", "key_type": "value", "formal_key": "answer"}}, {"shape_attributes": {"name": "rect", "x": 383, "y": 285, "width": 222, "height": 18}, "region_attributes": {"label": "People, Rolling Stone, Cosmopolitan,", "key_type": "value", "formal_key": "answer"}}, {"shape_attributes": {"name": "rect", "x": 309, "y": 304, "width": 208, "height": 15}, "region_attributes": {"label": "Mademoiselle, New York Magazine", "key_type": "value", "formal_key": "answer"}}]}}}