﻿{"file_name": "93380187.json", "attributes": {"_via_img_metadata": {"regions": [{"shape_attributes": {"name": "rect", "x": 43, "y": 79, "width": 145, "height": 51}, "region_attributes": {"label": "FAXED", "key_type": "value", "formal_key": "others"}}, {"shape_attributes": {"name": "rect", "x": 99, "y": 151, "width": 45, "height": 15}, "region_attributes": {"label": "FROM:", "key_type": "key", "formal_key": "question"}}, {"shape_attributes": {"name": "rect", "x": 97, "y": 178, "width": 31, "height": 15}, "region_attributes": {"label": "TO:", "key_type": "key", "formal_key": "question"}}, {"shape_attributes": {"name": "rect", "x": 99, "y": 210, "width": 31, "height": 15}, "region_attributes": {"label": "CC:", "key_type": "key", "formal_key": "question"}}, {"shape_attributes": {"name": "rect", "x": 335, "y": 277, "width": 37, "height": 15}, "region_attributes": {"label": "TRUE", "key_type": "value", "formal_key": "answer"}}, {"shape_attributes": {"name": "rect", "x": 329, "y": 496, "width": 52, "height": 13}, "region_attributes": {"label": "560,000", "key_type": "value", "formal_key": "answer"}}, {"shape_attributes": {"name": "rect", "x": 207, "y": 792, "width": 58, "height": 10}, "region_attributes": {"label": "PROVIDENCE", "key_type": "value", "formal_key": "answer"}}, {"shape_attributes": {"name": "rect", "x": 204, "y": 807, "width": 45, "height": 10}, "region_attributes": {"label": "CAMDEN", "key_type": "value", "formal_key": "answer"}}, {"shape_attributes": {"name": "rect", "x": 208, "y": 825, "width": 46, "height": 9}, "region_attributes": {"label": "CONCORD", "key_type": "value", "formal_key": "answer"}}, {"shape_attributes": {"name": "rect", "x": 204, "y": 837, "width": 61, "height": 13}, "region_attributes": {"label": "SPRINGFIELD", "key_type": "value", "formal_key": "answer"}}, {"shape_attributes": {"name": "rect", "x": 205, "y": 855, "width": 54, "height": 10}, "region_attributes": {"label": "BALTIMORE", "key_type": "value", "formal_key": "answer"}}, {"shape_attributes": {"name": "rect", "x": 90, "y": 822, "width": 49, "height": 12}, "region_attributes": {"label": "HARTFORD", "key_type": "value", "formal_key": "answer"}}, {"shape_attributes": {"name": "rect", "x": 88, "y": 853, "width": 51, "height": 10}, "region_attributes": {"label": "SYRACUSE", "key_type": "value", "formal_key": "answer"}}, {"shape_attributes": {"name": "rect", "x": 88, "y": 870, "width": 57, "height": 10}, "region_attributes": {"label": "ROCHESTER", "key_type": "value", "formal_key": "answer"}}, {"shape_attributes": {"name": "rect", "x": 88, "y": 916, "width": 42, "height": 10}, "region_attributes": {"label": "BUFFALO", "key_type": "value", "formal_key": "answer"}}, {"shape_attributes": {"name": "rect", "x": 295, "y": 901, "width": 13, "height": 10}, "region_attributes": {"label": "DC", "key_type": "value", "formal_key": "others"}}, {"shape_attributes": {"name": "rect", "x": 204, "y": 918, "width": 61, "height": 9}, "region_attributes": {"label": "WILMINGTON", "key_type": "value", "formal_key": "answer"}}, {"shape_attributes": {"name": "rect", "x": 88, "y": 931, "width": 39, "height": 12}, "region_attributes": {"label": "ALBANY", "key_type": "value", "formal_key": "answer"}}, {"shape_attributes": {"name": "rect", "x": 445, "y": 825, "width": 69, "height": 25}, "region_attributes": {"label": "57288", "key_type": "value", "formal_key": "answer"}}, {"shape_attributes": {"name": "rect", "x": 457, "y": 852, "width": 37, "height": 13}, "region_attributes": {"label": "1143", "key_type": "value", "formal_key": "answer"}}, {"shape_attributes": {"name": "rect", "x": 593, "y": 804, "width": 28, "height": 72}, "region_attributes": {"label": "", "key_type": "value", "formal_key": "others"}}, {"shape_attributes": {"name": "rect", "x": 199, "y": 118, "width": 220, "height": 18}, "region_attributes": {"label": "COUPON CODE REGISTRATION FORM", "key_type": "key", "formal_key": "header"}}, {"shape_attributes": {"name": "rect", "x": 457, "y": 93, "width": 98, "height": 66}, "region_attributes": {"label": "-95 92", "key_type": "value", "formal_key": "others"}}, {"shape_attributes": {"name": "rect", "x": 560, "y": 85, "width": 67, "height": 16}, "region_attributes": {"label": "EXHIBIT ", "key_type": "value", "formal_key": "others"}}, {"shape_attributes": {"name": "rect", "x": 201, "y": 148, "width": 103, "height": 21}, "region_attributes": {"label": "MICHELLE LEPRE", "key_type": "value", "formal_key": "answer"}}, {"shape_attributes": {"name": "rect", "x": 204, "y": 180, "width": 74, "height": 18}, "region_attributes": {"label": "V. M. LOSITO", "key_type": "value", "formal_key": "answer"}}, {"shape_attributes": {"name": "rect", "x": 202, "y": 211, "width": 104, "height": 15}, "region_attributes": {"label": "S. A. RAPISARLDI", "key_type": "value", "formal_key": "answer"}}, {"shape_attributes": {"name": "rect", "x": 202, "y": 226, "width": 69, "height": 18}, "region_attributes": {"label": "J BAYLIES", "key_type": "value", "formal_key": "answer"}}, {"shape_attributes": {"name": "rect", "x": 201, "y": 243, "width": 100, "height": 19}, "region_attributes": {"label": "K. P. AUGUSTYN", "key_type": "value", "formal_key": "answer"}}, {"shape_attributes": {"name": "rect", "x": 328, "y": 225, "width": 83, "height": 21}, "region_attributes": {"label": "M. McGLYNN", "key_type": "value", "formal_key": "answer"}}, {"shape_attributes": {"name": "rect", "x": 99, "y": 275, "width": 154, "height": 15}, "region_attributes": {"label": "- BRAND(S) APPLICABLE", "key_type": "key", "formal_key": "question"}}, {"shape_attributes": {"name": "rect", "x": 97, "y": 307, "width": 91, "height": 15}, "region_attributes": {"label": "- MEDIA TYPE", "key_type": "key", "formal_key": "question"}}, {"shape_attributes": {"name": "rect", "x": 97, "y": 337, "width": 95, "height": 13}, "region_attributes": {"label": "- MEDIA NAME", "key_type": "key", "formal_key": "question"}}, {"shape_attributes": {"name": "rect", "x": 97, "y": 368, "width": 168, "height": 15}, "region_attributes": {"label": "- ISSUE FREQUENCY/YEAR", "key_type": "key", "formal_key": "question"}}, {"shape_attributes": {"name": "rect", "x": 97, "y": 398, "width": 105, "height": 18}, "region_attributes": {"label": "- SPACE/COLOR", "key_type": "key", "formal_key": "question"}}, {"shape_attributes": {"name": "rect", "x": 94, "y": 430, "width": 148, "height": 16}, "region_attributes": {"label": "- COUPON ISSUE DATE", "key_type": "key", "formal_key": "question"}}, {"shape_attributes": {"name": "rect", "x": 96, "y": 461, "width": 177, "height": 18}, "region_attributes": {"label": "- COUPON EXPIRATION DATE", "key_type": "key", "formal_key": "question"}}, {"shape_attributes": {"name": "rect", "x": 94, "y": 494, "width": 103, "height": 13}, "region_attributes": {"label": "- CIRCULATION", "key_type": "key", "formal_key": "question"}}, {"shape_attributes": {"name": "rect", "x": 94, "y": 525, "width": 162, "height": 15}, "region_attributes": {"label": "- GEOGRAPHICAL AREA(S)", "key_type": "key", "formal_key": "question"}}, {"shape_attributes": {"name": "rect", "x": 94, "y": 555, "width": 110, "height": 16}, "region_attributes": {"label": "- COUPON VALUE", "key_type": "key", "formal_key": "question"}}, {"shape_attributes": {"name": "rect", "x": 91, "y": 584, "width": 156, "height": 18}, "region_attributes": {"label": "- PACK AND/OR CARTON", "key_type": "key", "formal_key": "question"}}, {"shape_attributes": {"name": "rect", "x": 91, "y": 617, "width": 203, "height": 16}, "region_attributes": {"label": "- ADVERTISING CREATIVE TITLE", "key_type": "key", "formal_key": "question"}}, {"shape_attributes": {"name": "rect", "x": 93, "y": 663, "width": 167, "height": 17}, "region_attributes": {"label": "- SIGNATURE OF INITIATOR", "key_type": "key", "formal_key": "question"}}, {"shape_attributes": {"name": "rect", "x": 93, "y": 695, "width": 109, "height": 13}, "region_attributes": {"label": "- -DATE INITIATED", "key_type": "key", "formal_key": "question"}}, {"shape_attributes": {"name": "rect", "x": 88, "y": 722, "width": 183, "height": 19}, "region_attributes": {"label": "ANALYTICAL REQUIREMENTS:", "key_type": "key", "formal_key": "question"}}, {"shape_attributes": {"name": "rect", "x": 102, "y": 757, "width": 114, "height": 15}, "region_attributes": {"label": "TRUE CORE AREAS", "key_type": "key", "formal_key": "question"}}, {"shape_attributes": {"name": "rect", "x": 334, "y": 308, "width": 175, "height": 15}, "region_attributes": {"label": "SALES FORCE APPLIED - IRC", "key_type": "value", "formal_key": "answer"}}, {"shape_attributes": {"name": "rect", "x": 332, "y": 433, "width": 60, "height": 13}, "region_attributes": {"label": "MAY 1992", "key_type": "value", "formal_key": "answer"}}, {"shape_attributes": {"name": "rect", "x": 332, "y": 464, "width": 46, "height": 15}, "region_attributes": {"label": "8 /31 /92", "key_type": "value", "formal_key": "answer"}}, {"shape_attributes": {"name": "rect", "x": 332, "y": 525, "width": 142, "height": 17}, "region_attributes": {"label": "TRUE CORE MARKETS *", "key_type": "value", "formal_key": "answer"}}, {"shape_attributes": {"name": "rect", "x": 331, "y": 555, "width": 25, "height": 16}, "region_attributes": {"label": "50c", "key_type": "value", "formal_key": "answer"}}, {"shape_attributes": {"name": "rect", "x": 331, "y": 587, "width": 40, "height": 15}, "region_attributes": {"label": "PACK", "key_type": "value", "formal_key": "answer"}}, {"shape_attributes": {"name": "rect", "x": 329, "y": 654, "width": 213, "height": 36}, "region_attributes": {"label": "Michell ", "key_type": "value", "formal_key": "answer"}}, {"shape_attributes": {"name": "rect", "x": 328, "y": 695, "width": 102, "height": 16}, "region_attributes": {"label": "JANUARY 8, 1992", "key_type": "value", "formal_key": "answer"}}, {"shape_attributes": {"name": "rect", "x": 328, "y": 805, "width": 154, "height": 17}, "region_attributes": {"label": "FOA CONTROL USE ONLY:", "key_type": "key", "formal_key": "header"}}, {"shape_attributes": {"name": "rect", "x": 326, "y": 837, "width": 103, "height": 15}, "region_attributes": {"label": "CODE ASSIGNED:", "key_type": "key", "formal_key": "question"}}, {"shape_attributes": {"name": "rect", "x": 326, "y": 855, "width": 84, "height": 12}, "region_attributes": {"label": "JOE NUMBER:", "key_type": "key", "formal_key": "question"}}, {"shape_attributes": {"name": "rect", "x": 325, "y": 868, "width": 114, "height": 13}, "region_attributes": {"label": "EST. REDEMPTION:", "key_type": "key", "formal_key": "question"}}, {"shape_attributes": {"name": "rect", "x": 464, "y": 864, "width": 63, "height": 24}, "region_attributes": {"label": "80 %", "key_type": "value", "formal_key": "answer"}}, {"shape_attributes": {"name": "rect", "x": 91, "y": 775, "width": 78, "height": 12}, "region_attributes": {"label": "TOTAL NEW YORK", "key_type": "value", "formal_key": "answer"}}, {"shape_attributes": {"name": "rect", "x": 205, "y": 777, "width": 90, "height": 10}, "region_attributes": {"label": "TOTAL NEW JERSEY", "key_type": "value", "formal_key": "answer"}}, {"shape_attributes": {"name": "rect", "x": 88, "y": 792, "width": 57, "height": 10}, "region_attributes": {"label": "NEW HAVEN", "key_type": "value", "formal_key": "answer"}}, {"shape_attributes": {"name": "rect", "x": 91, "y": 805, "width": 69, "height": 13}, "region_attributes": {"label": "TOTAL BOSTON", "key_type": "value", "formal_key": "answer"}}, {"shape_attributes": {"name": "rect", "x": 88, "y": 837, "width": 103, "height": 13}, "region_attributes": {"label": "TOTAL SAN FRANCISCO", "key_type": "value", "formal_key": "answer"}}, {"shape_attributes": {"name": "rect", "x": 88, "y": 883, "width": 93, "height": 11}, "region_attributes": {"label": "TOTAL PHILADELPHIA", "key_type": "value", "formal_key": "answer"}}, {"shape_attributes": {"name": "rect", "x": 88, "y": 900, "width": 74, "height": 12}, "region_attributes": {"label": "TOTAL CHICAGO", "key_type": "value", "formal_key": "answer"}}, {"shape_attributes": {"name": "rect", "x": 202, "y": 931, "width": 134, "height": 12}, "region_attributes": {"label": "REGION 15 x SAN BERNADINO", "key_type": "value", "formal_key": "answer"}}, {"shape_attributes": {"name": "rect", "x": 201, "y": 900, "width": 93, "height": 13}, "region_attributes": {"label": "TOTAL WASHINGTON", "key_type": "value", "formal_key": "answer"}}, {"shape_attributes": {"name": "rect", "x": 202, "y": 883, "width": 72, "height": 13}, "region_attributes": {"label": "TOTAL DETROIT", "key_type": "value", "formal_key": "answer"}}, {"shape_attributes": {"name": "rect", "x": 207, "y": 870, "width": 65, "height": 12}, "region_attributes": {"label": "PORTLAND, ME", "key_type": "value", "formal_key": "answer"}}]}}}