﻿{"file_name": "93455715.json", "attributes": {"_via_img_metadata": {"regions": [{"shape_attributes": {"name": "rect", "x": 67, "y": 178, "width": 37, "height": 24}, "region_attributes": {"label": "DATE:", "key_type": "key", "formal_key": "question"}}, {"shape_attributes": {"name": "rect", "x": 63, "y": 271, "width": 111, "height": 16}, "region_attributes": {"label": "MANUFACTURERS:", "key_type": "key", "formal_key": "question"}}, {"shape_attributes": {"name": "rect", "x": 118, "y": 184, "width": 55, "height": 16}, "region_attributes": {"label": "4/7/88", "key_type": "value", "formal_key": "answer"}}, {"shape_attributes": {"name": "rect", "x": 681, "y": 810, "width": 18, "height": 93}, "region_attributes": {"label": "93455715", "key_type": "value", "formal_key": "others"}}, {"shape_attributes": {"name": "rect", "x": 58, "y": 720, "width": 27, "height": 13}, "region_attributes": {"label": "cc:", "key_type": "key", "formal_key": "question"}}, {"shape_attributes": {"name": "rect", "x": 247, "y": 64, "width": 276, "height": 24}, "region_attributes": {"label": "COMPETITIVE ACTIVITIES AND PROMOTIONS", "key_type": "key", "formal_key": "header"}}, {"shape_attributes": {"name": "rect", "x": 66, "y": 136, "width": 88, "height": 24}, "region_attributes": {"label": "REPORTED BY:", "key_type": "key", "formal_key": "question"}}, {"shape_attributes": {"name": "rect", "x": 184, "y": 136, "width": 443, "height": 22}, "region_attributes": {"label": "R. E. Klein, Regional Sales Manager, Cleveland, OH", "key_type": "value", "formal_key": "answer"}}, {"shape_attributes": {"name": "rect", "x": 67, "y": 223, "width": 162, "height": 22}, "region_attributes": {"label": "SOURCE OF INFORMATION:", "key_type": "key", "formal_key": "question"}}, {"shape_attributes": {"name": "rect", "x": 247, "y": 225, "width": 270, "height": 21}, "region_attributes": {"label": "Best Cigarette Co., Mentor, OH", "key_type": "value", "formal_key": "answer"}}, {"shape_attributes": {"name": "rect", "x": 193, "y": 271, "width": 283, "height": 18}, "region_attributes": {"label": "R. J. REYNOLDS AND PHILIP MORRIS", "key_type": "value", "formal_key": "answer"}}, {"shape_attributes": {"name": "rect", "x": 58, "y": 358, "width": 138, "height": 18}, "region_attributes": {"label": "TYPE OF PROMOTION:", "key_type": "key", "formal_key": "question"}}, {"shape_attributes": {"name": "rect", "x": 207, "y": 364, "width": 340, "height": 16}, "region_attributes": {"label": "SEE ATTACHED CORRESPONDENCE REGARDING:", "key_type": "value", "formal_key": "answer"}}, {"shape_attributes": {"name": "rect", "x": 187, "y": 391, "width": 500, "height": 18}, "region_attributes": {"label": "- R. J. REYNOLDS SPRING DIRECT ACCOUNT INCENTIVE PROGRAM", "key_type": "value", "formal_key": "answer"}}, {"shape_attributes": {"name": "rect", "x": 187, "y": 418, "width": 467, "height": 48}, "region_attributes": {"label": "- Philip Morris- SPECIAL PROMOTIONS ON MAKLBORO AND CAMBRIDGE CIGARETTES", "key_type": "value", "formal_key": "answer"}}, {"shape_attributes": {"name": "rect", "x": 61, "y": 485, "width": 111, "height": 22}, "region_attributes": {"label": "HOW WIDESPREAD?", "key_type": "key", "formal_key": "question"}}, {"shape_attributes": {"name": "rect", "x": 60, "y": 533, "width": 113, "height": 19}, "region_attributes": {"label": "OTHER COMMENTS:", "key_type": "key", "formal_key": "question"}}, {"shape_attributes": {"name": "rect", "x": 102, "y": 720, "width": 100, "height": 17}, "region_attributes": {"label": "Mr. J. R. Ave", "key_type": "value", "formal_key": "answer"}}, {"shape_attributes": {"name": "rect", "x": 283, "y": 722, "width": 115, "height": 18}, "region_attributes": {"label": "Mr. T. L. Achey", "key_type": "value", "formal_key": "answer"}}, {"shape_attributes": {"name": "rect", "x": 283, "y": 737, "width": 124, "height": 17}, "region_attributes": {"label": "P. J. McCann", "key_type": "value", "formal_key": "answer"}}, {"shape_attributes": {"name": "rect", "x": 281, "y": 751, "width": 132, "height": 18}, "region_attributes": {"label": "Mr. A. J. Giacoio", "key_type": "value", "formal_key": "answer"}}, {"shape_attributes": {"name": "rect", "x": 283, "y": 766, "width": 112, "height": 16}, "region_attributes": {"label": "Mr. L. H. Kersh", "key_type": "value", "formal_key": "answer"}}, {"shape_attributes": {"name": "rect", "x": 284, "y": 781, "width": 105, "height": 15}, "region_attributes": {"label": "Mr. R. G. Ryan", "key_type": "value", "formal_key": "answer"}}, {"shape_attributes": {"name": "rect", "x": 281, "y": 793, "width": 128, "height": 18}, "region_attributes": {"label": "Mr. P. A. Lawless", "key_type": "value", "formal_key": "answer"}}, {"shape_attributes": {"name": "rect", "x": 284, "y": 810, "width": 134, "height": 14}, "region_attributes": {"label": "Mr. J. E. Daghlian", "key_type": "value", "formal_key": "answer"}}, {"shape_attributes": {"name": "rect", "x": 281, "y": 823, "width": 155, "height": 16}, "region_attributes": {"label": "Mr. R. S. Goldbrenner", "key_type": "value", "formal_key": "answer"}}, {"shape_attributes": {"name": "rect", "x": 281, "y": 837, "width": 123, "height": 16}, "region_attributes": {"label": "Ms. E. R. Harrow", "key_type": "value", "formal_key": "answer"}}, {"shape_attributes": {"name": "rect", "x": 278, "y": 850, "width": 118, "height": 16}, "region_attributes": {"label": "Ms. S. F. Smith", "key_type": "value", "formal_key": "answer"}}, {"shape_attributes": {"name": "rect", "x": 100, "y": 862, "width": 128, "height": 16}, "region_attributes": {"label": "Mr. N. P. Ruffalo", "key_type": "value", "formal_key": "answer"}}, {"shape_attributes": {"name": "rect", "x": 102, "y": 847, "width": 81, "height": 20}, "region_attributes": {"label": "Mr. C. Toti", "key_type": "value", "formal_key": "answer"}}, {"shape_attributes": {"name": "rect", "x": 100, "y": 835, "width": 113, "height": 15}, "region_attributes": {"label": "Dr. S. T. Jones", "key_type": "value", "formal_key": "answer"}}, {"shape_attributes": {"name": "rect", "x": 100, "y": 820, "width": 130, "height": 17}, "region_attributes": {"label": "Mr. G. R. Telford", "key_type": "value", "formal_key": "answer"}}, {"shape_attributes": {"name": "rect", "x": 102, "y": 805, "width": 99, "height": 18}, "region_attributes": {"label": "Mr. L. Gordon", "key_type": "value", "formal_key": "answer"}}, {"shape_attributes": {"name": "rect", "x": 103, "y": 793, "width": 150, "height": 15}, "region_attributes": {"label": "Mr. J. P. Mastandrea", "key_type": "value", "formal_key": "answer"}}, {"shape_attributes": {"name": "rect", "x": 102, "y": 778, "width": 106, "height": 14}, "region_attributes": {"label": "Ms. S. Ridgway", "key_type": "value", "formal_key": "answer"}}, {"shape_attributes": {"name": "rect", "x": 100, "y": 750, "width": 137, "height": 29}, "region_attributes": {"label": "Mr. M. A. Peterson Mr. T. H. Mau", "key_type": "value", "formal_key": "answer"}}, {"shape_attributes": {"name": "rect", "x": 100, "y": 737, "width": 123, "height": 13}, "region_attributes": {"label": "Mr. R. H. Orcutt", "key_type": "value", "formal_key": "answer"}}]}}}