{"img_shape": [1000, 762], "lines": [{"box": [60, 121, 127, 135], "text": "SUBJECT:", "type": 2, "value": 2}, {"box": [59, 152, 118, 166], "text": "SAMPLE:", "type": 2, "value": 2}, {"box": [57, 237, 154, 251], "text": "CIGARETTES:", "type": 2, "value": 2}, {"box": [473, 218, 502, 235], "text": "TAR", "type": 2, "value": 2}, {"box": [473, 235, 501, 249], "text": "0.0", "type": 2, "value": 4}, {"box": [518, 219, 550, 233], "text": "NIC", "type": 2, "value": 2}, {"box": [520, 235, 547, 252], "text": ".00", "type": 2, "value": 4}, {"box": [567, 221, 613, 235], "text": "MOIST", "type": 2, "value": 2}, {"box": [571, 232, 605, 246], "text": "00.0", "type": 2, "value": 4}, {"box": [637, 223, 676, 237], "text": "MENT", "type": 2, "value": 2}, {"box": [645, 276, 672, 291], "text": ".000", "type": 2, "value": 4}, {"box": [54, 353, 151, 370], "text": "PREFERENCE:", "type": 2, "value": 2}, {"box": [215, 429, 262, 444], "text": "Bright", "type": 2, "value": 2}, {"box": [380, 430, 401, 441], "text": "00", "type": 2, "value": 4}, {"box": [459, 428, 472, 442], "text": "00", "type": 2, "value": 4}, {"box": [527, 430, 549, 439], "text": "00", "type": 2, "value": 4}, {"box": [596, 429, 616, 441], "text": "00", "type": 2, "value": 4}, {"box": [656, 430, 677, 442], "text": "00", "type": 2, "value": 4}, {"box": [660, 458, 677, 473], "text": "0", "type": 2, "value": 4}, {"box": [601, 458, 614, 475], "text": "0", "type": 2, "value": 4}, {"box": [531, 456, 545, 473], "text": "00", "type": 2, "value": 4}, {"box": [459, 459, 474, 474], "text": "0", "type": 2, "value": 4}, {"box": [383, 460, 400, 474], "text": "0", "type": 2, "value": 4}, {"box": [373, 478, 399, 497], "text": "000", "type": 2, "value": 4}, {"box": [452, 480, 477, 494], "text": "000", "type": 2, "value": 4}, {"box": [521, 479, 552, 492], "text": "000", "type": 2, "value": 4}, {"box": [590, 480, 618, 495], "text": "000", "type": 2, "value": 4}, {"box": [653, 479, 677, 493], "text": "000", "type": 2, "value": 4}, {"box": [13, 522, 110, 533], "text": "ATTRIBUTES:", "type": 2, "value": 2}, {"box": [380, 399, 421, 412], "text": "00+++", "type": 2, "value": 4}, {"box": [455, 397, 497, 414], "text": "00+++", "type": 2, "value": 4}, {"box": [532, 399, 551, 413], "text": "00", "type": 2, "value": 4}, {"box": [599, 396, 637, 411], "text": "00+++", "type": 2, "value": 4}, {"box": [660, 396, 677, 411], "text": "00", "type": 2, "value": 4}, {"box": [317, 355, 344, 372], "text": "(n=)", "type": 2, "value": 8}, {"box": [167, 525, 206, 539], "text": "Total", "type": 2, "value": 6}, {"box": [284, 520, 318, 537], "text": "Male", "type": 2, "value": 2}, {"box": [381, 519, 431, 537], "text": "Female", "type": 2, "value": 6}, {"box": [613, 518, 637, 535], "text": "00+", "type": 2, "value": 6}, {"box": [144, 547, 170, 565], "text": "KL", "type": 2, "value": 2}, {"box": [191, 545, 241, 563], "text": "Bright", "type": 2, "value": 2}, {"box": [259, 547, 283, 562], "text": "KL", "type": 2, "value": 4}, {"box": [309, 544, 355, 564], "text": "Bright", "type": 2, "value": 2}, {"box": [370, 546, 391, 559], "text": "KL", "type": 2, "value": 2}, {"box": [414, 546, 460, 560], "text": "Bright", "type": 2, "value": 2}, {"box": [481, 547, 505, 560], "text": "KL", "type": 2, "value": 2}, {"box": [531, 546, 578, 559], "text": "Bright", "type": 2, "value": 2}, {"box": [591, 547, 613, 558], "text": "KL", "type": 2, "value": 2}, {"box": [639, 545, 684, 557], "text": "Bright", "type": 2, "value": 2}, {"box": [366, 577, 398, 592], "text": "0.00", "type": 2, "value": 4}, {"box": [320, 579, 351, 594], "text": "0.00", "type": 2, "value": 4}, {"box": [254, 577, 295, 591], "text": "0.00**", "type": 2, "value": 4}, {"box": [205, 579, 237, 594], "text": "0.00", "type": 2, "value": 4}, {"box": [140, 577, 197, 594], "text": "0.00***", "type": 2, "value": 4}, {"box": [140, 608, 191, 622], "text": "0.00**", "type": 2, "value": 4}, {"box": [139, 638, 191, 653], "text": "0.00***", "type": 2, "value": 4}, {"box": [142, 670, 199, 685], "text": "0.00***", "type": 2, "value": 4}, {"box": [139, 700, 193, 713], "text": "0.00***", "type": 2, "value": 4}, {"box": [142, 730, 197, 745], "text": "0.00***", "type": 2, "value": 4}, {"box": [134, 765, 176, 780], "text": "0.00", "type": 2, "value": 4}, {"box": [202, 608, 237, 623], "text": "0.00", "type": 2, "value": 4}, {"box": [250, 607, 296, 624], "text": "0.00**", "type": 2, "value": 4}, {"box": [246, 640, 304, 654], "text": "0.00***", "type": 2, "value": 4}, {"box": [204, 643, 241, 655], "text": "0.00", "type": 2, "value": 4}, {"box": [200, 669, 240, 688], "text": "0.00", "type": 2, "value": 4}, {"box": [248, 670, 308, 688], "text": "0.00***", "type": 2, "value": 4}, {"box": [248, 696, 301, 715], "text": "0.00***", "type": 2, "value": 4}, {"box": [200, 697, 239, 716], "text": "0.00", "type": 2, "value": 4}, {"box": [202, 730, 239, 750], "text": "0.00", "type": 2, "value": 4}, {"box": [197, 761, 241, 780], "text": "0.00", "type": 2, "value": 4}, {"box": [246, 762, 279, 777], "text": "0.00", "type": 2, "value": 4}, {"box": [249, 730, 302, 744], "text": "0.00***", "type": 2, "value": 4}, {"box": [321, 669, 353, 689], "text": "0.00", "type": 2, "value": 4}, {"box": [321, 698, 350, 715], "text": "0.00", "type": 2, "value": 4}, {"box": [320, 731, 353, 748], "text": "0.00", "type": 2, "value": 4}, {"box": [314, 759, 356, 780], "text": "0.00", "type": 2, "value": 4}, {"box": [363, 763, 397, 778], "text": "0.00", "type": 2, "value": 4}, {"box": [360, 732, 398, 746], "text": "0.00", "type": 2, "value": 4}, {"box": [363, 695, 402, 714], "text": "0.00*", "type": 2, "value": 4}, {"box": [364, 666, 408, 684], "text": "0.00**", "type": 2, "value": 4}, {"box": [363, 637, 414, 655], "text": "0.00***", "type": 2, "value": 4}, {"box": [364, 607, 404, 624], "text": "0.00", "type": 2, "value": 4}, {"box": [318, 610, 350, 624], "text": "0.00", "type": 2, "value": 4}, {"box": [316, 643, 351, 657], "text": "0.00", "type": 2, "value": 4}, {"box": [427, 575, 460, 590], "text": "0.00", "type": 2, "value": 4}, {"box": [427, 608, 460, 625], "text": "0.00", "type": 2, "value": 4}, {"box": [423, 636, 465, 656], "text": "0.00", "type": 2, "value": 4}, {"box": [427, 671, 460, 685], "text": "0.00", "type": 2, "value": 4}, {"box": [422, 696, 463, 715], "text": "0.00", "type": 2, "value": 4}, {"box": [425, 732, 459, 749], "text": "0.00", "type": 2, "value": 4}, {"box": [427, 764, 459, 778], "text": "0.00", "type": 2, "value": 4}, {"box": [473, 574, 524, 589], "text": "0.00**", "type": 2, "value": 4}, {"box": [472, 606, 516, 621], "text": "0.00*", "type": 2, "value": 4}, {"box": [475, 639, 528, 654], "text": "0.00***", "type": 2, "value": 4}, {"box": [474, 667, 527, 687], "text": "0.00***", "type": 2, "value": 4}, {"box": [474, 695, 524, 714], "text": "0.00***", "type": 2, "value": 4}, {"box": [474, 728, 525, 748], "text": "0.00***", "type": 2, "value": 4}, {"box": [476, 765, 518, 777], "text": "0.00**", "type": 2, "value": 4}, {"box": [539, 577, 576, 591], "text": "0.00", "type": 2, "value": 4}, {"box": [541, 607, 574, 621], "text": "0.00", "type": 2, "value": 4}, {"box": [545, 638, 578, 656], "text": "0.00", "type": 2, "value": 4}, {"box": [540, 667, 574, 687], "text": "0.00", "type": 2, "value": 4}, {"box": [542, 697, 574, 715], "text": "0.00", "type": 2, "value": 4}, {"box": [546, 732, 571, 749], "text": "0.00", "type": 2, "value": 4}, {"box": [544, 761, 573, 781], "text": "0.00", "type": 2, "value": 4}, {"box": [590, 574, 623, 589], "text": "0.00", "type": 2, "value": 4}, {"box": [590, 607, 625, 620], "text": "0.00", "type": 2, "value": 4}, {"box": [590, 638, 640, 652], "text": "0.00***", "type": 2, "value": 4}, {"box": [592, 672, 636, 684], "text": "0.00**", "type": 2, "value": 4}, {"box": [592, 692, 636, 713], "text": "0.00**", "type": 2, "value": 4}, {"box": [591, 730, 629, 747], "text": "0.00*", "type": 2, "value": 4}, {"box": [587, 763, 620, 777], "text": "0.00", "type": 2, "value": 4}, {"box": [645, 574, 684, 591], "text": "0.00", "type": 2, "value": 4}, {"box": [639, 607, 677, 619], "text": "0.00", "type": 2, "value": 4}, {"box": [644, 640, 681, 652], "text": "0.00", "type": 2, "value": 4}, {"box": [646, 670, 677, 683], "text": "0.00", "type": 2, "value": 4}, {"box": [642, 697, 679, 715], "text": "0.00", "type": 2, "value": 4}, {"box": [637, 729, 676, 747], "text": "0.00", "type": 2, "value": 4}, {"box": [643, 762, 675, 776], "text": "0.00", "type": 2, "value": 4}, {"box": [550, 883, 675, 904], "text": "000000000", "type": 2, "value": 8}, {"box": [113, 829, 163, 843], "text": "+/-/*", "type": 2, "value": 8}, {"box": [107, 848, 180, 859], "text": "++/--/**", "type": 2, "value": 8}, {"box": [101, 861, 191, 875], "text": "+++/---/***", "type": 2, "value": 8}, {"box": [45, 795, 113, 808], "text": "Attribute", "type": 2, "value": 8}, {"box": [116, 795, 163, 809], "text": "scores", "type": 2, "value": 8}, {"box": [156, 794, 216, 808], "text": "reflectia", "type": 2, "value": 8}, {"box": [213, 794, 228, 808], "text": "a", "type": 2, "value": 8}, {"box": [228, 796, 305, 808], "text": "comparison", "type": 2, "value": 8}, {"box": [303, 790, 323, 803], "text": "of", "type": 2, "value": 8}, {"box": [328, 792, 349, 805], "text": "the", "type": 2, "value": 8}, {"box": [354, 792, 382, 807], "text": "test", "type": 2, "value": 8}, {"box": [384, 794, 441, 805], "text": "product", "type": 2, "value": 8}, {"box": [441, 794, 460, 805], "text": "to", "type": 2, "value": 8}, {"box": [465, 792, 489, 805], "text": "the", "type": 2, "value": 8}, {"box": [491, 791, 548, 805], "text": "smoker's", "type": 2, "value": 8}, {"box": [546, 789, 580, 806], "text": "most", "type": 2, "value": 8}, {"box": [579, 792, 621, 805], "text": "often", "type": 2, "value": 8}, {"box": [624, 789, 663, 806], "text": "brand", "type": 2, "value": 8}, {"box": [8, 790, 42, 808], "text": "NOTE", "type": 2, "value": 8}, {"box": [60, 60, 231, 89], "text": "TOP- LINES MENTHOL PRODUCT TEST", "type": 2, "value": 6}, {"box": [493, 39, 563, 56], "text": "C000- 00- 0", "type": 2, "value": 4}, {"box": [488, 55, 559, 69], "text": "0000 000KL", "type": 2, "value": 4}, {"box": [486, 73, 538, 86], "text": "0 of 0", "type": 2, "value": 4}, {"box": [441, 42, 485, 56], "text": "PDC #", "type": 2, "value": 2}, {"box": [408, 58, 484, 73], "text": "PROJECT #", "type": 2, "value": 2}, {"box": [429, 73, 484, 88], "text": "PAGE #", "type": 2, "value": 2}, {"box": [185, 113, 493, 134], "text": "KOOL Lights KS vs. Bright KS Product Monitor", "type": 2, "value": 4}, {"box": [182, 140, 582, 188], "text": "000 Menthol Lights / 000 Menthol Ultra, 000 Non- Menthol Lights / 00 Non- Menthol Ultras)", "type": 2, "value": 4}, {"box": [189, 197, 313, 215], "text": "September 00, 0000", "type": 2, "value": 4}, {"box": [58, 205, 153, 219], "text": "FIELD DATE:", "type": 2, "value": 2}, {"box": [165, 233, 254, 250], "text": "# 000 / 000", "type": 2, "value": 4}, {"box": [167, 275, 255, 296], "text": "# 000 / 000", "type": 2, "value": 8}, {"box": [265, 232, 452, 266], "text": "KOOL Lights KS- white tip- ping masked", "type": 2, "value": 2}, {"box": [644, 236, 677, 248], "text": ".0 0", "type": 2, "value": 4}, {"box": [574, 274, 607, 291], "text": "00. 0", "type": 2, "value": 4}, {"box": [521, 275, 545, 292], "text": ".00", "type": 2, "value": 4}, {"box": [473, 275, 500, 289], "text": "0. 0", "type": 2, "value": 4}, {"box": [267, 289, 665, 320], "text": "masked / a certain proportion of the menthol result is pep- perrront oil; R&D is unable to determine the percentage.", "type": 2, "value": 8}, {"box": [269, 275, 443, 291], "text": "Bright KS white tipping-", "type": 2, "value": 2}, {"box": [458, 328, 608, 343], "text": "Total Menthol Smokers", "type": 2, "value": 8}, {"box": [375, 343, 413, 372], "text": "Total (000)", "type": 2, "value": 2}, {"box": [448, 343, 483, 373], "text": "Male (00)", "type": 2, "value": 2}, {"box": [512, 343, 558, 374], "text": "Female (000)", "type": 2, "value": 2}, {"box": [586, 342, 625, 368], "text": "00- 00 (00)", "type": 2, "value": 2}, {"box": [649, 343, 682, 371], "text": "00+ 000", "type": 2, "value": 2}, {"box": [215, 396, 298, 415], "text": "KOOL Lights", "type": 2, "value": 2}, {"box": [210, 458, 310, 476], "text": "No Preference", "type": 2, "value": 2}, {"box": [506, 518, 542, 537], "text": "00- 00", "type": 2, "value": 6}, {"box": [15, 574, 121, 605], "text": "STRENGTH (0= Stronger)", "type": 2, "value": 2}, {"box": [14, 607, 119, 635], "text": "SMOOTHNESS (0= 0moother", "type": 2, "value": 2}, {"box": [12, 633, 118, 666], "text": "AMT MENTHOL (0= More)", "type": 2, "value": 2}, {"box": [14, 669, 126, 698], "text": "MENTHOL TASTE (0= Better", "type": 2, "value": 2}, {"box": [13, 698, 98, 727], "text": "SATISFYING (0= More", "type": 2, "value": 2}, {"box": [11, 730, 118, 760], "text": "APTERTASTE (0= Pleasant)", "type": 2, "value": 2}, {"box": [13, 765, 109, 793], "text": "EASE OF DRAW 00 Easier", "type": 2, "value": 2}, {"box": [195, 829, 394, 843], "text": "Directional Difference:", "type": 2, "value": 2}, {"box": [401, 827, 598, 845], "text": "00 00% confidence Level", "type": 2, "value": 4}, {"box": [403, 843, 596, 862], "text": "00- 00% confidence Level", "type": 2, "value": 4}, {"box": [399, 856, 582, 881], "text": "00+% confidence Level", "type": 2, "value": 4}, {"box": [193, 846, 364, 863], "text": "Marginal Difference:", "type": 2, "value": 2}, {"box": [198, 862, 389, 879], "text": "Significant Difference:", "type": 2, "value": 2}]}