{"img_shape": [1000, 762], "lines": [{"box": [61, 207, 97, 221], "text": "DATE:", "type": 2, "value": 2}, {"box": [61, 235, 129, 249], "text": "INITIATED", "type": 2, "value": 2}, {"box": [134, 236, 156, 250], "text": "BY:", "type": 2, "value": 2}, {"box": [60, 261, 138, 276], "text": "COMPLETION", "type": 2, "value": 2}, {"box": [59, 320, 119, 337], "text": "COUNTRY:", "type": 2, "value": 2}, {"box": [59, 348, 119, 363], "text": "PRODUCT:", "type": 2, "value": 2}, {"box": [191, 321, 247, 335], "text": "BELGIUM", "type": 2, "value": 4}, {"box": [56, 549, 80, 562], "text": "BY:", "type": 2, "value": 2}, {"box": [56, 591, 92, 604], "text": "DATE:", "type": 2, "value": 2}, {"box": [54, 626, 100, 639], "text": "NOTES:", "type": 2, "value": 2}, {"box": [501, 839, 623, 871], "text": "000000000", "type": 2, "value": 8}, {"box": [527, 162, 621, 189], "text": "RECEIVED", "type": 2, "value": 2}, {"box": [214, 94, 455, 140], "text": "SERVICE REQUEST FROM R & D BY INTERNATIONAL LICENSEE OPERATIONS", "type": 2, "value": 6}, {"box": [563, 11, 667, 51], "text": "", "type": 2, "value": 8}, {"box": [60, 177, 149, 192], "text": "REQUEST NO.:", "type": 2, "value": 2}, {"box": [196, 177, 232, 194], "text": "00- 00", "type": 2, "value": 4}, {"box": [191, 207, 299, 222], "text": "March 00, 0000", "type": 2, "value": 4}, {"box": [193, 221, 346, 252], "text": "P. H. HARPER PHH", "type": 2, "value": 4}, {"box": [74, 292, 164, 307], "text": "TARGET DATE:", "type": 2, "value": 2}, {"box": [191, 292, 296, 308], "text": "April 00, 0000", "type": 2, "value": 4}, {"box": [193, 348, 422, 365], "text": "LUCKY STRIKE Filter and VICEROY", "type": 2, "value": 4}, {"box": [59, 377, 167, 393], "text": "NATURE OF WORK:", "type": 2, "value": 2}, {"box": [168, 404, 527, 437], "text": "Advise if locally obtained Yucatan Honey (sample enclosed) is an acceptable substitute for HALWAY.", "type": 2, "value": 4}, {"box": [56, 462, 153, 477], "text": "R & D COMMENTS:", "type": 2, "value": 2}, {"box": [183, 465, 416, 540], "text": "Target the P A 00Mar 00", "type": 2, "value": 4}, {"box": [182, 626, 575, 641], "text": "a) Nature of work should be specified in exact terms.", "type": 2, "value": 4}, {"box": [180, 652, 547, 681], "text": "b) R & D should advise if completion date cannot be met.", "type": 2, "value": 4}, {"box": [179, 697, 532, 740], "text": "c) Two copies of this form to be sent to R & D by initiator and R & D is to return to T. O. one completed copy.", "type": 2, "value": 4}, {"box": [53, 751, 101, 767], "text": "MH/ enm", "type": 2, "value": 8}, {"box": [53, 796, 115, 824], "text": "0000/ (r) # 0000M", "type": 2, "value": 8}, {"box": [531, 193, 623, 248], "text": "APR 0 0000 P. H. H.", "type": 2, "value": 4}]}