{"img_shape": [1000, 762], "lines": [{"box": [292, 91, 376, 175], "text": "R&D", "type": 2, "value": 8}, {"box": [219, 316, 225, 327], "text": ":", "type": 2, "value": 2}, {"box": [95, 355, 169, 370], "text": "Suggestion:", "type": 2, "value": 2}, {"box": [482, 268, 518, 282], "text": "Date:", "type": 2, "value": 2}, {"box": [511, 309, 570, 323], "text": "Licensee", "type": 2, "value": 4}, {"box": [211, 651, 217, 662], "text": "", "type": 2, "value": 2}, {"box": [461, 605, 483, 619], "text": "Yes", "type": 2, "value": 2}, {"box": [545, 603, 563, 617], "text": "No", "type": 2, "value": 2}, {"box": [525, 904, 641, 926], "text": "000000000", "type": 2, "value": 8}, {"box": [256, 201, 423, 230], "text": "R&D QUALITY IMPROVEMENT SUGGESTION/ SOLUTION FORM", "type": 2, "value": 6}, {"box": [89, 272, 204, 289], "text": "Name / Phone Ext. :", "type": 2, "value": 2}, {"box": [215, 271, 451, 287], "text": "M. Hamann P. Harper, P. Martinez", "type": 2, "value": 4}, {"box": [543, 264, 590, 279], "text": "0/ 0/ 00", "type": 2, "value": 4}, {"box": [420, 310, 491, 323], "text": "R&D Group:", "type": 2, "value": 2}, {"box": [236, 313, 327, 327], "text": "J. S. Wigand", "type": 2, "value": 4}, {"box": [91, 316, 218, 331], "text": "Supervisor / Manager", "type": 2, "value": 2}, {"box": [190, 346, 594, 447], "text": "Discontinue coal retention analyses on licensee submitted product samples (Note : Coal Retention testing is not performed by most licensees. Other B&W physical measurements as ends stability and inspection for soft spots in ciparettes are thought to be sufficient measures to assure cigarette physical integrity. The proposed action will increase laboratory productivity . )", "type": 2, "value": 4}, {"box": [95, 486, 250, 504], "text": "Suggested Solutions (s) :", "type": 2, "value": 2}, {"box": [263, 483, 593, 553], "text": "Delete coal retention from the list of standard analyses performed on licensee submitted product samples. Special requests for coal retention testing could still be submitted on an exception basis.", "type": 2, "value": 4}, {"box": [96, 608, 398, 624], "text": "Have you contacted your Manager/ Supervisor?", "type": 2, "value": 6}, {"box": [98, 651, 211, 665], "text": "Manager Comments:", "type": 2, "value": 2}, {"box": [232, 644, 547, 662], "text": "Manager, please contact suggester and forward", "type": 2, "value": 4}, {"box": [99, 662, 323, 677], "text": "comments to the Quality Council.", "type": 2, "value": 4}, {"box": [102, 823, 145, 838], "text": "qip . wp", "type": 2, "value": 8}]}