{"img_shape": [1000, 762], "lines": [{"box": [76, 129, 118, 139], "text": "Brand:", "type": 2, "value": 2}, {"box": [73, 141, 119, 153], "text": "Style:", "type": 2, "value": 2}, {"box": [145, 127, 197, 137], "text": "PHOENIX", "type": 2, "value": 4}, {"box": [349, 130, 409, 139], "text": "Company:", "type": 2, "value": 2}, {"box": [350, 142, 407, 155], "text": "Country:", "type": 2, "value": 2}, {"box": [350, 157, 402, 167], "text": "Macket:", "type": 2, "value": 2}, {"box": [419, 144, 467, 154], "text": "CYPRUS", "type": 2, "value": 4}, {"box": [512, 171, 567, 183], "text": "NICOSIA", "type": 2, "value": 4}, {"box": [404, 240, 461, 255], "text": "Weights", "type": 2, "value": 6}, {"box": [377, 475, 441, 487], "text": "Adhesive:", "type": 2, "value": 6}, {"box": [70, 488, 151, 498], "text": "Supplier(s)", "type": 2, "value": 2}, {"box": [72, 513, 109, 525], "text": "Color", "type": 2, "value": 2}, {"box": [72, 557, 135, 569], "text": "Porosity", "type": 2, "value": 2}, {"box": [73, 609, 140, 621], "text": "substance", "type": 2, "value": 2}, {"box": [234, 488, 285, 500], "text": "Ecusta", "type": 2, "value": 4}, {"box": [235, 501, 287, 514], "text": "E.00000", "type": 2, "value": 4}, {"box": [228, 543, 259, 555], "text": "None", "type": 2, "value": 4}, {"box": [293, 558, 356, 567], "text": "(coresta)", "type": 2, "value": 4}, {"box": [377, 515, 407, 527], "text": "Type", "type": 2, "value": 2}, {"box": [377, 558, 428, 568], "text": "Overall", "type": 2, "value": 2}, {"box": [475, 558, 508, 570], "text": "skip", "type": 2, "value": 2}, {"box": [377, 599, 443, 609], "text": "Dimension", "type": 2, "value": 2}, {"box": [377, 614, 458, 624], "text": "Positioning", "type": 2, "value": 2}, {"box": [476, 488, 515, 500], "text": "Swift", "type": 2, "value": 4}, {"box": [554, 558, 591, 567], "text": "Other", "type": 2, "value": 8}, {"box": [494, 587, 522, 596], "text": "N/A", "type": 2, "value": 4}, {"box": [448, 558, 457, 567], "text": "x", "type": 2, "value": 4}, {"box": [299, 683, 336, 693], "text": "Date:", "type": 2, "value": 2}, {"box": [299, 778, 333, 788], "text": "Date:", "type": 2, "value": 2}, {"box": [533, 829, 653, 853], "text": "000000000", "type": 2, "value": 8}, {"box": [72, 750, 108, 762], "text": "Date:", "type": 2, "value": 2}, {"box": [73, 777, 137, 789], "text": "Replaces:", "type": 2, "value": 2}, {"box": [72, 804, 111, 816], "text": "00000", "type": 2, "value": 8}, {"box": [165, 777, 192, 789], "text": "New", "type": 2, "value": 4}, {"box": [527, 33, 618, 48], "text": "Page 0 of 00", "type": 2, "value": 8}, {"box": [210, 45, 497, 113], "text": "RESTRICTED BROWN & WILLIAMSON INTERNATIONAL TOBACCO PRODUCT SPECIFICATION", "type": 2, "value": 6}, {"box": [145, 141, 208, 154], "text": "HLB- KS", "type": 2, "value": 4}, {"box": [419, 129, 518, 144], "text": "B. A. T. CYPRUS", "type": 2, "value": 4}, {"box": [349, 169, 500, 182], "text": "Place of Manufacture:", "type": 2, "value": 2}, {"box": [75, 156, 202, 168], "text": "Licensee Ref. NO.:", "type": 2, "value": 2}, {"box": [73, 211, 191, 225], "text": "CIGARETTE MAKING", "type": 2, "value": 6}, {"box": [73, 240, 247, 253], "text": "Physical Characteristics", "type": 2, "value": 6}, {"box": [73, 266, 249, 280], "text": "Overall Cigarette Length", "type": 2, "value": 2}, {"box": [72, 280, 203, 291], "text": "Tobacco Rod Length", "type": 2, "value": 2}, {"box": [72, 295, 203, 305], "text": "Filter Plug Length", "type": 2, "value": 2}, {"box": [73, 305, 329, 320], "text": "Filter Plug Pressure Drop (unencap.)", "type": 2, "value": 2}, {"box": [72, 320, 317, 332], "text": "Filter Plug Pressure Drop encap.", "type": 2, "value": 2}, {"box": [70, 334, 240, 346], "text": "Cigarette Circumference", "type": 2, "value": 2}, {"box": [72, 347, 287, 361], "text": "Total Pressure Drop (unencap.)", "type": 2, "value": 2}, {"box": [73, 362, 274, 374], "text": "Total Pressure Drop (encap.)", "type": 2, "value": 2}, {"box": [67, 377, 175, 387], "text": "Tipping Length", "type": 2, "value": 2}, {"box": [72, 391, 300, 402], "text": "Print Position (from filter end)", "type": 2, "value": 2}, {"box": [75, 404, 280, 417], "text": "Moisture content (ex-catcher)", "type": 2, "value": 2}, {"box": [73, 419, 238, 431], "text": "Filter ventilation Rate", "type": 2, "value": 2}, {"box": [350, 268, 395, 280], "text": "00 mm", "type": 2, "value": 4}, {"box": [347, 280, 395, 293], "text": "00 mm", "type": 2, "value": 4}, {"box": [349, 296, 396, 307], "text": "00 mm", "type": 2, "value": 4}, {"box": [347, 308, 397, 320], "text": "00 mm", "type": 2, "value": 4}, {"box": [346, 322, 397, 334], "text": "00 mm", "type": 2, "value": 4}, {"box": [343, 337, 393, 347], "text": "00.00 mm", "type": 2, "value": 4}, {"box": [349, 349, 395, 361], "text": "00 mm", "type": 2, "value": 4}, {"box": [343, 362, 394, 374], "text": "000 mm", "type": 2, "value": 4}, {"box": [350, 377, 396, 391], "text": "00 mm", "type": 2, "value": 4}, {"box": [349, 392, 395, 402], "text": "00 mm", "type": 2, "value": 4}, {"box": [343, 404, 386, 416], "text": "00.0 %", "type": 2, "value": 4}, {"box": [347, 416, 386, 430], "text": "Nil %", "type": 2, "value": 4}, {"box": [407, 265, 513, 280], "text": "Total Cigt. Wt.", "type": 2, "value": 2}, {"box": [551, 266, 640, 281], "text": "000 mg", "type": 2, "value": 4}, {"box": [557, 295, 636, 308], "text": "000 mg", "type": 2, "value": 4}, {"box": [555, 320, 636, 335], "text": "000 mg/cc", "type": 2, "value": 4}, {"box": [404, 320, 552, 334], "text": "Net Tob. Rod Density", "type": 2, "value": 2}, {"box": [404, 295, 515, 308], "text": "Net Net Tobacco", "type": 2, "value": 2}, {"box": [75, 445, 293, 460], "text": "Tipping and Tipping Application", "type": 2, "value": 2}, {"box": [73, 473, 172, 486], "text": "Tipping Paper:", "type": 2, "value": 6}, {"box": [72, 501, 216, 513], "text": "Supplier Code No(s).", "type": 2, "value": 2}, {"box": [222, 516, 323, 525], "text": "Imitation Cork", "type": 2, "value": 4}, {"box": [72, 528, 204, 554], "text": "Perforation Type and No. of lines", "type": 2, "value": 2}, {"box": [75, 570, 196, 582], "text": "Print Description", "type": 2, "value": 2}, {"box": [213, 572, 324, 584], "text": "Brown on yellow", "type": 2, "value": 4}, {"box": [73, 585, 163, 595], "text": "Bobbin Width", "type": 2, "value": 2}, {"box": [73, 596, 169, 608], "text": "Robbin Length", "type": 2, "value": 2}, {"box": [234, 612, 359, 625], "text": "00 gm/ m0", "type": 2, "value": 4}, {"box": [229, 584, 366, 597], "text": "00 mm mm", "type": 2, "value": 4}, {"box": [229, 599, 358, 612], "text": "0000 m", "type": 2, "value": 4}, {"box": [73, 638, 301, 651], "text": "(Indicate N/A If Not Applicable)", "type": 2, "value": 8}, {"box": [377, 488, 456, 502], "text": "Supplier (s)", "type": 2, "value": 2}, {"box": [376, 501, 521, 514], "text": "Supplier Code No (s)", "type": 2, "value": 2}, {"box": [527, 501, 585, 514], "text": "T.K. 0000", "type": 2, "value": 4}, {"box": [418, 515, 580, 525], "text": "Printed Imitation cork", "type": 2, "value": 4}, {"box": [374, 543, 521, 556], "text": "Application Pattern:", "type": 2, "value": 6}, {"box": [377, 585, 482, 597], "text": "Glue Pree Area", "type": 2, "value": 2}, {"box": [510, 614, 636, 624], "text": "mm from mouth end", "type": 2, "value": 4}, {"box": [510, 599, 630, 611], "text": "mm x mm", "type": 2, "value": 4}, {"box": [299, 656, 388, 666], "text": "Prepared by:", "type": 2, "value": 2}, {"box": [419, 656, 544, 668], "text": "M. HAMERTON / enm", "type": 2, "value": 4}, {"box": [419, 680, 498, 693], "text": "May 0, 0000", "type": 2, "value": 4}, {"box": [299, 710, 388, 721], "text": "Approved by:", "type": 2, "value": 2}, {"box": [391, 723, 627, 762], "text": "Director of Technical Operations, Brown & Williamson International Tobacco", "type": 2, "value": 4}, {"box": [139, 747, 226, 764], "text": "May 0, 0000", "type": 2, "value": 4}, {"box": [410, 778, 493, 792], "text": "May 0, 0000", "type": 2, "value": 4}]}