{"img_shape": [1000, 762], "lines": [{"box": [78, 70, 114, 84], "text": "Date:", "type": 2, "value": 2}, {"box": [78, 96, 166, 110], "text": "Description:", "type": 2, "value": 2}, {"box": [313, 138, 374, 151], "text": "Budgeted:", "type": 2, "value": 6}, {"box": [507, 126, 529, 140], "text": "Yes", "type": 2, "value": 2}, {"box": [508, 138, 530, 153], "text": "Yes", "type": 2, "value": 2}, {"box": [570, 137, 585, 151], "text": "No", "type": 2, "value": 2}, {"box": [570, 123, 585, 138], "text": "No", "type": 2, "value": 2}, {"box": [538, 127, 553, 137], "text": "x", "type": 2, "value": 4}, {"box": [539, 140, 553, 151], "text": "x", "type": 2, "value": 4}, {"box": [534, 152, 568, 166], "text": "00.0", "type": 2, "value": 4}, {"box": [99, 193, 160, 211], "text": "Supplier", "type": 2, "value": 2}, {"box": [274, 194, 308, 209], "text": "Cost", "type": 2, "value": 2}, {"box": [313, 191, 331, 209], "text": "($)", "type": 2, "value": 2}, {"box": [376, 177, 401, 191], "text": "Est.", "type": 2, "value": 2}, {"box": [366, 194, 408, 209], "text": "Travel", "type": 2, "value": 8}, {"box": [78, 219, 132, 237], "text": "Kapuler", "type": 2, "value": 4}, {"box": [75, 278, 150, 293], "text": "PROJECTED:", "type": 2, "value": 6}, {"box": [427, 669, 461, 682], "text": "Date", "type": 2, "value": 2}, {"box": [429, 696, 461, 713], "text": "Date", "type": 2, "value": 2}, {"box": [430, 722, 461, 737], "text": "Date", "type": 2, "value": 2}, {"box": [427, 749, 459, 764], "text": "Date", "type": 2, "value": 2}, {"box": [427, 777, 459, 794], "text": "Date", "type": 2, "value": 2}, {"box": [78, 821, 106, 834], "text": "cc:", "type": 2, "value": 2}, {"box": [534, 277, 573, 294], "text": "0000", "type": 2, "value": 8}, {"box": [510, 292, 597, 305], "text": "000,000.00", "type": 2, "value": 4}, {"box": [510, 318, 595, 332], "text": "000,000.00", "type": 2, "value": 4}, {"box": [504, 345, 596, 365], "text": "-00,000,00", "type": 2, "value": 4}, {"box": [434, 388, 465, 401], "text": "-O-", "type": 2, "value": 4}, {"box": [510, 440, 597, 461], "text": "000,000.00", "type": 2, "value": 4}, {"box": [507, 483, 596, 501], "text": "000,000.00", "type": 2, "value": 4}, {"box": [494, 527, 555, 541], "text": "Product", "type": 2, "value": 4}, {"box": [563, 528, 597, 539], "text": "Test", "type": 2, "value": 4}, {"box": [233, 570, 260, 585], "text": "000", "type": 2, "value": 4}, {"box": [242, 598, 292, 613], "text": "Kapuler", "type": 2, "value": 4}, {"box": [237, 764, 308, 818], "text": "", "type": 2, "value": 4}, {"box": [285, 789, 339, 806], "text": "Howard", "type": 2, "value": 4}, {"box": [260, 791, 281, 805], "text": "", "type": 2, "value": 8}, {"box": [243, 792, 260, 807], "text": "", "type": 2, "value": 8}, {"box": [486, 832, 536, 849], "text": "BARCLAY", "type": 2, "value": 4}, {"box": [532, 862, 651, 889], "text": "000000000", "type": 2, "value": 8}, {"box": [538, 67, 553, 82], "text": "0", "type": 2, "value": 4}, {"box": [478, 70, 500, 85], "text": "No.", "type": 2, "value": 2}, {"box": [237, 42, 459, 56], "text": "MARKETING RESEARCH AUTHORIZATION", "type": 2, "value": 6}, {"box": [242, 54, 458, 71], "text": "(Recommended Proposal Attached)", "type": 2, "value": 8}, {"box": [170, 95, 447, 113], "text": "Y- 0 Ultra 000' s vs. Winston Ultra 000' s", "type": 2, "value": 4}, {"box": [176, 124, 284, 138], "text": "W. T. Carpenter", "type": 2, "value": 4}, {"box": [80, 124, 173, 139], "text": "Requested By:", "type": 2, "value": 2}, {"box": [311, 124, 496, 139], "text": "Research Request Attached:", "type": 2, "value": 6}, {"box": [310, 149, 483, 168], "text": "Original Budgeted Amount", "type": 2, "value": 2}, {"box": [80, 165, 299, 181], "text": "Competitive Proposals Obtained:", "type": 2, "value": 6}, {"box": [80, 247, 166, 267], "text": "Market Facts", "type": 2, "value": 4}, {"box": [236, 221, 347, 238], "text": "$ 00,000 + 00% Est.", "type": 2, "value": 4}, {"box": [235, 247, 348, 266], "text": "$ 00,000 + 00 % Est.", "type": 2, "value": 4}, {"box": [448, 191, 524, 208], "text": "Total Cost", "type": 2, "value": 2}, {"box": [553, 180, 624, 208], "text": "Cost Per Interview", "type": 2, "value": 2}, {"box": [437, 219, 491, 237], "text": "$ 00,000", "type": 2, "value": 4}, {"box": [437, 246, 489, 264], "text": "$ 00000", "type": 2, "value": 4}, {"box": [353, 219, 394, 236], "text": "$ 0000", "type": 2, "value": 4}, {"box": [355, 247, 390, 264], "text": "$ 0000", "type": 2, "value": 4}, {"box": [550, 221, 590, 236], "text": "$ 00.0", "type": 2, "value": 4}, {"box": [552, 247, 588, 264], "text": "$ 00.0", "type": 2, "value": 4}, {"box": [77, 289, 216, 306], "text": "Internal Init. Date", "type": 2, "value": 2}, {"box": [232, 288, 286, 306], "text": "0/ ", "type": 2, "value": 4}, {"box": [233, 314, 285, 332], "text": "00/ 00", "type": 2, "value": 4}, {"box": [77, 317, 190, 349], "text": "Ext. Auth. Date Wave (s)", "type": 2, "value": 2}, {"box": [81, 401, 185, 434], "text": "Field Complete Wave (s)", "type": 2, "value": 2}, {"box": [232, 399, 285, 418], "text": "0/ 00/ 00", "type": 2, "value": 4}, {"box": [77, 471, 196, 515], "text": "Final Report Due (Supplier Rpt.) Wave (s)", "type": 2, "value": 2}, {"box": [233, 468, 281, 488], "text": "0/ 0/ 00", "type": 2, "value": 4}, {"box": [318, 275, 467, 294], "text": "Summary of MRD Budget", "type": 2, "value": 6}, {"box": [317, 289, 448, 306], "text": "Total Area Budget:", "type": 2, "value": 2}, {"box": [317, 317, 481, 334], "text": "Current Bal. Available:", "type": 2, "value": 2}, {"box": [316, 345, 463, 377], "text": "This Change: (From Current Budget", "type": 2, "value": 2}, {"box": [318, 388, 397, 404], "text": "This Amount", "type": 2, "value": 2}, {"box": [317, 402, 492, 419], "text": "(From Next Year's Budget", "type": 2, "value": 2}, {"box": [318, 444, 402, 459], "text": "New Balance", "type": 2, "value": 2}, {"box": [317, 485, 445, 516], "text": "Commited to Date: (Current Year)", "type": 2, "value": 2}, {"box": [387, 524, 472, 542], "text": "Project Type", "type": 2, "value": 2}, {"box": [446, 541, 621, 559], "text": "(Product Test, A&U, etc.)", "type": 2, "value": 2}, {"box": [78, 568, 163, 583], "text": "Sample Size", "type": 2, "value": 2}, {"box": [80, 596, 229, 613], "text": "Recommended Supplier", "type": 2, "value": 2}, {"box": [80, 623, 283, 643], "text": "Reason (s) for Recommendation", "type": 2, "value": 2}, {"box": [297, 623, 438, 640], "text": "Lowest project costs", "type": 2, "value": 4}, {"box": [78, 662, 170, 683], "text": "Submitted by:", "type": 2, "value": 2}, {"box": [77, 694, 165, 711], "text": "Approved By:", "type": 2, "value": 2}, {"box": [77, 721, 165, 738], "text": "Approved By:", "type": 2, "value": 2}, {"box": [78, 747, 166, 768], "text": "Approved By:", "type": 2, "value": 2}, {"box": [80, 777, 172, 795], "text": "Budget Check:", "type": 2, "value": 2}, {"box": [80, 806, 153, 820], "text": "Original -", "type": 2, "value": 2}, {"box": [77, 848, 195, 878], "text": "MRD00000 (revised 0/ 00) PPs 0000", "type": 2, "value": 8}, {"box": [230, 658, 376, 690], "text": "", "type": 2, "value": 4}, {"box": [242, 689, 344, 731], "text": "L. E. Gravely", "type": 2, "value": 4}, {"box": [478, 656, 555, 689], "text": "0/ 0/ 00", "type": 2, "value": 4}, {"box": [472, 684, 548, 717], "text": "0/0 00", "type": 2, "value": 4}, {"box": [478, 758, 541, 800], "text": "0/ 0/ 00", "type": 2, "value": 4}, {"box": [487, 820, 546, 835], "text": "0000- 000", "type": 2, "value": 4}, {"box": [387, 820, 464, 835], "text": "Project No.", "type": 2, "value": 2}, {"box": [387, 835, 472, 851], "text": "Account Name", "type": 2, "value": 2}, {"box": [159, 804, 243, 822], "text": "Project File", "type": 2, "value": 4}, {"box": [155, 820, 272, 837], "text": "S. Willinger (0)", "type": 2, "value": 4}, {"box": [154, 834, 354, 852], "text": "K. A. Hutchison S. A. Howard", "type": 2, "value": 4}]}