{"img_shape": [1000, 762], "lines": [{"box": [112, 209, 123, 217], "text": "", "type": 2, "value": 8}, {"box": [123, 209, 140, 217], "text": "", "type": 2, "value": 8}, {"box": [108, 283, 156, 292], "text": "SUBJECT:", "type": 2, "value": 2}, {"box": [108, 305, 151, 318], "text": "SAMPLE:", "type": 2, "value": 2}, {"box": [107, 328, 175, 341], "text": "CIGARETTES", "type": 2, "value": 6}, {"box": [436, 235, 482, 249], "text": "PROJECT", "type": 2, "value": 2}, {"box": [113, 455, 174, 468], "text": "REFERENCE", "type": 2, "value": 2}, {"box": [109, 501, 175, 512], "text": "ATTRIBUTES", "type": 2, "value": 6}, {"box": [348, 457, 394, 468], "text": "VICEROY", "type": 2, "value": 2}, {"box": [480, 455, 548, 468], "text": "Competitive", "type": 2, "value": 2}, {"box": [515, 468, 543, 479], "text": "00%", "type": 2, "value": 4}, {"box": [515, 478, 544, 489], "text": "00%00%", "type": 2, "value": 4}, {"box": [377, 468, 399, 478], "text": "00%", "type": 2, "value": 4}, {"box": [377, 479, 399, 489], "text": "00%", "type": 2, "value": 4}, {"box": [229, 500, 275, 513], "text": "VICEROY", "type": 2, "value": 2}, {"box": [469, 501, 536, 511], "text": "Competitive", "type": 2, "value": 6}, {"box": [451, 557, 472, 567], "text": "-00", "type": 2, "value": 4}, {"box": [536, 559, 558, 569], "text": "-0", "type": 2, "value": 4}, {"box": [450, 571, 471, 579], "text": "-0", "type": 2, "value": 4}, {"box": [534, 570, 561, 583], "text": "+0*", "type": 2, "value": 4}, {"box": [450, 582, 475, 592], "text": "+00", "type": 2, "value": 4}, {"box": [532, 581, 561, 592], "text": "+00*", "type": 2, "value": 4}, {"box": [293, 557, 320, 571], "text": "-00*", "type": 2, "value": 4}, {"box": [211, 582, 231, 592], "text": "+00", "type": 2, "value": 4}, {"box": [208, 557, 228, 570], "text": "+0", "type": 2, "value": 4}, {"box": [208, 571, 230, 581], "text": "+0", "type": 2, "value": 4}, {"box": [293, 570, 317, 578], "text": "-0", "type": 2, "value": 4}, {"box": [292, 581, 314, 592], "text": "+00", "type": 2, "value": 4}, {"box": [106, 557, 159, 570], "text": "STRENGTH", "type": 2, "value": 2}, {"box": [108, 571, 167, 581], "text": "HARSHNESS", "type": 2, "value": 2}, {"box": [108, 581, 171, 595], "text": "AFTERTASTE", "type": 2, "value": 2}, {"box": [107, 235, 256, 260], "text": "TOP- LINES NON- MENTHOL PRODUCT TEST", "type": 2, "value": 6}, {"box": [486, 233, 547, 250], "text": "# 00 0- 00A", "type": 2, "value": 4}, {"box": [203, 281, 499, 296], "text": "00% Replacement of Propylene Glycol With SORBITOL", "type": 2, "value": 4}, {"box": [203, 303, 422, 319], "text": "000 VICEROY/ 000 Marlboro/ 000 Winston", "type": 2, "value": 4}, {"box": [203, 339, 270, 352], "text": "#000/ 000 -", "type": 2, "value": 2}, {"box": [203, 363, 271, 376], "text": "#000/ #000 -", "type": 2, "value": 2}, {"box": [275, 338, 386, 352], "text": "Current VICEROY B0", "type": 2, "value": 4}, {"box": [275, 362, 457, 398], "text": "Current VICEROY 00 except with 00% of the propylene glycol replaced with SORBITOL.", "type": 2, "value": 4}, {"box": [13, 908, 206, 943], "text": "NOTICE IF THE FILM IMAGE IS LESS CLEAR THAN THIS NOTICE. IT IS DUE TO THE QUALITY OF THE DOCUMENT BEING FILMED", "type": 2, "value": 8}, {"box": [214, 908, 419, 940], "text": "00000 0000", "type": 2, "value": 8}, {"box": [295, 598, 451, 612], "text": "*Statistically Significant", "type": 2, "value": 8}, {"box": [109, 468, 172, 479], "text": "(#000/ 000", "type": 2, "value": 4}, {"box": [108, 479, 171, 492], "text": "(#000/ 000)", "type": 2, "value": 4}, {"box": [184, 468, 310, 490], "text": "Current VICEROY 00 00% PG with SORBITOL", "type": 2, "value": 4}, {"box": [425, 514, 494, 547], "text": "Current VICEROY 00 (#000/ 000", "type": 2, "value": 2}, {"box": [508, 513, 579, 546], "text": "00% PG w/ SORBITOL (#000/ 000)", "type": 2, "value": 2}, {"box": [184, 513, 254, 547], "text": "Current VICEROY 00 (#000/ 000)", "type": 2, "value": 4}, {"box": [268, 511, 339, 548], "text": "00% PG w/ SORBITOL #000/ 000", "type": 2, "value": 4}]}