{"img_shape": [1000, 754], "lines": [{"box": [96, 177, 118, 192], "text": "FAX:", "type": 2, "value": 2}, {"box": [75, 337, 116, 351], "text": "DATE:", "type": 2, "value": 2}, {"box": [75, 286, 117, 301], "text": "FROM:", "type": 2, "value": 2}, {"box": [457, 288, 544, 305], "text": "CHARGEBACK:", "type": 2, "value": 2}, {"box": [106, 404, 176, 418], "text": "RECIPIENT", "type": 2, "value": 2}, {"box": [235, 402, 298, 419], "text": "COMPANY", "type": 2, "value": 2}, {"box": [398, 404, 425, 418], "text": "FAX", "type": 2, "value": 2}, {"box": [426, 405, 451, 418], "text": "No.", "type": 2, "value": 2}, {"box": [77, 532, 147, 546], "text": "COMMENTS", "type": 2, "value": 2}, {"box": [538, 934, 562, 952], "text": "No:", "type": 2, "value": 2}, {"box": [258, 936, 299, 953], "text": "Name:", "type": 2, "value": 2}, {"box": [196, 936, 221, 951], "text": "Yes", "type": 2, "value": 2}, {"box": [105, 937, 193, 952], "text": "Confirmation:", "type": 2, "value": 6}, {"box": [686, 831, 706, 926], "text": "0000000000", "type": 2, "value": 8}, {"box": [591, 102, 650, 144], "text": "", "type": 2, "value": 8}, {"box": [77, 95, 488, 151], "text": "WINSTON & STRAWN", "type": 2, "value": 6}, {"box": [514, 137, 614, 158], "text": "Fax Cover Sheet", "type": 2, "value": 6}, {"box": [95, 155, 466, 181], "text": "MAMI TRIAL SITE, 0000 FIRST UNION FINANCIAL CENTER, 000 SOUTH BISCAYNE BOULEVARD MIAMI, FLORIDA 00000", "type": 2, "value": 8}, {"box": [126, 179, 225, 192], "text": "(000) 000 0 00", "type": 2, "value": 4}, {"box": [77, 205, 197, 238], "text": "000 PARK AVENUE NEWYORK NY 00000 0000 000 000-0000", "type": 2, "value": 8}, {"box": [219, 207, 346, 236], "text": "000 L. STREET N WASHWINGTON DC 00000 0000 000 000 0000", "type": 2, "value": 8}, {"box": [360, 208, 442, 239], "text": "00 WEST WACKER CHICAGO. IL 00000 000- 000 0000", "type": 2, "value": 8}, {"box": [500, 209, 594, 239], "text": "00 AVENUE VICTOR HUGO 00 PARIS, FRANCE 00- 00 00 00 00", "type": 2, "value": 8}, {"box": [267, 256, 355, 273], "text": "Fax Number:", "type": 2, "value": 2}, {"box": [359, 256, 454, 273], "text": "000 000- 0000", "type": 2, "value": 4}, {"box": [161, 286, 234, 304], "text": "Kevin Narko", "type": 2, "value": 4}, {"box": [161, 335, 213, 349], "text": "00/ 00/ 00", "type": 2, "value": 4}, {"box": [468, 310, 523, 324], "text": "0000/ 000", "type": 2, "value": 4}, {"box": [246, 370, 472, 387], "text": "Please Deliver as soon Possible To:", "type": 2, "value": 6}, {"box": [108, 430, 193, 449], "text": "John Mulderig", "type": 2, "value": 4}, {"box": [109, 458, 192, 476], "text": "Gregory Little", "type": 2, "value": 4}, {"box": [235, 430, 315, 450], "text": "Philip Morris", "type": 2, "value": 4}, {"box": [236, 459, 313, 479], "text": "Philip Morris", "type": 2, "value": 4}, {"box": [399, 432, 482, 449], "text": "000 -000 -0000", "type": 2, "value": 4}, {"box": [397, 461, 481, 476], "text": "000- 000 0000", "type": 2, "value": 4}, {"box": [514, 432, 596, 447], "text": "000- 000 0000", "type": 2, "value": 4}, {"box": [514, 404, 588, 420], "text": "PHONE No.", "type": 2, "value": 2}, {"box": [239, 497, 479, 516], "text": "Total number of pages including this page:", "type": 2, "value": 2}, {"box": [85, 677, 620, 722], "text": "IF YOU DO NOT RECEIVE ALL THE PAGES, PLEASE CALL OUR FAX OPERATOR AS SOON AS POSSIBLE THANK YOU. 000- 000- 0000", "type": 2, "value": 8}, {"box": [82, 821, 639, 873], "text": "The information contained in this facsimile message is attorncy privileged and confidential information intended only for the use of the individual or entity named above. If the reader of this message is not the intended recipient, or the employee or agent responsible to deliver it to the intended recipient, you are hereby notified that any dissemination, distribution or copying this communication strictly prohibited.", "type": 2, "value": 8}, {"box": [84, 881, 636, 908], "text": "If you have received this communication in error, please immediately notify us by telephone, and return the original message to us at the above address via the U. S. Postal Service. Thank you.", "type": 2, "value": 8}, {"box": [105, 919, 204, 935], "text": "Operator Initials:", "type": 2, "value": 2}]}