{"img_shape": [1000, 754], "lines": [{"box": [459, 391, 506, 405], "text": "Retainer", "type": 2, "value": 2}, {"box": [300, 366, 338, 383], "text": "No.", "type": 2, "value": 4}, {"box": [316, 380, 324, 397], "text": "$", "type": 2, "value": 4}, {"box": [314, 397, 324, 412], "text": "$", "type": 2, "value": 4}, {"box": [297, 415, 308, 429], "text": "$", "type": 2, "value": 4}, {"box": [507, 390, 520, 404], "text": "$", "type": 2, "value": 4}, {"box": [598, 408, 608, 423], "text": "$", "type": 2, "value": 4}, {"box": [122, 461, 151, 479], "text": "Other", "type": 2, "value": 2}, {"box": [155, 465, 194, 480], "text": "(please", "type": 2, "value": 2}, {"box": [194, 462, 241, 479], "text": "explain):", "type": 2, "value": 2}, {"box": [120, 479, 148, 496], "text": "Note:", "type": 2, "value": 6}, {"box": [148, 480, 179, 494], "text": "RIGL", "type": 2, "value": 8}, {"box": [179, 479, 217, 494], "text": "00-00-0", "type": 2, "value": 8}, {"box": [216, 482, 230, 495], "text": "(d)", "type": 2, "value": 8}, {"box": [230, 482, 272, 495], "text": "requires", "type": 2, "value": 8}, {"box": [272, 480, 324, 494], "text": "disclosure", "type": 2, "value": 8}, {"box": [325, 483, 336, 496], "text": "in", "type": 2, "value": 8}, {"box": [338, 485, 346, 496], "text": "a", "type": 2, "value": 8}, {"box": [346, 482, 378, 497], "text": "dollar", "type": 2, "value": 8}, {"box": [377, 483, 413, 496], "text": "amount", "type": 2, "value": 8}, {"box": [415, 480, 430, 500], "text": "of", "type": 2, "value": 8}, {"box": [429, 482, 443, 495], "text": "the", "type": 2, "value": 8}, {"box": [446, 483, 512, 497], "text": "compensation", "type": 2, "value": 8}, {"box": [510, 483, 527, 498], "text": "for", "type": 2, "value": 8}, {"box": [529, 483, 572, 498], "text": "lobbying", "type": 2, "value": 8}, {"box": [571, 483, 612, 497], "text": "activity.", "type": 2, "value": 8}, {"box": [119, 665, 155, 685], "text": "(from)", "type": 2, "value": 8}, {"box": [119, 682, 139, 700], "text": "(to)", "type": 2, "value": 8}, {"box": [142, 697, 210, 722], "text": "", "type": 2, "value": 4}, {"box": [214, 691, 280, 726], "text": "", "type": 2, "value": 4}, {"box": [197, 904, 246, 917], "text": "REVIEWED:", "type": 2, "value": 2}, {"box": [122, 904, 169, 917], "text": "ACCEPTED:", "type": 2, "value": 2}, {"box": [113, 80, 563, 98], "text": "STATE OF RHODE ISLAND AND PROVIDENCE PLANTATIONS", "type": 2, "value": 6}, {"box": [112, 95, 281, 109], "text": "Office of the Secretary of State", "type": 2, "value": 8}, {"box": [113, 140, 327, 154], "text": "James R. Langevin Secretary of State", "type": 2, "value": 8}, {"box": [218, 182, 564, 207], "text": "Monthly Organization/ Employer Report", "type": 2, "value": 6}, {"box": [482, 152, 660, 182], "text": "Room 00 State House Providence, Rhode Island 00000- 0000", "type": 2, "value": 8}, {"box": [588, 180, 658, 195], "text": "000- 000- 0000", "type": 2, "value": 8}, {"box": [126, 207, 655, 228], "text": "Due the 0st Monday of the month during the legislative session to report the previous months' activity.", "type": 2, "value": 2}, {"box": [122, 230, 216, 248], "text": "Reporting Period:", "type": 2, "value": 2}, {"box": [218, 232, 309, 248], "text": "Month of May", "type": 2, "value": 4}, {"box": [120, 253, 285, 271], "text": "Organization/ Employer Name:", "type": 2, "value": 2}, {"box": [306, 254, 457, 271], "text": "R. J. Reynolds Tobacco", "type": 2, "value": 4}, {"box": [119, 271, 205, 287], "text": "Lobbyist Name:", "type": 2, "value": 2}, {"box": [249, 271, 354, 286], "text": "Peter J. McGinn", "type": 2, "value": 4}, {"box": [122, 286, 628, 323], "text": "If any addresses or telephone numbers have changed since the last reporting period please check here and note the change in the space provided at the end of this form.", "type": 2, "value": 2}, {"box": [123, 327, 392, 347], "text": "Compensation/ Expenditure Information:", "type": 2, "value": 6}, {"box": [485, 624, 641, 642], "text": "(indicate if attached pages)", "type": 2, "value": 8}, {"box": [433, 725, 653, 745], "text": "Please print name of Employer or Designee", "type": 2, "value": 8}, {"box": [679, 730, 701, 850], "text": "", "type": 2, "value": 8}, {"box": [612, 911, 651, 922], "text": "", "type": 2, "value": 8}, {"box": [200, 786, 296, 801], "text": "FOR OFFICIAL USE", "type": 2, "value": 8}, {"box": [119, 757, 483, 776], "text": "Please indicate the capacity in which you are executing this document:", "type": 2, "value": 2}, {"box": [119, 723, 306, 742], "text": "Signature Employer or Designee", "type": 2, "value": 2}, {"box": [116, 647, 388, 665], "text": "List any changes of address telephone numbers:", "type": 2, "value": 8}, {"box": [119, 503, 654, 558], "text": "During this reporting period, have you made any expenditure or incurred any obligation of $ 00.00 or more per occurence to promote or oppose any legislation, including but not limited mailings, meals, print or broadcast advertisements, or gifts (yes or no)", "type": 2, "value": 2}, {"box": [119, 554, 592, 591], "text": "yes, please detail. including the names of the persons receiving and in whose behalf such expenditures have been made, the amount, date, place, and reason for the expenditure.", "type": 2, "value": 2}, {"box": [341, 365, 536, 383], "text": "If yes, please complete the following.", "type": 2, "value": 2}, {"box": [123, 380, 316, 397], "text": "Compensation received lobbying:", "type": 2, "value": 2}, {"box": [120, 397, 311, 414], "text": "Part of salary received for lobbying:", "type": 2, "value": 2}, {"box": [122, 413, 295, 431], "text": "Amount earned but not received:", "type": 2, "value": 2}, {"box": [120, 429, 370, 447], "text": "Reimbursements for expenses (please itemize):", "type": 2, "value": 2}, {"box": [459, 405, 597, 426], "text": "Contractual or agreed fee:", "type": 2, "value": 2}, {"box": [122, 346, 651, 367], "text": "Have you paid any type of compensation or incurred any obligation for payment to the above named", "type": 2, "value": 2}, {"box": [122, 362, 299, 382], "text": "lobbyist for lobbying? (yes or no)", "type": 2, "value": 2}]}