{"img_shape": [1000, 762], "lines": [{"box": [41, 127, 84, 144], "text": "Brand", "type": 2, "value": 2}, {"box": [41, 154, 87, 172], "text": "Title", "type": 2, "value": 2}, {"box": [41, 211, 77, 226], "text": "Size", "type": 2, "value": 2}, {"box": [39, 239, 110, 253], "text": "Magazine", "type": 2, "value": 2}, {"box": [41, 295, 112, 309], "text": "Location", "type": 2, "value": 2}, {"box": [496, 204, 502, 210], "text": "", "type": 2, "value": 2}, {"box": [182, 394, 225, 409], "text": "SCORE", "type": 2, "value": 2}, {"box": [250, 394, 282, 409], "text": "BASE", "type": 2, "value": 2}, {"box": [337, 394, 382, 407], "text": "SCORE", "type": 2, "value": 2}, {"box": [404, 394, 438, 407], "text": "BASE", "type": 2, "value": 2}, {"box": [542, 376, 613, 393], "text": "COMMENTS", "type": 2, "value": 2}, {"box": [222, 377, 250, 394], "text": "PM0", "type": 2, "value": 6}, {"box": [39, 454, 106, 472], "text": "OVERALL", "type": 2, "value": 2}, {"box": [41, 511, 76, 524], "text": "SEX:", "type": 2, "value": 6}, {"box": [41, 595, 76, 609], "text": "AGE:", "type": 2, "value": 6}, {"box": [41, 525, 77, 538], "text": "Male", "type": 2, "value": 2}, {"box": [41, 538, 93, 553], "text": "Female", "type": 2, "value": 2}, {"box": [568, 154, 597, 169], "text": "000", "type": 2, "value": 4}, {"box": [138, 239, 177, 254], "text": "TIME", "type": 2, "value": 4}, {"box": [194, 455, 221, 469], "text": "0.0", "type": 2, "value": 4}, {"box": [247, 455, 282, 472], "text": "(.00)", "type": 2, "value": 4}, {"box": [351, 457, 371, 471], "text": "00", "type": 2, "value": 4}, {"box": [399, 453, 440, 470], "text": "(000)", "type": 2, "value": 4}, {"box": [404, 524, 439, 539], "text": "(00)", "type": 2, "value": 4}, {"box": [404, 539, 439, 552], "text": "(00)", "type": 2, "value": 4}, {"box": [352, 524, 372, 538], "text": "00", "type": 2, "value": 4}, {"box": [352, 541, 372, 552], "text": "00", "type": 2, "value": 4}, {"box": [247, 524, 283, 541], "text": "(00)", "type": 2, "value": 4}, {"box": [246, 541, 284, 555], "text": "(00)", "type": 2, "value": 4}, {"box": [194, 525, 222, 540], "text": "0.0", "type": 2, "value": 4}, {"box": [194, 541, 225, 554], "text": "0.0", "type": 2, "value": 4}, {"box": [404, 704, 443, 718], "text": "(00)", "type": 2, "value": 4}, {"box": [402, 718, 443, 735], "text": "(00)", "type": 2, "value": 4}, {"box": [352, 703, 374, 718], "text": "00", "type": 2, "value": 4}, {"box": [355, 721, 373, 736], "text": "00", "type": 2, "value": 4}, {"box": [250, 703, 288, 721], "text": "(00)", "type": 2, "value": 4}, {"box": [250, 719, 288, 736], "text": "(00)", "type": 2, "value": 4}, {"box": [196, 703, 225, 718], "text": "0.0", "type": 2, "value": 4}, {"box": [196, 718, 228, 735], "text": "0.0", "type": 2, "value": 4}, {"box": [570, 830, 634, 847], "text": "0/00/00", "type": 2, "value": 4}, {"box": [500, 892, 613, 912], "text": "000000000", "type": 2, "value": 8}, {"box": [356, 786, 374, 801], "text": "00", "type": 2, "value": 4}, {"box": [405, 788, 444, 805], "text": "(00)", "type": 2, "value": 4}, {"box": [406, 803, 445, 818], "text": "(000)", "type": 2, "value": 4}, {"box": [356, 806, 376, 820], "text": "00", "type": 2, "value": 4}, {"box": [279, 36, 412, 83], "text": "MAGAZINE SCORES AUDIENCE STUDIES", "type": 2, "value": 6}, {"box": [138, 124, 236, 143], "text": "SALEM (RJR)", "type": 2, "value": 4}, {"box": [459, 127, 538, 145], "text": "Project #", "type": 2, "value": 2}, {"box": [458, 154, 564, 172], "text": "Total Sample", "type": 2, "value": 2}, {"box": [568, 123, 612, 141], "text": "00- 00", "type": 2, "value": 4}, {"box": [141, 152, 266, 169], "text": "\"HEAD IN WATER\"", "type": 2, "value": 4}, {"box": [41, 182, 90, 203], "text": "Code #", "type": 2, "value": 2}, {"box": [137, 209, 220, 226], "text": "FULL PAGE", "type": 2, "value": 4}, {"box": [39, 267, 127, 284], "text": "Field Date", "type": 2, "value": 2}, {"box": [138, 265, 323, 284], "text": "WEEK OF MARCH 00, 0000", "type": 2, "value": 4}, {"box": [138, 292, 584, 312], "text": "CHICAGO, DALLAS/ FORT WORTH, INDIANAPOLIS, LOS ANGELES", "type": 2, "value": 4}, {"box": [138, 321, 417, 338], "text": "MEMPHIS, PHILADELPHIA, PITTSBURGH", "type": 2, "value": 4}, {"box": [41, 356, 195, 373], "text": "Sample Description", "type": 2, "value": 2}, {"box": [204, 359, 462, 376], "text": "MALE AND FEMALE MENTHOL SMOKERS", "type": 2, "value": 4}, {"box": [330, 377, 435, 394], "text": "PROVED RECALL", "type": 2, "value": 6}, {"box": [471, 454, 693, 566], "text": "Tested among a half sample of smokers. Sub- group scores subject to wide variation because of small sample size and should be averaged across several ads for meaningful infor- mation.", "type": 2, "value": 4}, {"box": [42, 608, 110, 622], "text": "Under 00", "type": 2, "value": 2}, {"box": [43, 622, 87, 636], "text": "00- 00", "type": 2, "value": 2}, {"box": [42, 634, 86, 649], "text": "00- 00", "type": 2, "value": 2}, {"box": [43, 649, 120, 664], "text": "00 & Over", "type": 2, "value": 2}, {"box": [43, 704, 112, 719], "text": "Under 00", "type": 2, "value": 2}, {"box": [43, 719, 119, 734], "text": "00 & Over", "type": 2, "value": 2}, {"box": [43, 775, 147, 789], "text": "BRAND SMOKED:", "type": 2, "value": 6}, {"box": [41, 789, 192, 804], "text": "Test Brand Smokers", "type": 2, "value": 2}, {"box": [43, 803, 181, 820], "text": "All Other Smokers", "type": 2, "value": 2}, {"box": [486, 830, 565, 847], "text": "Date Sent", "type": 2, "value": 2}, {"box": [575, 842, 648, 857], "text": "PI- 0000", "type": 2, "value": 8}]}