{"img_shape": [1000, 771], "lines": [{"box": [221, 71, 264, 89], "text": "B&W", "type": 2, "value": 6}, {"box": [221, 41, 263, 70], "text": "", "type": 2, "value": 8}, {"box": [377, 366, 416, 380], "text": "WCC", "type": 2, "value": 4}, {"box": [697, 796, 721, 927], "text": "000000000", "type": 2, "value": 8}, {"box": [511, 50, 730, 82], "text": "Reconstituted Tobacco Leaf Substitutions Export Formulas", "type": 2, "value": 8}, {"box": [601, 84, 678, 95], "text": "Revision Date:", "type": 2, "value": 2}, {"box": [254, 154, 510, 194], "text": "Allowable Grade Substitutions for Export CPCL", "type": 2, "value": 6}, {"box": [148, 253, 331, 274], "text": "Standard Grade Mark", "type": 2, "value": 2}, {"box": [412, 257, 609, 278], "text": "Allowable Substitutions", "type": 2, "value": 2}, {"box": [108, 282, 286, 305], "text": "PCFS Flue cured fines", "type": 2, "value": 4}, {"box": [108, 328, 256, 349], "text": "PCBS Burley fines", "type": 2, "value": 4}, {"box": [105, 406, 306, 428], "text": "MC- 0 Manufacturing fines", "type": 2, "value": 4}, {"box": [102, 542, 243, 559], "text": "MC -0 Stem Meal", "type": 2, "value": 4}, {"box": [101, 588, 244, 605], "text": "MC -0 Winnowers", "type": 2, "value": 4}, {"box": [99, 634, 308, 654], "text": "RXF Fine flue cured stem", "type": 2, "value": 4}, {"box": [98, 742, 280, 761], "text": "RBF Fine Burely stem", "type": 2, "value": 4}, {"box": [378, 291, 522, 307], "text": "RPCFS or RPCFS-O ", "type": 2, "value": 4}, {"box": [378, 337, 523, 354], "text": "RPCBS OT RPCBS- O", "type": 2, "value": 4}, {"box": [377, 411, 430, 429], "text": "MC -0 -S", "type": 2, "value": 4}, {"box": [378, 439, 441, 457], "text": "MC -0 -PH", "type": 2, "value": 4}, {"box": [376, 471, 440, 486], "text": "MC -0 -RC", "type": 2, "value": 4}, {"box": [376, 500, 434, 517], "text": "MC -0 -W", "type": 2, "value": 4}, {"box": [374, 547, 411, 564], "text": "MC -0", "type": 2, "value": 4}, {"box": [374, 594, 425, 609], "text": "C Stem", "type": 2, "value": 4}, {"box": [374, 638, 494, 656], "text": "RRXF or RRXF -O", "type": 2, "value": 4}, {"box": [372, 670, 433, 684], "text": "RRXM -B", "type": 2, "value": 4}, {"box": [372, 700, 431, 716], "text": "RRXM -T", "type": 2, "value": 4}, {"box": [370, 747, 491, 765], "text": "RRBF or RRBF -O", "type": 2, "value": 4}, {"box": [370, 778, 417, 793], "text": "RRB -B", "type": 2, "value": 4}, {"box": [369, 809, 415, 823], "text": "RRB -L", "type": 2, "value": 4}, {"box": [369, 838, 415, 852], "text": "RRB -T", "type": 2, "value": 4}]}