{"img_shape": [1000, 762], "lines": [{"box": [45, 209, 91, 224], "text": "Title", "type": 2, "value": 2}, {"box": [46, 501, 117, 516], "text": "OVERALL:", "type": 2, "value": 2}, {"box": [45, 557, 81, 572], "text": "SEX:", "type": 2, "value": 6}, {"box": [45, 644, 84, 658], "text": "AGE:", "type": 2, "value": 6}, {"box": [45, 814, 161, 828], "text": "BRAND SMOKER", "type": 2, "value": 6}, {"box": [46, 574, 87, 585], "text": "Male", "type": 2, "value": 2}, {"box": [487, 883, 603, 908], "text": "000000000", "type": 2, "value": 8}, {"box": [46, 587, 99, 600], "text": "Female", "type": 2, "value": 2}, {"box": [366, 823, 381, 838], "text": "0", "type": 2, "value": 4}, {"box": [370, 837, 378, 854], "text": "0", "type": 2, "value": 4}, {"box": [411, 823, 454, 840], "text": "(00)", "type": 2, "value": 4}, {"box": [412, 839, 457, 853], "text": "(000)", "type": 2, "value": 4}, {"box": [208, 742, 236, 755], "text": "0.0", "type": 2, "value": 4}, {"box": [211, 754, 236, 769], "text": "0.0", "type": 2, "value": 4}, {"box": [263, 740, 302, 755], "text": "(000)", "type": 2, "value": 4}, {"box": [261, 753, 300, 770], "text": "(00)", "type": 2, "value": 4}, {"box": [366, 739, 379, 753], "text": "0", "type": 2, "value": 4}, {"box": [367, 753, 381, 767], "text": "0", "type": 2, "value": 4}, {"box": [412, 737, 451, 754], "text": "(000)", "type": 2, "value": 4}, {"box": [415, 753, 453, 770], "text": "(000)", "type": 2, "value": 4}, {"box": [261, 655, 302, 669], "text": "(00)", "type": 2, "value": 4}, {"box": [263, 669, 302, 683], "text": "(00)", "type": 2, "value": 4}, {"box": [263, 684, 302, 697], "text": "(00)", "type": 2, "value": 4}, {"box": [263, 697, 301, 712], "text": "(00)", "type": 2, "value": 4}, {"box": [208, 655, 235, 670], "text": "0.0", "type": 2, "value": 4}, {"box": [208, 670, 237, 683], "text": "0.0", "type": 2, "value": 4}, {"box": [209, 683, 237, 697], "text": "0.0", "type": 2, "value": 4}, {"box": [209, 698, 236, 713], "text": "0.0", "type": 2, "value": 4}, {"box": [209, 568, 234, 585], "text": "0.0", "type": 2, "value": 4}, {"box": [208, 585, 237, 598], "text": "0.0", "type": 2, "value": 4}, {"box": [261, 568, 300, 585], "text": "(000)", "type": 2, "value": 4}, {"box": [263, 585, 301, 599], "text": "(000)", "type": 2, "value": 4}, {"box": [365, 567, 379, 582], "text": "0", "type": 2, "value": 4}, {"box": [367, 584, 381, 597], "text": "0", "type": 2, "value": 4}, {"box": [415, 568, 451, 582], "text": "(000)", "type": 2, "value": 4}, {"box": [413, 582, 449, 597], "text": "(000)", "type": 2, "value": 4}, {"box": [208, 496, 242, 516], "text": "0.0%", "type": 2, "value": 4}, {"box": [261, 500, 300, 514], "text": "(000)", "type": 2, "value": 4}, {"box": [369, 497, 386, 512], "text": "0%", "type": 2, "value": 4}, {"box": [412, 496, 448, 513], "text": "(000)", "type": 2, "value": 4}, {"box": [144, 180, 203, 193], "text": "BELAIR", "type": 2, "value": 4}, {"box": [609, 203, 638, 220], "text": "000", "type": 2, "value": 4}, {"box": [209, 457, 226, 472], "text": "%", "type": 2, "value": 8}, {"box": [365, 457, 380, 471], "text": "%", "type": 2, "value": 8}, {"box": [196, 443, 241, 458], "text": "SCORE", "type": 2, "value": 2}, {"box": [263, 443, 302, 458], "text": "BASE", "type": 2, "value": 2}, {"box": [349, 443, 394, 457], "text": "SCORE", "type": 2, "value": 2}, {"box": [416, 443, 452, 457], "text": "BASE", "type": 2, "value": 2}, {"box": [237, 427, 268, 441], "text": "PM0", "type": 2, "value": 6}, {"box": [553, 426, 624, 441], "text": "COMMENTS", "type": 2, "value": 6}, {"box": [45, 182, 92, 197], "text": "Brand", "type": 2, "value": 2}, {"box": [281, 84, 419, 127], "text": "NEWSPAPER SCORES AUDIENCE STUDIES", "type": 2, "value": 6}, {"box": [145, 205, 443, 222], "text": "\" KALEIDOSCOPE - - GONE WITH THE WIND \" *", "type": 2, "value": 4}, {"box": [483, 176, 564, 191], "text": "Project #", "type": 2, "value": 2}, {"box": [483, 205, 586, 220], "text": "Total Sample", "type": 2, "value": 2}, {"box": [609, 173, 655, 189], "text": "00- 00", "type": 2, "value": 4}, {"box": [43, 239, 100, 253], "text": "Code #", "type": 2, "value": 2}, {"box": [47, 264, 136, 284], "text": "Type of Ad", "type": 2, "value": 2}, {"box": [47, 292, 184, 312], "text": "Newspaper (Date)", "type": 2, "value": 2}, {"box": [147, 235, 243, 251], "text": "R/ BSS- 00- 00", "type": 2, "value": 4}, {"box": [149, 263, 343, 278], "text": "PARADE, 0 Page, 0- Color", "type": 2, "value": 4}, {"box": [341, 426, 455, 443], "text": "PROVED RECALL", "type": 2, "value": 6}, {"box": [480, 499, 678, 529], "text": "*This was a combination ad with RALEIGH.", "type": 2, "value": 8}, {"box": [43, 655, 119, 672], "text": "Under 00", "type": 2, "value": 2}, {"box": [46, 670, 91, 685], "text": "00- 00", "type": 2, "value": 2}, {"box": [49, 684, 94, 700], "text": "00- 00", "type": 2, "value": 2}, {"box": [49, 700, 130, 718], "text": "00 & Over", "type": 2, "value": 2}, {"box": [46, 742, 126, 772], "text": "Under 00 00 & Over", "type": 2, "value": 2}, {"box": [46, 828, 205, 843], "text": "Test Brand Smokers", "type": 2, "value": 2}, {"box": [46, 841, 197, 856], "text": "All Other Smokers", "type": 2, "value": 2}, {"box": [215, 289, 616, 309], "text": "Pittsburgh Pittsburgh PUTSBURGH PRESS (0 /00 /00", "type": 2, "value": 4}, {"box": [216, 317, 616, 337], "text": "San Diego SAN DIEGO UNION (0 /00 /00", "type": 2, "value": 4}, {"box": [216, 345, 617, 367], "text": "Dayton DAYTON NEWS (0 /00 /00)", "type": 2, "value": 4}, {"box": [212, 372, 616, 393], "text": "Birmingham BIRMINGHAM NEWS (0 /00 /00)\uf702", "type": 2, "value": 4}]}