{"img_shape": [1000, 762], "lines": [{"box": [505, 427, 575, 439], "text": "COMMENTS", "type": 2, "value": 2}, {"box": [17, 174, 70, 189], "text": "Brand:", "type": 2, "value": 2}, {"box": [18, 201, 113, 214], "text": "Commercial:", "type": 2, "value": 2}, {"box": [17, 254, 98, 269], "text": "Supplier:", "type": 2, "value": 2}, {"box": [442, 198, 498, 211], "text": "Sample:", "type": 2, "value": 2}, {"box": [20, 362, 86, 377], "text": "Chicago:", "type": 2, "value": 2}, {"box": [302, 359, 330, 374], "text": "0/0", "type": 2, "value": 4}, {"box": [189, 228, 209, 241], "text": "00", "type": 2, "value": 8}, {"box": [548, 196, 575, 208], "text": "000", "type": 2, "value": 4}, {"box": [542, 211, 585, 226], "text": "(000)", "type": 2, "value": 4}, {"box": [111, 468, 172, 485], "text": "Overall", "type": 2, "value": 2}, {"box": [111, 497, 146, 510], "text": "CITY", "type": 2, "value": 2}, {"box": [111, 523, 172, 538], "text": "Chicago", "type": 2, "value": 4}, {"box": [108, 563, 143, 576], "text": "SEX", "type": 2, "value": 6}, {"box": [113, 630, 143, 643], "text": "AGE", "type": 2, "value": 6}, {"box": [110, 576, 148, 589], "text": "Male", "type": 2, "value": 2}, {"box": [113, 590, 160, 607], "text": "Female", "type": 2, "value": 2}, {"box": [111, 646, 158, 659], "text": "00-00", "type": 2, "value": 2}, {"box": [113, 658, 158, 671], "text": "00-00", "type": 2, "value": 2}, {"box": [111, 669, 158, 682], "text": "00-00", "type": 2, "value": 2}, {"box": [264, 467, 291, 482], "text": "0.0", "type": 2, "value": 4}, {"box": [264, 508, 292, 521], "text": "0.0", "type": 2, "value": 4}, {"box": [264, 522, 291, 535], "text": "0.0", "type": 2, "value": 4}, {"box": [266, 576, 296, 589], "text": "0.0", "type": 2, "value": 4}, {"box": [266, 590, 294, 603], "text": "0.0", "type": 2, "value": 4}, {"box": [266, 643, 294, 655], "text": "0.0", "type": 2, "value": 4}, {"box": [264, 658, 294, 668], "text": "0.0", "type": 2, "value": 4}, {"box": [266, 671, 293, 683], "text": "0.0", "type": 2, "value": 4}, {"box": [267, 683, 294, 696], "text": "0.0", "type": 2, "value": 4}, {"box": [445, 774, 563, 791], "text": "000000000", "type": 2, "value": 8}, {"box": [266, 723, 296, 735], "text": "0.0", "type": 2, "value": 4}, {"box": [267, 738, 295, 751], "text": "0.0", "type": 2, "value": 4}, {"box": [613, 781, 631, 821], "text": "P", "type": 2, "value": 8}, {"box": [8, 40, 167, 55], "text": "MR 0000 (0-00) 000", "type": 2, "value": 8}, {"box": [164, 63, 473, 106], "text": "BROWN & WILLIAMSON TOBACCO CORPORATION FILTER SCORES", "type": 2, "value": 6}, {"box": [111, 171, 397, 189], "text": "RALEIGH (BELAIR portion not tested)", "type": 2, "value": 4}, {"box": [442, 169, 518, 184], "text": "Project #", "type": 2, "value": 2}, {"box": [530, 169, 598, 184], "text": "0000- 000", "type": 2, "value": 4}, {"box": [115, 198, 435, 224], "text": "LAKE- NEW PACK: 00 (with BELAIR Badmin- ton: 00)", "type": 2, "value": 4}, {"box": [440, 214, 518, 226], "text": "PM0 Base:", "type": 2, "value": 2}, {"box": [20, 226, 79, 241], "text": "Code #:", "type": 2, "value": 2}, {"box": [113, 228, 189, 241], "text": "BW- RT- 00-", "type": 2, "value": 4}, {"box": [113, 254, 252, 269], "text": "AUDIENCE STUDIES", "type": 2, "value": 4}, {"box": [281, 294, 367, 308], "text": "TEST DATES", "type": 2, "value": 2}, {"box": [23, 339, 116, 352], "text": "L. Angeles", "type": 2, "value": 2}, {"box": [287, 331, 360, 349], "text": "0/0 and 0", "type": 2, "value": 4}, {"box": [252, 414, 303, 443], "text": "PM0 SCORES", "type": 2, "value": 2}, {"box": [449, 467, 605, 491], "text": "This commercial was tested in color.", "type": 2, "value": 4}, {"box": [106, 512, 206, 522], "text": "Los ", "type": 2, "value": 4}, {"box": [111, 684, 191, 699], "text": "00 & Over", "type": 2, "value": 2}, {"box": [115, 723, 200, 737], "text": "00 & Under", "type": 2, "value": 2}, {"box": [113, 738, 190, 753], "text": "00 & Over", "type": 2, "value": 2}]}