{"img_shape": [1000, 762], "lines": [{"box": [76, 67, 118, 82], "text": "SECRET", "type": 2, "value": 8}, {"box": [69, 517, 121, 532], "text": "Weights", "type": 2, "value": 6}, {"box": [69, 676, 145, 690], "text": "Supplier(s)", "type": 2, "value": 2}, {"box": [71, 729, 108, 741], "text": "Color", "type": 2, "value": 2}, {"box": [71, 783, 127, 794], "text": "Porosity", "type": 2, "value": 2}, {"box": [69, 872, 131, 883], "text": "Substance", "type": 2, "value": 2}, {"box": [446, 281, 463, 292], "text": "mm", "type": 2, "value": 4}, {"box": [552, 362, 569, 371], "text": "mm", "type": 2, "value": 4}, {"box": [446, 359, 465, 368], "text": "mm", "type": 2, "value": 4}, {"box": [520, 464, 544, 480], "text": "00%", "type": 2, "value": 4}, {"box": [446, 544, 463, 561], "text": "mg", "type": 2, "value": 4}, {"box": [554, 545, 568, 559], "text": "mg", "type": 2, "value": 4}, {"box": [473, 754, 495, 770], "text": "N/A", "type": 2, "value": 4}, {"box": [352, 756, 378, 771], "text": "N/A", "type": 2, "value": 4}, {"box": [473, 808, 495, 820], "text": "N/A", "type": 2, "value": 4}, {"box": [353, 809, 375, 821], "text": "N/A", "type": 2, "value": 4}, {"box": [520, 894, 630, 913], "text": "000000000", "type": 2, "value": 8}, {"box": [244, 106, 370, 136], "text": "CHAMP S/ L TRIAL SPECIFICATION", "type": 2, "value": 6}, {"box": [397, 162, 461, 187], "text": "BWIT Suggestion", "type": 2, "value": 2}, {"box": [512, 173, 564, 188], "text": "HK Trial", "type": 2, "value": 2}, {"box": [75, 147, 184, 162], "text": "CIGARETTE MAKING", "type": 2, "value": 6}, {"box": [74, 172, 233, 187], "text": "Physical Characteristics", "type": 2, "value": 6}, {"box": [74, 198, 235, 212], "text": "Overall Cigarette Length", "type": 2, "value": 2}, {"box": [74, 224, 193, 240], "text": "Tobacco Rod Length", "type": 2, "value": 2}, {"box": [74, 251, 195, 266], "text": "Filter Plug Length", "type": 2, "value": 2}, {"box": [74, 277, 310, 294], "text": "Filter Plug Pressure Drop (unencap.)", "type": 2, "value": 2}, {"box": [74, 303, 300, 319], "text": "Filter Plug Pressure Drop (encap.)", "type": 2, "value": 2}, {"box": [75, 330, 227, 344], "text": "Cigarette Circumference", "type": 2, "value": 2}, {"box": [72, 358, 271, 372], "text": "Total Pressure Drop (unencap.)", "type": 2, "value": 2}, {"box": [71, 384, 260, 399], "text": "Total Pressure Drop (encap.)", "type": 2, "value": 2}, {"box": [71, 411, 168, 425], "text": "Tipping Length", "type": 2, "value": 2}, {"box": [74, 436, 287, 451], "text": "Print Position (from filter end)", "type": 2, "value": 2}, {"box": [71, 463, 243, 479], "text": "Moisture content (Packing)", "type": 2, "value": 2}, {"box": [71, 490, 227, 504], "text": "Filter Ventilation Rate", "type": 2, "value": 2}, {"box": [71, 542, 218, 559], "text": "Total Cigarette Weight", "type": 2, "value": 2}, {"box": [71, 570, 176, 583], "text": "Net Net Tobacco", "type": 2, "value": 2}, {"box": [70, 596, 197, 608], "text": "Tobacco Rod Density", "type": 2, "value": 2}, {"box": [72, 622, 279, 637], "text": "Tipping and Tipping Application", "type": 2, "value": 6}, {"box": [71, 647, 167, 663], "text": "Tipping Paper:", "type": 2, "value": 6}, {"box": [69, 700, 202, 715], "text": "Supplier Code No(s).", "type": 2, "value": 2}, {"box": [70, 753, 278, 768], "text": "Perforation Type & No. of lines", "type": 2, "value": 2}, {"box": [69, 808, 184, 822], "text": "Print Description", "type": 2, "value": 2}, {"box": [69, 829, 153, 841], "text": "Bobbin Width", "type": 2, "value": 2}, {"box": [69, 849, 161, 866], "text": "Dobbin Length", "type": 2, "value": 2}, {"box": [354, 673, 423, 688], "text": "ECUSTA/ B&W", "type": 2, "value": 4}, {"box": [473, 672, 551, 689], "text": "ECUSTA/ B & W", "type": 2, "value": 4}, {"box": [353, 783, 423, 795], "text": "Non Porous", "type": 2, "value": 4}, {"box": [352, 825, 390, 843], "text": "00 mm", "type": 2, "value": 4}, {"box": [354, 847, 399, 862], "text": "0000 M", "type": 2, "value": 4}, {"box": [353, 873, 408, 890], "text": "00 nm/ M0", "type": 2, "value": 4}, {"box": [475, 783, 541, 796], "text": "Non Porous", "type": 2, "value": 4}, {"box": [470, 828, 509, 843], "text": "00 mm", "type": 2, "value": 4}, {"box": [473, 848, 514, 863], "text": "0000 M", "type": 2, "value": 4}, {"box": [475, 873, 526, 890], "text": "00 nm /00M0", "type": 2, "value": 4}, {"box": [519, 594, 588, 609], "text": "000.0 mg/ cc", "type": 2, "value": 4}, {"box": [400, 592, 482, 609], "text": "000.0 mg/ ", "type": 2, "value": 4}, {"box": [400, 567, 463, 586], "text": "000 mg", "type": 2, "value": 4}, {"box": [517, 569, 568, 586], "text": "000 mg", "type": 2, "value": 4}, {"box": [519, 438, 568, 452], "text": "00 mm", "type": 2, "value": 4}, {"box": [517, 410, 569, 424], "text": "00 mm", "type": 2, "value": 4}, {"box": [406, 413, 462, 424], "text": "00 mm", "type": 2, "value": 4}, {"box": [408, 436, 464, 451], "text": "00 mm", "type": 2, "value": 4}, {"box": [405, 461, 461, 478], "text": "00 %", "type": 2, "value": 4}, {"box": [408, 323, 463, 344], "text": "00.0 mm", "type": 2, "value": 4}, {"box": [408, 305, 464, 319], "text": "00.0 mm", "type": 2, "value": 4}, {"box": [514, 327, 569, 344], "text": "00.0 mm", "type": 2, "value": 4}, {"box": [515, 305, 567, 319], "text": "00.0 mm", "type": 2, "value": 4}, {"box": [520, 281, 569, 292], "text": "00 mm", "type": 2, "value": 4}, {"box": [520, 253, 570, 268], "text": "00 mm", "type": 2, "value": 4}, {"box": [519, 227, 566, 238], "text": "00 mm", "type": 2, "value": 4}, {"box": [520, 202, 570, 214], "text": "00 mm", "type": 2, "value": 4}, {"box": [414, 200, 465, 214], "text": "00 mm", "type": 2, "value": 4}, {"box": [415, 224, 463, 239], "text": "00 mm", "type": 2, "value": 4}, {"box": [413, 251, 464, 265], "text": "00 mm", "type": 2, "value": 4}]}