{"img_shape": [1000, 762], "lines": [{"box": [96, 282, 104, 295], "text": "(", "type": 2, "value": 8}, {"box": [130, 281, 138, 297], "text": ")", "type": 2, "value": 8}, {"box": [96, 350, 104, 367], "text": "(", "type": 2, "value": 8}, {"box": [128, 352, 137, 367], "text": ")", "type": 2, "value": 8}, {"box": [96, 420, 105, 435], "text": "(", "type": 2, "value": 8}, {"box": [95, 475, 104, 492], "text": "(", "type": 2, "value": 8}, {"box": [130, 476, 137, 492], "text": ")", "type": 2, "value": 8}, {"box": [95, 544, 104, 561], "text": "B(", "type": 2, "value": 8}, {"box": [128, 545, 137, 560], "text": ")", "type": 2, "value": 8}, {"box": [227, 574, 236, 589], "text": "(", "type": 2, "value": 8}, {"box": [261, 572, 269, 587], "text": ")", "type": 2, "value": 8}, {"box": [227, 599, 236, 618], "text": "(", "type": 2, "value": 8}, {"box": [262, 600, 267, 616], "text": ")", "type": 2, "value": 8}, {"box": [229, 630, 236, 643], "text": "(", "type": 2, "value": 8}, {"box": [261, 628, 269, 643], "text": ")", "type": 2, "value": 8}, {"box": [227, 655, 236, 671], "text": "(", "type": 2, "value": 8}, {"box": [261, 655, 269, 671], "text": ")", "type": 2, "value": 8}, {"box": [227, 683, 235, 700], "text": "(", "type": 2, "value": 8}, {"box": [261, 682, 268, 699], "text": ")", "type": 2, "value": 8}, {"box": [96, 741, 105, 756], "text": "(", "type": 2, "value": 8}, {"box": [130, 739, 138, 758], "text": ")", "type": 2, "value": 8}, {"box": [95, 807, 103, 824], "text": "(", "type": 2, "value": 8}, {"box": [130, 807, 137, 824], "text": ")", "type": 2, "value": 8}, {"box": [95, 862, 104, 878], "text": "(", "type": 2, "value": 8}, {"box": [128, 862, 136, 877], "text": ")", "type": 2, "value": 8}, {"box": [263, 100, 489, 157], "text": "BROWN & WILLAMSON 0000 COLLECTION PROTOCOPYING VARIANCE FORM", "type": 2, "value": 6}, {"box": [94, 195, 405, 215], "text": "This form was placed before Bates ID", "type": 2, "value": 2}, {"box": [428, 186, 602, 211], "text": "0000000000", "type": 2, "value": 4}, {"box": [238, 223, 513, 254], "text": "AT THE TIME OF REPRODUCTION, THE FOLLOWING NOTATTONS WERE MADE:", "type": 2, "value": 2}, {"box": [182, 278, 665, 310], "text": "DOCUMENT COPIES ARE IN THE SAME SEQUENCE AS THEY APPEARED IN THE ORIGINAL.", "type": 2, "value": 8}, {"box": [182, 350, 667, 380], "text": "PAGE NUMBER(S) WERE MISSING IN THE ORIGINAL.", "type": 2, "value": 2}, {"box": [108, 408, 467, 444], "text": "\u2611 ) POOR QUALITY ORIGINAL. faded", "type": 2, "value": 8}, {"box": [180, 473, 667, 503], "text": "OVERLAY ITEM COULD NOT BE REMOVED WITHOUT DAMAGE TO THE ORIGINAL.", "type": 2, "value": 8}, {"box": [180, 541, 559, 560], "text": "NG DOCUMENTS WERE FOUND WITHIN THE ORIGINAL:", "type": 2, "value": 2}, {"box": [311, 571, 406, 588], "text": "FILE FOLDER", "type": 2, "value": 4}, {"box": [310, 598, 509, 615], "text": "REDROPE EXPANDABLE FILE", "type": 2, "value": 4}, {"box": [310, 626, 416, 643], "text": "HANGING FILE", "type": 2, "value": 4}, {"box": [313, 654, 383, 671], "text": "ENVELOPE", "type": 2, "value": 4}, {"box": [310, 682, 432, 700], "text": "OTHER (SPECIFY)", "type": 2, "value": 4}, {"box": [180, 737, 666, 769], "text": "DOCUMENT COPIES WERE REPRODUCED IN COLOR PERMIT CORRECTION INTERPRETATION", "type": 2, "value": 8}, {"box": [182, 806, 594, 822], "text": "BATES NUMBER NOT USED.", "type": 2, "value": 2}, {"box": [180, 861, 394, 877], "text": "OTHER VARIANCE (EXPLAIN).", "type": 2, "value": 8}]}