{"img_shape": [1000, 762], "lines": [{"box": [482, 102, 497, 115], "text": "\u2611", "type": 2, "value": 4}, {"box": [345, 454, 362, 468], "text": "00", "type": 2, "value": 4}, {"box": [506, 848, 623, 869], "text": "000000000", "type": 2, "value": 8}, {"box": [420, 899, 474, 916], "text": "Signed", "type": 2, "value": 2}, {"box": [584, 458, 616, 472], "text": "Free", "type": 2, "value": 4}, {"box": [39, 29, 105, 42], "text": "DC B00 (0 00)", "type": 2, "value": 8}, {"box": [200, 59, 525, 87], "text": "BROWN & WILLIAMSON TOBACCO CORPORATION LOUISVILLE, KENTUCKY 00000", "type": 2, "value": 6}, {"box": [250, 101, 473, 114], "text": "SPECIAL SAMPLE MANUFACTURE", "type": 2, "value": 2}, {"box": [405, 123, 499, 137], "text": "SHIPMENT \u2610", "type": 2, "value": 2}, {"box": [406, 142, 496, 157], "text": "TRANSFER \u2610", "type": 2, "value": 2}, {"box": [311, 162, 497, 180], "text": "REDUCED TO MATERIAL \u2610", "type": 2, "value": 2}, {"box": [436, 186, 565, 203], "text": "Date of Request", "type": 2, "value": 2}, {"box": [436, 201, 557, 216], "text": "Account Number", "type": 2, "value": 2}, {"box": [610, 182, 662, 200], "text": "0/ 00/ 00", "type": 2, "value": 4}, {"box": [596, 204, 662, 219], "text": "00 000 00", "type": 2, "value": 4}, {"box": [43, 168, 130, 184], "text": "Copies to:", "type": 2, "value": 2}, {"box": [128, 198, 284, 256], "text": "Factory Cost Dept. Writer Development Center Sue Livesay", "type": 2, "value": 4}, {"box": [42, 338, 200, 355], "text": "Sample Disposition", "type": 2, "value": 2}, {"box": [296, 383, 445, 412], "text": "Quantity, Cartons of 000 each", "type": 2, "value": 2}, {"box": [553, 383, 659, 414], "text": "Tax Status Paid or Free", "type": 2, "value": 2}, {"box": [59, 422, 189, 440], "text": "To Sample Stock", "type": 2, "value": 6}, {"box": [99, 451, 127, 466], "text": "R & D", "type": 2, "value": 2}, {"box": [101, 482, 131, 496], "text": "M. R.", "type": 2, "value": 2}, {"box": [54, 549, 212, 567], "text": "Method of Shipment", "type": 2, "value": 2}, {"box": [36, 592, 220, 609], "text": "Cigarette Description", "type": 2, "value": 2}, {"box": [127, 634, 504, 678], "text": "KS 0 mg grooved product using 0. 0/ 00 filter material. Cigarette code 000000", "type": 2, "value": 4}, {"box": [36, 718, 305, 735], "text": "Special Instructions & Comments", "type": 2, "value": 2}, {"box": [34, 895, 164, 913], "text": "Completion Date", "type": 2, "value": 2}, {"box": [221, 895, 272, 909], "text": "0/ 00/ 00", "type": 2, "value": 4}, {"box": [511, 899, 605, 913], "text": "B. D. WINGLER", "type": 2, "value": 4}]}