{"img_shape": [1000, 777], "lines": [{"box": [84, 109, 136, 119], "text": "COMPOUND", "type": 2, "value": 2}, {"box": [85, 141, 119, 152], "text": "SOURCE", "type": 2, "value": 2}, {"box": [84, 203, 155, 214], "text": "INVESTIGATOR(S)", "type": 2, "value": 2}, {"box": [84, 232, 141, 243], "text": "SIGNATURE(S)", "type": 2, "value": 2}, {"box": [508, 170, 551, 183], "text": "REPORTED", "type": 2, "value": 2}, {"box": [327, 170, 361, 183], "text": "TESTED", "type": 2, "value": 2}, {"box": [334, 296, 361, 310], "text": "MALE", "type": 2, "value": 2}, {"box": [404, 296, 438, 309], "text": "FEMALE", "type": 2, "value": 2}, {"box": [404, 328, 440, 339], "text": "SOURCE", "type": 2, "value": 2}, {"box": [180, 162, 219, 182], "text": "Unk.", "type": 2, "value": 4}, {"box": [300, 360, 317, 373], "text": "P.O.", "type": 2, "value": 2}, {"box": [669, 127, 697, 151], "text": "A0", "type": 2, "value": 4}, {"box": [377, 163, 451, 180], "text": "00/00/00", "type": 2, "value": 4}, {"box": [369, 284, 387, 302], "text": "X", "type": 2, "value": 4}, {"box": [591, 286, 630, 303], "text": "Unk.", "type": 2, "value": 4}, {"box": [473, 323, 514, 338], "text": "Camm", "type": 2, "value": 4}, {"box": [522, 320, 596, 335], "text": "Research", "type": 2, "value": 4}, {"box": [288, 360, 302, 373], "text": "\u2611", "type": 2, "value": 4}, {"box": [201, 388, 218, 406], "text": "\u2611", "type": 2, "value": 4}, {"box": [216, 487, 231, 504], "text": "0", "type": 2, "value": 4}, {"box": [208, 517, 228, 532], "text": "00", "type": 2, "value": 4}, {"box": [209, 546, 230, 561], "text": "00", "type": 2, "value": 4}, {"box": [211, 578, 231, 593], "text": "00", "type": 2, "value": 4}, {"box": [208, 606, 230, 620], "text": "00", "type": 2, "value": 4}, {"box": [122, 483, 132, 496], "text": "0", "type": 2, "value": 4}, {"box": [122, 511, 133, 526], "text": "0", "type": 2, "value": 4}, {"box": [123, 541, 133, 555], "text": "0", "type": 2, "value": 4}, {"box": [122, 571, 133, 585], "text": "0", "type": 2, "value": 4}, {"box": [123, 602, 133, 615], "text": "0", "type": 2, "value": 4}, {"box": [383, 487, 424, 504], "text": "0000", "type": 2, "value": 4}, {"box": [380, 518, 421, 532], "text": "0000", "type": 2, "value": 4}, {"box": [383, 547, 419, 562], "text": "0000", "type": 2, "value": 4}, {"box": [384, 577, 420, 594], "text": "0000", "type": 2, "value": 4}, {"box": [381, 605, 420, 620], "text": "0000", "type": 2, "value": 4}, {"box": [82, 740, 135, 753], "text": "CONCLUSION", "type": 2, "value": 2}, {"box": [680, 824, 701, 920], "text": "00000000", "type": 2, "value": 8}, {"box": [295, 56, 512, 79], "text": "ACUTE TOXICITY IN MICE", "type": 2, "value": 6}, {"box": [145, 98, 507, 116], "text": "0-Hydroxy-0-methylbutanoic acid (Tur 00)", "type": 2, "value": 4}, {"box": [144, 128, 409, 152], "text": "Lorillard - Organic Chemistry", "type": 2, "value": 4}, {"box": [411, 141, 473, 152], "text": "LORILLARD NO", "type": 2, "value": 2}, {"box": [499, 127, 564, 144], "text": "OR00- 00", "type": 2, "value": 4}, {"box": [615, 141, 650, 153], "text": "", "type": 2, "value": 2}, {"box": [85, 172, 149, 183], "text": "DATE RECEIVED", "type": 2, "value": 2}, {"box": [573, 148, 713, 184], "text": "0/0/00 00/0/00 , Update", "type": 2, "value": 4}, {"box": [198, 194, 427, 213], "text": "H. S. Tong & M. S. Forte'", "type": 2, "value": 4}, {"box": [186, 211, 730, 264], "text": "", "type": 2, "value": 4}, {"box": [637, 194, 714, 209], "text": "B0000- 00", "type": 2, "value": 4}, {"box": [543, 203, 617, 215], "text": "NOTEBOOK PAGE", "type": 2, "value": 2}, {"box": [82, 297, 149, 310], "text": "STRAIN OF MICE", "type": 2, "value": 2}, {"box": [162, 286, 282, 306], "text": "Swiss- Webster", "type": 2, "value": 4}, {"box": [493, 297, 560, 310], "text": "DATE RECEIVED", "type": 2, "value": 2}, {"box": [84, 327, 208, 339], "text": "AVERAGE WEIGHT RANGE (GM)", "type": 2, "value": 2}, {"box": [84, 362, 246, 373], "text": "ROUTE OF COMPOUND ADMINISTRATION", "type": 2, "value": 6}, {"box": [362, 362, 386, 373], "text": "\u2610 I.P.", "type": 2, "value": 2}, {"box": [429, 362, 455, 373], "text": "\u2610 I.V.", "type": 2, "value": 2}, {"box": [499, 363, 562, 375], "text": "\u2610 INHALATION", "type": 2, "value": 2}, {"box": [82, 390, 169, 403], "text": "COMPOUND ", "type": 2, "value": 6}, {"box": [221, 390, 328, 405], "text": ".0 % METHYL CELULOSE", "type": 2, "value": 2}, {"box": [369, 390, 423, 403], "text": "\u2610 CORN OIL", "type": 2, "value": 2}, {"box": [466, 390, 506, 401], "text": "\u2610 SALINE", "type": 2, "value": 2}, {"box": [550, 391, 589, 404], "text": "\u2610 OTHER", "type": 2, "value": 2}, {"box": [105, 447, 153, 458], "text": "GROUP NO.", "type": 2, "value": 2}, {"box": [218, 448, 269, 459], "text": "% SOLUTION", "type": 2, "value": 2}, {"box": [370, 448, 455, 470], "text": "DOSAGE (mg/ kg BODY WEIGHT)", "type": 2, "value": 2}, {"box": [588, 450, 679, 468], "text": "RESULTS (NO TESTED)", "type": 2, "value": 2}, {"box": [574, 489, 603, 506], "text": "0/ 0", "type": 2, "value": 4}, {"box": [575, 515, 607, 532], "text": "0/ 0", "type": 2, "value": 4}, {"box": [575, 545, 603, 563], "text": "0/ 0", "type": 2, "value": 4}, {"box": [575, 575, 605, 594], "text": "0/ 0", "type": 2, "value": 4}, {"box": [575, 605, 604, 623], "text": "0/ 0", "type": 2, "value": 4}, {"box": [82, 651, 203, 662], "text": "REFERENCE FOR CALCULATION", "type": 2, "value": 2}, {"box": [228, 638, 700, 661], "text": "Litchfield, J. T. and Wilcoxin F. , J. of Pharmacol", "type": 2, "value": 4}, {"box": [92, 670, 364, 690], "text": "and Exper. Ther. , 00: 00 , 0000.", "type": 2, "value": 4}, {"box": [239, 703, 420, 721], "text": "0.0 (0.0 to 0.0 g /kg", "type": 2, "value": 4}, {"box": [345, 863, 530, 895], "text": "Dr. H. J. Minnemeyer Ms. L. B. Gray", "type": 2, "value": 4}, {"box": [91, 865, 310, 884], "text": "Copies to the Following:", "type": 2, "value": 2}, {"box": [80, 946, 202, 956], "text": "LORILLARO RESEARCH CENTER", "type": 2, "value": 8}, {"box": [676, 946, 732, 958], "text": "FORM 0 0/00", "type": 2, "value": 8}, {"box": [89, 753, 688, 831], "text": "of respiratory depression, constriction of blood vessels, and in- activity. Survivors recovered in 00 hours. The recommended safe dose for a single trial by inhalation in man is 0.0 mg.", "type": 2, "value": 4}, {"box": [135, 728, 704, 749], "text": "This compound appears to act as a CNS depressant with symptons", "type": 2, "value": 4}, {"box": [82, 711, 203, 723], "text": "LD00 (00% CONFIDENCE LIMITS)", "type": 2, "value": 2}]}