{"img_shape": [1000, 766], "lines": [{"box": [92, 197, 162, 215], "text": "AUTHORS", "type": 2, "value": 2}, {"box": [92, 225, 137, 239], "text": "TITLE", "type": 2, "value": 2}, {"box": [391, 310, 535, 330], "text": "RECOMMENDATION:", "type": 2, "value": 2}, {"box": [209, 169, 236, 182], "text": "000", "type": 2, "value": 4}, {"box": [508, 172, 537, 186], "text": "Date", "type": 2, "value": 2}, {"box": [549, 310, 562, 324], "text": "x", "type": 2, "value": 4}, {"box": [240, 339, 268, 353], "text": "NOT", "type": 2, "value": 8}, {"box": [272, 339, 340, 352], "text": "APPROVE", "type": 2, "value": 8}, {"box": [656, 742, 680, 836], "text": "00000000", "type": 2, "value": 8}, {"box": [96, 67, 253, 84], "text": "Manuscript Review Form", "type": 2, "value": 8}, {"box": [334, 126, 458, 144], "text": "TOBACCO SCIENCE", "type": 2, "value": 6}, {"box": [94, 169, 191, 186], "text": "Registration No", "type": 2, "value": 2}, {"box": [543, 173, 649, 188], "text": "March 00, 0000", "type": 2, "value": 4}, {"box": [208, 197, 598, 215], "text": "Andrew G. Kallianos, Richard K. Means, James D. Mold", "type": 2, "value": 4}, {"box": [209, 223, 620, 270], "text": "\"Effect of Nitrates in Tobacco on the Catechol Yield in Cigarette Smoke\"", "type": 2, "value": 4}, {"box": [92, 310, 245, 324], "text": "REVIEW COMPLETED", "type": 2, "value": 2}, {"box": [91, 338, 209, 355], "text": "PRESENT FORM:", "type": 2, "value": 2}, {"box": [274, 304, 339, 321], "text": "0/ 00/ 00", "type": 2, "value": 4}, {"box": [570, 313, 686, 330], "text": "APPROVE IN ITS", "type": 2, "value": 2}, {"box": [345, 338, 476, 357], "text": "(Give reasons below):", "type": 2, "value": 2}, {"box": [507, 341, 683, 358], "text": "APPROVE TENTATIVELY", "type": 2, "value": 4}, {"box": [92, 365, 579, 387], "text": "SUBJECT TO THE FOLLOWING SUGGESTED REVISIONS: (itemize below):", "type": 2, "value": 2}, {"box": [91, 416, 616, 461], "text": "Page 0 - Last line should be Mass spectrometric instead of Mass spectroscopic.", "type": 2, "value": 8}, {"box": [88, 845, 685, 901], "text": "NOTE- Execute in triplicate using additionall sheets if more space is required. Retain the third copy for your file Return the original (signed) and the first carbon (unsigned) along with the manuscript to this office The unsigned copy and the manuscript will be for returned to the author his consideration.", "type": 2, "value": 8}]}