{"img_shape": [1000, 779], "lines": [{"box": [457, 7, 504, 29], "text": "Date:", "type": 2, "value": 2}, {"box": [496, 137, 518, 154], "text": "on", "type": 2, "value": 2}, {"box": [7, 203, 57, 220], "text": "BLEND", "type": 2, "value": 2}, {"box": [142, 200, 202, 218], "text": "CASING", "type": 2, "value": 2}, {"box": [291, 201, 366, 218], "text": "RECASING", "type": 2, "value": 2}, {"box": [7, 281, 102, 298], "text": "Cigarettes", "type": 2, "value": 6}, {"box": [381, 277, 452, 295], "text": "Filters", "type": 2, "value": 6}, {"box": [384, 476, 518, 498], "text": "Responsibility", "type": 2, "value": 6}, {"box": [27, 485, 86, 505], "text": "apping", "type": 2, "value": 6}, {"box": [8, 638, 120, 656], "text": "Requirements", "type": 2, "value": 6}, {"box": [10, 792, 80, 809], "text": "Reports", "type": 2, "value": 6}, {"box": [385, 46, 426, 63], "text": "0000", "type": 2, "value": 4}, {"box": [500, 219, 535, 237], "text": "OGS", "type": 2, "value": 4}, {"box": [313, 221, 345, 241], "text": "OGS", "type": 2, "value": 4}, {"box": [154, 222, 190, 237], "text": "OGS", "type": 2, "value": 4}, {"box": [10, 222, 45, 239], "text": "OGS", "type": 2, "value": 4}, {"box": [122, 313, 156, 326], "text": "AMF", "type": 2, "value": 4}, {"box": [169, 341, 189, 356], "text": "00.", "type": 2, "value": 4}, {"box": [189, 342, 209, 359], "text": "0", "type": 2, "value": 8}, {"box": [169, 404, 198, 418], "text": "000", "type": 2, "value": 4}, {"box": [585, 510, 641, 530], "text": "Ammons", "type": 2, "value": 4}, {"box": [580, 529, 644, 542], "text": "Wicker", "type": 2, "value": 4}, {"box": [585, 557, 631, 574], "text": "Routh", "type": 2, "value": 4}, {"box": [602, 571, 616, 588], "text": "\"", "type": 2, "value": 4}, {"box": [159, 514, 208, 532], "text": "White", "type": 2, "value": 4}, {"box": [161, 529, 203, 546], "text": "Blue", "type": 2, "value": 4}, {"box": [161, 545, 210, 560], "text": "White", "type": 2, "value": 4}, {"box": [177, 561, 194, 574], "text": "\"", "type": 2, "value": 4}, {"box": [648, 806, 676, 902], "text": "00000000", "type": 2, "value": 8}, {"box": [35, 311, 81, 325], "text": "Maker", "type": 2, "value": 2}, {"box": [34, 327, 91, 342], "text": "Length", "type": 2, "value": 2}, {"box": [34, 342, 156, 357], "text": "Circumference", "type": 2, "value": 2}, {"box": [32, 358, 95, 373], "text": "Weight", "type": 2, "value": 2}, {"box": [35, 406, 81, 421], "text": "Paper", "type": 2, "value": 2}, {"box": [36, 517, 92, 532], "text": "Labels", "type": 2, "value": 2}, {"box": [35, 532, 112, 545], "text": "Closures", "type": 2, "value": 2}, {"box": [36, 563, 103, 576], "text": "Cartons", "type": 2, "value": 2}, {"box": [36, 577, 111, 592], "text": "Markings", "type": 2, "value": 2}, {"box": [36, 669, 130, 684], "text": "Laboratory", "type": 2, "value": 2}, {"box": [35, 687, 84, 700], "text": "Other", "type": 2, "value": 2}, {"box": [412, 310, 451, 324], "text": "Kind", "type": 2, "value": 2}, {"box": [413, 342, 477, 356], "text": "Process", "type": 2, "value": 2}, {"box": [413, 388, 535, 403], "text": "Circumference", "type": 2, "value": 2}, {"box": [413, 401, 472, 415], "text": "Weight", "type": 2, "value": 2}, {"box": [415, 418, 518, 433], "text": "Plasticizer", "type": 2, "value": 2}, {"box": [415, 560, 489, 574], "text": "Shipping", "type": 2, "value": 2}, {"box": [522, 10, 696, 30], "text": "September 00, 0000", "type": 2, "value": 4}, {"box": [270, 43, 365, 63], "text": "Sample No.", "type": 2, "value": 2}, {"box": [197, 74, 356, 95], "text": "Type of Cigarette", "type": 2, "value": 2}, {"box": [387, 74, 499, 95], "text": "00 mm Filter", "type": 2, "value": 4}, {"box": [263, 105, 358, 125], "text": "Batch Size", "type": 2, "value": 2}, {"box": [385, 105, 451, 123], "text": "00 lbs.", "type": 2, "value": 4}, {"box": [7, 138, 229, 161], "text": "Original Request Made By", "type": 2, "value": 2}, {"box": [257, 135, 405, 157], "text": "Dr. A. W. Spears", "type": 2, "value": 4}, {"box": [535, 133, 701, 154], "text": "September 00, 0000", "type": 2, "value": 4}, {"box": [7, 169, 302, 190], "text": "Sample Specifications Written By", "type": 2, "value": 2}, {"box": [338, 166, 444, 186], "text": "W. E. Routh", "type": 2, "value": 4}, {"box": [464, 197, 582, 214], "text": "FINAL FLAVOR", "type": 2, "value": 2}, {"box": [605, 180, 753, 197], "text": "Additional Spray", "type": 2, "value": 2}, {"box": [606, 218, 758, 235], "text": "0. 0% PMO in EtoH", "type": 2, "value": 4}, {"box": [468, 303, 676, 329], "text": "00 mm True plastic rod", "type": 2, "value": 4}, {"box": [413, 358, 507, 371], "text": "Rod Length", "type": 2, "value": 2}, {"box": [412, 372, 535, 389], "text": "Pressure Drop", "type": 2, "value": 2}, {"box": [413, 434, 504, 449], "text": "Plug Wrap", "type": 2, "value": 2}, {"box": [35, 420, 157, 437], "text": "Tipping Paper", "type": 2, "value": 2}, {"box": [35, 387, 155, 406], "text": "Filter Length", "type": 2, "value": 2}, {"box": [35, 376, 155, 390], "text": "Pressure Drop", "type": 2, "value": 2}, {"box": [124, 325, 173, 342], "text": "00 mm", "type": 2, "value": 4}, {"box": [102, 356, 351, 373], "text": "To be det. (000 mg tobacco)", "type": 2, "value": 4}, {"box": [166, 370, 317, 390], "text": "To be determined", "type": 2, "value": 4}, {"box": [172, 390, 222, 405], "text": "00 mm", "type": 2, "value": 4}, {"box": [170, 420, 223, 438], "text": "00 mm", "type": 2, "value": 4}, {"box": [35, 547, 122, 562], "text": "Tear rape", "type": 2, "value": 2}, {"box": [134, 574, 257, 608], "text": "Sample No. on overwrap", "type": 2, "value": 4}, {"box": [413, 513, 537, 528], "text": "Tobacco Blend", "type": 2, "value": 2}, {"box": [413, 529, 574, 542], "text": "Filter Production", "type": 2, "value": 2}, {"box": [413, 543, 563, 560], "text": "Making & Packing", "type": 2, "value": 2}, {"box": [415, 575, 582, 606], "text": "Sample Requisition [Form 00: 00: 00]", "type": 2, "value": 2}, {"box": [585, 542, 688, 559], "text": "Brown /Routh", "type": 2, "value": 4}, {"box": [154, 669, 238, 684], "text": "0 cartons", "type": 2, "value": 4}, {"box": [152, 682, 275, 700], "text": "00, 000 cigts.", "type": 2, "value": 4}, {"box": [190, 743, 319, 780], "text": "Smoke Analysis PMO Analysis", "type": 2, "value": 4}, {"box": [10, 729, 185, 748], "text": "Laboratory Analysis", "type": 2, "value": 2}, {"box": [36, 823, 130, 839], "text": "Written by", "type": 2, "value": 2}, {"box": [36, 838, 139, 852], "text": "Original to", "type": 2, "value": 2}, {"box": [38, 853, 122, 868], "text": "Copies to", "type": 2, "value": 2}, {"box": [151, 851, 338, 886], "text": "Dr. F. J. Schulz Dr. H. J. Minnemeyer", "type": 2, "value": 4}, {"box": [151, 817, 320, 841], "text": "P. D. Schickedantz", "type": 2, "value": 4}, {"box": [152, 837, 303, 854], "text": "Dr. A. W. Spears", "type": 2, "value": 4}, {"box": [388, 669, 735, 778], "text": "Spray 00 lbs. tobacco with solution of 000 g (= 0. 00 lbs.) PMC in 0000 ml of denatured alcohol. This should give 0. 0% PMO add- on (0. 0% PMO contained) assuming 00% spraying efficiency. PMO delivery from 00 mm cigarette smoked to 00 mm butt should be 0. 0 mg/ cig.", "type": 2, "value": 4}, {"box": [387, 633, 574, 653], "text": "Special Requirements", "type": 2, "value": 2}, {"box": [415, 925, 708, 987], "text": "Manager, H.J. Minnemeyer Research", "type": 2, "value": 8}]}