{"img_shape": [1000, 771], "lines": [{"box": [53, 31, 100, 46], "text": "CAPRI", "type": 2, "value": 2}, {"box": [50, 102, 158, 120], "text": "DESCRIPTION:", "type": 2, "value": 2}, {"box": [54, 145, 131, 163], "text": "SUPPLIER:", "type": 2, "value": 2}, {"box": [545, 901, 675, 932], "text": "000000000", "type": 2, "value": 8}, {"box": [448, 381, 497, 396], "text": "00,000", "type": 2, "value": 4}, {"box": [454, 397, 499, 410], "text": "0,000", "type": 2, "value": 4}, {"box": [447, 409, 499, 424], "text": "00,000", "type": 2, "value": 4}, {"box": [503, 398, 528, 412], "text": "-Pd.", "type": 2, "value": 8}, {"box": [567, 497, 659, 512], "text": "CUMULATIVE", "type": 2, "value": 2}, {"box": [205, 556, 234, 569], "text": "DEC", "type": 2, "value": 2}, {"box": [207, 573, 235, 584], "text": "FEB", "type": 2, "value": 2}, {"box": [349, 547, 384, 560], "text": "0.000", "type": 2, "value": 4}, {"box": [342, 559, 389, 570], "text": "00.000", "type": 2, "value": 4}, {"box": [342, 570, 389, 581], "text": "0000000.000", "type": 2, "value": 8}, {"box": [587, 560, 646, 581], "text": "00.000", "type": 2, "value": 4}, {"box": [54, 43, 190, 60], "text": "", "type": 2, "value": 4}, {"box": [447, 21, 540, 38], "text": "PROJECT NO.", "type": 2, "value": 2}, {"box": [581, 17, 680, 33], "text": "0000- 000- CA", "type": 2, "value": 4}, {"box": [254, 91, 614, 112], "text": "CAPRI EXPANSION A&U - CALIFORNIA - WAVE 0.", "type": 2, "value": 4}, {"box": [257, 140, 479, 156], "text": "Kapuler Marketing Research", "type": 2, "value": 4}, {"box": [54, 175, 169, 193], "text": "MR PERSONNEL:", "type": 2, "value": 2}, {"box": [257, 169, 357, 185], "text": "B. R. Pellett", "type": 2, "value": 4}, {"box": [54, 216, 195, 234], "text": "AUTHORIZED COST:", "type": 2, "value": 2}, {"box": [256, 211, 461, 258], "text": "00,000 + +00 % (TOTAL 0000) +0.000 (0 -00 -00 00,000 TOTAL", "type": 2, "value": 4}, {"box": [57, 311, 151, 326], "text": "Int. Init. Date", "type": 2, "value": 2}, {"box": [56, 324, 159, 338], "text": "Ext. Autho. Date", "type": 2, "value": 2}, {"box": [57, 338, 160, 353], "text": "Field Complete", "type": 2, "value": 2}, {"box": [57, 353, 150, 367], "text": "Final Rpt. Due", "type": 2, "value": 2}, {"box": [173, 307, 236, 322], "text": "", "type": 2, "value": 4}, {"box": [166, 323, 235, 336], "text": "00- 00- 00", "type": 2, "value": 4}, {"box": [165, 337, 237, 352], "text": "00- -0 -00", "type": 2, "value": 4}, {"box": [173, 351, 236, 367], "text": "0- 00- 00", "type": 2, "value": 4}, {"box": [84, 492, 157, 520], "text": "RELEASED TO ACCTG", "type": 2, "value": 2}, {"box": [299, 487, 398, 517], "text": "PAID OUT OF 0000 BUDGET", "type": 2, "value": 6}, {"box": [208, 385, 285, 398], "text": "PAID 0000", "type": 2, "value": 2}, {"box": [207, 398, 345, 412], "text": "DEC 0000 ACCRUAL", "type": 2, "value": 2}, {"box": [208, 412, 356, 426], "text": "CARRYOVER TO 0000", "type": 2, "value": 2}, {"box": [88, 568, 160, 586], "text": "0- 00- 00", "type": 2, "value": 4}, {"box": [297, 547, 341, 560], "text": "YEA -", "type": 2, "value": 2}, {"box": [299, 559, 340, 570], "text": "CAPRI -", "type": 2, "value": 2}]}