{"img_shape": [1000, 762], "lines": [{"box": [60, 247, 102, 261], "text": "Agency:", "type": 2, "value": 2}, {"box": [391, 243, 434, 254], "text": "Contact:", "type": 2, "value": 2}, {"box": [388, 201, 416, 215], "text": "Date:", "type": 2, "value": 2}, {"box": [60, 352, 99, 369], "text": "Client:", "type": 2, "value": 2}, {"box": [60, 300, 110, 314], "text": "Address:", "type": 2, "value": 2}, {"box": [61, 409, 107, 424], "text": "Product:", "type": 2, "value": 2}, {"box": [61, 465, 134, 479], "text": "Film Cleared:", "type": 2, "value": 2}, {"box": [573, 384, 623, 401], "text": "RECEIVED", "type": 2, "value": 2}, {"box": [66, 779, 91, 792], "text": "CF:", "type": 2, "value": 2}, {"box": [66, 795, 86, 808], "text": "", "type": 2, "value": 2}, {"box": [91, 779, 113, 793], "text": "cb", "type": 2, "value": 4}, {"box": [225, 61, 431, 105], "text": "AMERICAN BROADCASTING COMPANY TELEVISION NETWORK", "type": 2, "value": 6}, {"box": [208, 113, 450, 147], "text": "0000 Avenue of the Americas, New York, New York 00000 LT 0- 0000", "type": 2, "value": 8}, {"box": [119, 236, 207, 254], "text": "SSC&B, Inc", "type": 2, "value": 4}, {"box": [440, 190, 596, 210], "text": "September 00, 0000", "type": 2, "value": 4}, {"box": [448, 232, 539, 253], "text": "Larry Odum", "type": 2, "value": 4}, {"box": [120, 289, 522, 308], "text": "000 Lexington Avenue, New York, New York 00000", "type": 2, "value": 4}, {"box": [120, 346, 331, 366], "text": "American Tobacco Company", "type": 2, "value": 4}, {"box": [119, 395, 297, 416], "text": "Pall Mail Filter tip", "type": 2, "value": 4}, {"box": [191, 457, 360, 475], "text": "VIDEO TAPE APPROVAL", "type": 2, "value": 4}, {"box": [553, 419, 639, 443], "text": "SEP 00 ", "type": 2, "value": 4}, {"box": [547, 455, 637, 472], "text": "PERCY F. SMITH", "type": 2, "value": 8}, {"box": [123, 490, 500, 524], "text": "\"Presenter/ Girl Rev\" AT-M B-T-00 :00 \"Pall Mall Filter Tip\" AT-P/ F-T-000 :00", "type": 2, "value": 4}, {"box": [122, 545, 596, 580], "text": "TAPE WILL FOLLOW AS SOON AS I RECEIVE IT FROM THE TAPE LIBRARY.", "type": 2, "value": 4}, {"box": [63, 673, 522, 693], "text": "PLEASE NOTIFY THIS DEPARTMENT OF ANY CHANGES IN THE CODE NUMBER(S).", "type": 2, "value": 2}, {"box": [63, 698, 510, 721], "text": "Final approval is, of course, dependent upon time and placement of the commercial(s\uf703).", "type": 2, "value": 2}, {"box": [66, 747, 162, 761], "text": "Film(s) enclosed.", "type": 2, "value": 2}, {"box": [394, 754, 592, 870], "text": "Sincerely, American Broadcasting Company Cynthia Fates C.B Department BROADCAST STANDARDS AND PRACTICES", "type": 2, "value": 8}, {"box": [80, 873, 194, 886], "text": "XER 000/ REV 0/ 00", "type": 2, "value": 8}]}