{"img_shape": [1000, 754], "lines": [{"box": [172, 205, 190, 220], "text": "To", "type": 2, "value": 2}, {"box": [172, 236, 204, 251], "text": "From:", "type": 2, "value": 2}, {"box": [173, 265, 201, 280], "text": "Date:", "type": 2, "value": 2}, {"box": [70, 309, 105, 326], "text": "Brand:", "type": 2, "value": 2}, {"box": [68, 339, 96, 353], "text": "Title:", "type": 2, "value": 2}, {"box": [110, 304, 149, 319], "text": "Eclipse", "type": 2, "value": 4}, {"box": [70, 359, 134, 379], "text": "Description:", "type": 2, "value": 2}, {"box": [211, 459, 247, 474], "text": "APAC", "type": 2, "value": 4}, {"box": [226, 490, 250, 504], "text": "000", "type": 2, "value": 4}, {"box": [226, 549, 248, 564], "text": "000", "type": 2, "value": 4}, {"box": [425, 628, 464, 649], "text": "W00", "type": 2, "value": 4}, {"box": [362, 751, 397, 766], "text": "APAC", "type": 2, "value": 4}, {"box": [68, 845, 83, 860], "text": "C:", "type": 2, "value": 2}, {"box": [376, 304, 418, 321], "text": "000000", "type": 2, "value": 4}, {"box": [127, 130, 595, 157], "text": "RESPONSE CODE REQUEST CONFIRMATION", "type": 2, "value": 6}, {"box": [219, 201, 289, 216], "text": "Joe Leinster", "type": 2, "value": 4}, {"box": [219, 230, 289, 248], "text": "Joyce Bagby", "type": 2, "value": 4}, {"box": [221, 258, 329, 278], "text": "September 00, 0000", "type": 2, "value": 4}, {"box": [282, 309, 367, 324], "text": "PPS Program #", "type": 2, "value": 2}, {"box": [440, 307, 519, 326], "text": "Requested By:", "type": 2, "value": 2}, {"box": [109, 334, 366, 354], "text": "Sneak Preview Confirmation Call- Charlotte Tests", "type": 2, "value": 4}, {"box": [134, 363, 449, 382], "text": "Record of confirmation calls for sneak preview appointments", "type": 2, "value": 4}, {"box": [68, 465, 203, 480], "text": "Fullfillment Data Entry at", "type": 2, "value": 2}, {"box": [68, 494, 179, 511], "text": "Circulation Quantity:", "type": 2, "value": 2}, {"box": [70, 525, 185, 539], "text": "Estimated Response:", "type": 2, "value": 2}, {"box": [70, 554, 192, 569], "text": "Estimated Responders:", "type": 2, "value": 2}, {"box": [68, 582, 190, 599], "text": "Distribution Drop Date:", "type": 2, "value": 2}, {"box": [207, 580, 252, 597], "text": "00/ 00/ 00", "type": 2, "value": 4}, {"box": [219, 520, 272, 538], "text": "000.00 %", "type": 2, "value": 4}, {"box": [358, 582, 440, 600], "text": "Expiration Date:", "type": 2, "value": 2}, {"box": [228, 630, 405, 651], "text": "Response Code Assigned:", "type": 2, "value": 2}, {"box": [66, 705, 410, 737], "text": "Address, postal requirements, barcodes, document storage, and batch numbers to be supplied by:", "type": 2, "value": 2}, {"box": [358, 767, 475, 782], "text": "DE Fullfillment Vendor", "type": 2, "value": 2}, {"box": [91, 844, 195, 861], "text": "Suzi Hicks RJR- IR", "type": 2, "value": 4}, {"box": [91, 862, 174, 882], "text": "Karen Giddens", "type": 2, "value": 4}, {"box": [94, 884, 161, 901], "text": "Drew Huyett", "type": 2, "value": 4}, {"box": [89, 908, 173, 923], "text": "Jackson Roper", "type": 2, "value": 4}, {"box": [418, 839, 499, 856], "text": "Debbie Lockery", "type": 2, "value": 4}, {"box": [418, 862, 507, 879], "text": "Vanessa Oakley", "type": 2, "value": 4}, {"box": [418, 884, 544, 903], "text": "Melissa Andrews - TBM", "type": 2, "value": 4}, {"box": [416, 906, 538, 924], "text": "Tammi LaManna - M/ B", "type": 2, "value": 4}, {"box": [694, 867, 710, 961], "text": "00000 0000", "type": 2, "value": 8}]}