{"img_shape": [1000, 762], "lines": [{"box": [627, 51, 666, 65], "text": "0000E", "type": 2, "value": 8}, {"box": [338, 126, 379, 142], "text": "($000)", "type": 2, "value": 8}, {"box": [49, 147, 83, 157], "text": "Title", "type": 2, "value": 2}, {"box": [46, 176, 96, 188], "text": "Purpose", "type": 2, "value": 6}, {"box": [75, 193, 85, 204], "text": "0", "type": 2, "value": 2}, {"box": [74, 207, 84, 219], "text": "0", "type": 2, "value": 2}, {"box": [74, 221, 84, 235], "text": "0", "type": 2, "value": 2}, {"box": [74, 236, 85, 247], "text": "0", "type": 2, "value": 2}, {"box": [365, 237, 377, 252], "text": "0", "type": 2, "value": 2}, {"box": [364, 197, 375, 211], "text": "0", "type": 2, "value": 2}, {"box": [365, 212, 380, 222], "text": "0", "type": 2, "value": 2}, {"box": [46, 259, 91, 271], "text": "Status", "type": 2, "value": 6}, {"box": [202, 277, 262, 291], "text": "Proposed", "type": 2, "value": 2}, {"box": [206, 292, 268, 306], "text": "Approved;", "type": 2, "value": 2}, {"box": [468, 281, 508, 293], "text": "TOTAL", "type": 2, "value": 2}, {"box": [539, 282, 590, 296], "text": "CAPITAL", "type": 2, "value": 2}, {"box": [612, 283, 663, 295], "text": "EXPENSE", "type": 2, "value": 2}, {"box": [481, 335, 556, 347], "text": "Completion", "type": 2, "value": 2}, {"box": [569, 352, 593, 364], "text": "Mo.", "type": 2, "value": 2}, {"box": [625, 352, 650, 364], "text": "Yr.", "type": 2, "value": 2}, {"box": [162, 333, 231, 345], "text": "Submission", "type": 2, "value": 2}, {"box": [248, 347, 272, 361], "text": "Yr.", "type": 2, "value": 2}, {"box": [312, 333, 346, 348], "text": "Start", "type": 2, "value": 2}, {"box": [365, 349, 387, 361], "text": "Mo.", "type": 2, "value": 2}, {"box": [423, 350, 443, 364], "text": "Yr.", "type": 2, "value": 2}, {"box": [251, 330, 266, 345], "text": "00", "type": 2, "value": 4}, {"box": [183, 276, 195, 287], "text": "x", "type": 2, "value": 4}, {"box": [490, 296, 507, 310], "text": "00", "type": 2, "value": 4}, {"box": [565, 296, 582, 311], "text": "00", "type": 2, "value": 4}, {"box": [636, 297, 651, 309], "text": "0", "type": 2, "value": 4}, {"box": [627, 337, 643, 347], "text": "00", "type": 2, "value": 4}, {"box": [574, 335, 588, 347], "text": "00", "type": 2, "value": 4}, {"box": [420, 333, 436, 348], "text": "00", "type": 2, "value": 4}, {"box": [372, 334, 386, 346], "text": "0", "type": 2, "value": 4}, {"box": [431, 617, 481, 631], "text": "CAPITAL", "type": 2, "value": 2}, {"box": [433, 630, 482, 642], "text": "EXPENSE", "type": 2, "value": 2}, {"box": [65, 616, 115, 626], "text": "CAPITAL", "type": 2, "value": 2}, {"box": [65, 630, 112, 641], "text": "EXPENSE", "type": 2, "value": 2}, {"box": [147, 600, 176, 612], "text": "0000", "type": 2, "value": 4}, {"box": [146, 617, 162, 626], "text": "00", "type": 2, "value": 4}, {"box": [153, 631, 162, 641], "text": "0", "type": 2, "value": 4}, {"box": [105, 709, 132, 721], "text": "JAN.", "type": 2, "value": 2}, {"box": [132, 709, 167, 721], "text": "-MAR.", "type": 2, "value": 2}, {"box": [178, 709, 208, 721], "text": "APR.", "type": 2, "value": 2}, {"box": [208, 709, 240, 721], "text": "-JUN.", "type": 2, "value": 2}, {"box": [252, 712, 282, 721], "text": "JUL.", "type": 2, "value": 2}, {"box": [357, 712, 391, 723], "text": "-DEC", "type": 2, "value": 2}, {"box": [419, 714, 453, 724], "text": "TOTAL", "type": 2, "value": 2}, {"box": [42, 763, 92, 778], "text": "EXPENSE", "type": 2, "value": 2}, {"box": [42, 737, 92, 752], "text": "CAPITAL", "type": 2, "value": 2}, {"box": [282, 712, 317, 722], "text": "-SEP", "type": 2, "value": 2}, {"box": [329, 712, 356, 722], "text": "OCT.", "type": 2, "value": 2}, {"box": [495, 673, 521, 685], "text": "YEAR", "type": 2, "value": 2}, {"box": [616, 673, 666, 685], "text": "EXPENSE", "type": 2, "value": 2}, {"box": [549, 673, 596, 683], "text": "CAPITAL", "type": 2, "value": 2}, {"box": [495, 711, 522, 728], "text": "0000", "type": 2, "value": 4}, {"box": [494, 739, 521, 750], "text": "0000", "type": 2, "value": 4}, {"box": [493, 767, 522, 778], "text": "0000", "type": 2, "value": 4}, {"box": [493, 794, 523, 805], "text": "0000", "type": 2, "value": 4}, {"box": [525, 897, 630, 917], "text": "000000000J", "type": 2, "value": 8}, {"box": [41, 36, 125, 67], "text": "FA 000 (0- 00) g0 0000. (d)", "type": 2, "value": 8}, {"box": [231, 57, 497, 114], "text": "BROWN & WILLIAMSON TOBACCO CORPORATION CAPITAL BUDGET PROJECT R&D", "type": 2, "value": 6}, {"box": [560, 128, 656, 145], "text": "Date Submitted", "type": 2, "value": 2}, {"box": [61, 122, 161, 136], "text": "Capital Budget", "type": 2, "value": 2}, {"box": [76, 165, 288, 180], "text": "CICARETTE TEST STATION (CT0000)", "type": 2, "value": 4}, {"box": [113, 192, 336, 209], "text": "Maintenance of Existing Business", "type": 2, "value": 2}, {"box": [116, 206, 322, 224], "text": "Expansion of Existing Business", "type": 2, "value": 2}, {"box": [115, 221, 200, 233], "text": "New Products", "type": 2, "value": 2}, {"box": [117, 234, 218, 251], "text": "Cost Reduction", "type": 2, "value": 2}, {"box": [406, 198, 658, 215], "text": "Compliance with Outside Requirements", "type": 2, "value": 2}, {"box": [408, 212, 663, 241], "text": "Company Improvements & Administrative Requirements", "type": 2, "value": 2}, {"box": [408, 238, 540, 254], "text": "Quality Improvement", "type": 2, "value": 2}, {"box": [66, 276, 173, 292], "text": "This Project is", "type": 2, "value": 2}, {"box": [272, 291, 354, 306], "text": "Proposal No.", "type": 2, "value": 2}, {"box": [456, 264, 546, 275], "text": "Estimate Cost", "type": 2, "value": 6}, {"box": [41, 315, 132, 327], "text": "Project Dates", "type": 2, "value": 6}, {"box": [45, 369, 181, 385], "text": "PROJECT DESCRIPTION", "type": 2, "value": 2}, {"box": [65, 399, 661, 523], "text": "The Cigarette Test Station (CTS000) combines many of the stand- alone instruments that R&D currently uses to measure cigarette weight, pressure drop, ventilation, and hardness into one compact module. The CTS000 has the additional measurement of cigarette hardness in comparison with the CTS000. With this added, measurement R&D will be able to replace the Firmness Integrator that measures cigarette firmness in addition to other measurements that are mentioned above. The Firmness Integrator is no longer manufactured and parts are becoming difficult to obtain. Lastly, purchase of this instrument would provide similar capability as the Macon Plant and help facilitate comparisions between laboratories.", "type": 2, "value": 4}, {"box": [268, 577, 455, 591], "text": "ESTIMATED SPENDING SCHEDULE", "type": 2, "value": 6}, {"box": [403, 602, 515, 617], "text": "Balance to Spend", "type": 2, "value": 6}, {"box": [44, 600, 141, 611], "text": "Spent Prior to", "type": 2, "value": 2}, {"box": [193, 668, 359, 684], "text": "0000 SPENDING BY QUARTER", "type": 2, "value": 8}, {"box": [394, 844, 475, 859], "text": "Approved by", "type": 2, "value": 2}, {"box": [42, 840, 125, 854], "text": "Submitted by", "type": 2, "value": 2}, {"box": [61, 858, 140, 872], "text": "W. O. Crain", "type": 2, "value": 4}, {"box": [485, 808, 527, 830], "text": "Beyond 0000", "type": 2, "value": 4}]}