{"img_shape": [1000, 762], "lines": [{"box": [53, 131, 87, 148], "text": "Date:", "type": 2, "value": 2}, {"box": [56, 156, 133, 170], "text": "Description:", "type": 2, "value": 2}, {"box": [56, 183, 115, 198], "text": "Supplier:", "type": 2, "value": 2}, {"box": [436, 124, 457, 137], "text": "No.", "type": 2, "value": 2}, {"box": [475, 123, 490, 137], "text": "00", "type": 2, "value": 4}, {"box": [244, 242, 298, 255], "text": "Decrease", "type": 2, "value": 2}, {"box": [57, 297, 109, 310], "text": "Reasons:", "type": 2, "value": 2}, {"box": [465, 237, 487, 250], "text": ".00", "type": 2, "value": 4}, {"box": [465, 261, 486, 274], "text": ".00", "type": 2, "value": 4}, {"box": [56, 372, 124, 382], "text": "PROJECTED:", "type": 2, "value": 6}, {"box": [447, 399, 527, 414], "text": "0.000.000.00", "type": 2, "value": 4}, {"box": [506, 422, 528, 436], "text": ".00", "type": 2, "value": 4}, {"box": [401, 465, 414, 476], "text": "0", "type": 2, "value": 8}, {"box": [448, 513, 528, 527], "text": "0.000.000.00", "type": 2, "value": 4}, {"box": [448, 563, 529, 577], "text": "0.000.000.00", "type": 2, "value": 4}, {"box": [61, 763, 83, 776], "text": "cc:", "type": 2, "value": 2}, {"box": [380, 665, 407, 680], "text": "Date", "type": 2, "value": 2}, {"box": [381, 703, 409, 721], "text": "Date", "type": 2, "value": 2}, {"box": [465, 777, 552, 792], "text": "International.", "type": 2, "value": 4}, {"box": [507, 813, 612, 837], "text": "000000000", "type": 2, "value": 8}, {"box": [156, 656, 297, 683], "text": "MD Davis", "type": 2, "value": 4}, {"box": [187, 693, 314, 722], "text": "", "type": 2, "value": 4}, {"box": [200, 88, 409, 116], "text": "INTERNATIONAL MARKETING RESEARCH CHANGE OF AUTHORIZED COST", "type": 2, "value": 6}, {"box": [98, 128, 148, 145], "text": "0/ 00/ 00", "type": 2, "value": 4}, {"box": [152, 149, 388, 169], "text": "Hong Kong: Cigarette Market Monitor", "type": 2, "value": 4}, {"box": [130, 179, 180, 193], "text": "MDR. HK", "type": 2, "value": 4}, {"box": [341, 200, 408, 214], "text": "Total Cost", "type": 2, "value": 2}, {"box": [439, 197, 496, 212], "text": "0000 Cost", "type": 2, "value": 2}, {"box": [54, 215, 284, 234], "text": "Previous Commitments This Project", "type": 2, "value": 2}, {"box": [57, 243, 154, 260], "text": "Amt. of Change:", "type": 2, "value": 2}, {"box": [161, 240, 234, 256], "text": "Increase X", "type": 2, "value": 4}, {"box": [330, 212, 407, 229], "text": "$ 00.000.00", "type": 2, "value": 4}, {"box": [330, 237, 407, 251], "text": "$ 0.000.00", "type": 2, "value": 4}, {"box": [331, 264, 409, 278], "text": "$ 00.000.00", "type": 2, "value": 4}, {"box": [254, 251, 331, 270], "text": "(00% Change)", "type": 2, "value": 8}, {"box": [53, 265, 257, 284], "text": "Adjusted Total Cost of Project:", "type": 2, "value": 2}, {"box": [423, 209, 485, 226], "text": "$ 0.00", "type": 2, "value": 4}, {"box": [57, 310, 537, 348], "text": "Original MRA did not include cost for the first month of the study (see L. Lee memo of September 00, 0000)", "type": 2, "value": 4}, {"box": [59, 381, 182, 397], "text": "Internal Init. Date", "type": 2, "value": 2}, {"box": [59, 408, 154, 435], "text": "Ext. Auth. Date Wave(s)", "type": 2, "value": 2}, {"box": [271, 365, 418, 380], "text": "Sumary of IMRD Budget", "type": 2, "value": 6}, {"box": [440, 374, 526, 389], "text": "$ 0.000.000.00", "type": 2, "value": 4}, {"box": [274, 378, 390, 394], "text": "Total Area Budget:", "type": 2, "value": 2}, {"box": [272, 401, 424, 419], "text": "Current Bal. Available:", "type": 2, "value": 2}, {"box": [274, 427, 410, 457], "text": "This Change: (From Current Budget)", "type": 2, "value": 2}, {"box": [59, 482, 153, 513], "text": "Field Complete Wave(s)", "type": 2, "value": 2}, {"box": [60, 557, 168, 600], "text": "Final Report Due (Supplier Rpt.) Wave(s)", "type": 2, "value": 2}, {"box": [277, 518, 355, 534], "text": "New Balance:", "type": 2, "value": 2}, {"box": [277, 566, 393, 595], "text": "Committed to Date: (Current Year)", "type": 2, "value": 2}, {"box": [272, 466, 436, 494], "text": "This Amount (From Next Year's Budget)", "type": 2, "value": 2}, {"box": [430, 651, 515, 683], "text": "0/ 00/ 00", "type": 2, "value": 4}, {"box": [443, 687, 518, 714], "text": "0/ 00/ 00", "type": 2, "value": 4}, {"box": [380, 753, 451, 768], "text": "Project No.", "type": 2, "value": 2}, {"box": [381, 778, 461, 795], "text": "Account Name", "type": 2, "value": 2}, {"box": [465, 751, 512, 768], "text": "0000- 00", "type": 2, "value": 4}, {"box": [63, 672, 147, 686], "text": "Submitted By:", "type": 2, "value": 2}, {"box": [63, 709, 142, 726], "text": "Approved By:", "type": 2, "value": 2}, {"box": [63, 750, 131, 763], "text": "Original-", "type": 2, "value": 2}, {"box": [154, 744, 234, 760], "text": "Project File", "type": 2, "value": 4}, {"box": [154, 758, 237, 787], "text": "MRA File N. W. Kremer", "type": 2, "value": 4}, {"box": [152, 721, 236, 736], "text": "N. W. Kremer", "type": 2, "value": 2}, {"box": [151, 682, 228, 697], "text": "M. b. Davis", "type": 2, "value": 2}]}