{"img_shape": [1000, 762], "lines": [{"box": [15, 102, 95, 120], "text": "Attention", "type": 2, "value": 2}, {"box": [15, 159, 71, 177], "text": "Copies", "type": 2, "value": 2}, {"box": [430, 106, 518, 121], "text": "Department", "type": 2, "value": 2}, {"box": [314, 159, 373, 176], "text": "Subject", "type": 2, "value": 2}, {"box": [603, 43, 653, 89], "text": "0", "type": 2, "value": 8}, {"box": [18, 237, 113, 261], "text": "Publication", "type": 2, "value": 2}, {"box": [348, 296, 386, 311], "text": "Time", "type": 2, "value": 2}, {"box": [515, 297, 550, 314], "text": "Date", "type": 2, "value": 2}, {"box": [552, 736, 620, 756], "text": "RECEIVED", "type": 2, "value": 2}, {"box": [642, 708, 662, 830], "text": "000000000", "type": 2, "value": 8}, {"box": [102, 101, 401, 125], "text": "DR. HUGHES, MESSRS. ALAR, SANDEFUR,", "type": 2, "value": 4}, {"box": [524, 103, 669, 124], "text": "CORPORATE AFFAIRS", "type": 2, "value": 4}, {"box": [103, 128, 637, 151], "text": "BLOTT, BUTLER, MIDDLETON, CHRISTENSEN, PEPPLES, SACHS FREEDMAN", "type": 2, "value": 4}, {"box": [85, 158, 265, 179], "text": "T. HUMBER, M. BATEMAN", "type": 2, "value": 4}, {"box": [406, 159, 503, 176], "text": "L&M Lawsuit", "type": 2, "value": 4}, {"box": [253, 209, 441, 231], "text": "PRESS QUERY", "type": 2, "value": 6}, {"box": [151, 240, 290, 260], "text": "ADWEEK - Midwest", "type": 2, "value": 4}, {"box": [15, 270, 149, 289], "text": "Reporter/ Editor", "type": 2, "value": 2}, {"box": [186, 267, 655, 290], "text": "Fran Brock (000) 000- 0000", "type": 2, "value": 4}, {"box": [18, 296, 114, 314], "text": "Received by", "type": 2, "value": 2}, {"box": [133, 296, 233, 311], "text": "Mark Ahearn", "type": 2, "value": 4}, {"box": [406, 292, 481, 316], "text": "0: 00 P. M.", "type": 2, "value": 4}, {"box": [581, 295, 637, 314], "text": "0/ 0/ 00", "type": 2, "value": 4}, {"box": [18, 323, 196, 343], "text": "Deadline for response", "type": 2, "value": 2}, {"box": [218, 324, 352, 344], "text": "Already handled", "type": 2, "value": 4}, {"box": [17, 349, 680, 386], "text": "Describe the storyline, list the questions and proposed answers, and summarize handling, including clearances.", "type": 2, "value": 2}, {"box": [18, 433, 612, 470], "text": "Ms. Brock requested information regarding L&M lawsuit. I provided the approved prepared response.", "type": 2, "value": 8}, {"box": [17, 473, 677, 523], "text": "Reporter then requested clarification of generic cigarette vs. 'private label cigarette' and asked to be notified when further announcements regarding generics were made.", "type": 2, "value": 8}, {"box": [314, 528, 440, 577], "text": "J. M. A. JMA", "type": 2, "value": 8}, {"box": [547, 764, 639, 811], "text": "JUL 00 0000 JOHN ALAR", "type": 2, "value": 4}]}