{"img_shape": [1000, 762], "lines": [{"box": [420, 380, 474, 398], "text": "Dates:", "type": 2, "value": 2}, {"box": [543, 841, 653, 862], "text": "000000000", "type": 2, "value": 8}, {"box": [102, 869, 149, 886], "text": "/000g", "type": 2, "value": 8}, {"box": [75, 869, 103, 887], "text": "/lr", "type": 2, "value": 8}, {"box": [327, 383, 356, 398], "text": "000", "type": 2, "value": 4}, {"box": [489, 176, 543, 198], "text": "Dundee", "type": 2, "value": 4}, {"box": [54, 184, 106, 205], "text": "State:", "type": 2, "value": 2}, {"box": [147, 183, 217, 200], "text": "Illinois", "type": 2, "value": 4}, {"box": [284, 96, 408, 113], "text": "SPECIAL EVENTS", "type": 2, "value": 6}, {"box": [358, 182, 440, 199], "text": "City/ Town:", "type": 2, "value": 2}, {"box": [57, 243, 177, 263], "text": "Type of Event:", "type": 2, "value": 2}, {"box": [300, 237, 417, 256], "text": "Beauty Contest", "type": 2, "value": 4}, {"box": [59, 384, 244, 402], "text": "Estimated Attendance", "type": 2, "value": 2}, {"box": [489, 376, 669, 393], "text": "March 0rd, 0th & 0th,", "type": 2, "value": 4}, {"box": [60, 441, 183, 460], "text": "Name of Event:", "type": 2, "value": 2}, {"box": [297, 433, 535, 452], "text": "Mrs. Illinois Beauty Pageant", "type": 2, "value": 4}, {"box": [64, 525, 281, 544], "text": "Contact (Name/ Telephone):", "type": 2, "value": 2}, {"box": [300, 521, 613, 539], "text": "Ms. Joy Weathers (Sales) 000/ 000 - 0000", "type": 2, "value": 4}, {"box": [64, 584, 261, 599], "text": "Audience Concentration", "type": 2, "value": 2}, {"box": [300, 577, 560, 625], "text": "00 % White - 00 % Black Age category 00 yrs. to 00 yrs.", "type": 2, "value": 4}, {"box": [67, 691, 465, 712], "text": "Recommended Brand(s) and Promotional Activity:", "type": 2, "value": 2}, {"box": [503, 690, 641, 708], "text": "BARCLAY sampling", "type": 2, "value": 4}, {"box": [165, 721, 342, 740], "text": "0 - 00M cases mixed.", "type": 2, "value": 4}, {"box": [169, 747, 478, 768], "text": "To be placed on tables by B & W Reps.", "type": 2, "value": 4}]}