{"img_shape": [1000, 771], "lines": [{"box": [59, 817, 167, 834], "text": "APPROVALS:", "type": 2, "value": 6}, {"box": [57, 73, 91, 86], "text": "Date:", "type": 2, "value": 2}, {"box": [57, 281, 127, 292], "text": "OBJECTIVE:", "type": 2, "value": 2}, {"box": [59, 691, 97, 699], "text": "Cartons:", "type": 2, "value": 2}, {"box": [59, 707, 90, 715], "text": "Cases:", "type": 2, "value": 2}, {"box": [57, 737, 128, 750], "text": "TIMETABLE:", "type": 2, "value": 6}, {"box": [59, 757, 126, 767], "text": "Manufacturing:", "type": 2, "value": 2}, {"box": [346, 823, 366, 834], "text": "Date", "type": 2, "value": 2}, {"box": [60, 422, 85, 433], "text": "TBD", "type": 2, "value": 4}, {"box": [462, 603, 487, 616], "text": "TBD", "type": 2, "value": 4}, {"box": [67, 521, 91, 534], "text": "TBD", "type": 2, "value": 4}, {"box": [134, 605, 158, 616], "text": "TBD", "type": 2, "value": 4}, {"box": [289, 705, 310, 716], "text": "000", "type": 2, "value": 4}, {"box": [434, 704, 461, 715], "text": "$000", "type": 2, "value": 4}, {"box": [521, 939, 641, 957], "text": "000000000", "type": 2, "value": 8}, {"box": [677, 821, 698, 832], "text": "Date", "type": 2, "value": 2}, {"box": [385, 756, 428, 769], "text": "Shipping:", "type": 2, "value": 2}, {"box": [56, 591, 78, 599], "text": "Start", "type": 2, "value": 2}, {"box": [81, 589, 98, 600], "text": "Up:", "type": 2, "value": 2}, {"box": [57, 570, 111, 583], "text": "VOLUME:", "type": 2, "value": 2}, {"box": [54, 52, 473, 70], "text": "NEW EXPORT PRODUCT DEVELOPMENT CHARTER", "type": 2, "value": 6}, {"box": [94, 73, 144, 84], "text": "0/ 00/ 00", "type": 2, "value": 4}, {"box": [56, 105, 202, 119], "text": "BRAND/PROJECT NAME:", "type": 2, "value": 2}, {"box": [57, 133, 553, 161], "text": "RICHLAND Kings (Soft Pack) -Duty Free (Phoenix)", "type": 2, "value": 4}, {"box": [57, 191, 127, 207], "text": "MARKET (S):", "type": 2, "value": 2}, {"box": [57, 221, 265, 243], "text": "World- wide Duty Free", "type": 2, "value": 4}, {"box": [66, 292, 566, 330], "text": "Generate incremental volume for B& W by providing a low price brand to various international duty- free markets.", "type": 2, "value": 4}, {"box": [57, 372, 193, 385], "text": "SOURCE OF BUSINESS:", "type": 2, "value": 6}, {"box": [57, 391, 179, 401], "text": "Major Competitive Brands:", "type": 2, "value": 2}, {"box": [384, 390, 462, 400], "text": "Target Audience:", "type": 2, "value": 2}, {"box": [384, 420, 524, 433], "text": "Value- conscious Smokers", "type": 2, "value": 4}, {"box": [57, 489, 212, 500], "text": "COST OR RETAIL PRICING:", "type": 2, "value": 2}, {"box": [384, 589, 486, 600], "text": "Est. Monthly Ongoing:", "type": 2, "value": 2}, {"box": [57, 654, 236, 667], "text": "INITIAL MATERIALS REQUIRED:", "type": 2, "value": 6}, {"box": [289, 656, 343, 667], "text": "Qty In Units", "type": 2, "value": 2}, {"box": [383, 656, 435, 666], "text": "Dollar Cost", "type": 2, "value": 2}, {"box": [289, 670, 338, 684], "text": "On Hand", "type": 2, "value": 4}, {"box": [291, 687, 341, 701], "text": "On Hand", "type": 2, "value": 4}, {"box": [59, 675, 140, 685], "text": "Pack Flats Labels:", "type": 2, "value": 2}, {"box": [59, 774, 150, 784], "text": "Product Specs Date:", "type": 2, "value": 2}, {"box": [384, 771, 486, 782], "text": "In- Market Arrival Date:", "type": 2, "value": 2}, {"box": [384, 789, 444, 799], "text": "Launch Date:", "type": 2, "value": 2}, {"box": [59, 791, 164, 799], "text": "Start Manufacture Date:", "type": 2, "value": 2}, {"box": [59, 841, 126, 850], "text": "Group Prod Dir", "type": 2, "value": 2}, {"box": [59, 874, 125, 884], "text": "Dir. Int' Admin", "type": 2, "value": 2}, {"box": [59, 908, 130, 919], "text": "Regional Dir/ VP", "type": 2, "value": 2}, {"box": [384, 839, 458, 851], "text": "VP Int'l Planning", "type": 2, "value": 2}, {"box": [383, 873, 465, 884], "text": "VP Int'l Marketing", "type": 2, "value": 2}, {"box": [385, 906, 450, 917], "text": "Senior VP Int'l", "type": 2, "value": 2}]}