{"img_shape": [1000, 762], "lines": [{"box": [113, 233, 135, 248], "text": "TO:", "type": 2, "value": 2}, {"box": [115, 274, 199, 287], "text": "INSTRUCTIONS", "type": 2, "value": 6}, {"box": [520, 534, 581, 548], "text": "WELCOMED.", "type": 2, "value": 8}, {"box": [490, 535, 514, 548], "text": "ARE", "type": 2, "value": 8}, {"box": [443, 534, 489, 549], "text": "AGENCY", "type": 2, "value": 8}, {"box": [418, 535, 440, 548], "text": "THE", "type": 2, "value": 8}, {"box": [384, 536, 415, 549], "text": "FROM", "type": 2, "value": 8}, {"box": [331, 536, 380, 550], "text": "DESIGNS", "type": 2, "value": 8}, {"box": [265, 538, 328, 552], "text": "ALTERNATE", "type": 2, "value": 8}, {"box": [239, 536, 263, 553], "text": "FOR", "type": 2, "value": 8}, {"box": [158, 539, 236, 550], "text": "SUGGESTIONS", "type": 2, "value": 8}, {"box": [158, 552, 194, 567], "text": "THESE", "type": 2, "value": 8}, {"box": [200, 550, 242, 564], "text": "SHOULD", "type": 2, "value": 8}, {"box": [246, 553, 261, 564], "text": "BE", "type": 2, "value": 8}, {"box": [267, 549, 331, 563], "text": "SUBMITTED", "type": 2, "value": 8}, {"box": [331, 550, 348, 563], "text": "AS", "type": 2, "value": 8}, {"box": [353, 549, 410, 562], "text": "SEPARATE", "type": 2, "value": 8}, {"box": [413, 549, 473, 560], "text": "DOCUMENTS", "type": 2, "value": 8}, {"box": [475, 547, 535, 560], "text": "APPENDED", "type": 2, "value": 8}, {"box": [539, 546, 553, 561], "text": "TO", "type": 2, "value": 8}, {"box": [559, 546, 587, 560], "text": "THIS", "type": 2, "value": 8}, {"box": [592, 546, 614, 556], "text": "BID", "type": 2, "value": 8}, {"box": [587, 532, 644, 546], "text": "HOWEVER,", "type": 2, "value": 8}, {"box": [117, 592, 132, 606], "text": "0.", "type": 2, "value": 8}, {"box": [159, 656, 183, 671], "text": "FAX", "type": 2, "value": 2}, {"box": [186, 656, 235, 669], "text": "NUMBER:", "type": 2, "value": 2}, {"box": [506, 837, 616, 858], "text": "000000000", "type": 2, "value": 8}, {"box": [260, 81, 496, 99], "text": "BROWN & WILLIAMSON BID REQUEST FORM", "type": 2, "value": 6}, {"box": [299, 108, 454, 125], "text": "(QUANTITATIVE RESEARCH)", "type": 2, "value": 8}, {"box": [110, 179, 215, 192], "text": "PROJECT NUMBER:", "type": 2, "value": 2}, {"box": [275, 179, 322, 194], "text": "0000- 00", "type": 2, "value": 4}, {"box": [112, 205, 215, 222], "text": "B&W ORIGINATOR:", "type": 2, "value": 2}, {"box": [233, 205, 323, 222], "text": "Mary D. Davis", "type": 2, "value": 4}, {"box": [152, 230, 346, 249], "text": "Mr. Johnny Pedersen - Gallup", "type": 2, "value": 4}, {"box": [113, 295, 501, 317], "text": "0. THE FOLLOWING DOCUMENT IS DIVIDED INTO TWO SECTIONS.", "type": 2, "value": 8}, {"box": [117, 696, 238, 712], "text": "OTHER INFORMATION", "type": 2, "value": 6}, {"box": [119, 723, 222, 739], "text": "DATE REQUESTED:", "type": 2, "value": 2}, {"box": [120, 739, 290, 759], "text": "DEADLINE FOR BID RECEIPT:", "type": 2, "value": 2}, {"box": [328, 719, 431, 737], "text": "0/ 00 by courier", "type": 2, "value": 4}, {"box": [325, 740, 370, 758], "text": "0/0/00", "type": 2, "value": 4}, {"box": [170, 628, 262, 644], "text": "Mary D. Davis", "type": 2, "value": 4}, {"box": [249, 656, 345, 671], "text": "0- 000- 000- 0000", "type": 2, "value": 4}, {"box": [159, 584, 581, 606], "text": "IF YOU HAVE ANY QUESTIONS, PLEASE CONTACT THE FOLLOWING PERSON:", "type": 2, "value": 2}, {"box": [115, 492, 627, 526], "text": "0. IN ORDER TO ALLOW US TO COMPARE BIDS, WE REQUEST THAT YOU SUBMIT A BID FOR THE RESEARCH AS SPECIFIED IN SECTION ONE.", "type": 2, "value": 8}, {"box": [450, 466, 546, 482], "text": "0- 000- 000 0000", "type": 2, "value": 4}, {"box": [365, 468, 440, 482], "text": "FAX MUMBER:", "type": 2, "value": 2}, {"box": [362, 402, 498, 457], "text": "MS. JACKIE KEY B&W LOUISVILLE, KENTUCKY U. S. A.", "type": 2, "value": 8}, {"box": [155, 325, 230, 339], "text": "SECTION ONE", "type": 2, "value": 2}, {"box": [155, 365, 231, 381], "text": "SECTION TWO", "type": 2, "value": 2}, {"box": [236, 358, 622, 379], "text": "SHOULD BE COMPLETED BY THE RESEARCH AGENCY AND RETURNED BY", "type": 2, "value": 8}, {"box": [156, 378, 343, 393], "text": "FAX TO THE FOLLOWING PERSON:", "type": 2, "value": 8}, {"box": [235, 320, 617, 339], "text": "CONTAINS THE PROJECT DESCRIPTIONS AND SPECIFICATIONS FROM", "type": 2, "value": 8}, {"box": [155, 334, 621, 352], "text": "B&W. ALL BIDS SHOULD BE BASED ON THE SPECIFICATIONS IN THIS DOCUMENT.", "type": 2, "value": 8}]}