{"img_shape": [1000, 762], "lines": [{"box": [425, 258, 462, 272], "text": "DATE", "type": 2, "value": 2}, {"box": [259, 255, 301, 270], "text": "BD-FF", "type": 2, "value": 4}, {"box": [500, 259, 551, 273], "text": "0/0/00", "type": 2, "value": 4}, {"box": [257, 382, 330, 397], "text": "Marketing", "type": 2, "value": 4}, {"box": [65, 755, 91, 768], "text": "cc:", "type": 2, "value": 2}, {"box": [363, 737, 581, 794], "text": "", "type": 2, "value": 4}, {"box": [256, 150, 458, 174], "text": "PROJECT INITIATION FORM", "type": 2, "value": 6}, {"box": [71, 250, 182, 268], "text": "PROJECT CODE", "type": 2, "value": 2}, {"box": [72, 294, 178, 310], "text": "PROJECT NAME", "type": 2, "value": 2}, {"box": [259, 296, 574, 316], "text": "BULL DURHAM Full Flavor King Size Cigarettes", "type": 2, "value": 4}, {"box": [262, 338, 425, 359], "text": "J. F. Anders/ J. E. Mann", "type": 2, "value": 4}, {"box": [68, 334, 194, 353], "text": "PROJECT LEADER", "type": 2, "value": 2}, {"box": [71, 375, 218, 393], "text": "WORK REQUESTED BY", "type": 2, "value": 2}, {"box": [66, 417, 220, 437], "text": "PROJECT OBJECTIVE", "type": 2, "value": 2}, {"box": [255, 423, 639, 581], "text": "Develop 00- mg \"tar\" delivery king size cigarette for generic pricing directed toward young male smokers. Cigarette dimensions- 00 mm x 00.0 mm circumference- 00 mm filter- 00 mm tipping. Offshore tobacco blend with unique flavor formulation. Cork tipping.", "type": 2, "value": 4}, {"box": [66, 581, 175, 621], "text": "OTHER PERSONNEL ASSIGNED", "type": 2, "value": 2}, {"box": [368, 718, 466, 732], "text": "Approved by", "type": 2, "value": 2}, {"box": [106, 756, 313, 873], "text": "RSS RDC PHL PRC DRB Records Project Leader Other Personnel Assigned", "type": 2, "value": 4}]}