{"img_shape": [1000, 762], "lines": [{"box": [43, 89, 77, 103], "text": "BRAND", "type": 2, "value": 2}, {"box": [117, 105, 176, 116], "text": "Domestic", "type": 2, "value": 2}, {"box": [200, 105, 211, 115], "text": "X", "type": 2, "value": 4}, {"box": [235, 103, 274, 117], "text": "Export", "type": 2, "value": 2}, {"box": [45, 244, 127, 257], "text": "Description:", "type": 2, "value": 2}, {"box": [388, 506, 417, 521], "text": "Date", "type": 2, "value": 2}, {"box": [172, 535, 253, 549], "text": "ENDORSEMENTS", "type": 2, "value": 2}, {"box": [360, 535, 391, 548], "text": "Date", "type": 2, "value": 2}, {"box": [75, 561, 96, 576], "text": "CQA", "type": 2, "value": 2}, {"box": [77, 644, 99, 659], "text": "ELT", "type": 2, "value": 2}, {"box": [78, 670, 139, 685], "text": "Marketing", "type": 2, "value": 2}, {"box": [173, 698, 227, 713], "text": "APPROVAL", "type": 2, "value": 2}, {"box": [362, 701, 393, 715], "text": "Date", "type": 2, "value": 2}, {"box": [77, 729, 102, 744], "text": "CQA", "type": 2, "value": 2}, {"box": [80, 757, 141, 771], "text": "President", "type": 2, "value": 2}, {"box": [74, 411, 138, 424], "text": "Rationale", "type": 2, "value": 2}, {"box": [344, 103, 398, 118], "text": "Military", "type": 2, "value": 2}, {"box": [479, 103, 539, 117], "text": "Contract", "type": 2, "value": 2}, {"box": [310, 187, 321, 202], "text": "X", "type": 2, "value": 4}, {"box": [365, 216, 438, 227], "text": "Processing", "type": 2, "value": 2}, {"box": [309, 423, 323, 437], "text": "X", "type": 2, "value": 4}, {"box": [311, 453, 322, 466], "text": "X", "type": 2, "value": 4}, {"box": [49, 797, 84, 812], "text": "00000", "type": 2, "value": 8}, {"box": [560, 845, 675, 867], "text": "000000000", "type": 2, "value": 8}, {"box": [42, 49, 132, 60], "text": "Attachment II", "type": 2, "value": 6}, {"box": [232, 61, 429, 75], "text": "SPECIFICATION CHANGE PROPOSAL", "type": 2, "value": 6}, {"box": [124, 89, 214, 104], "text": "ELI CUTTER KS", "type": 2, "value": 4}, {"box": [365, 88, 602, 103], "text": "SPECIFICATION CHANGE NUMBER 00- 00", "type": 2, "value": 2}, {"box": [71, 131, 417, 147], "text": "TYPE OF SPECIFICATION CHANGE (Check all that apply)", "type": 2, "value": 6}, {"box": [71, 148, 210, 161], "text": "Packaging, Temporary", "type": 2, "value": 2}, {"box": [70, 159, 230, 174], "text": "Cigarette Design, Trial", "type": 2, "value": 2}, {"box": [70, 172, 217, 190], "text": "Tar Adjustment < 0 mg", "type": 2, "value": 2}, {"box": [71, 189, 148, 203], "text": "New Product", "type": 2, "value": 2}, {"box": [70, 203, 206, 217], "text": "Equivalent Additive", "type": 2, "value": 2}, {"box": [71, 215, 284, 232], "text": "Equivalent Filter/ Paper/ /Tipping", "type": 2, "value": 2}, {"box": [366, 145, 501, 161], "text": "Packaging, Permanent", "type": 2, "value": 2}, {"box": [363, 159, 555, 174], "text": "Cigarette Design, Permanent", "type": 2, "value": 2}, {"box": [366, 173, 516, 188], "text": "Tar Adjustment > 0 mg", "type": 2, "value": 2}, {"box": [365, 189, 496, 203], "text": "Discontinue Product", "type": 2, "value": 2}, {"box": [365, 201, 566, 216], "text": "Equivalent Packaging Material", "type": 2, "value": 2}, {"box": [141, 243, 591, 258], "text": "ELI CUTTER KS, for test market, using AMELIA \"B\" Blend (XLF -000G)", "type": 2, "value": 4}, {"box": [46, 271, 150, 286], "text": "*Cost Summary-", "type": 2, "value": 6}, {"box": [74, 297, 271, 313], "text": "REQUESTED IMPLEMENTATION DATE", "type": 2, "value": 2}, {"box": [304, 300, 355, 313], "text": "0 /00 /00", "type": 2, "value": 4}, {"box": [74, 327, 156, 340], "text": "COST SUMMARY", "type": 2, "value": 6}, {"box": [101, 342, 252, 355], "text": "Obsolete Material Cost", "type": 2, "value": 2}, {"box": [101, 355, 312, 370], "text": "Special Equipment/ Material Cost", "type": 2, "value": 2}, {"box": [102, 370, 310, 384], "text": "Est. Annual Product Cost Change", "type": 2, "value": 2}, {"box": [73, 395, 285, 410], "text": "ATTACHMENTS (Check if Included)", "type": 2, "value": 6}, {"box": [77, 423, 252, 438], "text": "Product Specification List", "type": 2, "value": 2}, {"box": [75, 439, 205, 453], "text": "Packaging Art Stat.", "type": 2, "value": 2}, {"box": [74, 451, 194, 466], "text": "Processing Detail", "type": 2, "value": 2}, {"box": [74, 466, 279, 479], "text": "Initial Production Requirement", "type": 2, "value": 2}, {"box": [367, 411, 457, 425], "text": "Cost Analysis", "type": 2, "value": 2}, {"box": [367, 423, 498, 439], "text": "Spec. Change Detail", "type": 2, "value": 2}, {"box": [365, 437, 542, 453], "text": "Casing Flavoring Formulae", "type": 2, "value": 2}, {"box": [365, 451, 467, 465], "text": "Blend Formulae", "type": 2, "value": 2}, {"box": [75, 507, 159, 522], "text": "Prepared By:", "type": 2, "value": 2}, {"box": [226, 506, 302, 521], "text": "D. M. Frank", "type": 2, "value": 4}, {"box": [462, 506, 521, 521], "text": "00/ 00/ 00", "type": 2, "value": 4}, {"box": [77, 589, 173, 605], "text": "RD&E - Product", "type": 2, "value": 2}, {"box": [77, 617, 172, 632], "text": "RD&E - Process", "type": 2, "value": 2}]}