{"img_shape": [1000, 771], "lines": [{"box": [165, 140, 225, 153], "text": "Customer", "type": 2, "value": 2}, {"box": [275, 142, 297, 155], "text": "B&W", "type": 2, "value": 4}, {"box": [557, 130, 712, 161], "text": "RECEIVED", "type": 2, "value": 2}, {"box": [147, 912, 221, 926], "text": "Technician", "type": 2, "value": 2}, {"box": [570, 964, 692, 992], "text": "000000000", "type": 2, "value": 8}, {"box": [295, 615, 349, 630], "text": "Toluene", "type": 2, "value": 4}, {"box": [254, 68, 527, 88], "text": "AARBERG -STRAHAN INKS & COATINGS CORP.", "type": 2, "value": 6}, {"box": [316, 99, 473, 118], "text": "Formula Composit Form", "type": 2, "value": 8}, {"box": [585, 173, 678, 194], "text": "DEC 0 0 0000", "type": 2, "value": 4}, {"box": [589, 207, 671, 230], "text": "A. C. D.", "type": 2, "value": 8}, {"box": [274, 173, 361, 188], "text": "Falcon Green", "type": 2, "value": 8}, {"box": [272, 201, 341, 216], "text": "SKGC-0000 ", "type": 2, "value": 4}, {"box": [163, 196, 244, 211], "text": "Formula No.", "type": 2, "value": 2}, {"box": [250, 244, 362, 261], "text": "Solids Composit", "type": 2, "value": 2}, {"box": [302, 277, 455, 292], "text": "Lecithin (Food Grade)", "type": 2, "value": 4}, {"box": [302, 299, 471, 317], "text": "Epoxidized Soy Bean Oil", "type": 2, "value": 4}, {"box": [300, 321, 552, 338], "text": "Cellulose Nitrate Wet w /0 Propanol", "type": 2, "value": 4}, {"box": [299, 344, 433, 359], "text": "Pigment, Yellow 00", "type": 2, "value": 4}, {"box": [299, 365, 431, 382], "text": "Pigment, Blue 00: 0", "type": 2, "value": 4}, {"box": [300, 385, 712, 407], "text": "Ester of Modified Tricyclic Carboxylic Acid Jonrez IM000", "type": 2, "value": 4}, {"box": [155, 543, 244, 558], "text": "Total Solids", "type": 2, "value": 2}, {"box": [243, 582, 460, 602], "text": "Solvent Composit to % V. O. C. s", "type": 2, "value": 4}, {"box": [296, 637, 423, 654], "text": "Isopropyl Acetate", "type": 2, "value": 4}, {"box": [295, 659, 412, 675], "text": "N- Propyl Acetate", "type": 2, "value": 4}, {"box": [140, 835, 237, 853], "text": "Total V. O. C. s", "type": 2, "value": 2}, {"box": [251, 860, 306, 879], "text": "000. 00%", "type": 2, "value": 4}, {"box": [228, 911, 283, 951], "text": "DLR 00/ 0/ 00", "type": 2, "value": 4}]}