{"img_shape": [1000, 762], "lines": [{"box": [53, 228, 74, 243], "text": "VIA:", "type": 2, "value": 6}, {"box": [422, 43, 440, 56], "text": "TO:", "type": 2, "value": 2}, {"box": [405, 99, 440, 112], "text": "FROM:", "type": 2, "value": 2}, {"box": [420, 128, 437, 139], "text": "Per", "type": 2, "value": 2}, {"box": [408, 183, 437, 198], "text": "DATE:", "type": 2, "value": 2}, {"box": [542, 177, 566, 190], "text": "VIA:", "type": 2, "value": 6}, {"box": [53, 270, 70, 281], "text": "RE:", "type": 2, "value": 2}, {"box": [47, 309, 69, 322], "text": "FOR", "type": 2, "value": 2}, {"box": [250, 267, 271, 282], "text": "IN", "type": 2, "value": 2}, {"box": [70, 412, 131, 425], "text": "Document(s)", "type": 2, "value": 2}, {"box": [134, 412, 172, 425], "text": "Served:", "type": 2, "value": 2}, {"box": [71, 440, 102, 451], "text": "Court:", "type": 2, "value": 2}, {"box": [73, 684, 118, 697], "text": "Remarks", "type": 2, "value": 2}, {"box": [426, 781, 443, 795], "text": "BY:", "type": 2, "value": 2}, {"box": [427, 811, 444, 824], "text": "Per", "type": 2, "value": 2}, {"box": [47, 130, 67, 144], "text": "", "type": 2, "value": 2}, {"box": [78, 230, 98, 243], "text": "(X)", "type": 2, "value": 4}, {"box": [310, 265, 381, 280], "text": "FLORIDA", "type": 2, "value": 4}, {"box": [568, 190, 585, 203], "text": "(X)", "type": 2, "value": 4}, {"box": [475, 166, 496, 177], "text": "(city)", "type": 2, "value": 8}, {"box": [596, 165, 624, 176], "text": "(State)", "type": 2, "value": 8}, {"box": [471, 82, 493, 92], "text": "(City)", "type": 2, "value": 8}, {"box": [515, 109, 561, 119], "text": "(Originating", "type": 2, "value": 8}, {"box": [564, 109, 589, 119], "text": "Agent)", "type": 2, "value": 8}, {"box": [589, 81, 617, 92], "text": "(State)", "type": 2, "value": 8}, {"box": [535, 54, 546, 64], "text": "(C", "type": 2, "value": 8}, {"box": [546, 54, 554, 62], "text": "T.", "type": 2, "value": 8}, {"box": [554, 54, 583, 62], "text": "Office)", "type": 2, "value": 8}, {"box": [608, 317, 635, 327], "text": "(Name", "type": 2, "value": 8}, {"box": [635, 316, 659, 329], "text": "State)", "type": 2, "value": 8}, {"box": [434, 209, 560, 332], "text": "", "type": 2, "value": 8}, {"box": [553, 606, 687, 743], "text": "", "type": 2, "value": 8}, {"box": [535, 848, 571, 859], "text": "(Address)", "type": 2, "value": 8}, {"box": [60, 684, 71, 697], "text": "0.", "type": 2, "value": 8}, {"box": [59, 631, 70, 644], "text": "0.", "type": 2, "value": 8}, {"box": [59, 603, 69, 614], "text": "0.", "type": 2, "value": 8}, {"box": [56, 578, 69, 589], "text": "0.", "type": 2, "value": 8}, {"box": [59, 521, 70, 535], "text": "0.", "type": 2, "value": 8}, {"box": [54, 466, 68, 477], "text": "0.", "type": 2, "value": 8}, {"box": [57, 441, 67, 454], "text": "0.", "type": 2, "value": 8}, {"box": [57, 413, 68, 424], "text": "0.", "type": 2, "value": 8}, {"box": [57, 370, 67, 383], "text": "0.", "type": 2, "value": 8}, {"box": [28, 32, 237, 106], "text": "C T SYSTEM The Corporation Trust Company C T Corporation System and Associated Companies", "type": 2, "value": 6}, {"box": [440, 38, 672, 54], "text": "The Corporation Trust Company", "type": 2, "value": 4}, {"box": [457, 64, 612, 80], "text": "New York, New York", "type": 2, "value": 8}, {"box": [458, 92, 634, 107], "text": "C T Corporation System", "type": 2, "value": 4}, {"box": [458, 122, 600, 137], "text": "Phyllis G. Jennings", "type": 2, "value": 4}, {"box": [461, 148, 615, 164], "text": "Jacksonville, Florida", "type": 2, "value": 4}, {"box": [454, 180, 514, 195], "text": "0- -00 -00", "type": 2, "value": 4}, {"box": [568, 176, 659, 189], "text": "() Certified Mail", "type": 2, "value": 2}, {"box": [587, 189, 674, 203], "text": "Certified Air Mail", "type": 2, "value": 2}, {"box": [81, 126, 330, 186], "text": "Walliam Degenhardt Tax Director The American Tobacco Company 000 Park Avenue New York New York 0000", "type": 2, "value": 8}, {"box": [148, 186, 232, 199], "text": "Recipienti", "type": 2, "value": 8}, {"box": [99, 229, 171, 243], "text": "Certified Mail", "type": 2, "value": 2}, {"box": [175, 229, 247, 243], "text": "() Messenger", "type": 2, "value": 2}, {"box": [80, 246, 191, 260], "text": "() Certified Air Mail", "type": 2, "value": 2}, {"box": [75, 267, 242, 285], "text": "PROCESS SERVED", "type": 2, "value": 4}, {"box": [589, 300, 631, 315], "text": "N. J.", "type": 2, "value": 8}, {"box": [88, 307, 371, 322], "text": "THE AMERICAN TOBACCO COMPANY", "type": 2, "value": 4}, {"box": [261, 323, 341, 331], "text": "Name of Company", "type": 2, "value": 8}, {"box": [77, 335, 598, 354], "text": "Enclosed are copies of legal proces served upon the statutory agent of the above company as follows:", "type": 2, "value": 2}, {"box": [70, 369, 143, 382], "text": "Title of Action:", "type": 2, "value": 2}, {"box": [147, 356, 658, 397], "text": "Reuben Sunstein, Plaintiff, v. The American Tobacco Company, a New Jorsey corporation, Defendant.", "type": 2, "value": 4}, {"box": [186, 408, 362, 425], "text": "Summons and Complaint", "type": 2, "value": 4}, {"box": [117, 430, 486, 453], "text": "Circuit Court, Dade County, Florida. No. 00 -0000", "type": 2, "value": 4}, {"box": [71, 465, 158, 479], "text": "Nature of Action:", "type": 2, "value": 2}, {"box": [168, 454, 667, 476], "text": "For personal injuries resulting after smoking \"Pall Mall\" and \"Lucky", "type": 2, "value": 8}, {"box": [63, 469, 683, 510], "text": "Strike\" cigarettes manufactured by defendant, wherein plaintiff alleges breach of was- anties, seeks damages in excess of $0, 000 and demands trial by jury.", "type": 2, "value": 4}, {"box": [71, 520, 228, 535], "text": "On Whom Process was Served:", "type": 2, "value": 2}, {"box": [244, 510, 689, 549], "text": "Phyllis G. Jonnings, Asst. Socy,. The Corporation Company, Jacksonville, Florida", "type": 2, "value": 4}, {"box": [70, 575, 204, 590], "text": "Date and Hour of Service", "type": 2, "value": 2}, {"box": [74, 602, 215, 615], "text": "Appearance or Answer Dues", "type": 2, "value": 2}, {"box": [71, 628, 181, 643], "text": "Plaintiff's Attorney(s):", "type": 2, "value": 2}, {"box": [244, 624, 405, 671], "text": "Max A. Goldfarb 000 Biscayne Building Miami, Florida", "type": 2, "value": 4}, {"box": [246, 568, 478, 589], "text": "January 00, 0000 0: 00 a. m.", "type": 2, "value": 4}, {"box": [247, 592, 658, 613], "text": "Within 00 days after service, exclusive of day of service.", "type": 2, "value": 4}, {"box": [418, 751, 588, 767], "text": "RECEIVED AND FORWARDED ON", "type": 2, "value": 2}, {"box": [610, 746, 690, 764], "text": "0 00/00/ 00 (Date)", "type": 2, "value": 4}, {"box": [448, 778, 659, 794], "text": "THE CORPORATION TRUST COMPANY", "type": 2, "value": 4}, {"box": [448, 795, 614, 851], "text": "V. Colvellm Asst. Secy. 000 Park Avenue", "type": 2, "value": 4}, {"box": [450, 856, 622, 872], "text": "New York, New York 00000", "type": 2, "value": 8}, {"box": [574, 880, 683, 893], "text": "", "type": 2, "value": 8}, {"box": [25, 782, 377, 812], "text": "KINDLY ACKNOWLEDGE RECEIPT BY SIGNING AND RETURNING TO US THE ENCLOSED CARBON COPY OF THIS TRANSMITTAL FORM,", "type": 2, "value": 8}]}