{"img_shape": [1000, 771], "lines": [{"box": [88, 85, 125, 103], "text": "Date:", "type": 2, "value": 2}, {"box": [88, 112, 179, 131], "text": "Description:", "type": 2, "value": 2}, {"box": [493, 82, 517, 100], "text": "No.", "type": 2, "value": 2}, {"box": [91, 177, 157, 189], "text": "Supplier:", "type": 2, "value": 2}, {"box": [90, 290, 159, 309], "text": "Reasons:", "type": 2, "value": 2}, {"box": [207, 235, 280, 250], "text": "Increase", "type": 2, "value": 2}, {"box": [301, 232, 365, 248], "text": "Decrease", "type": 2, "value": 2}, {"box": [201, 431, 312, 534], "text": "", "type": 2, "value": 8}, {"box": [85, 394, 166, 413], "text": "PROJECTED:", "type": 2, "value": 6}, {"box": [573, 409, 612, 424], "text": "0000", "type": 2, "value": 2}, {"box": [226, 561, 266, 573], "text": "Com-", "type": 2, "value": 8}, {"box": [88, 871, 115, 884], "text": "cc:", "type": 2, "value": 2}, {"box": [442, 810, 476, 829], "text": "Date", "type": 2, "value": 2}, {"box": [443, 781, 474, 797], "text": "Date", "type": 2, "value": 2}, {"box": [442, 750, 475, 769], "text": "Date", "type": 2, "value": 2}, {"box": [442, 722, 476, 737], "text": "Date", "type": 2, "value": 2}, {"box": [442, 693, 479, 709], "text": "Date", "type": 2, "value": 2}, {"box": [85, 945, 149, 961], "text": "MRD00000", "type": 2, "value": 8}, {"box": [608, 934, 732, 962], "text": "000000000", "type": 2, "value": 8}, {"box": [253, 829, 293, 842], "text": "", "type": 2, "value": 2}, {"box": [289, 70, 473, 88], "text": "CHANGE OF AUTHORIZED COST", "type": 2, "value": 6}, {"box": [150, 87, 216, 102], "text": "00- -0 -00", "type": 2, "value": 4}, {"box": [552, 85, 588, 103], "text": "C -0-00", "type": 2, "value": 4}, {"box": [204, 112, 653, 133], "text": "CAPRI A&U EXPANSION - CALIFORNIA: WAVE 0 (00 -000) ,", "type": 2, "value": 4}, {"box": [105, 142, 426, 163], "text": "WAVE 0 (00 \u2013000) AND WAVE 0 (00 -000) .", "type": 2, "value": 4}, {"box": [204, 177, 430, 193], "text": "Kapuler Marketing Research", "type": 2, "value": 4}, {"box": [90, 202, 349, 220], "text": "Previous $ Commitments This Project", "type": 2, "value": 2}, {"box": [395, 202, 531, 221], "text": "$ 000, 000 + 00%", "type": 2, "value": 4}, {"box": [90, 232, 199, 250], "text": "Amt. of Change:", "type": 2, "value": 6}, {"box": [397, 232, 666, 250], "text": "$ NA ( % Change)", "type": 2, "value": 8}, {"box": [395, 262, 530, 281], "text": "$ 000, 000 + 00%", "type": 2, "value": 4}, {"box": [90, 262, 320, 278], "text": "Adjusted Total Cost of Project:", "type": 2, "value": 2}, {"box": [201, 319, 594, 349], "text": "Adjustment due to timing of projects falling into 0000.", "type": 2, "value": 4}, {"box": [90, 424, 232, 442], "text": "Internal Init. Date", "type": 2, "value": 2}, {"box": [88, 454, 202, 471], "text": "Ext. Auth. Date", "type": 2, "value": 2}, {"box": [87, 482, 199, 502], "text": "Field Complete", "type": 2, "value": 2}, {"box": [88, 512, 213, 546], "text": "Final Report Due (Supplier Rpt.)", "type": 2, "value": 2}, {"box": [323, 394, 519, 413], "text": "Summary of Research Budget", "type": 2, "value": 6}, {"box": [543, 424, 636, 441], "text": "", "type": 2, "value": 4}, {"box": [540, 451, 642, 472], "text": "(000, 000. 00)", "type": 2, "value": 4}, {"box": [545, 481, 636, 502], "text": "+00, 000. 00", "type": 2, "value": 4}, {"box": [325, 422, 457, 440], "text": "Total Area Budget:", "type": 2, "value": 2}, {"box": [323, 454, 520, 471], "text": "Current Balance Available:", "type": 2, "value": 2}, {"box": [322, 484, 481, 516], "text": "This Change: (From Current Budget)", "type": 2, "value": 2}, {"box": [323, 527, 405, 544], "text": "This Amount", "type": 2, "value": 2}, {"box": [326, 545, 514, 561], "text": "(From Next Year' s Budget)", "type": 2, "value": 2}, {"box": [421, 528, 515, 543], "text": "-00, 000. 00", "type": 2, "value": 4}, {"box": [174, 575, 327, 591], "text": "Start plete FR", "type": 2, "value": 2}, {"box": [540, 584, 642, 605], "text": "(000, 000. 00)", "type": 2, "value": 4}, {"box": [525, 644, 638, 663], "text": "0, 000, 000. 00", "type": 2, "value": 4}, {"box": [549, 692, 612, 708], "text": "00 -0 -00", "type": 2, "value": 4}, {"box": [525, 799, 650, 830], "text": "00 /0 /00", "type": 2, "value": 4}, {"box": [504, 867, 672, 888], "text": "0000 -000 /000 /000 -CA", "type": 2, "value": 4}, {"box": [412, 871, 498, 886], "text": "Project No.", "type": 2, "value": 2}, {"box": [407, 900, 503, 915], "text": "Account Name", "type": 2, "value": 2}, {"box": [90, 856, 165, 868], "text": "Original -", "type": 2, "value": 2}, {"box": [169, 856, 262, 873], "text": "Project File", "type": 2, "value": 4}, {"box": [168, 870, 287, 887], "text": "S. Willinger (0)", "type": 2, "value": 4}, {"box": [166, 888, 265, 902], "text": "G. D. Raphael", "type": 2, "value": 4}, {"box": [160, 900, 335, 917], "text": "V. Hansberry (If Int.)", "type": 2, "value": 4}, {"box": [85, 811, 185, 826], "text": "Budget Check", "type": 2, "value": 2}, {"box": [85, 781, 181, 797], "text": "Approved By:", "type": 2, "value": 2}, {"box": [88, 749, 176, 768], "text": "Approved By:", "type": 2, "value": 2}, {"box": [88, 722, 178, 737], "text": "Approved By:", "type": 2, "value": 2}, {"box": [87, 692, 184, 707], "text": "Submitted By:", "type": 2, "value": 2}, {"box": [210, 692, 336, 707], "text": "S. L. Willinger", "type": 2, "value": 4}, {"box": [323, 645, 458, 663], "text": "Committed To Date:", "type": 2, "value": 2}, {"box": [325, 588, 413, 603], "text": "New Balance:", "type": 2, "value": 2}, {"box": [30, 585, 326, 636], "text": "00 -000 (00, 000) 0 /00 00 /00 00 /00 00 -000 (00. 000) 00 /00 00 /00 00 /0 00 -000 (00, 000 00 /00 00 /0 0 /00", "type": 2, "value": 4}, {"box": [186, 795, 346, 847], "text": "", "type": 2, "value": 4}, {"box": [210, 828, 244, 838], "text": "", "type": 2, "value": 2}]}