{"img_shape": [1000, 780], "lines": [{"box": [85, 57, 128, 79], "text": "DATE:", "type": 2, "value": 2}, {"box": [81, 127, 161, 151], "text": "SUPPLIER:", "type": 2, "value": 2}, {"box": [82, 172, 153, 193], "text": "PREVIOUS", "type": 2, "value": 2}, {"box": [161, 175, 172, 192], "text": "$", "type": 2, "value": 2}, {"box": [177, 170, 276, 195], "text": "COMMITMENTS", "type": 2, "value": 2}, {"box": [284, 173, 320, 195], "text": "THIS", "type": 2, "value": 2}, {"box": [328, 173, 396, 198], "text": "PROJECI:", "type": 2, "value": 2}, {"box": [476, 177, 489, 197], "text": "$", "type": 2, "value": 2}, {"box": [476, 205, 487, 226], "text": "$", "type": 2, "value": 2}, {"box": [476, 258, 486, 278], "text": "$", "type": 2, "value": 2}, {"box": [78, 296, 151, 321], "text": "REASONS:", "type": 2, "value": 2}, {"box": [359, 624, 444, 641], "text": "COMMITTED", "type": 2, "value": 2}, {"box": [451, 626, 472, 643], "text": "TO", "type": 2, "value": 2}, {"box": [475, 624, 525, 644], "text": "DATE", "type": 2, "value": 2}, {"box": [440, 642, 492, 657], "text": "Year)", "type": 2, "value": 2}, {"box": [360, 640, 435, 661], "text": "(Current", "type": 2, "value": 2}, {"box": [588, 697, 629, 718], "text": "DATE", "type": 2, "value": 2}, {"box": [589, 735, 627, 752], "text": "DATE", "type": 2, "value": 2}, {"box": [587, 772, 629, 790], "text": "DATE", "type": 2, "value": 2}, {"box": [588, 809, 627, 827], "text": "DATE", "type": 2, "value": 2}, {"box": [587, 845, 628, 863], "text": "DATE", "type": 2, "value": 2}, {"box": [285, 694, 330, 709], "text": "BEATTY", "type": 2, "value": 2}, {"box": [261, 694, 276, 709], "text": "A.", "type": 2, "value": 2}, {"box": [239, 693, 256, 708], "text": "D.", "type": 2, "value": 2}, {"box": [239, 729, 254, 746], "text": "T.", "type": 2, "value": 2}, {"box": [260, 729, 277, 746], "text": "E.", "type": 2, "value": 2}, {"box": [284, 767, 340, 781], "text": "SPROUGE", "type": 2, "value": 2}, {"box": [286, 730, 329, 745], "text": "ALBERT", "type": 2, "value": 2}, {"box": [260, 767, 278, 781], "text": "A.", "type": 2, "value": 2}, {"box": [240, 768, 255, 779], "text": "B.", "type": 2, "value": 2}, {"box": [70, 865, 140, 887], "text": "ORIGINAL", "type": 2, "value": 2}, {"box": [68, 887, 96, 907], "text": "CC:", "type": 2, "value": 2}, {"box": [38, 430, 133, 450], "text": "PROJECTED:", "type": 2, "value": 6}, {"box": [219, 655, 375, 708], "text": "", "type": 2, "value": 4}, {"box": [223, 708, 375, 740], "text": "", "type": 2, "value": 4}, {"box": [362, 781, 485, 823], "text": "", "type": 2, "value": 4}, {"box": [328, 804, 490, 864], "text": "", "type": 2, "value": 4}, {"box": [624, 922, 752, 943], "text": "000000000", "type": 2, "value": 8}, {"box": [293, 17, 517, 45], "text": "CHANGE OF AUTHORIZED COST", "type": 2, "value": 6}, {"box": [441, 60, 602, 84], "text": "AUTHORIZATION NO.:", "type": 2, "value": 2}, {"box": [642, 66, 690, 83], "text": "NP -00", "type": 2, "value": 4}, {"box": [187, 57, 245, 77], "text": "00/ 00/ 00", "type": 2, "value": 4}, {"box": [82, 98, 199, 122], "text": "PROJECT NAME:", "type": 2, "value": 2}, {"box": [215, 103, 601, 126], "text": "GEMINI AWARENESS ATTITUDE & USAGE MONITOR. - PORTLAND", "type": 2, "value": 4}, {"box": [203, 133, 380, 150], "text": "BURKE MARKETING RESEARCH", "type": 2, "value": 4}, {"box": [496, 175, 565, 196], "text": "000, 000", "type": 2, "value": 8}, {"box": [504, 205, 718, 232], "text": "+0 ,000 (0 .0% CHANGE)", "type": 2, "value": 4}, {"box": [497, 251, 561, 271], "text": "000, 000", "type": 2, "value": 4}, {"box": [78, 201, 407, 249], "text": "AMOUNT OF CHANGE INCREASE ): (CIRCLE ONE)", "type": 2, "value": 2}, {"box": [80, 253, 352, 277], "text": "ADJUSTED TOTAL COST OF PROJECT:", "type": 2, "value": 2}, {"box": [135, 330, 694, 389], "text": "REVISED COST DUE TO A QUESTION ADDED TO THE SECOND WAVE AND CHANGES MADE IN WORDING OF OTHER QUESTIONS. THIS COVERS THE COST OF ADDITIONAL TELEPHONE INTERVIEW LENGTH, CODING OF THE OPEN- END, PROGRAMING CHANGES, TABULATION AND ANALYSIS.", "type": 2, "value": 4}, {"box": [42, 450, 138, 464], "text": "Field Start", "type": 2, "value": 2}, {"box": [41, 465, 167, 482], "text": "Field Complete", "type": 2, "value": 2}, {"box": [42, 479, 185, 500], "text": "Final Report Due", "type": 2, "value": 2}, {"box": [223, 448, 308, 465], "text": "Aug. 0000", "type": 2, "value": 4}, {"box": [223, 466, 306, 479], "text": "Dec. 0000", "type": 2, "value": 4}, {"box": [225, 480, 309, 495], "text": "Jan. 0000", "type": 2, "value": 4}, {"box": [365, 434, 520, 454], "text": "TOTAL AREA BUDGET:", "type": 2, "value": 2}, {"box": [363, 461, 560, 478], "text": "CURRENT BAL. AVAILABLE:", "type": 2, "value": 2}, {"box": [363, 486, 546, 520], "text": "THIS CHANGE: (From Current Budget)", "type": 2, "value": 2}, {"box": [360, 525, 466, 542], "text": "THIS AMOUNT", "type": 2, "value": 2}, {"box": [366, 542, 585, 560], "text": "(From Next Year's Budget)", "type": 2, "value": 2}, {"box": [359, 564, 471, 582], "text": "NEW BALANCE:", "type": 2, "value": 2}, {"box": [644, 564, 726, 582], "text": "00, 000. 00", "type": 2, "value": 4}, {"box": [494, 528, 549, 542], "text": "000. 00", "type": 2, "value": 4}, {"box": [645, 459, 723, 476], "text": "00 000. 00", "type": 2, "value": 4}, {"box": [662, 483, 729, 503], "text": "-000. 00", "type": 2, "value": 4}, {"box": [531, 423, 726, 452], "text": "0000 (REV) 0, 000, 000. 00", "type": 2, "value": 4}, {"box": [616, 624, 728, 642], "text": "0, 000, 000. 00", "type": 2, "value": 8}, {"box": [573, 666, 652, 700], "text": "00/ /00 /00", "type": 2, "value": 4}, {"box": [538, 705, 627, 748], "text": "00 /00 /00", "type": 2, "value": 8}, {"box": [559, 743, 645, 775], "text": "00- 00- 00", "type": 2, "value": 4}, {"box": [567, 786, 659, 816], "text": "00/ 00/ 00", "type": 2, "value": 4}, {"box": [568, 821, 634, 843], "text": "00 -00", "type": 2, "value": 4}, {"box": [68, 675, 186, 697], "text": "SUBMITTED BY:", "type": 2, "value": 2}, {"box": [68, 711, 176, 734], "text": "APPROVED BY:", "type": 2, "value": 2}, {"box": [70, 750, 176, 771], "text": "APPROVED BY:", "type": 2, "value": 2}, {"box": [68, 785, 174, 806], "text": "APPROVED BY:", "type": 2, "value": 2}, {"box": [70, 823, 176, 844], "text": "APPROVED BY:", "type": 2, "value": 2}, {"box": [147, 863, 274, 890], "text": "- PROJECT FILE", "type": 2, "value": 4}, {"box": [163, 880, 359, 934], "text": "S. WILLINGER (0) \u2611 RESEARCH GROUP MANAGER", "type": 2, "value": 4}, {"box": [236, 839, 338, 856], "text": "A. J. MELLMAN", "type": 2, "value": 2}, {"box": [236, 802, 336, 819], "text": "L. R. GRAVELY", "type": 2, "value": 2}, {"box": [230, 732, 394, 784], "text": "B a ", "type": 2, "value": 4}, {"box": [408, 890, 514, 914], "text": "PROJECT No.", "type": 2, "value": 2}, {"box": [412, 923, 526, 943], "text": "ACCOUNT NAME", "type": 2, "value": 2}, {"box": [531, 894, 609, 910], "text": "0000- 000NP", "type": 2, "value": 4}, {"box": [531, 923, 622, 938], "text": "New Products", "type": 2, "value": 4}]}