{"img_shape": [1000, 771], "lines": [{"box": [54, 132, 92, 150], "text": "Date:", "type": 2, "value": 2}, {"box": [104, 265, 168, 279], "text": "Supplier", "type": 2, "value": 2}, {"box": [52, 364, 131, 381], "text": "Projected:", "type": 2, "value": 6}, {"box": [574, 204, 588, 218], "text": "x", "type": 2, "value": 4}, {"box": [410, 296, 431, 309], "text": "-0-", "type": 2, "value": 4}, {"box": [410, 322, 431, 339], "text": "-O-", "type": 2, "value": 4}, {"box": [413, 706, 447, 720], "text": "Date", "type": 2, "value": 2}, {"box": [414, 732, 446, 749], "text": "Date", "type": 2, "value": 2}, {"box": [412, 761, 447, 779], "text": "Date", "type": 2, "value": 2}, {"box": [412, 787, 446, 809], "text": "Date", "type": 2, "value": 2}, {"box": [410, 818, 444, 836], "text": "Date", "type": 2, "value": 2}, {"box": [50, 848, 111, 866], "text": "Original", "type": 2, "value": 2}, {"box": [42, 867, 75, 876], "text": "cc:", "type": 2, "value": 2}, {"box": [496, 133, 517, 151], "text": "No.", "type": 2, "value": 2}, {"box": [545, 204, 570, 223], "text": "Yes", "type": 2, "value": 2}, {"box": [593, 206, 611, 223], "text": "No", "type": 2, "value": 2}, {"box": [440, 483, 473, 498], "text": "-0-", "type": 2, "value": 8}, {"box": [461, 893, 503, 910], "text": "CAPRI", "type": 2, "value": 4}, {"box": [45, 921, 116, 938], "text": "/lsbg0000", "type": 2, "value": 8}, {"box": [560, 919, 689, 943], "text": "000000000", "type": 2, "value": 8}, {"box": [114, 850, 125, 862], "text": "-", "type": 2, "value": 2}, {"box": [263, 86, 477, 105], "text": "MARKET RESEARCH AUTHORIZATION", "type": 2, "value": 6}, {"box": [261, 103, 483, 121], "text": "(Recommended Proposal Attached)", "type": 2, "value": 8}, {"box": [505, 17, 710, 122], "text": "0DR IV per II Revised MRA request one on LS to be", "type": 2, "value": 8}, {"box": [567, 131, 610, 148], "text": "C- 00", "type": 2, "value": 4}, {"box": [103, 131, 169, 150], "text": "00/ /0 00", "type": 2, "value": 4}, {"box": [53, 159, 266, 179], "text": "Description: CAPRI Expansion:", "type": 2, "value": 2}, {"box": [277, 160, 457, 179], "text": "California- A&U Wave II", "type": 2, "value": 4}, {"box": [54, 205, 150, 222], "text": "Requested By:", "type": 2, "value": 2}, {"box": [162, 203, 285, 221], "text": "S. H. Trebilcock", "type": 2, "value": 4}, {"box": [344, 206, 534, 223], "text": "Research Request Attached:", "type": 2, "value": 6}, {"box": [54, 233, 280, 252], "text": "Competitive Proposals Obtained:", "type": 2, "value": 6}, {"box": [284, 263, 346, 279], "text": "Cost ($)", "type": 2, "value": 2}, {"box": [394, 250, 442, 281], "text": "Est. Travel", "type": 2, "value": 2}, {"box": [488, 265, 565, 279], "text": "Total Cost", "type": 2, "value": 2}, {"box": [605, 251, 677, 281], "text": "Cost Per Interview", "type": 2, "value": 2}, {"box": [605, 294, 656, 312], "text": "$00 .00", "type": 2, "value": 4}, {"box": [605, 318, 658, 340], "text": "$00 .00", "type": 2, "value": 4}, {"box": [459, 322, 579, 341], "text": "$000 000 +/ - 00%", "type": 2, "value": 4}, {"box": [465, 291, 570, 310], "text": "$00 ,000 + - 00%", "type": 2, "value": 4}, {"box": [252, 291, 375, 313], "text": "$00 00,000 +/ - 00%", "type": 2, "value": 4}, {"box": [256, 321, 377, 341], "text": "$000, 000 +/ - 00%", "type": 2, "value": 4}, {"box": [59, 292, 228, 313], "text": "Kapuler Market Research", "type": 2, "value": 4}, {"box": [60, 322, 194, 341], "text": "Market Facts, Inc.", "type": 2, "value": 4}, {"box": [48, 381, 166, 398], "text": "Initiation Date", "type": 2, "value": 2}, {"box": [52, 409, 137, 424], "text": "Field Start", "type": 2, "value": 2}, {"box": [52, 436, 157, 455], "text": "Field Complete", "type": 2, "value": 2}, {"box": [52, 466, 171, 485], "text": "Final Report Due", "type": 2, "value": 2}, {"box": [171, 380, 222, 400], "text": "0/ 0/ 00", "type": 2, "value": 4}, {"box": [177, 407, 244, 428], "text": "0/ 00/ 00*", "type": 2, "value": 4}, {"box": [169, 438, 230, 457], "text": "00/ 00/ 00", "type": 2, "value": 4}, {"box": [180, 466, 243, 487], "text": "00/ 00/ 00", "type": 2, "value": 4}, {"box": [301, 364, 493, 383], "text": "Summary of Research Budget", "type": 2, "value": 6}, {"box": [296, 382, 434, 401], "text": "Total Area Budget:", "type": 2, "value": 2}, {"box": [300, 409, 468, 429], "text": "Current Bal. Available:", "type": 2, "value": 2}, {"box": [297, 440, 454, 470], "text": "This Change (From Current Budget)", "type": 2, "value": 2}, {"box": [534, 379, 625, 400], "text": "000, 000. 00", "type": 2, "value": 4}, {"box": [525, 408, 628, 430], "text": "(000, 000. 00)", "type": 2, "value": 4}, {"box": [535, 440, 624, 459], "text": "-00, 000. 00", "type": 2, "value": 4}, {"box": [297, 525, 389, 544], "text": "New Balance", "type": 2, "value": 2}, {"box": [525, 525, 630, 546], "text": "(000 ,000, 00)", "type": 2, "value": 4}, {"box": [513, 570, 626, 592], "text": "0, 000, 000. 00", "type": 2, "value": 4}, {"box": [295, 571, 430, 606], "text": "Committed to Date: (Current Year)", "type": 2, "value": 2}, {"box": [50, 613, 139, 631], "text": "Sample Size", "type": 2, "value": 2}, {"box": [152, 614, 194, 632], "text": "0. 000", "type": 2, "value": 4}, {"box": [47, 629, 206, 647], "text": "Recommemded Supplier:", "type": 2, "value": 2}, {"box": [224, 630, 419, 651], "text": "Kapuler Marketing Research", "type": 2, "value": 4}, {"box": [52, 645, 263, 663], "text": "Reason(s) for Recommendation", "type": 2, "value": 2}, {"box": [274, 643, 356, 659], "text": "Low bidder.", "type": 2, "value": 4}, {"box": [52, 702, 145, 720], "text": "Submitted By:", "type": 2, "value": 2}, {"box": [34, 496, 298, 619], "text": "*Actual start date on the part of supplier Technically was due to start 0/ 0 (the) 00 week post intro period) See Project File Note) LJS 00/ 00/ 00", "type": 2, "value": 8}, {"box": [51, 730, 143, 747], "text": "Approved By:", "type": 2, "value": 2}, {"box": [52, 763, 139, 777], "text": "Approved By:", "type": 2, "value": 2}, {"box": [47, 791, 141, 807], "text": "Approved By:", "type": 2, "value": 2}, {"box": [47, 817, 145, 835], "text": "Budget Check:", "type": 2, "value": 2}, {"box": [150, 697, 316, 737], "text": "L J L. J. Spurtier", "type": 2, "value": 4}, {"box": [147, 719, 383, 767], "text": "L. E. Gravely ", "type": 2, "value": 4}, {"box": [147, 836, 231, 851], "text": "K. F. Lyle", "type": 2, "value": 4}, {"box": [131, 849, 222, 866], "text": "Project File", "type": 2, "value": 4}, {"box": [125, 864, 248, 879], "text": "S. Willinger (0)", "type": 2, "value": 4}, {"box": [130, 880, 235, 894], "text": "G. D. Raphael", "type": 2, "value": 4}, {"box": [130, 892, 291, 912], "text": "V. Hansberry (If Int.)", "type": 2, "value": 4}, {"box": [367, 864, 451, 883], "text": "Project No.", "type": 2, "value": 2}, {"box": [355, 894, 449, 909], "text": "Account Name", "type": 2, "value": 2}, {"box": [462, 861, 536, 880], "text": "0000- 000CA", "type": 2, "value": 4}, {"box": [461, 699, 544, 728], "text": "00/ 0/ 00", "type": 2, "value": 4}, {"box": [456, 725, 542, 750], "text": "00/ 00/ 00", "type": 2, "value": 4}, {"box": [298, 483, 482, 516], "text": "This Amount (From Next Year's Budget)", "type": 2, "value": 2}]}