{"img_shape": [1000, 762], "lines": [{"box": [91, 158, 134, 179], "text": "DATE:", "type": 2, "value": 2}, {"box": [89, 187, 160, 207], "text": "SUBJECT:", "type": 2, "value": 2}, {"box": [89, 240, 148, 260], "text": "WRITER:", "type": 2, "value": 2}, {"box": [87, 286, 178, 306], "text": "APPROVALS:", "type": 2, "value": 2}, {"box": [87, 508, 143, 528], "text": "Other:", "type": 2, "value": 2}, {"box": [439, 426, 470, 447], "text": "YES", "type": 2, "value": 2}, {"box": [570, 433, 590, 450], "text": "NO", "type": 2, "value": 2}, {"box": [602, 323, 644, 341], "text": "DATE", "type": 2, "value": 2}, {"box": [218, 91, 525, 140], "text": "PUBLIC COMMUNICATIONS APPROVAL SHEET The Tobacco Institute", "type": 2, "value": 6}, {"box": [539, 53, 641, 75], "text": "Attachment A", "type": 2, "value": 6}, {"box": [415, 314, 556, 338], "text": "NAME OR INITIALS", "type": 2, "value": 2}, {"box": [88, 342, 198, 361], "text": "Division Head", "type": 2, "value": 4}, {"box": [87, 367, 200, 388], "text": "Bill Kloepfer", "type": 2, "value": 4}, {"box": [88, 397, 191, 415], "text": "Sam Chilcote", "type": 2, "value": 4}, {"box": [88, 425, 394, 447], "text": "Legal Approval Recommended/ Required:", "type": 2, "value": 6}, {"box": [88, 448, 123, 468], "text": "SH &B", "type": 2, "value": 8}, {"box": [87, 479, 118, 496], "text": "C& B", "type": 2, "value": 8}]}