{"img_shape": [1000, 784], "lines": [{"box": [461, 22, 508, 40], "text": "Date:", "type": 2, "value": 2}, {"box": [571, 75, 593, 93], "text": "on", "type": 2, "value": 2}, {"box": [380, 49, 421, 62], "text": "0000", "type": 2, "value": 4}, {"box": [54, 123, 106, 137], "text": "BLEND", "type": 2, "value": 2}, {"box": [179, 124, 238, 141], "text": "CASING", "type": 2, "value": 2}, {"box": [309, 124, 389, 142], "text": "RECASING", "type": 2, "value": 2}, {"box": [56, 295, 161, 310], "text": "Cigarettes:", "type": 2, "value": 6}, {"box": [74, 321, 124, 335], "text": "Brand", "type": 2, "value": 2}, {"box": [74, 339, 133, 353], "text": "Length", "type": 2, "value": 2}, {"box": [74, 355, 198, 370], "text": "Circumference", "type": 2, "value": 2}, {"box": [75, 373, 122, 387], "text": "Paper", "type": 2, "value": 2}, {"box": [75, 388, 152, 403], "text": "Firmness", "type": 2, "value": 2}, {"box": [75, 406, 114, 420], "text": "Draw", "type": 2, "value": 2}, {"box": [73, 422, 132, 436], "text": "Weight", "type": 2, "value": 2}, {"box": [75, 455, 120, 469], "text": "Print", "type": 2, "value": 2}, {"box": [419, 426, 513, 444], "text": "Wrappings:", "type": 2, "value": 6}, {"box": [439, 450, 499, 467], "text": "Labels", "type": 2, "value": 2}, {"box": [439, 471, 516, 486], "text": "Closures", "type": 2, "value": 2}, {"box": [437, 504, 505, 519], "text": "Cartons", "type": 2, "value": 2}, {"box": [436, 521, 517, 536], "text": "Markings", "type": 2, "value": 2}, {"box": [550, 489, 591, 503], "text": "Gold", "type": 2, "value": 4}, {"box": [53, 515, 175, 532], "text": "Requirements:", "type": 2, "value": 6}, {"box": [50, 651, 192, 666], "text": "Responsibility:", "type": 2, "value": 6}, {"box": [73, 542, 168, 557], "text": "Laboratory", "type": 2, "value": 2}, {"box": [73, 559, 130, 576], "text": "Others", "type": 2, "value": 2}, {"box": [71, 726, 148, 743], "text": "Shipping", "type": 2, "value": 2}, {"box": [50, 760, 130, 777], "text": "Reports:", "type": 2, "value": 6}, {"box": [658, 768, 676, 862], "text": "00000000", "type": 2, "value": 8}, {"box": [440, 899, 705, 951], "text": "", "type": 2, "value": 8}, {"box": [316, 638, 337, 646], "text": "-", "type": 2, "value": 8}, {"box": [20, 95, 48, 127], "text": "", "type": 2, "value": 8}, {"box": [20, 469, 48, 500], "text": "", "type": 2, "value": 8}, {"box": [21, 825, 38, 866], "text": "", "type": 2, "value": 8}, {"box": [601, 21, 670, 42], "text": "0/ 00/ 00", "type": 2, "value": 4}, {"box": [663, 73, 735, 94], "text": "0/ 00/ 00", "type": 2, "value": 4}, {"box": [334, 71, 525, 89], "text": "Mr. C. L. Tucker, Jr.", "type": 2, "value": 4}, {"box": [56, 70, 285, 90], "text": "Original request made by", "type": 2, "value": 2}, {"box": [263, 45, 357, 65], "text": "Sample No.", "type": 2, "value": 2}, {"box": [57, 95, 360, 116], "text": "Sample specifications written by", "type": 2, "value": 2}, {"box": [426, 98, 595, 118], "text": "John H. M. Bohlken", "type": 2, "value": 4}, {"box": [64, 158, 353, 210], "text": "OLD GOLD STRAIGHT Tobacco Blend Control for Sample No. 0000", "type": 2, "value": 8}, {"box": [637, 128, 771, 146], "text": "MENTHOL FLAVOR", "type": 2, "value": 2}, {"box": [448, 126, 564, 144], "text": "FINAL FLAVOR", "type": 2, "value": 2}, {"box": [239, 323, 398, 340], "text": "OLD GOLD STRAIGHT", "type": 2, "value": 4}, {"box": [239, 339, 294, 353], "text": "00 mm.", "type": 2, "value": 4}, {"box": [240, 355, 313, 371], "text": "00. 0 mm.", "type": 2, "value": 4}, {"box": [237, 372, 332, 386], "text": "Ecusta 000", "type": 2, "value": 4}, {"box": [237, 387, 397, 403], "text": "OLD GOLD STRAIGHT", "type": 2, "value": 4}, {"box": [239, 405, 397, 420], "text": "OLD GOLD STRAIGHT", "type": 2, "value": 4}, {"box": [237, 420, 398, 435], "text": "OLD GOLD STRAIGHT", "type": 2, "value": 4}, {"box": [237, 459, 396, 476], "text": "OLD GOLD STRAIGHT", "type": 2, "value": 4}, {"box": [73, 440, 197, 455], "text": "Tipping Paper", "type": 2, "value": 2}, {"box": [73, 473, 198, 488], "text": "Filter Length", "type": 2, "value": 2}, {"box": [550, 454, 711, 472], "text": "OLD GOLD STRAIGHT", "type": 2, "value": 4}, {"box": [550, 471, 672, 487], "text": "Standard Blue", "type": 2, "value": 4}, {"box": [552, 506, 710, 521], "text": "OLD GOLD STRAIGHT", "type": 2, "value": 4}, {"box": [550, 522, 747, 554], "text": "Sample number on each pack and carton", "type": 2, "value": 4}, {"box": [439, 486, 526, 502], "text": "Tear Tape", "type": 2, "value": 2}, {"box": [236, 542, 314, 562], "text": "One Tray", "type": 2, "value": 4}, {"box": [52, 591, 242, 607], "text": "Laboratory Analysis:", "type": 2, "value": 2}, {"box": [232, 566, 441, 621], "text": "", "type": 2, "value": 8}, {"box": [581, 582, 714, 623], "text": "", "type": 2, "value": 8}, {"box": [344, 634, 533, 659], "text": "", "type": 2, "value": 8}, {"box": [78, 634, 310, 652], "text": "Benzo (A) Pyrene Analyses", "type": 2, "value": 4}, {"box": [70, 617, 680, 641], "text": "Tars and Nicotine, Taste Panel, Burning Time, Gas Phase Analysis,", "type": 2, "value": 4}, {"box": [73, 676, 196, 693], "text": "Tobacco Blend", "type": 2, "value": 2}, {"box": [73, 690, 233, 708], "text": "Filter Production", "type": 2, "value": 2}, {"box": [71, 708, 223, 726], "text": "Making & Packing", "type": 2, "value": 2}, {"box": [263, 677, 487, 694], "text": "Manufacturing - A. Kraus", "type": 2, "value": 4}, {"box": [264, 707, 632, 727], "text": "Product Development, John H. M. Bohlker", "type": 2, "value": 4}, {"box": [70, 784, 165, 800], "text": "Written by", "type": 2, "value": 2}, {"box": [70, 802, 175, 817], "text": "Original to", "type": 2, "value": 2}, {"box": [68, 818, 157, 835], "text": "Copies to", "type": 2, "value": 2}, {"box": [197, 786, 365, 801], "text": "John H. M. Bohlken", "type": 2, "value": 4}, {"box": [196, 803, 392, 818], "text": "Mr. C. L. Tucker, Jr.", "type": 2, "value": 4}, {"box": [196, 818, 346, 834], "text": "Dr. A. W. Spears", "type": 2, "value": 4}]}