{"img_shape": [1000, 772], "lines": [{"box": [327, 237, 340, 251], "text": "0", "type": 2, "value": 4}, {"box": [330, 272, 341, 287], "text": "0", "type": 2, "value": 4}, {"box": [324, 115, 338, 129], "text": "0", "type": 2, "value": 4}, {"box": [742, 885, 766, 912], "text": "A", "type": 2, "value": 8}, {"box": [198, 38, 487, 60], "text": "KOOL & GPC GOLF BAG SURVEY", "type": 2, "value": 6}, {"box": [52, 113, 162, 132], "text": "Section Number", "type": 2, "value": 2}, {"box": [53, 148, 270, 166], "text": "Section Sales Manager's Name", "type": 2, "value": 2}, {"box": [341, 149, 422, 166], "text": "Peter Hatch", "type": 2, "value": 4}, {"box": [50, 201, 598, 222], "text": "Please place the following order for KOOL and/ or GPC Golf Bags for my Section:", "type": 2, "value": 2}, {"box": [60, 239, 174, 254], "text": "KOOL Golf Bags", "type": 2, "value": 4}, {"box": [71, 272, 171, 291], "text": "GPC Golf Bags", "type": 2, "value": 4}, {"box": [53, 324, 635, 363], "text": "Send the completed survey to Linda Daniels in Field Supply via fax (000- 000- 0000) OR CC: Mail no later than June 0.", "type": 2, "value": 8}, {"box": [53, 383, 105, 395], "text": "0000A wk0", "type": 2, "value": 8}]}