{"img_shape": [1000, 758], "lines": [{"box": [81, 415, 119, 429], "text": "NAME", "type": 2, "value": 2}, {"box": [513, 369, 574, 382], "text": "Strokes", "type": 2, "value": 2}, {"box": [85, 797, 124, 810], "text": "NAME", "type": 2, "value": 2}, {"box": [701, 898, 725, 932], "text": "A", "type": 2, "value": 8}, {"box": [465, 353, 501, 366], "text": "<>", "type": 2, "value": 2}, {"box": [466, 370, 501, 381], "text": "<>", "type": 2, "value": 2}, {"box": [258, 45, 476, 69], "text": "SPORTS REGISTRATION", "type": 2, "value": 6}, {"box": [246, 67, 495, 152], "text": "00TH ANNUAL MEETING AUGUST 00-00, 0000 RYE- TOWN HILTON HOTEL RYE, NEW YORK", "type": 2, "value": 8}, {"box": [80, 183, 659, 215], "text": "Make copies of this form if necessary. Complete applicable section (s) and return to NYSAWMD.", "type": 2, "value": 8}, {"box": [218, 229, 521, 249], "text": "LORILLARD TOBACCO COMPANY", "type": 2, "value": 6}, {"box": [80, 286, 269, 306], "text": "GOLF TOURNAMENT", "type": 2, "value": 2}, {"box": [254, 291, 660, 324], "text": "(Ladies & Men) . . . Friday, August 00, Tee off at 0:00 A. M. SHARP (no green fee)", "type": 2, "value": 4}, {"box": [81, 353, 448, 370], "text": "I will participate in the Golf Tournament", "type": 2, "value": 2}, {"box": [142, 369, 281, 385], "text": "My handicap is:", "type": 2, "value": 2}, {"box": [82, 444, 165, 459], "text": "FIRM NAME", "type": 2, "value": 2}, {"box": [155, 549, 612, 570], "text": "BROWN & WILLIAMSON TOBACCO CORPORATION", "type": 2, "value": 6}, {"box": [84, 594, 294, 611], "text": "TENNIS TOURNAMENT", "type": 2, "value": 2}, {"box": [265, 595, 623, 630], "text": "(Ladies & Men) . . . Friday, August 00, starting time is 0:00 P. M.", "type": 2, "value": 4}, {"box": [84, 661, 591, 691], "text": "I will participate in the Tennis Tournament I would classify myself as (please check appropriate box)", "type": 2, "value": 2}, {"box": [85, 705, 203, 721], "text": "<> Beginner", "type": 2, "value": 2}, {"box": [85, 722, 166, 735], "text": "<> Fair", "type": 2, "value": 2}, {"box": [87, 736, 168, 749], "text": "<> Good", "type": 2, "value": 2}, {"box": [87, 751, 212, 764], "text": "<> Excellent", "type": 2, "value": 2}, {"box": [85, 828, 167, 841], "text": "FIRM NAME", "type": 2, "value": 2}, {"box": [109, 905, 644, 920], "text": "NYSAWMD, INC. 000 EAST 00RD STREET, NEW YORK, NY 00000-0000", "type": 2, "value": 2}, {"box": [88, 937, 148, 948], "text": "CONVFORM.00 ", "type": 2, "value": 8}]}