{"img_shape": [1000, 762], "lines": [{"box": [401, 165, 442, 189], "text": "Date", "type": 2, "value": 2}, {"box": [344, 433, 426, 457], "text": "Signature", "type": 2, "value": 2}, {"box": [211, 295, 256, 312], "text": "From", "type": 2, "value": 6}, {"box": [492, 293, 520, 310], "text": "To", "type": 2, "value": 6}, {"box": [126, 547, 175, 567], "text": "NOTE:", "type": 2, "value": 2}, {"box": [154, 385, 167, 402], "text": "0", "type": 2, "value": 4}, {"box": [429, 390, 444, 403], "text": "0", "type": 2, "value": 4}, {"box": [443, 420, 584, 454], "text": "", "type": 2, "value": 4}, {"box": [229, 94, 526, 114], "text": "A. T. Co. Tar & Nicotine Change Form", "type": 2, "value": 6}, {"box": [487, 159, 543, 180], "text": "0/ 00/ 00", "type": 2, "value": 4}, {"box": [285, 228, 418, 250], "text": "CARLTON 000's FMSP", "type": 2, "value": 4}, {"box": [124, 230, 242, 258], "text": "Brand & Style", "type": 2, "value": 2}, {"box": [127, 323, 208, 371], "text": "Tar (Mg /Cigt)", "type": 2, "value": 2}, {"box": [265, 323, 348, 369], "text": "Nicotine (Mg /Cigt)", "type": 2, "value": 2}, {"box": [409, 323, 488, 371], "text": "Tar (Mg /Cigt)", "type": 2, "value": 2}, {"box": [543, 324, 625, 370], "text": "Nicotine (Mg/ /Cigt)", "type": 2, "value": 2}, {"box": [566, 387, 597, 404], "text": "0 .0", "type": 2, "value": 4}, {"box": [285, 387, 312, 404], "text": "0 .0", "type": 2, "value": 4}, {"box": [187, 546, 478, 565], "text": "Use Separate Form For Each Change", "type": 2, "value": 4}]}