{"img_shape": [1000, 762], "lines": [{"box": [402, 190, 429, 203], "text": "Date:", "type": 2, "value": 2}, {"box": [402, 230, 447, 244], "text": "Contact:", "type": 2, "value": 2}, {"box": [73, 235, 114, 248], "text": "Agency:", "type": 2, "value": 2}, {"box": [71, 288, 121, 301], "text": "Address:", "type": 2, "value": 2}, {"box": [73, 342, 108, 353], "text": "Client:", "type": 2, "value": 2}, {"box": [73, 398, 119, 411], "text": "Products:", "type": 2, "value": 2}, {"box": [303, 504, 323, 517], "text": "00", "type": 2, "value": 4}, {"box": [304, 518, 322, 531], "text": "00", "type": 2, "value": 4}, {"box": [303, 531, 323, 544], "text": "00", "type": 2, "value": 4}, {"box": [303, 545, 321, 558], "text": "00", "type": 2, "value": 4}, {"box": [306, 560, 323, 573], "text": "00", "type": 2, "value": 4}, {"box": [306, 574, 321, 587], "text": "00", "type": 2, "value": 4}, {"box": [236, 50, 447, 92], "text": "AMERICAN BROADCASTING COMPANY TELEVISION NETWORK", "type": 2, "value": 6}, {"box": [222, 99, 461, 136], "text": "0000 Avenue of the Americas, New York, New York 00000 LT - 0000", "type": 2, "value": 8}, {"box": [455, 182, 588, 198], "text": "October 0, 0000", "type": 2, "value": 4}, {"box": [464, 216, 623, 233], "text": "Mr. Mary Goldsmith", "type": 2, "value": 4}, {"box": [138, 221, 217, 235], "text": "BBDO Inc.", "type": 2, "value": 4}, {"box": [135, 274, 435, 289], "text": "000 Madison Avenue New York 00000", "type": 2, "value": 4}, {"box": [137, 327, 310, 344], "text": "American Tobacco Co.", "type": 2, "value": 4}, {"box": [137, 378, 306, 394], "text": "Tareyton Cigarettes", "type": 2, "value": 4}, {"box": [73, 451, 279, 466], "text": "Script(s) (and/ or story board(s)) cleared:", "type": 2, "value": 6}, {"box": [138, 503, 303, 518], "text": "Phone Booth :", "type": 2, "value": 2}, {"box": [140, 518, 304, 533], "text": "Phone Booth :", "type": 2, "value": 2}, {"box": [138, 532, 304, 547], "text": "Phone Booth :", "type": 2, "value": 2}, {"box": [138, 547, 303, 560], "text": "ECU :", "type": 2, "value": 2}, {"box": [138, 561, 304, 574], "text": "ECU :", "type": 2, "value": 2}, {"box": [138, 575, 305, 589], "text": "ECU :", "type": 2, "value": 2}, {"box": [130, 613, 676, 645], "text": "THESE COMMERCIALS CANNOT BE SCHEDULED UNTIL THIS DEPARTMENT HAS BEEN NOTIFIED OF THEIR CODE NUMBERS.", "type": 2, "value": 8}, {"box": [75, 665, 534, 682], "text": "PLEASE NOTIFY THIS DEPARTMENT OF ANY CHANGES THE CODE NUMBER(S).", "type": 2, "value": 8}, {"box": [74, 689, 510, 722], "text": "Final approval is, of course, dependent upon our screening the finished film(s), and upon time and placement of the commercial(s).", "type": 2, "value": 8}, {"box": [82, 855, 198, 868], "text": "XER. 000/ REV 0/ 00", "type": 2, "value": 8}, {"box": [123, 817, 169, 835], "text": "JP/ gb", "type": 2, "value": 8}, {"box": [405, 744, 605, 859], "text": "Sincerely. American Broadcasting Company Judse Price Department of BROADCAST STANDARDS AND PRACTICES", "type": 2, "value": 8}]}