{"img_shape": [1000, 762], "lines": [{"box": [367, 313, 449, 327], "text": "NICOTINE:", "type": 2, "value": 2}, {"box": [285, 257, 381, 272], "text": "NONMENTHOL:", "type": 2, "value": 2}, {"box": [285, 200, 374, 214], "text": "NONFILTER:", "type": 2, "value": 2}, {"box": [311, 84, 347, 99], "text": "0000", "type": 2, "value": 4}, {"box": [309, 169, 350, 186], "text": "King", "type": 2, "value": 4}, {"box": [309, 281, 348, 296], "text": "00's", "type": 2, "value": 4}, {"box": [196, 197, 211, 214], "text": "X", "type": 2, "value": 4}, {"box": [198, 225, 211, 242], "text": "X", "type": 2, "value": 4}, {"box": [355, 465, 393, 482], "text": "0,000", "type": 2, "value": 4}, {"box": [353, 493, 396, 513], "text": "0,000", "type": 2, "value": 4}, {"box": [370, 521, 394, 535], "text": "000", "type": 2, "value": 4}, {"box": [351, 550, 396, 570], "text": "00,000", "type": 2, "value": 4}, {"box": [373, 605, 398, 625], "text": "000", "type": 2, "value": 4}, {"box": [365, 581, 373, 596], "text": "-", "type": 2, "value": 4}, {"box": [351, 634, 397, 649], "text": "00,000", "type": 2, "value": 4}, {"box": [344, 661, 397, 682], "text": "00,000", "type": 2, "value": 4}, {"box": [342, 696, 392, 711], "text": "000,000", "type": 2, "value": 4}, {"box": [342, 716, 392, 733], "text": "000,000", "type": 2, "value": 4}, {"box": [342, 747, 395, 762], "text": "000,000", "type": 2, "value": 4}, {"box": [348, 781, 393, 795], "text": "00,000", "type": 2, "value": 4}, {"box": [348, 810, 394, 825], "text": "00,000", "type": 2, "value": 4}, {"box": [494, 842, 562, 855], "text": "0,000,000", "type": 2, "value": 4}, {"box": [267, 43, 454, 59], "text": "CIGARETTE REPORT FORM", "type": 2, "value": 6}, {"box": [81, 82, 224, 99], "text": "(0) YEAR COVERED:", "type": 2, "value": 2}, {"box": [80, 112, 269, 129], "text": "(0) BRAND FAMILY NAME:", "type": 2, "value": 2}, {"box": [81, 140, 288, 155], "text": "(0) VARIETY DESCRIPTION", "type": 2, "value": 2}, {"box": [81, 168, 245, 183], "text": "(0) PRODUCT LENGTH:", "type": 2, "value": 2}, {"box": [81, 198, 179, 214], "text": "(0) FILTER:", "type": 2, "value": 2}, {"box": [82, 226, 199, 242], "text": "(0) HARD PACK", "type": 2, "value": 2}, {"box": [284, 229, 371, 244], "text": "SOFT PACK:", "type": 2, "value": 2}, {"box": [82, 253, 183, 271], "text": "(0) MENTHOL:", "type": 2, "value": 2}, {"box": [80, 282, 245, 299], "text": "(0) PACK SIZE SOLD:", "type": 2, "value": 2}, {"box": [81, 310, 169, 328], "text": "(0) \"TAR\":", "type": 2, "value": 2}, {"box": [81, 339, 288, 355], "text": "(00) VARIETY UNIT SALES:", "type": 2, "value": 2}, {"box": [81, 366, 308, 386], "text": "(00) VARIETY DOLLAR SALES:", "type": 2, "value": 2}, {"box": [81, 397, 269, 412], "text": "(00) FIRST SALES DATE:", "type": 2, "value": 2}, {"box": [372, 398, 511, 412], "text": "LAST SALES DATE:", "type": 2, "value": 2}, {"box": [260, 440, 460, 457], "text": "REPORTABLE EXPENDITURES", "type": 2, "value": 6}, {"box": [78, 468, 255, 484], "text": "(00) CAT- A- EXPENSES:", "type": 2, "value": 2}, {"box": [80, 497, 254, 512], "text": "(00) CAT- B- EXPENSES:", "type": 2, "value": 2}, {"box": [75, 524, 254, 541], "text": "(00) CAT- C- EXPENSES:", "type": 2, "value": 2}, {"box": [78, 550, 252, 570], "text": "(00) CAT- D- EXPENSES:", "type": 2, "value": 2}, {"box": [80, 581, 252, 597], "text": "(00) CAT- E- EXPENSES", "type": 2, "value": 2}, {"box": [80, 609, 255, 627], "text": "(00) CAT- F- EXPENSES:", "type": 2, "value": 2}, {"box": [77, 638, 251, 654], "text": "(00) CAT- G- EXPENSES:", "type": 2, "value": 2}, {"box": [82, 668, 254, 682], "text": "(00) CAT- H- EXPENSES:", "type": 2, "value": 2}, {"box": [80, 694, 255, 710], "text": "(00) CAT- I- EXPENSES:", "type": 2, "value": 2}, {"box": [78, 723, 253, 738], "text": "(00) CAT- J- EXPENSES:", "type": 2, "value": 2}, {"box": [80, 753, 251, 768], "text": "(00) CAT- K- EXPENSES:", "type": 2, "value": 2}, {"box": [80, 781, 253, 799], "text": "(00) CAT- L- EXPENSES:", "type": 2, "value": 2}, {"box": [80, 809, 252, 827], "text": "(00) CAT- M- EXPENSES:", "type": 2, "value": 2}, {"box": [82, 838, 486, 854], "text": "(00) TOTAL REPORTABLE EXPENDITURES FOR VARIETY:", "type": 2, "value": 2}, {"box": [310, 115, 415, 130], "text": "LUCKY STRIKE", "type": 2, "value": 4}, {"box": [310, 142, 634, 161], "text": "Low tar, king size, filter, hard pack", "type": 2, "value": 4}, {"box": [492, 200, 590, 215], "text": "(check one)", "type": 2, "value": 4}, {"box": [490, 229, 589, 244], "text": "(check one)", "type": 2, "value": 4}, {"box": [472, 309, 679, 329], "text": "0.0 mg (Jan. '00 Report)", "type": 2, "value": 4}, {"box": [411, 254, 589, 273], "text": "X (check one)", "type": 2, "value": 4}, {"box": [197, 309, 244, 325], "text": "00 mg", "type": 2, "value": 4}, {"box": [339, 341, 396, 356], "text": "000,000", "type": 2, "value": 4}, {"box": [328, 366, 395, 383], "text": "0,000,000", "type": 2, "value": 4}]}