{"img_shape": [1000, 762], "lines": [{"box": [264, 133, 344, 150], "text": "Description", "type": 2, "value": 2}, {"box": [493, 133, 560, 150], "text": "Displays", "type": 2, "value": 4}, {"box": [155, 186, 219, 201], "text": "BRANDS", "type": 2, "value": 2}, {"box": [370, 225, 452, 239], "text": "Adjustment", "type": 2, "value": 2}, {"box": [166, 225, 218, 239], "text": "Carlton", "type": 2, "value": 4}, {"box": [584, 314, 641, 328], "text": "Amount", "type": 2, "value": 2}, {"box": [156, 342, 208, 357], "text": "Displays", "type": 2, "value": 4}, {"box": [575, 341, 634, 358], "text": "00,000.00", "type": 2, "value": 4}, {"box": [573, 369, 637, 384], "text": "(00,000.00)", "type": 2, "value": 4}, {"box": [41, 782, 132, 797], "text": "Distribution:", "type": 2, "value": 2}, {"box": [332, 758, 421, 797], "text": "", "type": 2, "value": 4}, {"box": [432, 774, 466, 795], "text": "0/0", "type": 2, "value": 4}, {"box": [570, 757, 680, 796], "text": "", "type": 2, "value": 4}, {"box": [603, 737, 635, 751], "text": "0.00", "type": 2, "value": 8}, {"box": [663, 841, 687, 855], "text": "Date", "type": 2, "value": 2}, {"box": [663, 797, 687, 810], "text": "Date", "type": 2, "value": 2}, {"box": [425, 797, 449, 811], "text": "Date", "type": 2, "value": 2}, {"box": [425, 839, 450, 853], "text": "Date", "type": 2, "value": 2}, {"box": [36, 21, 139, 92], "text": "THE AMERICAN TOBACCO COMPANY", "type": 2, "value": 6}, {"box": [355, 36, 685, 74], "text": "APPROVED MARKETING PROJECT EXPENSE RECOMMENDATION", "type": 2, "value": 6}, {"box": [137, 133, 240, 149], "text": "S0000 Supp 0", "type": 2, "value": 4}, {"box": [149, 205, 235, 220], "text": "Private Stock", "type": 2, "value": 4}, {"box": [356, 186, 467, 202], "text": "Current Budget", "type": 2, "value": 2}, {"box": [547, 184, 633, 203], "text": "$ 0,000,000.00", "type": 2, "value": 4}, {"box": [356, 263, 468, 280], "text": "Revised Budget", "type": 2, "value": 2}, {"box": [547, 263, 634, 279], "text": "$ 0,000,000.00", "type": 2, "value": 4}, {"box": [598, 225, 635, 240], "text": "$ 0.00", "type": 2, "value": 4}, {"box": [349, 341, 452, 358], "text": "CAR- MMT- DSP", "type": 2, "value": 4}, {"box": [351, 366, 449, 382], "text": "PRV- MMT- DSP", "type": 2, "value": 4}, {"box": [253, 782, 331, 800], "text": "Prepared By:", "type": 2, "value": 2}, {"box": [476, 781, 561, 801], "text": "Approved By:", "type": 2, "value": 2}, {"box": [478, 825, 560, 843], "text": "Approved By:", "type": 2, "value": 2}, {"box": [253, 825, 331, 843], "text": "Prepared By:", "type": 2, "value": 2}, {"box": [138, 795, 192, 828], "text": "", "type": 2, "value": 4}, {"box": [53, 799, 124, 825], "text": "Accounting File", "type": 2, "value": 2}, {"box": [41, 134, 116, 149], "text": "Project No", "type": 2, "value": 2}, {"box": [87, 313, 206, 330], "text": "Offer Description", "type": 2, "value": 2}, {"box": [395, 313, 492, 331], "text": "Charge Code", "type": 2, "value": 2}]}