{"img_shape": [1000, 780], "lines": [{"box": [68, 175, 139, 193], "text": "Report", "type": 2, "value": 2}, {"box": [163, 179, 191, 196], "text": "000", "type": 2, "value": 4}, {"box": [148, 373, 226, 391], "text": "ACCEPTED", "type": 2, "value": 2}, {"box": [102, 433, 124, 450], "text": "XX", "type": 2, "value": 4}, {"box": [149, 433, 224, 451], "text": "REJECTED", "type": 2, "value": 2}, {"box": [492, 226, 533, 241], "text": "Date", "type": 2, "value": 2}, {"box": [494, 257, 567, 274], "text": "Supplier", "type": 2, "value": 2}, {"box": [63, 615, 148, 633], "text": "Comments:", "type": 2, "value": 2}, {"box": [59, 781, 181, 799], "text": "Distribution:", "type": 2, "value": 2}, {"box": [377, 754, 413, 771], "text": "0000", "type": 2, "value": 4}, {"box": [265, 756, 367, 770], "text": "Telephone#", "type": 2, "value": 2}, {"box": [641, 851, 698, 878], "text": "", "type": 2, "value": 4}, {"box": [594, 859, 625, 888], "text": "By", "type": 2, "value": 2}, {"box": [471, 853, 513, 881], "text": "No", "type": 2, "value": 2}, {"box": [524, 853, 580, 880], "text": "000", "type": 2, "value": 4}, {"box": [730, 758, 752, 849], "text": "000000000", "type": 2, "value": 8}, {"box": [98, 256, 237, 270], "text": "Material Tested", "type": 2, "value": 2}, {"box": [253, 254, 412, 272], "text": "P- 000 GLASS FIBER", "type": 2, "value": 4}, {"box": [588, 226, 691, 245], "text": "00- NOV- 0000", "type": 2, "value": 4}, {"box": [587, 257, 706, 273], "text": "OWENS CORNING", "type": 2, "value": 4}, {"box": [668, 289, 734, 305], "text": "0 ROLLS", "type": 2, "value": 4}, {"box": [493, 288, 652, 308], "text": "Quantity Received", "type": 2, "value": 2}, {"box": [98, 284, 234, 300], "text": "Lot or Sample#", "type": 2, "value": 2}, {"box": [254, 285, 368, 301], "text": "ROLL 00 & 00", "type": 2, "value": 4}, {"box": [254, 316, 318, 332], "text": "00- 0- 00", "type": 2, "value": 4}, {"box": [96, 314, 219, 331], "text": "Date Received", "type": 2, "value": 2}, {"box": [66, 479, 610, 503], "text": "Following physical/ visual properties out of specifications:", "type": 2, "value": 2}, {"box": [620, 483, 741, 501], "text": "WEIGHT OUT OF", "type": 2, "value": 4}, {"box": [74, 510, 730, 576], "text": "SPECIFICATIONS ON ROLLS 00 & 00. WT. AV. ROLL 00 (000. 00) ; WT. AV. ROLL 00 (000. 00) : SPECS. 000 -000 GMS/ SQM. LOI OUT DE SPEC. ON ROLL 00 (AV 0. 00%) SPECIFICATIONS (0.0 0- 0. 0% .", "type": 2, "value": 4}, {"box": [57, 714, 221, 765], "text": "Kwb Kenneth W. Smits Technologist - QA", "type": 2, "value": 8}, {"box": [198, 785, 414, 803], "text": "Mr. Lucien L. Bass, III", "type": 2, "value": 4}, {"box": [198, 797, 359, 815], "text": "Dr. L. H. O' Conner", "type": 2, "value": 4}, {"box": [198, 814, 359, 831], "text": "Mr. L. W. Peterson", "type": 2, "value": 4}, {"box": [197, 832, 369, 845], "text": "Mr. W. B. Scantland", "type": 2, "value": 4}, {"box": [197, 845, 321, 859], "text": "Ms. R. deLacy", "type": 2, "value": 4}, {"box": [197, 859, 352, 875], "text": "Mr. M. D. Shannon", "type": 2, "value": 4}, {"box": [197, 874, 334, 893], "text": "Mr. R. L. McGee", "type": 2, "value": 4}, {"box": [520, 750, 672, 852], "text": "RJR SECRET ADDRESSED ONLY", "type": 2, "value": 8}]}