{"img_shape": [1000, 776], "lines": [{"box": [98, 306, 140, 320], "text": "Weight", "type": 2, "value": 2}, {"box": [98, 331, 129, 346], "text": "Draw", "type": 2, "value": 2}, {"box": [98, 358, 122, 373], "text": "Tar", "type": 2, "value": 2}, {"box": [96, 385, 153, 399], "text": "Nicotine", "type": 2, "value": 2}, {"box": [302, 475, 313, 490], "text": "0", "type": 2, "value": 4}, {"box": [303, 499, 313, 516], "text": "0", "type": 2, "value": 4}, {"box": [303, 527, 314, 544], "text": "0", "type": 2, "value": 4}, {"box": [297, 566, 311, 581], "text": "00", "type": 2, "value": 4}, {"box": [404, 476, 422, 490], "text": "00", "type": 2, "value": 4}, {"box": [413, 503, 423, 517], "text": "0", "type": 2, "value": 4}, {"box": [412, 529, 425, 540], "text": "0", "type": 2, "value": 4}, {"box": [413, 567, 424, 580], "text": "0", "type": 2, "value": 4}, {"box": [510, 473, 527, 487], "text": "00", "type": 2, "value": 4}, {"box": [515, 500, 526, 515], "text": "0", "type": 2, "value": 4}, {"box": [515, 527, 526, 541], "text": "0", "type": 2, "value": 4}, {"box": [518, 566, 528, 579], "text": "0", "type": 2, "value": 4}, {"box": [613, 472, 630, 487], "text": "00", "type": 2, "value": 4}, {"box": [622, 527, 635, 540], "text": "0", "type": 2, "value": 4}, {"box": [622, 500, 632, 510], "text": "0", "type": 2, "value": 4}, {"box": [622, 564, 633, 577], "text": "0", "type": 2, "value": 4}, {"box": [592, 406, 630, 421], "text": "Basic", "type": 2, "value": 4}, {"box": [384, 411, 422, 422], "text": "Basic", "type": 2, "value": 4}, {"box": [274, 412, 310, 425], "text": "Basic", "type": 2, "value": 4}, {"box": [678, 828, 697, 935], "text": "00000000", "type": 2, "value": 8}, {"box": [87, 232, 230, 249], "text": "Characteristic Tested", "type": 2, "value": 2}, {"box": [271, 219, 401, 255], "text": "BETWEEN THE ACTS 00 %% mm. Butt", "type": 2, "value": 6}, {"box": [492, 219, 592, 252], "text": "MADISON 00 mm. Butt", "type": 2, "value": 6}, {"box": [85, 267, 182, 283], "text": "Smoke Analysis", "type": 2, "value": 4}, {"box": [250, 265, 347, 282], "text": "Present Sample", "type": 2, "value": 2}, {"box": [360, 267, 446, 292], "text": "Mean of Last 00 Samples", "type": 2, "value": 2}, {"box": [458, 264, 556, 281], "text": "Present Sample", "type": 2, "value": 2}, {"box": [567, 263, 656, 290], "text": "Mean of Last 00 Samples", "type": 2, "value": 2}, {"box": [270, 304, 308, 319], "text": "0 .000", "type": 2, "value": 4}, {"box": [278, 331, 307, 345], "text": "0. .00", "type": 2, "value": 4}, {"box": [281, 356, 309, 372], "text": "00. .0", "type": 2, "value": 4}, {"box": [278, 385, 311, 398], "text": "0 .00", "type": 2, "value": 4}, {"box": [99, 411, 224, 425], "text": "ction to Litmus", "type": 2, "value": 2}, {"box": [384, 304, 420, 319], "text": "0 .000", "type": 2, "value": 4}, {"box": [390, 328, 420, 344], "text": "0 .00", "type": 2, "value": 4}, {"box": [391, 355, 420, 370], "text": "00 .0", "type": 2, "value": 4}, {"box": [391, 380, 421, 397], "text": "0 .00", "type": 2, "value": 4}, {"box": [486, 303, 521, 317], "text": "0 .000", "type": 2, "value": 4}, {"box": [492, 327, 525, 344], "text": "0 .00", "type": 2, "value": 4}, {"box": [494, 355, 530, 369], "text": "00 .0", "type": 2, "value": 4}, {"box": [493, 380, 524, 397], "text": "0 .00", "type": 2, "value": 4}, {"box": [487, 408, 526, 423], "text": "Basic", "type": 2, "value": 4}, {"box": [589, 299, 627, 315], "text": "0 .000", "type": 2, "value": 4}, {"box": [598, 328, 629, 342], "text": "0\uf703 .00", "type": 2, "value": 4}, {"box": [596, 352, 630, 367], "text": "00 .0", "type": 2, "value": 4}, {"box": [596, 377, 627, 394], "text": "0 0.00", "type": 2, "value": 4}, {"box": [94, 439, 149, 452], "text": "urn Test", "type": 2, "value": 4}, {"box": [99, 464, 217, 489], "text": "Static -Complete Cigar", "type": 2, "value": 2}, {"box": [154, 500, 225, 516], "text": "-0 /0 Cigar", "type": 2, "value": 2}, {"box": [154, 527, 225, 543], "text": "-0 /0 Cigar", "type": 2, "value": 2}, {"box": [155, 557, 239, 583], "text": "-Went out immediately", "type": 2, "value": 2}, {"box": [99, 594, 214, 621], "text": "Dynamic -Time in seconds", "type": 2, "value": 4}, {"box": [156, 634, 234, 661], "text": "-% Burned Completely", "type": 2, "value": 4}, {"box": [571, 689, 615, 706], "text": "SOC- 00", "type": 2, "value": 8}, {"box": [137, 89, 549, 207], "text": "P. LORILLARD CO. , INC. RESEARCH DIVISION QUALITY CONTROL DEPARTMENT SMOKE ANALYSIS AND BURNING TEST REPORT WEEKLY PRODUCTION LITTLE CIGARS NON FILTERS WEEK ENDING 00/ 00 /00", "type": 2, "value": 6}]}