{"img_shape": [1000, 762], "lines": [{"box": [54, 119, 93, 133], "text": "NAME:", "type": 2, "value": 2}, {"box": [53, 545, 120, 558], "text": "COMMENTS:", "type": 2, "value": 2}, {"box": [126, 548, 167, 560], "text": "none", "type": 2, "value": 4}, {"box": [382, 119, 447, 130], "text": "DIVISION", "type": 2, "value": 2}, {"box": [54, 742, 111, 759], "text": "COMMENTS", "type": 2, "value": 2}, {"box": [351, 285, 385, 302], "text": "yes", "type": 2, "value": 4}, {"box": [164, 58, 558, 93], "text": "RESEARCH COMPLETED OR IN PROGRESS WHICH HAS POSSIBILITIES FOR PRESENTATION OR PUBLICATION", "type": 2, "value": 6}, {"box": [107, 120, 220, 134], "text": "Ronald. W Davis", "type": 2, "value": 4}, {"box": [452, 118, 636, 133], "text": "Analytical- Radiochemistry", "type": 2, "value": 4}, {"box": [53, 145, 161, 161], "text": "NATURE OF WORK:", "type": 2, "value": 2}, {"box": [171, 143, 556, 162], "text": "Total aldehyde analysis in cigarette mainstream ", "type": 2, "value": 4}, {"box": [54, 198, 507, 219], "text": "PRESENT STATUS OF WORK (Cite progress reports where appropriate)", "type": 2, "value": 2}, {"box": [512, 202, 665, 216], "text": "Techniques worked out", "type": 2, "value": 4}, {"box": [55, 228, 667, 275], "text": "and reported for pure aldehyde samples; must be adapted for cigarette mainstream smoke by further laboratory work", "type": 2, "value": 4}, {"box": [54, 284, 351, 303], "text": "HAS WORK BEEN REPORTED IN MANUSCRIPT ", "type": 2, "value": 2}, {"box": [397, 284, 595, 303], "text": "IF SO, GIVE DATE AND TITLE:", "type": 2, "value": 2}, {"box": [53, 314, 498, 334], "text": "MBTH- reagent for analysis of aliphatic aldehydes 0 / 0 / 00", "type": 2, "value": 4}, {"box": [54, 343, 374, 360], "text": "NAMES OF OTHER PERSONS COLLABORATING IN WORK:", "type": 2, "value": 2}, {"box": [382, 343, 488, 360], "text": "L. W. McDowell", "type": 2, "value": 4}, {"box": [55, 400, 346, 419], "text": "ESTIMATE OF TIME NEEDED TO COMPLETE WORK:", "type": 2, "value": 2}, {"box": [354, 402, 523, 415], "text": "approximately one month", "type": 2, "value": 4}, {"box": [54, 429, 500, 448], "text": "ESTIMATE OF TIME NEEDED TO PREPARE MANUSCRIPT FOR PRESENTATION:", "type": 2, "value": 2}, {"box": [500, 426, 717, 446], "text": "several weeks after completion", "type": 2, "value": 4}, {"box": [55, 458, 495, 475], "text": "ESTIMATE OF TIME NEEDED TO PREPARE MANUSCRIPT FOR PUBLICATION:", "type": 2, "value": 2}, {"box": [500, 456, 718, 485], "text": "several weeks after completion of work", "type": 2, "value": 4}, {"box": [51, 487, 260, 501], "text": "SCIENTIFIC METING OF CHOICE:", "type": 2, "value": 2}, {"box": [259, 489, 344, 501], "text": "none as yet", "type": 2, "value": 4}, {"box": [53, 513, 262, 530], "text": "SCIENTIFIC JOURNAL OF CHOICE:", "type": 2, "value": 2}, {"box": [262, 515, 371, 530], "text": "Tobacco Science", "type": 2, "value": 4}, {"box": [54, 656, 276, 674], "text": "COMMENTS BY MANAGER OR DIRECTOR", "type": 2, "value": 2}, {"box": [52, 683, 254, 701], "text": "DOES WORK MERIT PUBLICATION?", "type": 2, "value": 2}, {"box": [53, 711, 294, 730], "text": "CAN TIME BE SPARED FOR COMPLETION?", "type": 2, "value": 2}, {"box": [134, 735, 694, 765], "text": "been with applicability", "type": 2, "value": 4}, {"box": [75, 761, 599, 814], "text": "may provide a technique.", "type": 2, "value": 4}]}