{"img_shape": [1000, 762], "lines": [{"box": [334, 172, 377, 192], "text": "Brand:", "type": 2, "value": 2}, {"box": [511, 203, 556, 220], "text": "Power:", "type": 2, "value": 2}, {"box": [332, 201, 378, 216], "text": "Pulse:", "type": 2, "value": 2}, {"box": [92, 170, 145, 184], "text": "Modules:", "type": 2, "value": 2}, {"box": [91, 286, 179, 303], "text": "Scorching:", "type": 2, "value": 2}, {"box": [91, 313, 178, 328], "text": "Cratering:", "type": 2, "value": 2}, {"box": [89, 335, 177, 355], "text": "Comments:", "type": 2, "value": 2}, {"box": [92, 430, 176, 447], "text": "Scorching:", "type": 2, "value": 2}, {"box": [89, 454, 174, 469], "text": "Cratering", "type": 2, "value": 2}, {"box": [91, 480, 178, 497], "text": "Comments:", "type": 2, "value": 2}, {"box": [91, 517, 144, 535], "text": "Module:", "type": 2, "value": 2}, {"box": [330, 522, 376, 539], "text": "Brand:", "type": 2, "value": 2}, {"box": [330, 547, 376, 564], "text": "Pulse:", "type": 2, "value": 2}, {"box": [91, 631, 175, 649], "text": "Scorching:", "type": 2, "value": 2}, {"box": [89, 658, 173, 675], "text": "Cratering:", "type": 2, "value": 2}, {"box": [91, 684, 173, 702], "text": "Comments:", "type": 2, "value": 2}, {"box": [88, 772, 173, 789], "text": "Scorching:", "type": 2, "value": 2}, {"box": [85, 800, 173, 818], "text": "Cratering:", "type": 2, "value": 2}, {"box": [88, 830, 175, 847], "text": "Comments:", "type": 2, "value": 2}, {"box": [506, 549, 555, 564], "text": "Power:", "type": 2, "value": 2}, {"box": [197, 169, 221, 184], "text": "000", "type": 2, "value": 4}, {"box": [236, 284, 342, 301], "text": "Insignificant.", "type": 2, "value": 4}, {"box": [236, 427, 342, 444], "text": "Insignificant.", "type": 2, "value": 4}, {"box": [91, 103, 154, 121], "text": "Week of:", "type": 2, "value": 2}, {"box": [249, 80, 285, 95], "text": "P. S.", "type": 2, "value": 2}, {"box": [388, 78, 430, 95], "text": "00 -00", "type": 2, "value": 4}, {"box": [394, 110, 497, 125], "text": "Date Received", "type": 2, "value": 2}, {"box": [547, 110, 606, 126], "text": "0 /00 /00", "type": 2, "value": 4}, {"box": [247, 131, 568, 163], "text": "LASER PERFORATED TIPPING APPEARANCE CHECK HOLE DEPTH, SCORCHING, CRATERING", "type": 2, "value": 6}, {"box": [94, 196, 193, 214], "text": "Shift & Date:", "type": 2, "value": 2}, {"box": [387, 169, 646, 187], "text": "CARLTON Filter 000's - 0 Mg Laser", "type": 2, "value": 4}, {"box": [472, 190, 593, 205], "text": "Mfg. for Taiwan", "type": 2, "value": 4}, {"box": [339, 237, 465, 257], "text": "FRONT CIGARETTES", "type": 2, "value": 6}, {"box": [228, 260, 483, 275], "text": "<0 mm 00 .0 mm from end", "type": 2, "value": 4}, {"box": [236, 310, 404, 327], "text": "None to insignificant.", "type": 2, "value": 4}, {"box": [233, 334, 480, 354], "text": "Excellent appearance (00 holes).", "type": 2, "value": 4}, {"box": [91, 260, 177, 280], "text": "Hole Depth:", "type": 2, "value": 2}, {"box": [91, 402, 177, 420], "text": "Hole Depth:", "type": 2, "value": 2}, {"box": [229, 408, 483, 423], "text": "<0 mm 00 .0 mm from end", "type": 2, "value": 4}, {"box": [346, 381, 465, 398], "text": "BACK CIGARETTES", "type": 2, "value": 6}, {"box": [233, 453, 405, 468], "text": "None to insignificant.", "type": 2, "value": 4}, {"box": [237, 476, 481, 494], "text": "Excellent appearance (00 holes).", "type": 2, "value": 4}, {"box": [89, 542, 190, 563], "text": "Shift & Date:", "type": 2, "value": 2}, {"box": [337, 584, 462, 604], "text": "FRONT CIGARETTES", "type": 2, "value": 6}, {"box": [89, 606, 174, 623], "text": "Hole Depth:", "type": 2, "value": 2}, {"box": [346, 726, 462, 746], "text": "BACK CIGARETTES", "type": 2, "value": 6}, {"box": [88, 749, 173, 766], "text": "Hole Depth:", "type": 2, "value": 2}, {"box": [534, 877, 645, 897], "text": "ATXO0 0000000", "type": 2, "value": 8}]}