{"img_shape": [1000, 762], "lines": [{"box": [335, 113, 364, 128], "text": "0000", "type": 2, "value": 4}, {"box": [335, 141, 378, 158], "text": "MALIBU", "type": 2, "value": 4}, {"box": [316, 230, 401, 243], "text": "", "type": 2, "value": 2}, {"box": [235, 228, 246, 242], "text": "", "type": 2, "value": 4}, {"box": [314, 288, 410, 302], "text": "NONMENTHOL:", "type": 2, "value": 2}, {"box": [113, 113, 135, 130], "text": "(0)", "type": 2, "value": 8}, {"box": [145, 228, 202, 243], "text": "FILTER", "type": 2, "value": 2}, {"box": [144, 286, 212, 300], "text": "MENTHOL:", "type": 2, "value": 2}, {"box": [145, 346, 194, 361], "text": "\"TAR\":", "type": 2, "value": 2}, {"box": [176, 627, 186, 633], "text": "-", "type": 2, "value": 2}, {"box": [194, 684, 201, 692], "text": "-", "type": 2, "value": 2}, {"box": [176, 715, 183, 721], "text": "-", "type": 2, "value": 2}, {"box": [176, 743, 184, 749], "text": "-", "type": 2, "value": 2}, {"box": [194, 859, 200, 866], "text": "-", "type": 2, "value": 2}, {"box": [536, 885, 553, 898], "text": "00", "type": 2, "value": 4}, {"box": [399, 345, 477, 360], "text": "NICOTINE:", "type": 2, "value": 2}, {"box": [395, 503, 413, 518], "text": "00", "type": 2, "value": 4}, {"box": [401, 532, 411, 545], "text": "0", "type": 2, "value": 4}, {"box": [394, 561, 411, 575], "text": "00", "type": 2, "value": 4}, {"box": [401, 680, 409, 695], "text": "0", "type": 2, "value": 4}, {"box": [394, 764, 409, 782], "text": "00", "type": 2, "value": 4}, {"box": [399, 858, 407, 873], "text": "0", "type": 2, "value": 4}, {"box": [112, 144, 134, 158], "text": "(0)", "type": 2, "value": 8}, {"box": [112, 170, 136, 185], "text": "(0)", "type": 2, "value": 8}, {"box": [113, 200, 133, 217], "text": "(0)", "type": 2, "value": 8}, {"box": [112, 229, 134, 244], "text": "(0)", "type": 2, "value": 8}, {"box": [113, 260, 135, 273], "text": "(0)", "type": 2, "value": 8}, {"box": [112, 288, 134, 303], "text": "(0)", "type": 2, "value": 8}, {"box": [112, 318, 133, 329], "text": "(0)", "type": 2, "value": 8}, {"box": [112, 346, 134, 360], "text": "(0)", "type": 2, "value": 8}, {"box": [112, 376, 141, 389], "text": "(00)", "type": 2, "value": 8}, {"box": [112, 405, 140, 422], "text": "(00)", "type": 2, "value": 8}, {"box": [112, 433, 141, 450], "text": "(00)", "type": 2, "value": 8}, {"box": [110, 506, 139, 523], "text": "(00)", "type": 2, "value": 8}, {"box": [112, 535, 141, 552], "text": "(00)", "type": 2, "value": 8}, {"box": [110, 563, 138, 580], "text": "(00)", "type": 2, "value": 8}, {"box": [109, 595, 140, 610], "text": "(00)", "type": 2, "value": 8}, {"box": [109, 623, 138, 638], "text": "(00)", "type": 2, "value": 8}, {"box": [109, 652, 140, 667], "text": "(00)", "type": 2, "value": 8}, {"box": [109, 682, 138, 699], "text": "(00)", "type": 2, "value": 8}, {"box": [109, 712, 138, 726], "text": "(00)", "type": 2, "value": 8}, {"box": [109, 740, 138, 754], "text": "(00)", "type": 2, "value": 8}, {"box": [109, 770, 138, 785], "text": "(00)", "type": 2, "value": 8}, {"box": [109, 799, 137, 816], "text": "(00)", "type": 2, "value": 8}, {"box": [108, 828, 139, 846], "text": "(00)", "type": 2, "value": 8}, {"box": [109, 856, 138, 873], "text": "(00)", "type": 2, "value": 8}, {"box": [109, 891, 138, 908], "text": "(00)", "type": 2, "value": 8}, {"box": [300, 71, 482, 87], "text": "CIGARETTE REPORT FORM", "type": 2, "value": 6}, {"box": [145, 113, 257, 131], "text": "YEAR COVERED:", "type": 2, "value": 2}, {"box": [145, 144, 299, 158], "text": "BRAND FAMILY NAME:", "type": 2, "value": 2}, {"box": [145, 172, 314, 186], "text": "VARIETY DESCRIPTION:", "type": 2, "value": 2}, {"box": [334, 169, 456, 187], "text": "King Size, Filter", "type": 2, "value": 4}, {"box": [145, 200, 272, 217], "text": "PRODUCT LENGTH:", "type": 2, "value": 2}, {"box": [332, 198, 399, 218], "text": "King Size", "type": 2, "value": 4}, {"box": [527, 229, 619, 247], "text": "(check one)", "type": 2, "value": 4}, {"box": [432, 254, 617, 275], "text": "X (check one)", "type": 2, "value": 4}, {"box": [433, 284, 617, 305], "text": "X (check one)", "type": 2, "value": 4}, {"box": [316, 260, 400, 275], "text": "SOFT PACK:", "type": 2, "value": 2}, {"box": [144, 258, 230, 273], "text": "HARD PACK:", "type": 2, "value": 2}, {"box": [144, 316, 272, 332], "text": "PACK SIZE SOLD:", "type": 2, "value": 2}, {"box": [332, 311, 361, 328], "text": "00' s", "type": 2, "value": 4}, {"box": [235, 341, 270, 357], "text": "00 mg", "type": 2, "value": 4}, {"box": [500, 338, 637, 360], "text": "0. 0 mg (Appendix C)", "type": 2, "value": 4}, {"box": [151, 373, 311, 391], "text": "VARIETY UNIT SALES:", "type": 2, "value": 2}, {"box": [376, 376, 410, 391], "text": "0, 000", "type": 2, "value": 4}, {"box": [369, 404, 411, 418], "text": "00, 000", "type": 2, "value": 4}, {"box": [151, 404, 329, 421], "text": "VARIETY DOLLAR SALES:", "type": 2, "value": 2}, {"box": [152, 434, 294, 449], "text": "FIRST SALES DATE:", "type": 2, "value": 2}, {"box": [303, 433, 360, 450], "text": "00/ 00/ 00", "type": 2, "value": 4}, {"box": [401, 432, 538, 449], "text": "LAST SALES DATE:", "type": 2, "value": 2}, {"box": [286, 475, 599, 493], "text": "REPORTABLE EXPENDITURES (In Thousands)", "type": 2, "value": 6}, {"box": [151, 506, 279, 521], "text": "CAT- A - EXPENSES:", "type": 2, "value": 2}, {"box": [151, 535, 278, 551], "text": "CAT - - EXPENSES:", "type": 2, "value": 2}, {"box": [151, 564, 278, 579], "text": "CAT - C - EXPENSES:", "type": 2, "value": 2}, {"box": [151, 594, 278, 609], "text": "CAT - D - EXPENSES:", "type": 2, "value": 2}, {"box": [149, 624, 278, 638], "text": "CAT E - EXPENSES:", "type": 2, "value": 2}, {"box": [149, 652, 278, 667], "text": "CAT - F - EXPENSES:", "type": 2, "value": 2}, {"box": [149, 682, 277, 696], "text": "CAT - G EXPENSES:", "type": 2, "value": 2}, {"box": [151, 711, 275, 727], "text": "CAT H - EXPENSES:", "type": 2, "value": 2}, {"box": [148, 740, 275, 755], "text": "CAT I - EXPENSES:", "type": 2, "value": 2}, {"box": [149, 770, 276, 785], "text": "CAT - J - EXPENSES:", "type": 2, "value": 2}, {"box": [149, 799, 275, 813], "text": "CAT - K - EXPENSES:", "type": 2, "value": 2}, {"box": [149, 827, 277, 844], "text": "CAT - L - EXPENSES:", "type": 2, "value": 2}, {"box": [148, 858, 276, 872], "text": "CAT - M EXPENSES:", "type": 2, "value": 2}, {"box": [149, 888, 507, 904], "text": "TOTAL REPORTABLE EXPENDITURES FOR VARIETYI:", "type": 2, "value": 2}]}