{"img_shape": [1000, 762], "lines": [{"box": [554, 181, 590, 193], "text": "DATE", "type": 2, "value": 2}, {"box": [534, 201, 613, 210], "text": "DESCRIPTION", "type": 2, "value": 2}, {"box": [307, 198, 352, 211], "text": "MEDIUM", "type": 2, "value": 2}, {"box": [606, 178, 667, 191], "text": "0/00/00", "type": 2, "value": 4}, {"box": [299, 219, 362, 234], "text": "Outdoor", "type": 2, "value": 4}, {"box": [25, 177, 74, 190], "text": "AGENCY", "type": 2, "value": 2}, {"box": [69, 198, 112, 208], "text": "BRAND", "type": 2, "value": 2}, {"box": [416, 178, 434, 193], "text": "NO.", "type": 2, "value": 2}, {"box": [223, 289, 269, 302], "text": "April", "type": 2, "value": 4}, {"box": [407, 293, 446, 305], "text": "THRU", "type": 2, "value": 4}, {"box": [534, 287, 570, 302], "text": "July", "type": 2, "value": 4}, {"box": [100, 382, 137, 395], "text": "SPACE", "type": 2, "value": 2}, {"box": [99, 488, 184, 501], "text": "CONTINGENCY", "type": 2, "value": 2}, {"box": [21, 344, 70, 357], "text": "0,000", "type": 2, "value": 2}, {"box": [391, 513, 461, 523], "text": "0.000.00", "type": 2, "value": 4}, {"box": [292, 591, 332, 606], "text": "TOTAL", "type": 2, "value": 2}, {"box": [569, 594, 638, 607], "text": "APPROVALS", "type": 2, "value": 6}, {"box": [506, 624, 542, 637], "text": "Agency", "type": 2, "value": 2}, {"box": [506, 648, 546, 658], "text": "Product", "type": 2, "value": 2}, {"box": [504, 674, 537, 686], "text": "Media", "type": 2, "value": 2}, {"box": [506, 699, 536, 711], "text": "Sales", "type": 2, "value": 2}, {"box": [506, 725, 555, 737], "text": "Marketing", "type": 2, "value": 2}, {"box": [507, 750, 555, 762], "text": "Executive", "type": 2, "value": 2}, {"box": [506, 775, 563, 787], "text": "Accounting", "type": 2, "value": 2}, {"box": [25, 645, 83, 660], "text": "REMARKS:", "type": 2, "value": 2}, {"box": [418, 78, 706, 97], "text": "ADVERTISING AND SELLING AUTHORIZATION", "type": 2, "value": 6}, {"box": [636, 67, 704, 77], "text": "NYO 00 (00-00)", "type": 2, "value": 8}, {"box": [25, 55, 305, 110], "text": "The American Tobacco Company DIVISION OF AMERICAN BRANDS INC. 000 PARK AVENUE, NEW YORK, NEW YORK 00000", "type": 2, "value": 6}, {"box": [94, 132, 638, 157], "text": "DO NOT MAKE ANY COMMITMENT OR AUTHORIZE ANY EXPENDITURE OF ANY KIND FOR. ACCOUNT OF THIS COMPANY UNTIL EXECUTIVE APPROVAL HAS BEEN OBTAINED HEREON.", "type": 2, "value": 8}, {"box": [123, 175, 345, 190], "text": "corporate Media Department", "type": 2, "value": 4}, {"box": [512, 220, 663, 249], "text": "00 sheet Posters (White Background)", "type": 2, "value": 4}, {"box": [13, 216, 187, 246], "text": "LUCKY STRIKE LOW Tar Filters Box- 000%", "type": 2, "value": 4}, {"box": [69, 290, 155, 305], "text": "PERIOD. FROM", "type": 2, "value": 2}, {"box": [175, 307, 683, 332], "text": "ENTER ESTIMATES OF AMOUNTS TO BE EXPENDED BY MONTHS UNDER \"REMARKS\" OR ON ATTACHMENT. MAXIMUM EXPENDITURES AUTHORIZED", "type": 2, "value": 8}, {"box": [516, 356, 674, 401], "text": "0,000 posters plus 0% overrun (00) $ 00.00 each", "type": 2, "value": 8}, {"box": [376, 355, 463, 370], "text": "$ 00,000,00", "type": 2, "value": 4}, {"box": [352, 584, 462, 600], "text": "$ 00,000.00", "type": 2, "value": 4}, {"box": [93, 668, 434, 695], "text": "For posting in Cincinnati, Covington and Tampa/St. Petersburg.", "type": 2, "value": 4}, {"box": [93, 705, 494, 816], "text": "Posters are captioned for identification, \"LUCKY STRIKES AGAIN (printed in red) with the word \"New\" printed in a snipe effect in the upper left corner. These posters have a white background and will be further identified as such in order to differentiate from a second design which will have a solid red background with white lettering.", "type": 2, "value": 4}, {"box": [93, 823, 468, 864], "text": "Posters are printed six colors (four color process and two impressions of red) on white 00# outdoor poster paper.", "type": 2, "value": 4}, {"box": [509, 826, 596, 839], "text": "Budget Allocation", "type": 2, "value": 2}, {"box": [506, 852, 593, 866], "text": "Authorization No.", "type": 2, "value": 2}, {"box": [618, 850, 656, 863], "text": "M- 00", "type": 2, "value": 4}, {"box": [617, 825, 655, 838], "text": "L- 0a", "type": 2, "value": 4}, {"box": [94, 512, 312, 525], "text": "Estimated Freight Charges", "type": 2, "value": 2}, {"box": [100, 460, 215, 473], "text": "DISPLAY MATERIAL", "type": 2, "value": 2}, {"box": [97, 436, 259, 449], "text": "MECHANICAL PRODUCTION", "type": 2, "value": 2}, {"box": [100, 409, 164, 422], "text": "ART WORK", "type": 2, "value": 2}, {"box": [102, 332, 157, 347], "text": "AIR TIME", "type": 2, "value": 2}, {"box": [96, 346, 261, 371], "text": "00 Sheet Posters ", "type": 2, "value": 2}]}