{"img_shape": [1000, 762], "lines": [{"box": [66, 240, 134, 254], "text": "CONTRACT:", "type": 2, "value": 2}, {"box": [64, 271, 118, 284], "text": "CLIENT:", "type": 2, "value": 2}, {"box": [66, 327, 118, 342], "text": "MARKET:", "type": 2, "value": 2}, {"box": [316, 419, 336, 446], "text": "0", "type": 2, "value": 4}, {"box": [459, 419, 498, 444], "text": "00", "type": 2, "value": 4}, {"box": [601, 415, 643, 440], "text": "00", "type": 2, "value": 4}, {"box": [594, 443, 635, 457], "text": "TOTAL", "type": 2, "value": 2}, {"box": [429, 443, 516, 458], "text": "ILLUMINATED", "type": 2, "value": 2}, {"box": [291, 444, 347, 461], "text": "REGULAR", "type": 2, "value": 2}, {"box": [67, 489, 110, 506], "text": "D.E.C", "type": 2, "value": 2}, {"box": [66, 536, 112, 550], "text": "S.P.V.", "type": 2, "value": 2}, {"box": [122, 478, 199, 503], "text": "000.0", "type": 2, "value": 4}, {"box": [355, 853, 426, 867], "text": "SIGNATURE", "type": 2, "value": 2}, {"box": [356, 895, 391, 910], "text": "DATE", "type": 2, "value": 2}, {"box": [423, 799, 695, 866], "text": "", "type": 2, "value": 4}, {"box": [67, 911, 98, 925], "text": "ATT.", "type": 2, "value": 8}, {"box": [542, 476, 616, 498], "text": "000.0", "type": 2, "value": 4}, {"box": [146, 43, 589, 69], "text": "LAURENCE, CHARLES, FREE & LAWSON, INC.", "type": 2, "value": 6}, {"box": [176, 73, 558, 92], "text": "000 MADISON AVENUE, NEW YORK, NY 00000 (000) 000- 0000", "type": 2, "value": 8}, {"box": [208, 133, 498, 151], "text": "00- SHEET POSTING COMPLETION REPORT FORM", "type": 2, "value": 6}, {"box": [64, 162, 630, 210], "text": "PLEASE RETURN TWO (0) COPIES OF THE LOCATION LIST ALONG WITH TWO (0) COPIES OF THIS COMPLETION REPORT FORM TO THE ATTENTION OF MR. JOSEPH VAZQUEZ AT THE ABOVE ADDRESS", "type": 2, "value": 8}, {"box": [158, 239, 236, 256], "text": "A- 000- 0000", "type": 2, "value": 4}, {"box": [130, 267, 341, 286], "text": "THE AMERICAN TOBACCO COMPANY", "type": 2, "value": 4}, {"box": [158, 295, 308, 313], "text": "PALL MALL RED LIGHTS", "type": 2, "value": 4}, {"box": [67, 299, 148, 314], "text": "BRAND NAME:", "type": 2, "value": 2}, {"box": [147, 331, 218, 347], "text": "Akron OH.", "type": 2, "value": 4}, {"box": [205, 358, 380, 376], "text": "Patrick Media Group, Inc", "type": 2, "value": 4}, {"box": [170, 380, 284, 413], "text": "F 00 GRP", "type": 2, "value": 4}, {"box": [64, 356, 177, 374], "text": "PLANT OPERATOR:", "type": 2, "value": 2}, {"box": [64, 387, 161, 404], "text": "SIZE SHOWING:", "type": 2, "value": 2}, {"box": [66, 430, 191, 450], "text": "NUMBER OF PANELS", "type": 2, "value": 6}, {"box": [531, 500, 630, 515], "text": "PLANT AVERAGE", "type": 2, "value": 2}, {"box": [531, 545, 634, 564], "text": "PLANT AVERAGE", "type": 2, "value": 2}, {"box": [67, 591, 366, 610], "text": "DATE POSTERS RECEIVED FROM LITHOGRAPHER:", "type": 2, "value": 2}, {"box": [385, 567, 471, 608], "text": "0/ 00/ 00", "type": 2, "value": 4}, {"box": [64, 620, 169, 637], "text": "POSTER DESIGN:", "type": 2, "value": 2}, {"box": [187, 616, 485, 639], "text": "THE TASTE BREAKS THROUGH", "type": 2, "value": 4}, {"box": [67, 649, 238, 665], "text": "SCHEDULED POSTING DATE:", "type": 2, "value": 2}, {"box": [272, 645, 327, 665], "text": "0/ 00/ 00", "type": 2, "value": 4}, {"box": [263, 665, 347, 697], "text": "0/ 00/ 00", "type": 2, "value": 4}, {"box": [66, 677, 239, 695], "text": "DATE POSTING COMPLETED:", "type": 2, "value": 2}, {"box": [221, 718, 669, 795], "text": "THIS WILL CERTIFY THAT I HAVE EXAMINED THE RECORDS OF OUR BILLPOSTERS, AND VERIFY THAT ALL LOCATIONS LISTED ON THE ATTACHED LOCATION LIST WERE PROPERLY POSTED WITH THE CORRECT DESIGN WITHIN FIVE WORKING DAYS OF THE POSTING DATE ACCEPTED ON THE CONTRACT", "type": 2, "value": 8}, {"box": [434, 865, 633, 884], "text": "Plant Manager/ Posting Supt", "type": 2, "value": 2}, {"box": [411, 880, 509, 922], "text": "0/ 00/ 00", "type": 2, "value": 4}]}