{"img_shape": [1000, 754], "lines": [{"box": [95, 258, 142, 278], "text": "DATE:", "type": 2, "value": 2}, {"box": [96, 309, 145, 327], "text": "FROM:", "type": 2, "value": 2}, {"box": [98, 359, 125, 374], "text": "TO:", "type": 2, "value": 2}, {"box": [99, 422, 176, 442], "text": "ADDRESS:", "type": 2, "value": 2}, {"box": [487, 173, 528, 181], "text": "Telephone", "type": 2, "value": 2}, {"box": [486, 182, 518, 190], "text": "Telefax", "type": 2, "value": 2}, {"box": [98, 626, 132, 643], "text": "Re.:", "type": 2, "value": 2}, {"box": [303, 154, 360, 175], "text": "0000", "type": 2, "value": 4}, {"box": [648, 779, 691, 923], "text": "0000000000", "type": 2, "value": 8}, {"box": [686, 954, 706, 962], "text": "00/00", "type": 2, "value": 8}, {"box": [487, 138, 539, 151], "text": "Contract", "type": 2, "value": 6}, {"box": [542, 138, 602, 151], "text": "Research", "type": 2, "value": 6}, {"box": [486, 94, 648, 139], "text": "INBIFO", "type": 2, "value": 6}, {"box": [95, 110, 385, 130], "text": "INBIFO Institut f\u00fcr biologische Forschung GmbH", "type": 2, "value": 2}, {"box": [96, 156, 258, 175], "text": "TELEFAX MESSAGE No.:", "type": 2, "value": 2}, {"box": [98, 193, 402, 205], "text": "INBIFO bioloische Forschnung GmbH Fuggesstr 0- D- 00000 Cologne", "type": 2, "value": 8}, {"box": [267, 263, 338, 277], "text": "00 Apr. 00", "type": 2, "value": 4}, {"box": [267, 309, 404, 326], "text": "Dr. Wolf Reininghaus", "type": 2, "value": 4}, {"box": [267, 359, 422, 389], "text": "Dr. Don Leyden, Dept. Scientific Affairs", "type": 2, "value": 4}, {"box": [487, 330, 631, 359], "text": "00 -00 -00 00: 00 OUT", "type": 2, "value": 8}, {"box": [267, 422, 484, 454], "text": "Philip Morris Europe Fabriques de Tabac Reunies S. A.", "type": 2, "value": 4}, {"box": [267, 469, 396, 485], "text": "CH- 0000 Neuchatel", "type": 2, "value": 4}, {"box": [335, 514, 454, 531], "text": "0000- 00- 000 0000", "type": 2, "value": 4}, {"box": [267, 517, 322, 531], "text": "Fax no:", "type": 2, "value": 2}, {"box": [511, 401, 645, 500], "text": "Telefax- Original Ablage", "type": 2, "value": 8}, {"box": [99, 563, 335, 578], "text": "NUMBER OF FOLLOWING PAGES", "type": 2, "value": 2}, {"box": [370, 553, 563, 595], "text": "00 ", "type": 2, "value": 4}, {"box": [135, 627, 278, 642], "text": "TPM/ Nocotine ratio", "type": 2, "value": 4}, {"box": [101, 670, 257, 688], "text": "For your information!", "type": 2, "value": 8}, {"box": [552, 936, 620, 946], "text": "Cologne HRB 000", "type": 2, "value": 4}, {"box": [561, 947, 641, 957], "text": "Dr. Wolf Reninghaus", "type": 2, "value": 4}, {"box": [493, 946, 562, 956], "text": "General Manager", "type": 2, "value": 2}, {"box": [493, 937, 551, 947], "text": "Trade Register", "type": 2, "value": 2}, {"box": [529, 172, 588, 183], "text": "(0 00 00) 000 -0", "type": 2, "value": 4}, {"box": [518, 182, 585, 192], "text": "(0 00 00) 000 -000", "type": 2, "value": 4}, {"box": [494, 212, 553, 238], "text": "-/BVI DLEY FAX", "type": 2, "value": 8}]}