{"img_shape": [1000, 762], "lines": [{"box": [503, 63, 560, 81], "text": "Telephone:", "type": 2, "value": 2}, {"box": [444, 134, 521, 154], "text": "TELEPHONE", "type": 2, "value": 2}, {"box": [14, 165, 42, 182], "text": "AME", "type": 2, "value": 2}, {"box": [372, 166, 453, 186], "text": "AFFILLATION", "type": 2, "value": 2}, {"box": [13, 193, 62, 211], "text": "DDRESS", "type": 2, "value": 2}, {"box": [446, 222, 524, 242], "text": "TELEPHONE", "type": 2, "value": 2}, {"box": [372, 254, 453, 269], "text": "AFFILIATION", "type": 2, "value": 2}, {"box": [8, 254, 46, 268], "text": "AME", "type": 2, "value": 2}, {"box": [7, 282, 64, 299], "text": "DDRESS", "type": 2, "value": 2}, {"box": [349, 448, 390, 463], "text": "Position", "type": 2, "value": 2}, {"box": [8, 447, 53, 462], "text": "resider", "type": 2, "value": 2}, {"box": [20, 468, 70, 486], "text": "Affiliation", "type": 2, "value": 2}, {"box": [22, 521, 69, 538], "text": "Affiliation", "type": 2, "value": 2}, {"box": [349, 500, 388, 515], "text": "Position", "type": 2, "value": 2}, {"box": [351, 573, 390, 588], "text": "Position", "type": 2, "value": 2}, {"box": [20, 592, 72, 609], "text": "Affiliation", "type": 2, "value": 2}, {"box": [20, 615, 51, 632], "text": "Topic.", "type": 2, "value": 2}, {"box": [21, 666, 71, 680], "text": "Affiliation", "type": 2, "value": 2}, {"box": [21, 689, 50, 702], "text": "Topic", "type": 2, "value": 2}, {"box": [352, 642, 391, 662], "text": "Position", "type": 2, "value": 2}, {"box": [349, 718, 391, 733], "text": "Position", "type": 2, "value": 2}, {"box": [349, 788, 391, 803], "text": "Position", "type": 2, "value": 2}, {"box": [22, 807, 72, 824], "text": "Affiliation", "type": 2, "value": 2}, {"box": [20, 831, 49, 846], "text": "T\u03bfpic", "type": 2, "value": 2}, {"box": [22, 737, 72, 754], "text": "Affiliation", "type": 2, "value": 2}, {"box": [21, 761, 49, 775], "text": "Topic", "type": 2, "value": 2}, {"box": [529, 149, 551, 159], "text": "", "type": 2, "value": 8}, {"box": [552, 151, 574, 161], "text": "", "type": 2, "value": 8}, {"box": [605, 149, 641, 162], "text": "", "type": 2, "value": 8}, {"box": [605, 237, 643, 247], "text": "", "type": 2, "value": 8}, {"box": [419, 493, 504, 513], "text": "Professor", "type": 2, "value": 4}, {"box": [413, 635, 498, 656], "text": "Professor", "type": 2, "value": 4}, {"box": [419, 707, 510, 725], "text": "Professor", "type": 2, "value": 4}, {"box": [413, 779, 544, 796], "text": "Cytogeneticist", "type": 2, "value": 4}, {"box": [21, 546, 50, 561], "text": "Topic", "type": 2, "value": 2}, {"box": [75, 11, 225, 56], "text": "Annual Meeting Los Angeles", "type": 2, "value": 6}, {"box": [106, 53, 197, 73], "text": "00- 00 May 0000", "type": 2, "value": 8}, {"box": [256, 0, 469, 21], "text": "ACCEPTED SYMPOSIUM", "type": 2, "value": 2}, {"box": [261, 22, 463, 44], "text": "Preliminary Program Information", "type": 2, "value": 8}, {"box": [254, 59, 473, 81], "text": "Submit not later than 0 November", "type": 2, "value": 8}, {"box": [501, 0, 636, 20], "text": "Return this form to:", "type": 2, "value": 2}, {"box": [500, 17, 632, 64], "text": "AAAS Meetings Office 0000 Vermont Ave., N W. Washington, D. C. 00000", "type": 2, "value": 4}, {"box": [559, 64, 641, 81], "text": "(000) 000- 0000", "type": 2, "value": 4}, {"box": [173, 101, 516, 119], "text": "READ REVERSE SIDE BEFORE FILLING OUT THIS FORM", "type": 2, "value": 6}, {"box": [527, 127, 641, 151], "text": "000/ 000- 0000", "type": 2, "value": 4}, {"box": [14, 137, 337, 155], "text": "RINCIPAL ORGANIZER (who will receive correspondence):", "type": 2, "value": 2}, {"box": [61, 165, 248, 182], "text": "Marvin A Kastenbaum", "type": 2, "value": 4}, {"box": [61, 191, 320, 214], "text": "0000 Eye Street, NW Suite 000", "type": 2, "value": 4}, {"box": [323, 193, 426, 213], "text": "CITY STATE, ", "type": 2, "value": 2}, {"box": [433, 190, 618, 211], "text": "Washington DC 00000", "type": 2, "value": 4}, {"box": [529, 236, 573, 249], "text": "", "type": 2, "value": 8}, {"box": [10, 221, 186, 243], "text": "O ORGANIZER (if applicable):", "type": 2, "value": 2}, {"box": [324, 282, 424, 299], "text": "CITY, STATE, ZIP", "type": 2, "value": 2}, {"box": [10, 360, 188, 380], "text": "INAL TITLE OF SYMPOSIUM", "type": 2, "value": 2}, {"box": [288, 324, 402, 342], "text": "FOR ONE SESSION", "type": 2, "value": 6}, {"box": [279, 351, 470, 373], "text": "THE HUMAN CHROMOSOME", "type": 2, "value": 4}, {"box": [64, 439, 258, 461], "text": "Dr. William J. Schull", "type": 2, "value": 4}, {"box": [391, 436, 638, 460], "text": "Director - Genetics Centers", "type": 2, "value": 4}, {"box": [73, 461, 658, 485], "text": "Univ. of Texas Graduate School of Biomedical Sciences (Houston)", "type": 2, "value": 4}, {"box": [10, 499, 63, 517], "text": "- Speaker", "type": 2, "value": 2}, {"box": [74, 494, 233, 512], "text": "Dr. Jorge J. Yunis", "type": 2, "value": 4}, {"box": [94, 510, 433, 532], "text": "Univ. of Minnesota School of Medicine", "type": 2, "value": 4}, {"box": [67, 534, 586, 557], "text": "The Oncogene, the Fragile Site, and Nonrandom Aberrations", "type": 2, "value": 4}, {"box": [10, 571, 65, 591], "text": "- Speaker", "type": 2, "value": 2}, {"box": [75, 561, 238, 584], "text": "Dr. Sheldon Wolff", "type": 2, "value": 4}, {"box": [391, 559, 713, 582], "text": "Chairman - Professor of Cytogenetic", "type": 2, "value": 4}, {"box": [74, 582, 713, 606], "text": "Laborat. Radiobiology& Environmental Health - U. of Cal. San Francis", "type": 2, "value": 4}, {"box": [92, 608, 332, 630], "text": "Sister- -Chromatid Exchanges", "type": 2, "value": 4}, {"box": [10, 645, 63, 662], "text": "- Speaker", "type": 2, "value": 2}, {"box": [67, 637, 245, 657], "text": "Dr. Patricia Jacobs", "type": 2, "value": 4}, {"box": [87, 656, 444, 679], "text": "University of Hawai - Dept. of Anatomy", "type": 2, "value": 4}, {"box": [66, 679, 409, 703], "text": "Abnormal Human Chromosome Complements", "type": 2, "value": 4}, {"box": [92, 707, 257, 729], "text": "Dr. Raymond White", "type": 2, "value": 4}, {"box": [8, 716, 63, 733], "text": "- Speaker", "type": 2, "value": 2}, {"box": [95, 729, 264, 752], "text": "University of Utah", "type": 2, "value": 4}, {"box": [95, 749, 463, 773], "text": "Human Linkage Map based on DNA Markers", "type": 2, "value": 4}, {"box": [10, 788, 64, 806], "text": "- Speaker", "type": 2, "value": 2}, {"box": [75, 779, 265, 801], "text": "Dr. Michael A. Bender", "type": 2, "value": 4}, {"box": [98, 799, 581, 823], "text": "Brookhaven National Laboratory - Medical Department", "type": 2, "value": 4}, {"box": [94, 824, 318, 846], "text": "Cyrogeneric Epidemiology", "type": 2, "value": 4}, {"box": [603, 852, 691, 870], "text": "See Reverse Side", "type": 2, "value": 8}]}