{"img_shape": [1000, 762], "lines": [{"box": [110, 158, 156, 172], "text": "Facility:", "type": 2, "value": 2}, {"box": [542, 156, 594, 171], "text": "Permit#:", "type": 2, "value": 2}, {"box": [120, 281, 193, 298], "text": "DESCRIPTION:", "type": 2, "value": 2}, {"box": [119, 394, 147, 408], "text": "CAS#", "type": 2, "value": 2}, {"box": [119, 432, 208, 446], "text": "MANUFACTURER:", "type": 2, "value": 2}, {"box": [494, 471, 512, 484], "text": "No", "type": 2, "value": 2}, {"box": [497, 323, 542, 338], "text": "Inorganic", "type": 2, "value": 2}, {"box": [536, 432, 585, 445], "text": "PHONE", "type": 2, "value": 2}, {"box": [135, 764, 163, 777], "text": "Other", "type": 2, "value": 2}, {"box": [381, 324, 417, 337], "text": "Organic", "type": 2, "value": 4}, {"box": [376, 471, 396, 482], "text": "Yes", "type": 2, "value": 4}, {"box": [295, 568, 329, 583], "text": "00000", "type": 2, "value": 4}, {"box": [309, 596, 337, 606], "text": "0000", "type": 2, "value": 4}, {"box": [612, 175, 640, 190], "text": "0000", "type": 2, "value": 4}, {"box": [228, 53, 592, 99], "text": "CITY OF REIDSVILLE CHEMICAL MANAGEMENT PLAN 0000 INVENTORY CHEMICAL USAGE FACT SHEET", "type": 2, "value": 6}, {"box": [251, 112, 564, 143], "text": "Process Chemicals Used in Excess of 000 Pounds/ Day, Water Treatment Chemicals, Cleaning Compounds", "type": 2, "value": 8}, {"box": [161, 176, 346, 193], "text": "The American Tobacco Company", "type": 2, "value": 4}, {"box": [335, 211, 472, 226], "text": "CHEMICAL DESCRIPTION", "type": 2, "value": 6}, {"box": [123, 246, 275, 264], "text": "PRODUCT (CHEMICAL) NAME:", "type": 2, "value": 2}, {"box": [295, 256, 395, 271], "text": "Fuller G0000 DC", "type": 2, "value": 4}, {"box": [196, 286, 297, 302], "text": "Liquid Adhesive", "type": 2, "value": 4}, {"box": [119, 320, 318, 335], "text": "PRODUCT CLASSIFICATION (Circle Dne):", "type": 2, "value": 2}, {"box": [119, 358, 235, 374], "text": "CHEMICAL FORMULA:", "type": 2, "value": 2}, {"box": [267, 362, 352, 378], "text": "Vinyl Acetate", "type": 2, "value": 4}, {"box": [454, 395, 615, 411], "text": "PERCENT ACTIVES (Non -water):", "type": 2, "value": 2}, {"box": [623, 391, 665, 422], "text": ".0%", "type": 2, "value": 4}, {"box": [584, 441, 665, 456], "text": "", "type": 2, "value": 4}, {"box": [237, 439, 370, 454], "text": "H. B. Fuller Company", "type": 2, "value": 4}, {"box": [197, 399, 249, 414], "text": "000 -00 -0", "type": 2, "value": 4}, {"box": [116, 468, 255, 485], "text": "MSDS ON FILE? (Circle One):", "type": 2, "value": 2}, {"box": [346, 518, 447, 531], "text": "CHEMICAL USAGE", "type": 2, "value": 6}, {"box": [115, 556, 260, 571], "text": "0000 ANNUAL USAGE (LBS.):", "type": 2, "value": 2}, {"box": [115, 592, 294, 608], "text": "0000 AVG. MONTHLY USAGE (LBS.)", "type": 2, "value": 2}, {"box": [113, 626, 337, 645], "text": "APPLICATION (Circle One and Briefly Describe):", "type": 2, "value": 2}, {"box": [138, 654, 224, 668], "text": "Producion Process", "type": 2, "value": 2}, {"box": [289, 648, 378, 663], "text": "label adhesive", "type": 2, "value": 4}, {"box": [135, 691, 213, 704], "text": "Water Treatment:", "type": 2, "value": 2}, {"box": [137, 726, 243, 742], "text": "Housekeeping Cleaning", "type": 2, "value": 2}, {"box": [527, 876, 635, 890], "text": "ATXO0 0000000", "type": 2, "value": 8}]}