{"img_shape": [1000, 762], "lines": [{"box": [263, 80, 304, 93], "text": "LOCATION", "type": 2, "value": 2}, {"box": [263, 108, 323, 122], "text": "REQUISITIONER", "type": 2, "value": 2}, {"box": [41, 134, 79, 147], "text": "SUPPLIER", "type": 2, "value": 2}, {"box": [373, 250, 386, 260], "text": "", "type": 2, "value": 2}, {"box": [372, 278, 397, 286], "text": "TERMS", "type": 2, "value": 2}, {"box": [39, 275, 63, 283], "text": "FO", "type": 2, "value": 2}, {"box": [74, 303, 140, 317], "text": "QUANTITY", "type": 2, "value": 2}, {"box": [327, 306, 411, 319], "text": "DESCRIPTION", "type": 2, "value": 2}, {"box": [606, 306, 648, 321], "text": "PRICE", "type": 2, "value": 2}, {"box": [64, 169, 99, 182], "text": "Attn:", "type": 2, "value": 2}, {"box": [225, 820, 247, 831], "text": "DATE", "type": 2, "value": 2}, {"box": [226, 849, 250, 857], "text": "DATE", "type": 2, "value": 2}, {"box": [226, 877, 248, 884], "text": "DATE", "type": 2, "value": 2}, {"box": [304, 877, 317, 887], "text": "BY", "type": 2, "value": 2}, {"box": [304, 849, 326, 860], "text": "DATE", "type": 2, "value": 2}, {"box": [47, 877, 75, 885], "text": "OTHER", "type": 2, "value": 2}, {"box": [469, 834, 515, 849], "text": "M00000", "type": 2, "value": 4}, {"box": [222, 795, 237, 816], "text": "\u2611", "type": 2, "value": 4}, {"box": [443, 878, 467, 888], "text": "BUYER", "type": 2, "value": 2}, {"box": [443, 852, 464, 860], "text": "DATE", "type": 2, "value": 2}, {"box": [34, 818, 44, 893], "text": "APPROVAL", "type": 2, "value": 8}, {"box": [43, 41, 96, 94], "text": "", "type": 2, "value": 8}, {"box": [99, 39, 186, 96], "text": "THE AMERICAN TOBACCO COMPANY", "type": 2, "value": 6}, {"box": [492, 56, 702, 78], "text": "PURCHASE REQUISITION", "type": 2, "value": 6}, {"box": [644, 36, 701, 48], "text": "AT 000 ", "type": 2, "value": 8}, {"box": [325, 85, 420, 102], "text": "STAMFORD, CT", "type": 2, "value": 4}, {"box": [483, 81, 558, 91], "text": "AUTHORIZATION NO.", "type": 2, "value": 2}, {"box": [482, 110, 529, 120], "text": "BUDGET NO.", "type": 2, "value": 2}, {"box": [265, 122, 384, 136], "text": "Mr. G. Schumacher", "type": 2, "value": 4}, {"box": [66, 122, 166, 137], "text": "January 0, 0000", "type": 2, "value": 4}, {"box": [41, 106, 125, 118], "text": "DATE OF REQUISITION", "type": 2, "value": 2}, {"box": [64, 151, 280, 166], "text": "WEBCRAFT TECHNOLOGIES INC", "type": 2, "value": 4}, {"box": [101, 168, 199, 182], "text": "Mr. Steven Katz", "type": 2, "value": 4}, {"box": [64, 182, 270, 213], "text": "Route 0 and Adams Station North Brunswick, NJ 00000- 0000", "type": 2, "value": 4}, {"box": [388, 151, 546, 168], "text": "NO SHIPPING REQUIRED", "type": 2, "value": 4}, {"box": [373, 137, 403, 148], "text": "SHIP TO", "type": 2, "value": 2}, {"box": [39, 246, 187, 258], "text": "SHIPMENT TO ARRIVE NOT LATER THAN", "type": 2, "value": 2}, {"box": [64, 258, 230, 275], "text": "NO SHIPPING REQUIRED.", "type": 2, "value": 4}, {"box": [385, 279, 466, 295], "text": "NET 00 Days", "type": 2, "value": 4}, {"box": [179, 318, 442, 338], "text": "CARLTON \"Free\" Carton\" Direct Mail Piece", "type": 2, "value": 4}, {"box": [179, 352, 538, 382], "text": "This Purchase order is to cover all costs incurred to- date listed below.", "type": 2, "value": 4}, {"box": [179, 398, 469, 412], "text": "00,000 lbs. of 00 lb Sterling C/ 0/ S - 00- 0/ 0\" roll", "type": 2, "value": 4}, {"box": [177, 413, 469, 429], "text": "00,000 lbs. of 00 lb. Sterling C/ 0/ S - 00- 0/ 0\" roll", "type": 2, "value": 4}, {"box": [179, 444, 506, 460], "text": "Prep. (line negatives, paper prints, camera/ stripping)", "type": 2, "value": 4}, {"box": [179, 472, 335, 489], "text": "Federal Express charges", "type": 2, "value": 4}, {"box": [179, 504, 448, 518], "text": "ALL MATERIALS HAVE BEEN CANCELLED.", "type": 2, "value": 4}, {"box": [419, 542, 677, 672], "text": "Charges to 0 /0 /00", "type": 2, "value": 8}, {"box": [575, 398, 642, 412], "text": "$00, 000. 00", "type": 2, "value": 4}, {"box": [574, 415, 642, 429], "text": "$00, 000. 00", "type": 2, "value": 4}, {"box": [592, 444, 643, 459], "text": "$000 .00", "type": 2, "value": 4}, {"box": [599, 473, 642, 488], "text": "$00 .00", "type": 2, "value": 4}, {"box": [35, 764, 127, 775], "text": "DEPARTMENT CHARGED", "type": 2, "value": 2}, {"box": [256, 764, 358, 775], "text": "ACCOUNTING CHARGE NO.", "type": 2, "value": 2}, {"box": [378, 763, 448, 776], "text": "EXTRA COPIES TO:", "type": 2, "value": 2}, {"box": [385, 777, 443, 791], "text": "D. Barcia", "type": 2, "value": 4}, {"box": [261, 777, 346, 792], "text": "Adv. Expense", "type": 2, "value": 4}, {"box": [60, 778, 175, 789], "text": "Brand Operations", "type": 2, "value": 4}, {"box": [35, 792, 109, 802], "text": "STATE TAX STATUS", "type": 2, "value": 6}, {"box": [236, 804, 364, 817], "text": "NOT TO BE CHARGED BY SUPPLIER", "type": 2, "value": 2}, {"box": [432, 804, 500, 816], "text": "\u2610 TO BE CHARGED", "type": 2, "value": 2}, {"box": [47, 820, 118, 830], "text": "LOCAL APPROVAL", "type": 2, "value": 2}, {"box": [47, 846, 198, 860], "text": "ADMIN CTR/MGMT CTR. (AS REQUIRED)", "type": 2, "value": 2}, {"box": [306, 821, 398, 831], "text": "LOCAL P/ORELEASE NO.", "type": 2, "value": 2}, {"box": [443, 821, 617, 833], "text": "ADMIN CTR/MGMT CTR PURCHASE ORDER NO.", "type": 2, "value": 2}, {"box": [469, 855, 568, 871], "text": "January 0, 0000", "type": 2, "value": 4}, {"box": [468, 876, 654, 901], "text": "M. Stock/ smm ", "type": 2, "value": 4}]}