{"img_shape": [1000, 762], "lines": [{"box": [550, 137, 620, 152], "text": "00/00/00", "type": 2, "value": 8}, {"box": [500, 141, 528, 152], "text": "DATE", "type": 2, "value": 2}, {"box": [525, 168, 600, 182], "text": "DESCRIPTION", "type": 2, "value": 2}, {"box": [304, 169, 349, 183], "text": "MEDIUM", "type": 2, "value": 2}, {"box": [101, 135, 150, 149], "text": "SALES", "type": 2, "value": 2}, {"box": [96, 168, 132, 181], "text": "BRAND", "type": 2, "value": 2}, {"box": [10, 141, 80, 154], "text": "ORIGINATOR", "type": 2, "value": 2}, {"box": [429, 320, 460, 337], "text": "THRU", "type": 2, "value": 8}, {"box": [10, 348, 60, 363], "text": "REMARKS", "type": 2, "value": 6}, {"box": [60, 501, 116, 512], "text": "LABELS", "type": 2, "value": 8}, {"box": [59, 487, 116, 498], "text": "DECALS", "type": 2, "value": 8}, {"box": [229, 486, 290, 499], "text": "MOBILES", "type": 2, "value": 8}, {"box": [500, 595, 581, 610], "text": "00,000.00", "type": 2, "value": 8}, {"box": [82, 627, 148, 638], "text": "APPROVALS", "type": 2, "value": 6}, {"box": [270, 651, 301, 669], "text": "JAN", "type": 2, "value": 2}, {"box": [271, 666, 302, 681], "text": "FEB", "type": 2, "value": 2}, {"box": [272, 680, 300, 695], "text": "MAR", "type": 2, "value": 2}, {"box": [10, 661, 46, 672], "text": "Agency", "type": 2, "value": 2}, {"box": [10, 689, 64, 703], "text": "Forecasting", "type": 2, "value": 2}, {"box": [10, 716, 56, 733], "text": "Marketing", "type": 2, "value": 2}, {"box": [8, 747, 37, 758], "text": "Sales", "type": 2, "value": 2}, {"box": [36, 804, 60, 818], "text": "Sales", "type": 2, "value": 2}, {"box": [10, 837, 55, 848], "text": "President", "type": 2, "value": 2}, {"box": [518, 849, 559, 864], "text": "0000", "type": 2, "value": 4}, {"box": [612, 853, 625, 866], "text": "Yr.", "type": 2, "value": 8}, {"box": [676, 848, 691, 863], "text": "00", "type": 2, "value": 8}, {"box": [66, 32, 152, 92], "text": "THE AMERICAN TOBACCO COMPANY", "type": 2, "value": 6}, {"box": [173, 34, 338, 66], "text": "SIX STAMFORD FORUM P. O. BOX 00000 STAMFORD CONNECTICUT 00000- 0000", "type": 2, "value": 8}, {"box": [622, 34, 680, 45], "text": "AT [0- 00)", "type": 2, "value": 8}, {"box": [459, 43, 681, 83], "text": "ADVERTISING AND SELLING AUTHORIZATION", "type": 2, "value": 8}, {"box": [22, 99, 669, 118], "text": "DO NOT MAKE ANY COMMITMENT OR AUTHORIZE ANY EXPENDITURE OF ANY KIND FOR ACCOUNT OF THIS COMPANY UNTIL EXECUTIVE APPROVAL HAS BEEN OBTAINED HEREON (BE GUIDED BY PPM 00,000 IN COMPLETING THIS FORM)", "type": 2, "value": 8}, {"box": [57, 191, 255, 210], "text": "BULL DURHAM Filter Box", "type": 2, "value": 4}, {"box": [57, 207, 257, 222], "text": "BULL DURHAM Lights BOX", "type": 2, "value": 4}, {"box": [346, 141, 385, 155], "text": "JOB NO", "type": 2, "value": 2}, {"box": [506, 191, 705, 221], "text": "COLLATERAL MERCHANDISING MATERIALS", "type": 2, "value": 4}, {"box": [176, 320, 254, 338], "text": "PERIOD - FROM", "type": 2, "value": 8}, {"box": [278, 318, 321, 332], "text": "00/ 00", "type": 2, "value": 8}, {"box": [482, 316, 527, 336], "text": "00/ 00", "type": 2, "value": 8}, {"box": [60, 384, 690, 419], "text": "To cover the cost of collateral merchandising materials to be used in 0000 in connection with the merchandising and promotion of BULL DURHAM.", "type": 2, "value": 2}, {"box": [59, 429, 634, 459], "text": "These costs will include but are not exclusive to the the following materials:", "type": 2, "value": 2}, {"box": [57, 471, 205, 488], "text": "CARTON END PANELS", "type": 2, "value": 8}, {"box": [466, 471, 589, 486], "text": "SCORED CARTONS", "type": 2, "value": 8}, {"box": [468, 485, 588, 499], "text": "SHELF DANGLERS", "type": 2, "value": 8}, {"box": [468, 499, 650, 516], "text": "SIDING INDOOR TALKERS", "type": 2, "value": 8}, {"box": [229, 513, 395, 528], "text": "PACKAGE I. D. STRIPS", "type": 2, "value": 8}, {"box": [229, 497, 417, 517], "text": "POSTERS (LARGE WINDOW)", "type": 2, "value": 8}, {"box": [230, 471, 325, 488], "text": "LIGHT THIEF", "type": 2, "value": 8}, {"box": [60, 513, 157, 529], "text": "JUMBO PACKS", "type": 2, "value": 8}, {"box": [402, 601, 446, 616], "text": "TOTALS $", "type": 2, "value": 2}, {"box": [380, 627, 524, 640], "text": "ACCOUNTING DISTRIBUTION", "type": 2, "value": 6}, {"box": [10, 774, 88, 792], "text": "V. P. - Marketing", "type": 2, "value": 2}, {"box": [13, 863, 83, 877], "text": "Chairman/ CEO", "type": 2, "value": 2}, {"box": [304, 654, 408, 668], "text": "$ 00.000.", "type": 2, "value": 4}, {"box": [307, 666, 410, 681], "text": "$ 00.000.", "type": 2, "value": 4}, {"box": [306, 677, 411, 695], "text": "$ 00,000.", "type": 2, "value": 4}, {"box": [444, 796, 511, 811], "text": "Account Code", "type": 2, "value": 2}, {"box": [444, 825, 507, 840], "text": "Budget Code", "type": 2, "value": 2}, {"box": [444, 853, 489, 867], "text": "Auth No.", "type": 2, "value": 2}, {"box": [547, 792, 606, 812], "text": "00- 000", "type": 2, "value": 4}]}