{"img_shape": [1000, 762], "lines": [{"box": [247, 60, 269, 74], "text": "TO:", "type": 2, "value": 2}, {"box": [247, 116, 288, 130], "text": "From:", "type": 2, "value": 2}, {"box": [291, 258, 392, 271], "text": "Contribution", "type": 2, "value": 2}, {"box": [249, 286, 324, 300], "text": "Requested", "type": 2, "value": 2}, {"box": [331, 286, 351, 301], "text": "by", "type": 2, "value": 2}, {"box": [642, 860, 676, 874], "text": "0000", "type": 2, "value": 2}, {"box": [265, 254, 286, 274], "text": "\u2611", "type": 2, "value": 4}, {"box": [356, 344, 417, 358], "text": "Message", "type": 2, "value": 2}, {"box": [353, 763, 374, 783], "text": "", "type": 2, "value": 4}, {"box": [296, 59, 442, 73], "text": "Mr. G. J. Schramm", "type": 2, "value": 4}, {"box": [507, 59, 636, 73], "text": "Mr. W. P. Myhan", "type": 2, "value": 4}, {"box": [507, 73, 644, 87], "text": "Mr. F. X. Whelan", "type": 2, "value": 4}, {"box": [296, 74, 458, 88], "text": "Mr. R. H. Stinnette", "type": 2, "value": 4}, {"box": [296, 88, 449, 102], "text": "Mr. J. B. McCarthy", "type": 2, "value": 4}, {"box": [296, 115, 401, 129], "text": "E. E. Curtin", "type": 2, "value": 4}, {"box": [247, 186, 627, 231], "text": "Request for contribution or membership to be considered by contributions Committee at next meeting", "type": 2, "value": 8}, {"box": [448, 256, 560, 273], "text": "\u2610 Membership", "type": 2, "value": 2}, {"box": [377, 271, 566, 328], "text": "Harvard Medical School and Dr. Gary Huber Boston, Massachusetts", "type": 2, "value": 4}, {"box": [454, 341, 567, 356], "text": "Letter 0/ 0/ 00", "type": 2, "value": 4}, {"box": [249, 372, 458, 386], "text": "For American Brands, Inc.", "type": 2, "value": 2}, {"box": [267, 429, 621, 443], "text": "Recent actions regarding above solicitor ", "type": 2, "value": 2}, {"box": [331, 453, 563, 468], "text": "0000 $ 00, 000. 00 by A. B., Inc.", "type": 2, "value": 4}, {"box": [330, 466, 564, 482], "text": "0000 00, 000. 00 A. B., Inc.", "type": 2, "value": 4}, {"box": [328, 479, 566, 496], "text": "0000 00, 000. 00 A. B., Inc.", "type": 2, "value": 4}, {"box": [331, 492, 566, 510], "text": "0000 00, 000. 00 A. B., Inc.", "type": 2, "value": 4}, {"box": [267, 584, 345, 597], "text": "Remarks -", "type": 2, "value": 2}, {"box": [243, 457, 321, 468], "text": "Payment -", "type": 2, "value": 2}, {"box": [246, 620, 636, 679], "text": "For confirmation by the Committee. Check for $ 00, 000. 00 representing the ninth semi- annual installment to the Harvard Project transmitted August 0000.", "type": 2, "value": 4}, {"box": [251, 749, 605, 765], "text": "Decision of Committee on Present Request -", "type": 2, "value": 2}, {"box": [268, 778, 330, 795], "text": "Pay - $", "type": 2, "value": 2}, {"box": [270, 804, 455, 822], "text": "Declined - Send letter", "type": 2, "value": 2}, {"box": [546, 806, 614, 820], "text": "YES NO", "type": 2, "value": 4}, {"box": [270, 834, 507, 848], "text": "Consideration deferred until", "type": 2, "value": 2}, {"box": [372, 860, 540, 877], "text": "Committee meeting ", "type": 2, "value": 2}, {"box": [561, 834, 609, 876], "text": "0/ 00", "type": 2, "value": 4}]}