{"img_shape": [1000, 762], "lines": [{"box": [183, 860, 271, 868], "text": "Attention:", "type": 2, "value": 2}, {"box": [203, 50, 509, 97], "text": "MARDEN- KANE. INC. 000 FIFTH AVE. NEW YORK, N.Y. 00000 (000) 000-0000", "type": 2, "value": 6}, {"box": [262, 164, 445, 179], "text": "TRAVEL INFORMATION SHEET", "type": 2, "value": 6}, {"box": [75, 201, 636, 241], "text": "This information will be used by Marden- Kane in making travel arrangements for your round- trip to Los Angeles, California.", "type": 2, "value": 8}, {"box": [71, 259, 178, 276], "text": "Finalist Name:", "type": 2, "value": 2}, {"box": [75, 304, 171, 317], "text": "Home Address:", "type": 2, "value": 2}, {"box": [76, 347, 186, 360], "text": "Home Telephone:", "type": 2, "value": 2}, {"box": [76, 390, 215, 404], "text": "Business Telephone:", "type": 2, "value": 2}, {"box": [73, 432, 178, 449], "text": "Name of Guests", "type": 2, "value": 2}, {"box": [80, 473, 259, 488], "text": "Relationship to Finalist:", "type": 2, "value": 2}, {"box": [78, 515, 234, 545], "text": "Major Airport Nearest your home:", "type": 2, "value": 2}, {"box": [78, 575, 212, 602], "text": "Distance from your home to airport:", "type": 2, "value": 2}, {"box": [78, 630, 237, 673], "text": "Do you prefer airline seats in smoking or non- smoking section:", "type": 2, "value": 2}, {"box": [78, 713, 256, 754], "text": "Any special dietary meal and/ you or your guest would prefer", "type": 2, "value": 2}, {"box": [78, 817, 165, 827], "text": "RETURN TO:", "type": 2, "value": 2}, {"box": [183, 814, 358, 858], "text": "Harden- Kane, Inc. 000 Fifth Avenue New York, N. Y. 00000", "type": 2, "value": 4}, {"box": [277, 855, 384, 871], "text": "Ms. L. Sobel", "type": 2, "value": 4}]}