{"img_shape": [1000, 762], "lines": [{"box": [226, 412, 269, 423], "text": "SIGNED", "type": 2, "value": 2}, {"box": [520, 411, 554, 424], "text": "DATE", "type": 2, "value": 2}, {"box": [506, 356, 549, 367], "text": "TOTAL:", "type": 2, "value": 2}, {"box": [35, 309, 144, 340], "text": "", "type": 2, "value": 8}, {"box": [208, 145, 250, 159], "text": "CLIENT", "type": 2, "value": 2}, {"box": [207, 172, 266, 183], "text": "PROGRAM", "type": 2, "value": 2}, {"box": [247, 196, 300, 207], "text": "STATIONS", "type": 2, "value": 2}, {"box": [246, 221, 295, 235], "text": "", "type": 2, "value": 2}, {"box": [85, 20, 123, 37], "text": "RS#00", "type": 2, "value": 8}, {"box": [36, 10, 56, 18], "text": "RS", "type": 2, "value": 8}, {"box": [56, 77, 113, 84], "text": "Accounting", "type": 2, "value": 8}, {"box": [209, 57, 716, 131], "text": "Batten, Barton, Durstine & Osborn INCORPORATED CHANGE IN RADIO SCHEDULE", "type": 2, "value": 6}, {"box": [654, 10, 715, 74], "text": "WHAS 00/0/00 00/00/00", "type": 2, "value": 8}, {"box": [309, 134, 629, 155], "text": "THE AMERICAN TOBACCO COMPANY (LUCKY STRIKE)", "type": 2, "value": 4}, {"box": [313, 165, 434, 181], "text": "0/0 HOUR PROGRAMES", "type": 2, "value": 4}, {"box": [309, 191, 519, 210], "text": "WHAS LOUISVILLE, KENTUCKY", "type": 2, "value": 4}, {"box": [310, 218, 413, 233], "text": "CONTRACT #0000", "type": 2, "value": 4}, {"box": [175, 240, 633, 257], "text": "ENTIRE SCHEDULE CANCELLED LAST BROADCAST SATURDAY, APRIL 00, 0000", "type": 2, "value": 8}, {"box": [176, 271, 348, 284], "text": "REVISED CONTRACT TOTALS.", "type": 2, "value": 2}, {"box": [359, 296, 520, 311], "text": "00 @ $ 000.00 TIME", "type": 2, "value": 4}, {"box": [359, 324, 531, 342], "text": "00 @ $ 000.00 NET TALENT", "type": 2, "value": 4}, {"box": [561, 351, 639, 368], "text": "$ 0.000.00", "type": 2, "value": 4}, {"box": [584, 408, 680, 424], "text": "APRIL 0,0000", "type": 2, "value": 4}, {"box": [309, 409, 404, 424], "text": "HOPE MARTINEZ", "type": 2, "value": 4}, {"box": [54, 439, 131, 453], "text": "Form No. RA 000", "type": 2, "value": 8}, {"box": [34, 152, 158, 223], "text": "GEN'L ACCT DEPT. APTEKICKSER MURIEL, KAMNIT PRE MALARA (0) HOPE MARTINEZ", "type": 2, "value": 8}, {"box": [36, 94, 144, 139], "text": "M. BOGGIANO Director) FRANK TOWERS", "type": 2, "value": 8}]}