{"img_shape": [1000, 762], "lines": [{"box": [439, 273, 474, 286], "text": "DATE", "type": 2, "value": 2}, {"box": [275, 270, 308, 285], "text": "PMRM", "type": 2, "value": 4}, {"box": [275, 500, 346, 516], "text": "Cigarette", "type": 2, "value": 2}, {"box": [353, 499, 439, 515], "text": "dimensions:", "type": 2, "value": 2}, {"box": [274, 525, 340, 536], "text": "ference.", "type": 2, "value": 4}, {"box": [114, 725, 137, 736], "text": "cc:", "type": 2, "value": 2}, {"box": [151, 722, 176, 735], "text": "RSS", "type": 2, "value": 4}, {"box": [152, 735, 177, 747], "text": "RDC", "type": 2, "value": 4}, {"box": [154, 747, 177, 760], "text": "PHL", "type": 2, "value": 4}, {"box": [152, 761, 176, 773], "text": "PRC", "type": 2, "value": 4}, {"box": [152, 773, 176, 784], "text": "BMC", "type": 2, "value": 4}, {"box": [154, 785, 207, 797], "text": "Records", "type": 2, "value": 4}, {"box": [286, 183, 467, 198], "text": "PROJECT INITIATION FORM", "type": 2, "value": 6}, {"box": [116, 270, 211, 286], "text": "PROJECT CODE", "type": 2, "value": 2}, {"box": [116, 309, 209, 323], "text": "PROJECT NAME", "type": 2, "value": 2}, {"box": [116, 348, 227, 364], "text": "PROJECT LEADER", "type": 2, "value": 2}, {"box": [116, 385, 247, 400], "text": "WORK REQUESTED BY", "type": 2, "value": 2}, {"box": [116, 424, 250, 440], "text": "PROJECT OBJECTIVE", "type": 2, "value": 2}, {"box": [115, 551, 231, 579], "text": "OTHER PERSONNEL ASSIGNED", "type": 2, "value": 2}, {"box": [483, 270, 594, 286], "text": "April 00, 0000", "type": 2, "value": 4}, {"box": [275, 307, 467, 324], "text": "PALL MALL Regular Menthol", "type": 2, "value": 4}, {"box": [273, 346, 369, 363], "text": "J. F. Anders", "type": 2, "value": 4}, {"box": [275, 384, 422, 400], "text": "R. S. Sprinkle, III", "type": 2, "value": 4}, {"box": [275, 422, 593, 489], "text": "To develop a nonfilter menthol cigarette delivering 00- 00 mg \"tar\" as a menthol companion to PALL MALL Famous Cigarettes.", "type": 2, "value": 4}, {"box": [455, 499, 610, 512], "text": "00 x 00.0 mm circum-", "type": 2, "value": 4}, {"box": [275, 563, 368, 578], "text": "E. P. Barbee", "type": 2, "value": 4}, {"box": [390, 684, 478, 698], "text": "Approved by", "type": 2, "value": 2}, {"box": [152, 810, 342, 826], "text": "Other Personnel Assigned", "type": 2, "value": 4}, {"box": [152, 797, 262, 810], "text": "Project Leader", "type": 2, "value": 4}, {"box": [504, 869, 619, 887], "text": "ATX00 0000000", "type": 2, "value": 8}, {"box": [392, 701, 570, 749], "text": "R. S. Sprinkle III", "type": 2, "value": 4}]}