{"img_shape": [1000, 762], "lines": [{"box": [149, 170, 217, 181], "text": "Supplier:", "type": 2, "value": 2}, {"box": [196, 352, 259, 363], "text": "APPROVED", "type": 2, "value": 2}, {"box": [149, 596, 196, 610], "text": "Tester", "type": 2, "value": 2}, {"box": [149, 655, 206, 670], "text": "Manager", "type": 2, "value": 2}, {"box": [288, 92, 479, 105], "text": "TEST ADHESIVE EVALUATION", "type": 2, "value": 6}, {"box": [149, 208, 260, 222], "text": "Adhesive Code:", "type": 2, "value": 2}, {"box": [148, 249, 404, 276], "text": "Application: tipping, carton end flaps, etc.)", "type": 2, "value": 2}, {"box": [148, 299, 243, 312], "text": "Test Period:", "type": 2, "value": 2}, {"box": [405, 353, 500, 366], "text": "NOT APPROVED", "type": 2, "value": 2}, {"box": [149, 402, 381, 418], "text": "If not approved state reasons.", "type": 2, "value": 8}, {"box": [148, 616, 268, 631], "text": "Quality Control", "type": 2, "value": 2}, {"box": [147, 634, 275, 651], "text": "Local Purchasing", "type": 2, "value": 2}, {"box": [147, 689, 617, 720], "text": "Complete and return to D. R. Brickey, Department of Research and Development, as soon as possible.", "type": 2, "value": 8}, {"box": [520, 883, 634, 897], "text": "ATXO0 0000000", "type": 2, "value": 8}]}