{"img_shape": [1000, 795], "lines": [{"box": [448, 216, 504, 234], "text": "Brand(s)", "type": 2, "value": 2}, {"box": [84, 214, 143, 232], "text": "Company", "type": 2, "value": 2}, {"box": [601, 397, 640, 412], "text": "DATE", "type": 2, "value": 2}, {"box": [412, 395, 493, 409], "text": "SIGNATURE", "type": 2, "value": 2}, {"box": [223, 395, 265, 410], "text": "NAME", "type": 2, "value": 2}, {"box": [84, 429, 144, 444], "text": "Originator", "type": 2, "value": 2}, {"box": [82, 468, 138, 482], "text": "Manager", "type": 2, "value": 2}, {"box": [601, 522, 640, 539], "text": "DATE", "type": 2, "value": 2}, {"box": [602, 662, 680, 677], "text": "SECTION(S)", "type": 2, "value": 2}, {"box": [412, 522, 493, 537], "text": "SIGNATURE", "type": 2, "value": 2}, {"box": [411, 662, 467, 677], "text": "PAGE(S)", "type": 2, "value": 2}, {"box": [84, 556, 143, 569], "text": "Insurance", "type": 2, "value": 2}, {"box": [82, 589, 110, 602], "text": "Law", "type": 2, "value": 2}, {"box": [620, 464, 707, 488], "text": "0-00-00", "type": 2, "value": 4}, {"box": [409, 842, 443, 856], "text": "SME", "type": 2, "value": 4}, {"box": [226, 63, 581, 99], "text": "SPORTS MARKETING ENTERPRISES DOCUMENT CLEARANCE SHEET", "type": 2, "value": 6}, {"box": [225, 135, 333, 154], "text": "January 00, 0000", "type": 2, "value": 4}, {"box": [81, 133, 165, 150], "text": "Date Routed:", "type": 2, "value": 2}, {"box": [412, 133, 487, 151], "text": "Contract No.", "type": 2, "value": 2}, {"box": [554, 135, 625, 151], "text": "0000 00 00", "type": 2, "value": 4}, {"box": [226, 180, 350, 200], "text": "Joe's Place Exhibits", "type": 2, "value": 4}, {"box": [85, 180, 187, 197], "text": "Contract Subject:", "type": 2, "value": 2}, {"box": [173, 211, 266, 232], "text": "SPEVCO, INC.", "type": 2, "value": 4}, {"box": [522, 215, 619, 230], "text": "Camel/ Winston", "type": 2, "value": 4}, {"box": [418, 249, 526, 267], "text": "Current Year Cost", "type": 2, "value": 2}, {"box": [81, 250, 200, 267], "text": "Total Contract Cost", "type": 2, "value": 2}, {"box": [243, 249, 337, 266], "text": "$ 0,000,000.00", "type": 2, "value": 4}, {"box": [582, 250, 648, 267], "text": "0000-0000", "type": 2, "value": 4}, {"box": [82, 286, 183, 303], "text": "Brief Description", "type": 2, "value": 2}, {"box": [247, 284, 701, 315], "text": "0 Joe's Place Exhibits for use at Winston Cup, Winston Drag and Camel Super Bike Events.", "type": 2, "value": 4}, {"box": [82, 355, 147, 371], "text": "G/ L Code:", "type": 2, "value": 2}, {"box": [404, 353, 537, 370], "text": "Program Budget Code", "type": 2, "value": 2}, {"box": [226, 426, 322, 445], "text": "Michael Wright", "type": 2, "value": 4}, {"box": [225, 468, 303, 483], "text": "John Powell", "type": 2, "value": 4}, {"box": [432, 450, 573, 493], "text": "B J. Powell", "type": 2, "value": 4}, {"box": [82, 501, 203, 518], "text": "REVIEW ROUTING", "type": 2, "value": 2}, {"box": [82, 624, 172, 641], "text": "FS - Marketing", "type": 2, "value": 2}, {"box": [81, 887, 295, 917], "text": "* UP TO AND INCLUDING $ 00,000 ** OVER $ 00,000", "type": 2, "value": 8}, {"box": [601, 902, 704, 919], "text": "Revised 00/00/00", "type": 2, "value": 8}, {"box": [599, 842, 652, 857], "text": "00 Plaza", "type": 2, "value": 4}, {"box": [737, 774, 752, 869], "text": "00000 0000", "type": 2, "value": 8}, {"box": [80, 659, 227, 711], "text": "REVISIONS TO SHELL (Other than Term Compensation or Job", "type": 2, "value": 2}, {"box": [81, 733, 222, 748], "text": "APPROVAL ROUTING", "type": 2, "value": 2}, {"box": [81, 749, 270, 768], "text": "* Sr. Manager (B. J. Powell)", "type": 2, "value": 2}, {"box": [84, 767, 245, 788], "text": "* Director - (G. L. Littell)", "type": 2, "value": 2}, {"box": [81, 802, 280, 820], "text": "** Sr. VP T. W. Robertson", "type": 2, "value": 2}, {"box": [78, 839, 148, 858], "text": "Return To:", "type": 2, "value": 2}, {"box": [222, 841, 348, 873], "text": "MARY SEAGRAVES Ext 0000", "type": 2, "value": 4}]}