{"img_shape": [1000, 762], "lines": [{"box": [56, 455, 121, 468], "text": "PROJECT", "type": 2, "value": 2}, {"box": [126, 455, 209, 467], "text": "OBJECTIVE:", "type": 2, "value": 2}, {"box": [475, 281, 522, 296], "text": "DATE:", "type": 2, "value": 2}, {"box": [248, 271, 280, 289], "text": "BTF", "type": 2, "value": 4}, {"box": [249, 321, 264, 329], "text": "-", "type": 2, "value": 4}, {"box": [53, 86, 81, 104], "text": "To:", "type": 2, "value": 2}, {"box": [100, 86, 145, 104], "text": "Files", "type": 2, "value": 4}, {"box": [555, 90, 658, 105], "text": "CONFIDENTIAL", "type": 2, "value": 8}, {"box": [53, 826, 91, 844], "text": "EPB:", "type": 2, "value": 2}, {"box": [55, 855, 82, 870], "text": "cc:", "type": 2, "value": 2}, {"box": [88, 826, 120, 843], "text": "ODL", "type": 2, "value": 4}, {"box": [259, 166, 460, 183], "text": "PROJECT INITIATION FORM", "type": 2, "value": 6}, {"box": [527, 269, 685, 292], "text": "September 00, 0000", "type": 2, "value": 4}, {"box": [53, 281, 166, 298], "text": "PROJECT CODE:", "type": 2, "value": 2}, {"box": [53, 324, 166, 341], "text": "PROJECT NAME:", "type": 2, "value": 2}, {"box": [56, 367, 183, 382], "text": "PROJECT LEADER:", "type": 2, "value": 2}, {"box": [55, 410, 212, 425], "text": "WORK REQUESTED BY:", "type": 2, "value": 2}, {"box": [249, 355, 353, 377], "text": "E. P. Barbee", "type": 2, "value": 4}, {"box": [248, 402, 410, 420], "text": "R. S. Sprinkle, III", "type": 2, "value": 4}, {"box": [249, 444, 643, 577], "text": "To develop cigarette Cigarette to utilize a filter tip with longitudinal grooves from the mouth end to the tobacco end in con- junction with perforated tipping paper.", "type": 2, "value": 4}, {"box": [55, 606, 188, 636], "text": "OTHER PERSONNEL ASSIGNED:", "type": 2, "value": 2}, {"box": [251, 613, 377, 635], "text": "J. E. Mann, Jr.", "type": 2, "value": 4}, {"box": [249, 643, 365, 663], "text": "D. E. Cawthon", "type": 2, "value": 4}, {"box": [402, 757, 510, 776], "text": "Approved by:", "type": 2, "value": 2}, {"box": [405, 771, 638, 844], "text": "R. S. Sprinkle, III", "type": 2, "value": 4}, {"box": [98, 855, 196, 902], "text": "BMC/RMI/EPB JEM/DEC PRC/DRB", "type": 2, "value": 4}]}