{"img_shape": [1000, 762], "lines": [{"box": [501, 141, 535, 156], "text": "Date", "type": 2, "value": 2}, {"box": [197, 295, 267, 312], "text": "Marketing", "type": 2, "value": 4}, {"box": [168, 270, 203, 283], "text": "Mann", "type": 2, "value": 4}, {"box": [299, 81, 473, 98], "text": "Project Initiation Form", "type": 2, "value": 6}, {"box": [547, 141, 674, 159], "text": "November 00, 0000", "type": 2, "value": 4}, {"box": [168, 141, 229, 156], "text": "CST- N- 00", "type": 2, "value": 4}, {"box": [54, 141, 144, 159], "text": "Project Code", "type": 2, "value": 2}, {"box": [53, 209, 144, 226], "text": "Project Name", "type": 2, "value": 2}, {"box": [170, 207, 349, 226], "text": "Charcoal Smoking Tobacco", "type": 2, "value": 4}, {"box": [54, 267, 159, 284], "text": "Project Leader", "type": 2, "value": 2}, {"box": [53, 299, 180, 316], "text": "Work Requested by", "type": 2, "value": 2}, {"box": [54, 355, 181, 373], "text": "Project Objective", "type": 2, "value": 2}, {"box": [200, 353, 655, 402], "text": "A pipe tobacco containing activated charcoal - must show vapor phase reduction.", "type": 2, "value": 4}, {"box": [106, 432, 549, 500], "text": "Smoking Deval Tobacco ", "type": 2, "value": 8}, {"box": [57, 744, 237, 762], "text": "Other personnel assigned", "type": 2, "value": 2}, {"box": [254, 742, 690, 760], "text": "Analytical Section is doing most of the work on vapor phase.", "type": 2, "value": 4}, {"box": [74, 771, 468, 790], "text": "PDL and John Brooks preparing charocal impregnated RC.", "type": 2, "value": 4}, {"box": [61, 848, 310, 866], "text": "Estimated Man Hours for Completion", "type": 2, "value": 2}]}