{"img_shape": [1000, 754], "lines": [{"box": [622, 784, 639, 864], "text": "00000000", "type": 2, "value": 8}, {"box": [84, 869, 125, 879], "text": "SIGNATURE", "type": 2, "value": 2}, {"box": [486, 872, 504, 880], "text": "DATE", "type": 2, "value": 2}, {"box": [163, 732, 176, 739], "text": "TO", "type": 2, "value": 6}, {"box": [103, 179, 130, 190], "text": "A00", "type": 2, "value": 4}, {"box": [82, 219, 96, 232], "text": "pH", "type": 2, "value": 2}, {"box": [103, 376, 125, 389], "text": "ORAL", "type": 2, "value": 2}, {"box": [84, 355, 125, 366], "text": "SOLUBILITY", "type": 2, "value": 2}, {"box": [228, 141, 522, 161], "text": "COMPOUND PHYSICAL PARAMETERS", "type": 2, "value": 6}, {"box": [84, 170, 148, 178], "text": "LRC FILE NUMBER", "type": 2, "value": 2}, {"box": [486, 170, 533, 181], "text": "LOT NUMBER", "type": 2, "value": 2}, {"box": [85, 196, 142, 204], "text": "PHYSICAL STATE", "type": 2, "value": 2}, {"box": [103, 203, 286, 218], "text": "Clear Colorless liquid", "type": 2, "value": 4}, {"box": [102, 228, 644, 284], "text": "The pH of a 00 % concentration of A00 in (00.0% dioxane/ water was calculated to be 0.00 at 00 C according to the extrapolation procedures by Dr. P. D. Schickedantz, Lorillard Research Center Accession Number 0000, Reference OR 00- 00.", "type": 2, "value": 4}, {"box": [144, 359, 427, 373], "text": "(See SOE for Biological Solutions)", "type": 2, "value": 4}, {"box": [109, 388, 558, 433], "text": "Reference OR 000- 00 . 0g A00 soluble in .0 mL corn oil at room temperature.", "type": 2, "value": 4}, {"box": [105, 483, 194, 496], "text": "ACUTE CARDIOVASCULAR", "type": 2, "value": 2}, {"box": [108, 500, 651, 608], "text": "(See SOP for Determination of Solubility of Materials for Acute Cardiovascular and Respiratory Effects Study in Beagle Dogs) Reference OR 000- 00 .0 mg A00 soluble in .0 mL 00 % propylene glycol solution at 00 C. Add A00 to warm (00 C) propylene glycol; add warm water to make 00 % propylene glycol solution.", "type": 2, "value": 4}, {"box": [103, 644, 500, 658], "text": "Refrig erate in amber bottle at no more than 0 C.", "type": 2, "value": 4}, {"box": [84, 630, 193, 640], "text": "STORAGE RECOMMENDATIONS", "type": 2, "value": 2}, {"box": [85, 732, 163, 740], "text": "COMPOUND SENSITIVE", "type": 2, "value": 6}, {"box": [103, 754, 128, 761], "text": "\u2610 AIR", "type": 2, "value": 2}, {"box": [141, 753, 170, 761], "text": "\u2610 HEAT", "type": 2, "value": 2}, {"box": [186, 753, 234, 761], "text": "\u2610 MOISTURE", "type": 2, "value": 2}, {"box": [247, 753, 282, 761], "text": "\u2610 OTHER", "type": 2, "value": 2}, {"box": [85, 779, 284, 787], "text": "SAFETY COMMENTS SUGGESTED- PROCEDURES)", "type": 2, "value": 8}, {"box": [81, 895, 189, 903], "text": "LORILL ARD RESEARCH CENTER", "type": 2, "value": 8}, {"box": [161, 858, 297, 908], "text": "", "type": 2, "value": 4}, {"box": [527, 869, 609, 908], "text": "0/ 00/ 00", "type": 2, "value": 4}, {"box": [630, 897, 677, 905], "text": "FORM ", "type": 2, "value": 8}]}