{"img_shape": [1000, 773], "lines": [{"box": [75, 105, 99, 113], "text": "NAME", "type": 2, "value": 2}, {"box": [75, 187, 122, 197], "text": "STRUCTURE", "type": 2, "value": 2}, {"box": [205, 330, 222, 341], "text": "II", "type": 2, "value": 4}, {"box": [75, 351, 121, 362], "text": "COMMENTS", "type": 2, "value": 2}, {"box": [461, 337, 486, 348], "text": "A00", "type": 2, "value": 4}, {"box": [677, 799, 697, 890], "text": "00000000", "type": 2, "value": 8}, {"box": [513, 103, 537, 113], "text": "DATE", "type": 2, "value": 2}, {"box": [209, 78, 579, 96], "text": "DECISION TREE ESTIMATION OF TOXIC RISK", "type": 2, "value": 6}, {"box": [106, 109, 319, 124], "text": "Paul Schickedantz, Jack Reid", "type": 2, "value": 4}, {"box": [560, 108, 613, 122], "text": "00- 0- 00", "type": 2, "value": 4}, {"box": [74, 131, 148, 141], "text": "COMPOUND NAME", "type": 2, "value": 2}, {"box": [104, 154, 288, 169], "text": "0-Hydroxycyclododecanone", "type": 2, "value": 4}, {"box": [123, 225, 209, 289], "text": "OH O", "type": 2, "value": 4}, {"box": [75, 324, 186, 335], "text": "ESTIMATED TOXICITY CLASS", "type": 2, "value": 2}, {"box": [398, 324, 556, 336], "text": "LORILLARD COMPOUND CODE NUMBER", "type": 2, "value": 2}, {"box": [108, 377, 642, 407], "text": "This carbocyclic keto alcohol was placed in estimated toxicity class II due to the direct attachment of the ketone to the cyclic nucleus.", "type": 2, "value": 4}, {"box": [74, 901, 200, 912], "text": "LORILLARD RESEARCH CENTER", "type": 2, "value": 8}, {"box": [663, 899, 721, 909], "text": "FORM 0 (000)", "type": 2, "value": 8}]}