{"img_shape": [1000, 773], "lines": [{"box": [66, 138, 91, 146], "text": "CLASS", "type": 2, "value": 2}, {"box": [174, 91, 204, 103], "text": "A00", "type": 2, "value": 4}, {"box": [261, 111, 308, 119], "text": "SOLUBILITY", "type": 2, "value": 2}, {"box": [274, 125, 306, 132], "text": "WATER", "type": 2, "value": 4}, {"box": [349, 123, 381, 131], "text": "OTHER", "type": 2, "value": 4}, {"box": [394, 111, 439, 118], "text": "MEASURED", "type": 2, "value": 4}, {"box": [405, 148, 425, 156], "text": "SALT", "type": 2, "value": 4}, {"box": [289, 148, 311, 156], "text": "BASE", "type": 2, "value": 4}, {"box": [154, 148, 176, 155], "text": "ACID", "type": 2, "value": 4}, {"box": [66, 174, 113, 184], "text": "REACTIVITY", "type": 2, "value": 6}, {"box": [248, 219, 299, 227], "text": "UNCHANGED", "type": 2, "value": 4}, {"box": [244, 244, 299, 251], "text": "UNCHANGED", "type": 2, "value": 4}, {"box": [246, 274, 299, 282], "text": "UNCHANGED", "type": 2, "value": 4}, {"box": [248, 302, 299, 310], "text": "UNCHANCED", "type": 2, "value": 4}, {"box": [248, 331, 301, 339], "text": "UNCHANGED", "type": 2, "value": 4}, {"box": [248, 357, 299, 365], "text": "UNCHANGED", "type": 2, "value": 4}, {"box": [352, 219, 418, 227], "text": "DECOMPOSITION", "type": 2, "value": 4}, {"box": [352, 244, 418, 251], "text": "DECOMPOSITION", "type": 2, "value": 4}, {"box": [352, 274, 418, 281], "text": "DECOMPOSITION", "type": 2, "value": 4}, {"box": [354, 302, 417, 310], "text": "DECOMPOSITION", "type": 2, "value": 4}, {"box": [354, 331, 420, 339], "text": "DECOMPOSITION", "type": 2, "value": 4}, {"box": [354, 357, 420, 364], "text": "DECOMPOSITION", "type": 2, "value": 4}, {"box": [505, 218, 555, 228], "text": "UNCHANGED", "type": 2, "value": 4}, {"box": [505, 243, 555, 253], "text": "UNCHANGED", "type": 2, "value": 4}, {"box": [502, 274, 555, 282], "text": "UNCHANGED", "type": 2, "value": 4}, {"box": [503, 302, 554, 310], "text": "UNCHANGED", "type": 2, "value": 4}, {"box": [503, 331, 554, 339], "text": "UNCHANGED", "type": 2, "value": 4}, {"box": [503, 355, 556, 363], "text": "UNCHANGED", "type": 2, "value": 4}, {"box": [613, 218, 679, 228], "text": "DECOMPOSITION", "type": 2, "value": 4}, {"box": [611, 244, 679, 252], "text": "DECOMPOSITION", "type": 2, "value": 4}, {"box": [610, 272, 680, 280], "text": "DECOMPOSITION", "type": 2, "value": 4}, {"box": [611, 302, 677, 310], "text": "DECOMPOSITION", "type": 2, "value": 4}, {"box": [611, 329, 677, 339], "text": "DECOMPOSITION", "type": 2, "value": 4}, {"box": [610, 357, 680, 364], "text": "DECOMPOSITION", "type": 2, "value": 4}, {"box": [653, 384, 670, 470], "text": "00000000", "type": 2, "value": 8}, {"box": [81, 553, 94, 561], "text": "AIR", "type": 2, "value": 4}, {"box": [128, 551, 148, 561], "text": "HEAT", "type": 2, "value": 4}, {"box": [186, 553, 208, 561], "text": "LIGHT", "type": 2, "value": 4}, {"box": [243, 553, 286, 561], "text": "MOISTURE", "type": 2, "value": 4}, {"box": [321, 551, 348, 561], "text": "OTHER", "type": 2, "value": 4}, {"box": [68, 585, 116, 592], "text": "COMMENTS", "type": 2, "value": 2}, {"box": [71, 855, 116, 862], "text": "SIGNATURE", "type": 2, "value": 2}, {"box": [510, 854, 535, 862], "text": "DATE", "type": 2, "value": 2}, {"box": [563, 849, 666, 892], "text": "", "type": 2, "value": 4}, {"box": [543, 90, 618, 103], "text": "00/0000", "type": 2, "value": 4}, {"box": [676, 120, 708, 133], "text": "g000ml", "type": 2, "value": 4}, {"box": [523, 121, 558, 131], "text": "AMOUNT", "type": 2, "value": 2}, {"box": [515, 146, 543, 156], "text": "OTHER", "type": 2, "value": 4}, {"box": [513, 110, 561, 118], "text": "ESTIMATED", "type": 2, "value": 4}, {"box": [713, 17, 730, 29], "text": "00", "type": 2, "value": 8}, {"box": [508, 80, 533, 88], "text": "DATE", "type": 2, "value": 2}, {"box": [367, 18, 454, 30], "text": "ADDENDUM II", "type": 2, "value": 8}, {"box": [224, 48, 549, 69], "text": "COMPOUND PHYSICAL PARAMETERS", "type": 2, "value": 6}, {"box": [65, 81, 154, 91], "text": "LRC COMPOUND CODE", "type": 2, "value": 2}, {"box": [66, 110, 150, 118], "text": "MOLECULAR WEIGHT", "type": 2, "value": 2}, {"box": [159, 121, 213, 133], "text": "000. 00", "type": 2, "value": 4}, {"box": [277, 199, 351, 207], "text": "WITHOUT HEATING", "type": 2, "value": 2}, {"box": [394, 174, 507, 183], "text": "DESCRIPTION OF REACTIVITY", "type": 2, "value": 6}, {"box": [532, 199, 618, 207], "text": "WITH HEATING (00C)", "type": 2, "value": 2}, {"box": [85, 218, 163, 228], "text": "0) WATER or BRINE:", "type": 2, "value": 2}, {"box": [88, 244, 128, 254], "text": "0) 0% HCL", "type": 2, "value": 2}, {"box": [88, 272, 138, 280], "text": "0) 0% NaOH:", "type": 2, "value": 2}, {"box": [88, 302, 143, 311], "text": "0) ALCOHOLS:", "type": 2, "value": 2}, {"box": [88, 331, 134, 339], "text": "0) OXYGEN:", "type": 2, "value": 2}, {"box": [88, 357, 125, 365], "text": "0) LIGHT:", "type": 2, "value": 2}, {"box": [68, 377, 292, 387], "text": "SAFETY COMMENTS (SUGGESTED HANDLING PROCEDURE)", "type": 2, "value": 8}, {"box": [68, 472, 140, 482], "text": "CHEMICAL PURITY", "type": 2, "value": 2}, {"box": [394, 472, 489, 480], "text": "ANALYTICAL METHOD(S)", "type": 2, "value": 2}, {"box": [68, 510, 188, 520], "text": "STORAGE RECOMMENDATIONS", "type": 2, "value": 2}, {"box": [307, 510, 382, 520], "text": "NORMAL STORAGE", "type": 2, "value": 4}, {"box": [70, 538, 172, 548], "text": "COMPOUND SENSITIVE TO", "type": 2, "value": 2}, {"box": [487, 507, 695, 549], "text": "X SPECIAL STORAGE Refrigerate in amber bottle at no more than * C", "type": 2, "value": 8}, {"box": [93, 610, 708, 671], "text": "pH- The pH of a 00% concentration of A00 in a 00.0% dioxane/water solution was calculated to be 0.00 at 00\u00b0C according to the extra- polation procedures by Dr. P. D. Schickedantz, Lorillard Research Center Accession No. 0000, Reference OR 00- 000.", "type": 2, "value": 4}, {"box": [93, 683, 508, 698], "text": "Solubility (See SOP for Biological Solutions)", "type": 2, "value": 4}, {"box": [93, 709, 714, 740], "text": "Oral- 0g A00 forms a suspension with stirring in 00 ml 0% Tween 00 at room temperature. Reference OR 00- 000.", "type": 2, "value": 4}, {"box": [96, 754, 724, 798], "text": "Acute Cardiovascular- Mix 0 mg A00 with 0.0 ml 00% propylene glycol and grind lightly. Add 0.0 ml saline solution. A00 is a suspension in this mixture at room temperature. Reference OR 00- 000.", "type": 2, "value": 4}, {"box": [71, 882, 195, 892], "text": "LORILLARD RESEARCH CENTER", "type": 2, "value": 2}, {"box": [95, 850, 376, 879], "text": "Johnson", "type": 2, "value": 4}, {"box": [666, 880, 725, 892], "text": "FORM ", "type": 2, "value": 8}]}