{"img_shape": [1000, 786], "lines": [{"box": [74, 119, 124, 137], "text": "COMPOUND", "type": 2, "value": 2}, {"box": [74, 154, 115, 169], "text": "SOURCE:", "type": 2, "value": 2}, {"box": [74, 214, 148, 229], "text": "INVESTIGATOR(S)", "type": 2, "value": 2}, {"box": [75, 243, 138, 258], "text": "SIGNATURE(S)", "type": 2, "value": 2}, {"box": [404, 154, 450, 169], "text": "LORILLARD", "type": 2, "value": 2}, {"box": [451, 155, 468, 169], "text": "NO", "type": 2, "value": 2}, {"box": [501, 186, 551, 199], "text": "REPORTED:", "type": 2, "value": 2}, {"box": [612, 154, 629, 168], "text": "LOT", "type": 2, "value": 2}, {"box": [630, 155, 651, 166], "text": "NO.", "type": 2, "value": 2}, {"box": [77, 796, 131, 810], "text": "CONCLUSION", "type": 2, "value": 2}, {"box": [531, 374, 552, 384], "text": "TA00", "type": 2, "value": 6}, {"box": [405, 374, 429, 384], "text": "TA000", "type": 2, "value": 6}, {"box": [278, 373, 309, 384], "text": "TA0000", "type": 2, "value": 6}, {"box": [320, 182, 352, 203], "text": "TESTED", "type": 2, "value": 2}, {"box": [485, 300, 526, 317], "text": "SOLVENT", "type": 2, "value": 6}, {"box": [554, 302, 579, 317], "text": "DMSC", "type": 2, "value": 2}, {"box": [538, 303, 552, 317], "text": "\u2611", "type": 2, "value": 4}, {"box": [284, 303, 295, 314], "text": "00", "type": 2, "value": 4}, {"box": [349, 304, 360, 314], "text": "00", "type": 2, "value": 4}, {"box": [415, 303, 433, 316], "text": "000", "type": 2, "value": 4}, {"box": [352, 332, 369, 346], "text": ".0", "type": 2, "value": 4}, {"box": [507, 497, 534, 515], "text": ".00", "type": 2, "value": 4}, {"box": [563, 478, 590, 493], "text": ".00", "type": 2, "value": 4}, {"box": [563, 500, 590, 515], "text": ".00", "type": 2, "value": 4}, {"box": [563, 521, 591, 538], "text": ".00", "type": 2, "value": 4}, {"box": [451, 475, 479, 495], "text": ".00", "type": 2, "value": 4}, {"box": [454, 500, 478, 515], "text": ".00", "type": 2, "value": 4}, {"box": [453, 521, 480, 538], "text": ".00", "type": 2, "value": 4}, {"box": [313, 473, 342, 493], "text": ".00", "type": 2, "value": 4}, {"box": [316, 499, 341, 514], "text": ".00", "type": 2, "value": 4}, {"box": [316, 521, 341, 538], "text": ".00", "type": 2, "value": 4}, {"box": [388, 496, 416, 516], "text": ".00", "type": 2, "value": 4}, {"box": [137, 475, 168, 490], "text": "000", "type": 2, "value": 4}, {"box": [140, 500, 165, 515], "text": "000", "type": 2, "value": 4}, {"box": [138, 521, 169, 536], "text": "000", "type": 2, "value": 4}, {"box": [138, 634, 152, 647], "text": "0", "type": 2, "value": 4}, {"box": [137, 656, 152, 671], "text": "0", "type": 2, "value": 4}, {"box": [260, 658, 289, 672], "text": ".00", "type": 2, "value": 8}, {"box": [508, 654, 535, 672], "text": ".00", "type": 2, "value": 8}, {"box": [728, 806, 746, 902], "text": "00000000", "type": 2, "value": 8}, {"box": [668, 13, 712, 33], "text": "", "type": 2, "value": 8}, {"box": [260, 71, 544, 97], "text": "AMES ASSAY FOR MUTAGENICITY", "type": 2, "value": 6}, {"box": [145, 112, 343, 131], "text": "0, 0- Dihydroxypyridine", "type": 2, "value": 4}, {"box": [137, 144, 404, 166], "text": "Lorillard - Organic Chemistry", "type": 2, "value": 4}, {"box": [483, 141, 542, 162], "text": "OR00 -0", "type": 2, "value": 4}, {"box": [74, 183, 144, 197], "text": "DATE RECEIVED", "type": 2, "value": 2}, {"box": [175, 176, 231, 193], "text": "0 /0 /00", "type": 2, "value": 4}, {"box": [363, 172, 515, 195], "text": "0 /00 /00 -00 /00 /00", "type": 2, "value": 4}, {"box": [616, 173, 690, 195], "text": "00 /00 /00", "type": 2, "value": 4}, {"box": [175, 203, 397, 225], "text": "H. S. Tong & A. A. Poole", "type": 2, "value": 4}, {"box": [535, 214, 610, 231], "text": "NOTEBOOK PAGE", "type": 2, "value": 2}, {"box": [633, 205, 698, 224], "text": "BIO0 -00", "type": 2, "value": 4}, {"box": [186, 229, 606, 268], "text": "", "type": 2, "value": 4}, {"box": [77, 300, 173, 317], "text": "TOXICITY (% SURVIVAL)", "type": 2, "value": 2}, {"box": [75, 327, 177, 342], "text": "CONCENTRATION 0mgimit", "type": 2, "value": 2}, {"box": [538, 328, 585, 342], "text": "\u2610 OTHER", "type": 2, "value": 2}, {"box": [588, 303, 637, 317], "text": "\u2610 WATER", "type": 2, "value": 2}, {"box": [75, 370, 146, 385], "text": "S. TYPHIMURIUM", "type": 2, "value": 2}, {"box": [74, 406, 194, 427], "text": "CONTROL AFVERTANTS PER PLATE (0.00 ml SOLVENT)", "type": 2, "value": 2}, {"box": [249, 388, 276, 399], "text": "(-) 0", "type": 2, "value": 2}, {"box": [310, 388, 335, 400], "text": "(+) ", "type": 2, "value": 2}, {"box": [373, 388, 398, 400], "text": "", "type": 2, "value": 2}, {"box": [433, 390, 459, 401], "text": "(+) ", "type": 2, "value": 2}, {"box": [496, 390, 522, 400], "text": "(-) ", "type": 2, "value": 2}, {"box": [557, 390, 583, 400], "text": "(+) ", "type": 2, "value": 2}, {"box": [624, 390, 650, 401], "text": "(-) ", "type": 2, "value": 2}, {"box": [684, 390, 711, 401], "text": "(+) ", "type": 2, "value": 2}, {"box": [239, 419, 279, 439], "text": "0 .00", "type": 2, "value": 4}, {"box": [300, 418, 343, 438], "text": "0 .00", "type": 2, "value": 4}, {"box": [359, 419, 414, 439], "text": "000 .00", "type": 2, "value": 4}, {"box": [423, 419, 480, 437], "text": "000 .00", "type": 2, "value": 4}, {"box": [496, 422, 534, 439], "text": "0 .00.00", "type": 2, "value": 4}, {"box": [543, 420, 590, 437], "text": "00 .00", "type": 2, "value": 4}, {"box": [250, 497, 285, 517], "text": "0. 00", "type": 2, "value": 4}, {"box": [77, 454, 163, 468], "text": "COMPOUND (US plate)", "type": 2, "value": 2}, {"box": [314, 455, 631, 470], "text": "REVERSION RATE (TEST REVERSANTS/CONTROL REVERTANTS PER PLATE", "type": 2, "value": 2}, {"box": [77, 585, 154, 603], "text": "POSTIVE CONTROL (ug plate)", "type": 2, "value": 2}, {"box": [77, 615, 166, 628], "text": "0- AMINOANTHHACENE", "type": 2, "value": 2}, {"box": [250, 631, 285, 651], "text": "0. 00", "type": 2, "value": 8}, {"box": [303, 631, 344, 650], "text": "0 .00", "type": 2, "value": 8}, {"box": [366, 633, 410, 650], "text": "0 .00", "type": 2, "value": 8}, {"box": [434, 634, 472, 649], "text": "0 .00", "type": 2, "value": 8}, {"box": [499, 631, 535, 650], "text": "0 .00", "type": 2, "value": 8}, {"box": [553, 634, 599, 649], "text": "00 .00", "type": 2, "value": 8}, {"box": [554, 655, 599, 673], "text": "00 .00", "type": 2, "value": 8}, {"box": [433, 656, 472, 673], "text": "0 .00", "type": 2, "value": 8}, {"box": [369, 656, 408, 673], "text": "0 .00", "type": 2, "value": 8}, {"box": [304, 656, 347, 672], "text": "0 .00", "type": 2, "value": 8}, {"box": [166, 785, 711, 809], "text": "This compound is judged non mutagenic in this test system.", "type": 2, "value": 4}, {"box": [138, 832, 361, 852], "text": "Copies to the following:", "type": 2, "value": 2}, {"box": [377, 832, 564, 871], "text": "Dr. H. J. Minnemeyer Ms. L. B. Gray", "type": 2, "value": 4}, {"box": [670, 947, 730, 960], "text": "FORM (0/00)", "type": 2, "value": 8}, {"box": [75, 946, 207, 960], "text": "LORILLARD RESEARCH CENTER", "type": 2, "value": 8}]}