{"img_shape": [1000, 777], "lines": [{"box": [534, 155, 569, 169], "text": "Date", "type": 2, "value": 2}, {"box": [571, 152, 630, 165], "text": "0-00-00", "type": 2, "value": 4}, {"box": [103, 201, 159, 219], "text": "Subject", "type": 2, "value": 2}, {"box": [409, 279, 448, 296], "text": "Date", "type": 2, "value": 2}, {"box": [454, 275, 515, 295], "text": "0-00-00", "type": 2, "value": 4}, {"box": [532, 282, 586, 296], "text": "Method", "type": 2, "value": 2}, {"box": [279, 392, 292, 407], "text": "\u2611", "type": 2, "value": 4}, {"box": [317, 394, 397, 408], "text": "increased", "type": 2, "value": 2}, {"box": [487, 392, 564, 407], "text": "decreased", "type": 2, "value": 2}, {"box": [622, 693, 639, 788], "text": "00000000", "type": 2, "value": 8}, {"box": [587, 278, 691, 296], "text": "Verbal Phone", "type": 2, "value": 4}, {"box": [536, 297, 732, 313], "text": "(Means of communication)", "type": 2, "value": 4}, {"box": [102, 358, 400, 377], "text": "Estimated cost of the study will be:", "type": 2, "value": 6}, {"box": [633, 392, 736, 407], "text": "not affected", "type": 2, "value": 2}, {"box": [103, 422, 334, 441], "text": "Description of change order:", "type": 2, "value": 2}, {"box": [108, 566, 705, 615], "text": "The change was made so the protocol more closely conforms with the proposed regulations as stated in the Federal Register, Vol. 00, No. 000, 000.000-00 Primary Eye Irritation Study.", "type": 2, "value": 8}, {"box": [144, 503, 705, 554], "text": "Twenty- four to 00 hours prior to dosing, both eyes of each rabbit will be examined by an experienced investigator using a slit lamp biomicroscope.", "type": 2, "value": 8}, {"box": [102, 450, 705, 493], "text": "Section III A. 0nd paragraph- the first sentence is to be changed to read as follows:", "type": 2, "value": 2}, {"box": [589, 8, 745, 58], "text": "00 MAY 00 0000", "type": 2, "value": 8}, {"box": [251, 45, 491, 127], "text": "ADDENDUM I DAWSON RESEARCH CORPORATION Protocol Change Order No. 0", "type": 2, "value": 6}, {"box": [105, 162, 229, 177], "text": "Protocol LRC-0A", "type": 2, "value": 8}, {"box": [165, 190, 655, 215], "text": "Change in the time of the Pre- dose Biomicroscopic Examination", "type": 2, "value": 4}, {"box": [105, 281, 210, 296], "text": "Authorized by", "type": 2, "value": 2}, {"box": [221, 281, 352, 296], "text": "Dr. Connie Stone", "type": 2, "value": 4}, {"box": [102, 331, 213, 344], "text": "Authorized to", "type": 2, "value": 2}, {"box": [219, 324, 360, 344], "text": "Mr. Charles Burns", "type": 2, "value": 4}, {"box": [123, 848, 409, 947], "text": "Sponsor Signature", "type": 2, "value": 8}, {"box": [444, 842, 754, 946], "text": "Study Director Signature", "type": 2, "value": 8}]}