{"img_shape": [1000, 754], "lines": [{"box": [94, 158, 114, 166], "text": "TYPE", "type": 2, "value": 6}, {"box": [527, 168, 566, 176], "text": "COMBINED", "type": 2, "value": 2}, {"box": [568, 168, 578, 178], "text": "\u2611", "type": 2, "value": 6}, {"box": [94, 186, 115, 194], "text": "NAME", "type": 2, "value": 2}, {"box": [137, 212, 158, 220], "text": "NAME", "type": 2, "value": 2}, {"box": [94, 212, 136, 220], "text": "COMPOUND", "type": 2, "value": 2}, {"box": [116, 278, 138, 286], "text": "B00", "type": 2, "value": 4}, {"box": [501, 186, 519, 193], "text": "DATE", "type": 2, "value": 2}, {"box": [520, 277, 542, 291], "text": "N/A", "type": 2, "value": 4}, {"box": [634, 299, 661, 307], "text": "DATES", "type": 2, "value": 2}, {"box": [628, 306, 666, 316], "text": "REVIEWED", "type": 2, "value": 2}, {"box": [619, 778, 637, 863], "text": "00000000", "type": 2, "value": 8}, {"box": [145, 311, 165, 322], "text": "II.", "type": 2, "value": 2}, {"box": [180, 310, 233, 324], "text": "(cont'd)", "type": 2, "value": 2}, {"box": [179, 339, 228, 352], "text": "Toxline", "type": 2, "value": 2}, {"box": [626, 546, 689, 559], "text": "0000-0000", "type": 2, "value": 4}, {"box": [249, 130, 525, 148], "text": "INFORMATION SEARCH SUMMARY", "type": 2, "value": 6}, {"box": [193, 168, 240, 178], "text": "CHEMICAL \u2610", "type": 2, "value": 2}, {"box": [356, 168, 410, 176], "text": "BIOLOGICAL \u2610", "type": 2, "value": 2}, {"box": [520, 186, 605, 200], "text": "May 00, 0000", "type": 2, "value": 4}, {"box": [116, 228, 269, 241], "text": "Valerian Fluid Extract", "type": 2, "value": 4}, {"box": [117, 186, 187, 199], "text": "Jimmy Bell", "type": 2, "value": 4}, {"box": [95, 270, 199, 278], "text": "LORILLARD COMPOUND CODE", "type": 2, "value": 2}, {"box": [499, 270, 615, 278], "text": "REGISTRY NUMBER (IF applicable)", "type": 2, "value": 2}, {"box": [95, 295, 179, 305], "text": "LITERATURE SURVEYED", "type": 2, "value": 2}, {"box": [179, 380, 472, 394], "text": "Registry of the Toxic Effects of Chemicals", "type": 2, "value": 2}, {"box": [624, 339, 687, 406], "text": "0000- Jan. 0000 to Dec. 0000", "type": 2, "value": 4}, {"box": [624, 658, 688, 683], "text": "0000- Dec. 0000", "type": 2, "value": 4}, {"box": [95, 943, 208, 953], "text": "LORILLARD RESEARCH CENTER", "type": 2, "value": 8}, {"box": [642, 944, 696, 952], "text": "FORM ", "type": 2, "value": 8}, {"box": [138, 520, 464, 712], "text": "III. SUPPLEMENTAL LITERATURE SEARCH Chemical Abstracts Vol. 00 - Vol. 00 Arctander' s Perfume and Flavor Materials of Natural Origin (0000) Guenther' s Monographs on Fragrance Raw Materials (0000) Tobacco Abstracts U. S. Dispensatory 00rd edition (0000)", "type": 2, "value": 2}, {"box": [115, 739, 330, 800], "text": "Jimmy H. Bell B. Sc. Scientist", "type": 2, "value": 2}, {"box": [116, 420, 306, 491], "text": "Ann C. Stringfield Literature M.L.S. Chemist", "type": 2, "value": 8}]}