{"img_shape": [1000, 754], "lines": [{"box": [166, 182, 202, 196], "text": "B000", "type": 2, "value": 4}, {"box": [99, 225, 112, 236], "text": "pH", "type": 2, "value": 2}, {"box": [135, 408, 218, 423], "text": "Reference:", "type": 2, "value": 2}, {"box": [120, 390, 140, 403], "text": "ORAL", "type": 2, "value": 2}, {"box": [103, 370, 142, 378], "text": "SOLUBILITY", "type": 2, "value": 2}, {"box": [119, 508, 210, 517], "text": "ACUTE CADCOVASCULAR", "type": 2, "value": 2}, {"box": [135, 559, 219, 571], "text": "Reference:", "type": 2, "value": 2}, {"box": [634, 702, 653, 792], "text": "00000000", "type": 2, "value": 8}, {"box": [96, 770, 139, 779], "text": "COMPOUND", "type": 2, "value": 2}, {"box": [179, 770, 187, 781], "text": "TO", "type": 2, "value": 2}, {"box": [140, 771, 176, 779], "text": "SENSITIVE", "type": 2, "value": 2}, {"box": [96, 920, 137, 929], "text": "SIGNATURE:", "type": 2, "value": 2}, {"box": [259, 793, 296, 804], "text": "[] OTHER", "type": 2, "value": 4}, {"box": [198, 795, 246, 803], "text": "[MOISTURE]", "type": 2, "value": 4}, {"box": [158, 793, 185, 805], "text": "[] HEAT", "type": 2, "value": 4}, {"box": [118, 793, 143, 805], "text": "[] Air", "type": 2, "value": 4}, {"box": [96, 822, 124, 831], "text": "SAFETY", "type": 2, "value": 8}, {"box": [211, 824, 250, 832], "text": "", "type": 2, "value": 8}, {"box": [251, 824, 300, 831], "text": "PROCEDURE", "type": 2, "value": 8}, {"box": [164, 824, 212, 832], "text": "(SUGGESTED", "type": 2, "value": 8}, {"box": [126, 822, 162, 831], "text": "COMMENT:", "type": 2, "value": 8}, {"box": [135, 921, 315, 944], "text": "", "type": 2, "value": 4}, {"box": [499, 922, 518, 932], "text": "DATE", "type": 2, "value": 2}, {"box": [531, 924, 619, 948], "text": "0/00/00", "type": 2, "value": 4}, {"box": [246, 141, 537, 159], "text": "COMPOUND PHYSICAL PARAMETERS", "type": 2, "value": 6}, {"box": [98, 172, 164, 181], "text": "LRC FILE NUMBER", "type": 2, "value": 2}, {"box": [501, 172, 553, 183], "text": "LOT NUMBER", "type": 2, "value": 2}, {"box": [98, 198, 157, 209], "text": "PHYSICAL STATE", "type": 2, "value": 2}, {"box": [169, 211, 337, 228], "text": "Brownish- gray powder", "type": 2, "value": 4}, {"box": [131, 267, 653, 323], "text": "The pH of a 00% concentration of B000 in water was calculated to be 0.00 at 00\u00b0C according to the extrapolation procedures by Dr. P. D. Schickedantz, Lorillard Research Center Accession Number 0000.", "type": 2, "value": 4}, {"box": [152, 377, 435, 395], "text": "(See SOP FOX Biological Solutions)", "type": 2, "value": 4}, {"box": [226, 405, 286, 421], "text": "BC00- 00", "type": 2, "value": 4}, {"box": [130, 430, 563, 475], "text": "B000 forms a suspension in corn oil at 0.0g/ 0.0 ml Triple dosing is required", "type": 2, "value": 4}, {"box": [130, 516, 683, 546], "text": "(See SOP for Determination of Solubility of Materials for Acute Cardiovascular and Respiratory Effects Study Beagle Dogs)", "type": 2, "value": 4}, {"box": [222, 559, 286, 574], "text": "BC00- 00", "type": 2, "value": 4}, {"box": [131, 584, 509, 603], "text": "B000 is insoluble according to this procedure", "type": 2, "value": 4}, {"box": [98, 663, 207, 672], "text": "STORAGE RECOMMENDATIONS", "type": 2, "value": 2}, {"box": [134, 679, 588, 698], "text": "Refrigerate in amber glass bottle at no more than 0\u00b0C", "type": 2, "value": 4}, {"box": [94, 945, 203, 958], "text": "LORILLARD RESEARCH CENTER", "type": 2, "value": 8}, {"box": [644, 949, 696, 961], "text": "FORM 0000", "type": 2, "value": 8}]}