{"img_shape": [1000, 773], "lines": [{"box": [253, 66, 299, 113], "text": "", "type": 2, "value": 8}, {"box": [390, 126, 403, 139], "text": "0", "type": 2, "value": 4}, {"box": [376, 152, 407, 167], "text": "0000", "type": 2, "value": 8}, {"box": [546, 155, 559, 168], "text": "D,", "type": 2, "value": 8}, {"box": [568, 154, 614, 168], "text": "Sereta", "type": 2, "value": 8}, {"box": [176, 221, 205, 235], "text": "B000", "type": 2, "value": 8}, {"box": [473, 173, 529, 187], "text": "SIGNATURE", "type": 2, "value": 2}, {"box": [543, 147, 642, 190], "text": "", "type": 2, "value": 4}, {"box": [43, 362, 96, 377], "text": "EXPLOSIVE", "type": 2, "value": 2}, {"box": [45, 385, 95, 398], "text": "FLAMMABLE", "type": 2, "value": 2}, {"box": [46, 404, 113, 421], "text": "RADIOACTIVE", "type": 2, "value": 2}, {"box": [77, 440, 109, 451], "text": "SOLID", "type": 2, "value": 2}, {"box": [123, 439, 134, 447], "text": "X", "type": 2, "value": 4}, {"box": [70, 454, 112, 467], "text": "LIQUID", "type": 2, "value": 2}, {"box": [45, 469, 108, 480], "text": "PRESSURIZED", "type": 2, "value": 2}, {"box": [293, 454, 324, 467], "text": "COLOR", "type": 2, "value": 2}, {"box": [219, 450, 258, 467], "text": "Brown", "type": 2, "value": 4}, {"box": [693, 768, 710, 853], "text": "00000000", "type": 2, "value": 8}, {"box": [637, 429, 694, 440], "text": "DESSICATOR", "type": 2, "value": 2}, {"box": [635, 444, 673, 457], "text": "FREEZER", "type": 2, "value": 2}, {"box": [635, 459, 666, 472], "text": "OTHER", "type": 2, "value": 2}, {"box": [613, 387, 626, 400], "text": "\u2611", "type": 2, "value": 8}, {"box": [306, 68, 553, 119], "text": "HAZLETON LABORATORIES AMERICA INC", "type": 2, "value": 6}, {"box": [587, 73, 750, 111], "text": "0000 LEESBURG TURNPIKE VIENNA VIRGINIA 00000 USA", "type": 2, "value": 8}, {"box": [38, 74, 169, 96], "text": "PROJECT SHEET", "type": 2, "value": 8}, {"box": [126, 126, 252, 141], "text": "December 00, 0000", "type": 2, "value": 4}, {"box": [46, 128, 108, 144], "text": "DATE ISSUED", "type": 2, "value": 2}, {"box": [284, 133, 372, 146], "text": "PROJECT SHEET NO", "type": 2, "value": 2}, {"box": [483, 134, 568, 149], "text": "PROJECT NO.", "type": 2, "value": 2}, {"box": [591, 124, 644, 140], "text": "000 000", "type": 2, "value": 4}, {"box": [426, 151, 534, 167], "text": "PROJECT COORDINATOR", "type": 2, "value": 2}, {"box": [52, 166, 360, 183], "text": "00 Day Single Dose Subacute Toxicity Study", "type": 2, "value": 8}, {"box": [45, 149, 211, 163], "text": "STUDY TITLE & PROPOSAL NUMBER", "type": 2, "value": 2}, {"box": [46, 190, 129, 205], "text": "TEST MATERIAL (S)", "type": 2, "value": 2}, {"box": [423, 194, 478, 207], "text": "LOT NO (s)", "type": 2, "value": 2}, {"box": [532, 194, 610, 208], "text": "RECEIPT DATE (s)", "type": 2, "value": 2}, {"box": [668, 194, 732, 209], "text": "LH NUMBER (s)", "type": 2, "value": 2}, {"box": [532, 222, 592, 237], "text": "00 00 00", "type": 2, "value": 4}, {"box": [665, 222, 709, 237], "text": "00 000", "type": 2, "value": 4}, {"box": [46, 271, 169, 285], "text": "PERFORMING DEPARTMENTS", "type": 2, "value": 2}, {"box": [57, 285, 227, 302], "text": "Acute/ Dermal Toxicology", "type": 2, "value": 4}, {"box": [180, 274, 303, 287], "text": "(0 COPIES EACH DIRECTOR)", "type": 2, "value": 8}, {"box": [425, 274, 633, 291], "text": "ORIGINAL SIGNED PROJECT SHEETS TO PSO", "type": 2, "value": 6}, {"box": [479, 299, 582, 312], "text": "FIXED DISTRIBUTION:", "type": 2, "value": 6}, {"box": [598, 299, 676, 311], "text": "(0 COPY TO EACH)", "type": 2, "value": 8}, {"box": [620, 316, 730, 366], "text": "LAB ANIMAL MEDICINE QUALITY ASSURANCE CONTRACTS Sponsor", "type": 2, "value": 8}, {"box": [434, 316, 539, 369], "text": "DIR OF LIFE SCIENCES HEALTH SERVICES COMPOUND PREP (TOX) SCIENTIFIC RES (TOX)", "type": 2, "value": 8}, {"box": [46, 332, 209, 347], "text": "PROTECTIVE PRECAUTIONS REQUIRED", "type": 2, "value": 2}, {"box": [170, 345, 268, 359], "text": "HAZARDOUS COMPOUND", "type": 2, "value": 6}, {"box": [215, 367, 308, 380], "text": "CARCINOGEN (OSHA)", "type": 2, "value": 2}, {"box": [218, 385, 312, 400], "text": "CARCINOGEN (OTHER)", "type": 2, "value": 2}, {"box": [425, 376, 589, 402], "text": "FOLLOW DEPARTMENT AND COMPANY SAFETY MANUALS", "type": 2, "value": 2}, {"box": [426, 409, 530, 424], "text": "STORAGE CONDITIONS", "type": 2, "value": 2}, {"box": [441, 426, 520, 439], "text": "STORE IN DARK", "type": 2, "value": 2}, {"box": [432, 440, 549, 456], "text": "\u2611 REFRIGERATOR 0 C", "type": 2, "value": 4}, {"box": [441, 458, 536, 469], "text": "ROOM TEMPERATURE", "type": 2, "value": 2}, {"box": [443, 472, 618, 486], "text": "SPECIAL INSTRUCTIONS WHILE DOSING", "type": 2, "value": 2}, {"box": [190, 489, 599, 508], "text": "to be performed in Acute /Dermal Toxicology, building 00.", "type": 2, "value": 2}, {"box": [101, 542, 642, 575], "text": "This project sheet is issued to correct Project Sheet which was issued on December 0, 0000 to Project Sheet No 0 instead of 0.", "type": 2, "value": 4}, {"box": [94, 719, 518, 738], "text": "Material Safety Data Sheet is attached to Project Sheet 0.", "type": 2, "value": 4}, {"box": [52, 892, 124, 905], "text": "NO ", "type": 2, "value": 8}, {"box": [49, 487, 175, 502], "text": "EXPERIMENTAL PROCEDURES", "type": 2, "value": 2}, {"box": [45, 425, 162, 436], "text": "PHYSICAL DESCRIPTION:", "type": 2, "value": 6}]}