{"img_shape": [1000, 764], "lines": [{"box": [43, 391, 96, 402], "text": "EXPLOSIVE", "type": 2, "value": 2}, {"box": [43, 412, 96, 426], "text": "FLAMMABLE", "type": 2, "value": 2}, {"box": [42, 432, 109, 443], "text": "RADIOACTIVE", "type": 2, "value": 2}, {"box": [74, 471, 109, 484], "text": "SOLID", "type": 2, "value": 2}, {"box": [70, 489, 106, 497], "text": "LIQUID", "type": 2, "value": 2}, {"box": [42, 504, 110, 515], "text": "PRESSURIZED", "type": 2, "value": 2}, {"box": [215, 476, 285, 497], "text": "Colorless", "type": 2, "value": 8}, {"box": [123, 483, 134, 496], "text": "X", "type": 2, "value": 4}, {"box": [289, 486, 321, 496], "text": "COLOR", "type": 2, "value": 8}, {"box": [399, 133, 414, 153], "text": "0", "type": 2, "value": 4}, {"box": [592, 131, 646, 152], "text": "000-000", "type": 2, "value": 4}, {"box": [682, 17, 745, 48], "text": "B000", "type": 2, "value": 8}, {"box": [471, 183, 527, 197], "text": "SIGNATURE:", "type": 2, "value": 2}, {"box": [538, 161, 648, 200], "text": "D.", "type": 2, "value": 4}, {"box": [532, 158, 552, 175], "text": "", "type": 2, "value": 8}, {"box": [563, 162, 608, 176], "text": "", "type": 2, "value": 4}, {"box": [531, 233, 587, 253], "text": "0/00/00", "type": 2, "value": 4}, {"box": [654, 235, 706, 250], "text": "00.000", "type": 2, "value": 4}, {"box": [425, 472, 439, 485], "text": "\u2611", "type": 2, "value": 4}, {"box": [627, 459, 691, 470], "text": "DESSICATOR", "type": 2, "value": 2}, {"box": [627, 476, 673, 487], "text": "FREEZER", "type": 2, "value": 2}, {"box": [628, 492, 660, 505], "text": "OTHER", "type": 2, "value": 2}, {"box": [183, 230, 217, 248], "text": "B000", "type": 2, "value": 4}, {"box": [349, 162, 383, 177], "text": "0000", "type": 2, "value": 8}, {"box": [605, 413, 620, 426], "text": "\u2611", "type": 2, "value": 4}, {"box": [693, 810, 713, 906], "text": "00000000", "type": 2, "value": 8}, {"box": [304, 74, 555, 125], "text": "HAZLETON LABORATORIES AMERICA INC", "type": 2, "value": 6}, {"box": [41, 82, 174, 100], "text": "PROJECT SHEET", "type": 2, "value": 6}, {"box": [581, 77, 743, 116], "text": "0000 EESAURG TURNPIKE VIENNA VIRGINIA 00000 USA", "type": 2, "value": 8}, {"box": [45, 140, 110, 153], "text": "DATE ISSUED", "type": 2, "value": 2}, {"box": [123, 130, 220, 150], "text": "Oct. 00, 0000", "type": 2, "value": 4}, {"box": [278, 141, 376, 156], "text": "PROJECT SHEET NO.", "type": 2, "value": 2}, {"box": [480, 141, 568, 157], "text": "PROJECT NO.", "type": 2, "value": 2}, {"box": [46, 159, 211, 172], "text": "STUDY TITLE & PROPOSAL NUMBER", "type": 2, "value": 2}, {"box": [49, 173, 374, 193], "text": "Acute Intraperitoneal Toxicity Study in Rats", "type": 2, "value": 8}, {"box": [420, 161, 531, 175], "text": "PROJECT COORDINATOR", "type": 2, "value": 2}, {"box": [419, 204, 480, 217], "text": "LOT NO.(s)", "type": 2, "value": 2}, {"box": [527, 204, 611, 219], "text": "RECEIPT DATE(s)", "type": 2, "value": 2}, {"box": [659, 208, 732, 219], "text": "LH- NUMBER(s)", "type": 2, "value": 2}, {"box": [45, 201, 134, 215], "text": "TEST MATERIAL(s)", "type": 2, "value": 2}, {"box": [47, 291, 174, 306], "text": "PERFORMING DEPARTMENTS", "type": 2, "value": 2}, {"box": [176, 292, 306, 306], "text": "0 COPIES EACH DIRECTOR)", "type": 2, "value": 8}, {"box": [47, 303, 224, 319], "text": "Acute/ Dermal Toxicology", "type": 2, "value": 8}, {"box": [43, 355, 225, 371], "text": "PROTECTIVE PRECAUTIONS REQUIRED:", "type": 2, "value": 2}, {"box": [165, 369, 268, 382], "text": "HAZARDOUS, COMPOUND", "type": 2, "value": 6}, {"box": [211, 391, 309, 405], "text": "CARCINOGEN (OSHA)", "type": 2, "value": 2}, {"box": [211, 413, 315, 426], "text": "CARCINOGEN (OTHER)", "type": 2, "value": 2}, {"box": [45, 451, 163, 466], "text": "PHYSICAL DESCRIPTION:", "type": 2, "value": 6}, {"box": [45, 522, 175, 537], "text": "EXPERIMENTAL PROCEDURES", "type": 2, "value": 2}, {"box": [189, 522, 579, 542], "text": "to performed in Acure/Dermal Toxicology, building 00.", "type": 2, "value": 4}, {"box": [422, 295, 628, 310], "text": "ORIGINAL SIGNED PROJECT SHEETS TO PSO", "type": 2, "value": 2}, {"box": [472, 316, 584, 329], "text": "FIXED DISTRIBUTION:", "type": 2, "value": 2}, {"box": [587, 317, 725, 387], "text": "(0 COPY TO EACH) LAB ANIMAL MEDICINE QUALITY ASSURANCE CONTRACTS Sponsor", "type": 2, "value": 8}, {"box": [430, 334, 539, 392], "text": "DIR. OF LIFE SCIENCES HEALTH SERVICES COMPOUND PREP (TOX) SCIENTIFIC RES TOX", "type": 2, "value": 2}, {"box": [420, 404, 582, 427], "text": "FOLLOW DEPARTMENT AND COMPANY SAFETY MANUALS", "type": 2, "value": 2}, {"box": [423, 439, 523, 454], "text": "STORAGE CONDITIONS", "type": 2, "value": 6}, {"box": [437, 455, 511, 469], "text": "STORE IN DARK", "type": 2, "value": 2}, {"box": [437, 469, 542, 488], "text": "REFRIGERATOR 0 C", "type": 2, "value": 2}, {"box": [437, 489, 530, 502], "text": "ROOM TEMPERATURE", "type": 2, "value": 2}, {"box": [437, 504, 615, 519], "text": "SPECIAL INSTRUCTIONS WHILE DOSING", "type": 2, "value": 2}, {"box": [91, 574, 383, 591], "text": "The protocol for this study is attached.", "type": 2, "value": 8}, {"box": [95, 602, 531, 620], "text": "The protocol was approved in sponsor letter of June 0, 0000.", "type": 2, "value": 8}, {"box": [92, 630, 543, 651], "text": "The anticipated initiation date of this study is October 0000.", "type": 2, "value": 8}, {"box": [91, 659, 550, 681], "text": "The anticipated completion date of this study is November 0000.", "type": 2, "value": 8}, {"box": [49, 961, 123, 983], "text": "ML FORM NO. 0 REVISED 0- 00", "type": 2, "value": 8}]}