{"img_shape": [1000, 754], "lines": [{"box": [504, 113, 542, 128], "text": "000000", "type": 2, "value": 4}, {"box": [155, 130, 173, 147], "text": "To:", "type": 2, "value": 2}, {"box": [138, 148, 173, 162], "text": "From:", "type": 2, "value": 2}, {"box": [141, 166, 172, 180], "text": "Date:", "type": 2, "value": 2}, {"box": [265, 246, 373, 264], "text": "Mailfile Description", "type": 2, "value": 2}, {"box": [122, 300, 172, 317], "text": "Quantity:", "type": 2, "value": 2}, {"box": [119, 320, 173, 333], "text": "Maildate:", "type": 2, "value": 2}, {"box": [108, 332, 174, 347], "text": "Program#:", "type": 2, "value": 2}, {"box": [141, 469, 173, 484], "text": "Seeds", "type": 2, "value": 2}, {"box": [105, 487, 172, 501], "text": "Suppression", "type": 2, "value": 2}, {"box": [78, 725, 112, 740], "text": "Notes", "type": 2, "value": 6}, {"box": [159, 539, 169, 550], "text": "0", "type": 2, "value": 8}, {"box": [161, 557, 171, 568], "text": "0", "type": 2, "value": 8}, {"box": [161, 573, 169, 586], "text": "0", "type": 2, "value": 8}, {"box": [161, 591, 169, 602], "text": "0", "type": 2, "value": 8}, {"box": [162, 641, 169, 655], "text": "0", "type": 2, "value": 8}, {"box": [161, 623, 169, 637], "text": "0", "type": 2, "value": 8}, {"box": [161, 659, 169, 669], "text": "0", "type": 2, "value": 8}, {"box": [162, 675, 170, 688], "text": "0", "type": 2, "value": 8}, {"box": [156, 694, 170, 705], "text": "00", "type": 2, "value": 8}, {"box": [161, 608, 169, 619], "text": "0", "type": 2, "value": 8}, {"box": [190, 487, 198, 500], "text": "0", "type": 2, "value": 4}, {"box": [260, 468, 274, 483], "text": "00", "type": 2, "value": 4}, {"box": [211, 302, 236, 316], "text": "000", "type": 2, "value": 4}, {"box": [176, 334, 218, 349], "text": "000000", "type": 2, "value": 4}, {"box": [203, 250, 214, 265], "text": "0,", "type": 2, "value": 4}, {"box": [214, 250, 234, 265], "text": "000", "type": 2, "value": 8}, {"box": [133, 216, 172, 231], "text": "System", "type": 2, "value": 2}, {"box": [78, 89, 320, 112], "text": "RJR Mailfile Table Update Sheet", "type": 2, "value": 6}, {"box": [432, 112, 503, 126], "text": "Alert Number", "type": 2, "value": 2}, {"box": [177, 130, 271, 145], "text": "RJR IR - Suz /Art", "type": 2, "value": 4}, {"box": [176, 149, 246, 162], "text": "Drew Huyett", "type": 2, "value": 4}, {"box": [176, 165, 213, 179], "text": "0/ 0/ 00", "type": 2, "value": 4}, {"box": [179, 198, 242, 213], "text": "000- Eclipse", "type": 2, "value": 4}, {"box": [87, 198, 171, 212], "text": "Program Group", "type": 2, "value": 2}, {"box": [179, 215, 265, 229], "text": "Corp/ Multibrand", "type": 2, "value": 4}, {"box": [109, 249, 173, 266], "text": "Mailfile ID:", "type": 2, "value": 2}, {"box": [177, 271, 235, 281], "text": "", "type": 2, "value": 8}, {"box": [378, 249, 539, 264], "text": "Mail Order- Indy Responders", "type": 2, "value": 4}, {"box": [299, 265, 374, 282], "text": "Dataset Name", "type": 2, "value": 2}, {"box": [433, 286, 489, 296], "text": "(Complete by IR)", "type": 2, "value": 8}, {"box": [176, 317, 218, 333], "text": "0/ 00/ 00", "type": 2, "value": 4}, {"box": [110, 367, 296, 384], "text": "BRC Codes w00 carton order form", "type": 2, "value": 2}, {"box": [127, 418, 195, 435], "text": "T Codes NA", "type": 2, "value": 2}, {"box": [99, 521, 172, 535], "text": "Mailfile Cells", "type": 2, "value": 2}, {"box": [177, 536, 318, 553], "text": "HD home delivery", "type": 2, "value": 4}, {"box": [175, 556, 321, 570], "text": "SP sneak preview", "type": 2, "value": 4}, {"box": [88, 747, 178, 763], "text": "This is for notes", "type": 2, "value": 8}, {"box": [680, 784, 693, 875], "text": "00000 0000", "type": 2, "value": 8}, {"box": [61, 940, 145, 954], "text": "000000 XLS Mailfile", "type": 2, "value": 8}]}