{"img_shape": [1000, 754], "lines": [{"box": [21, 244, 67, 254], "text": "VENDOR", "type": 2, "value": 2}, {"box": [50, 289, 86, 300], "text": "TERMS", "type": 2, "value": 6}, {"box": [373, 288, 394, 301], "text": "VIA", "type": 2, "value": 2}, {"box": [257, 316, 295, 331], "text": "Attn:", "type": 2, "value": 2}, {"box": [116, 285, 141, 300], "text": "NET", "type": 2, "value": 2}, {"box": [577, 200, 606, 213], "text": "DATE", "type": 2, "value": 2}, {"box": [645, 372, 673, 387], "text": "UNIT", "type": 2, "value": 2}, {"box": [675, 372, 707, 386], "text": "PRICE", "type": 2, "value": 2}, {"box": [367, 372, 437, 387], "text": "DESCRIPTION", "type": 2, "value": 2}, {"box": [31, 374, 87, 388], "text": "QUANTITY", "type": 2, "value": 2}, {"box": [140, 373, 174, 388], "text": "CODE", "type": 2, "value": 2}, {"box": [563, 838, 658, 859], "text": "00000000", "type": 2, "value": 8}, {"box": [155, 284, 172, 301], "text": "00", "type": 2, "value": 4}, {"box": [27, 278, 38, 289], "text": "-", "type": 2, "value": 8}, {"box": [302, 950, 334, 968], "text": "0000", "type": 2, "value": 4}, {"box": [441, 951, 472, 968], "text": "0000", "type": 2, "value": 4}, {"box": [514, 947, 732, 986], "text": "", "type": 2, "value": 4}, {"box": [254, 207, 421, 224], "text": "PURCHASE REQUISITION", "type": 2, "value": 6}, {"box": [39, 207, 124, 221], "text": "\u2610 PURCHASING", "type": 2, "value": 2}, {"box": [39, 223, 129, 238], "text": "\u2610 STATIONARY", "type": 2, "value": 2}, {"box": [36, 251, 546, 274], "text": "Borriston Laboratories, INC. , 0000 Beech Place Temple Hills, MD 00000", "type": 2, "value": 4}, {"box": [574, 242, 633, 253], "text": "ORDER NO.", "type": 2, "value": 2}, {"box": [588, 214, 692, 232], "text": "March 00, 0000", "type": 2, "value": 4}, {"box": [468, 198, 567, 219], "text": "0000 REV L0 00 00", "type": 2, "value": 8}, {"box": [166, 223, 529, 240], "text": "PLEASE INCLUDE ONLY ONE TYPE OF MATERIAL ON THIS REQUISITION", "type": 2, "value": 8}, {"box": [204, 288, 234, 302], "text": "F. O. B.", "type": 2, "value": 2}, {"box": [278, 284, 301, 299], "text": "N /A", "type": 2, "value": 4}, {"box": [430, 282, 458, 299], "text": "N /A", "type": 2, "value": 4}, {"box": [501, 302, 579, 313], "text": "DATE WANTED", "type": 2, "value": 2}, {"box": [575, 272, 717, 285], "text": "Prev. or Recommended SupplIer", "type": 2, "value": 8}, {"box": [535, 314, 622, 330], "text": "As required", "type": 2, "value": 4}, {"box": [307, 313, 429, 330], "text": "Dr. Connie Stone", "type": 2, "value": 4}, {"box": [21, 314, 227, 334], "text": "- Lorillard Research Center", "type": 2, "value": 4}, {"box": [18, 341, 333, 363], "text": "- 000 English Street Greensboro, NC 00000", "type": 2, "value": 8}, {"box": [117, 402, 713, 570], "text": "This is your authorization to perform the \"Acute Oral Toxicity Study in the Rat\" tests on materials D00 and D00 supplied by Lorillard. The fixed price for each test is $0000 for each material, for a total price of $0000. Studies are to be conducted in accordance with the October 00, 0000 formal agreement between Borriston and Lorillard. All work is to be coordinated with our Dr. Connie Stone (000) 000- 0000.", "type": 2, "value": 4}, {"box": [96, 876, 190, 890], "text": "FOLLOW UP DATE", "type": 2, "value": 2}, {"box": [109, 929, 175, 944], "text": "BUDGET NO.", "type": 2, "value": 2}, {"box": [335, 874, 426, 888], "text": "REQUISITION NO.", "type": 2, "value": 2}, {"box": [587, 872, 646, 889], "text": "ISSUED BY", "type": 2, "value": 2}, {"box": [578, 927, 657, 942], "text": "APPROVED BY", "type": 2, "value": 2}, {"box": [413, 927, 467, 944], "text": "DEPT. NO.", "type": 2, "value": 2}, {"box": [295, 927, 348, 944], "text": "ACCT. NO.", "type": 2, "value": 2}, {"box": [24, 304, 150, 315], "text": "SHIP TO (DEPT- BRANCH)", "type": 2, "value": 2}, {"box": [193, 242, 410, 253], "text": "FOR PURCHASING DEPARTMENT USE ONLY", "type": 2, "value": 2}]}