{"img_shape": [1000, 766], "lines": [{"box": [279, 733, 313, 751], "text": "0000", "type": 2, "value": 4}, {"box": [427, 732, 461, 747], "text": "0000", "type": 2, "value": 4}, {"box": [585, 675, 683, 692], "text": "00000000", "type": 2, "value": 4}, {"box": [518, 729, 709, 771], "text": "H.J. Minnemeyer", "type": 2, "value": 4}, {"box": [24, 190, 83, 204], "text": "QUANTITY", "type": 2, "value": 2}, {"box": [140, 189, 174, 206], "text": "CODE", "type": 2, "value": 2}, {"box": [377, 187, 451, 204], "text": "DESCRIPTION", "type": 2, "value": 2}, {"box": [50, 28, 117, 39], "text": "PURCHASING", "type": 2, "value": 2}, {"box": [47, 43, 117, 54], "text": "STATIONARY", "type": 2, "value": 2}, {"box": [581, 14, 609, 28], "text": "DATE", "type": 2, "value": 2}, {"box": [247, 130, 282, 145], "text": "Attn:", "type": 2, "value": 2}, {"box": [13, 61, 62, 69], "text": "VENDOR", "type": 2, "value": 2}, {"box": [42, 105, 80, 116], "text": "TERMS", "type": 2, "value": 2}, {"box": [253, 24, 423, 38], "text": "PURCHASE REQUISITION", "type": 2, "value": 6}, {"box": [471, 10, 572, 33], "text": "P.O. 0000 REV. 0/00 LT-0-00", "type": 2, "value": 8}, {"box": [161, 39, 532, 67], "text": "PLEASE INCLUDE ONLY ONE TYPE OF MATERIAL ON THIS REQUISITION ", "type": 2, "value": 8}, {"box": [11, 64, 493, 89], "text": "Microbiological Associates 0000 River Rd., Bethesda MD 00000", "type": 2, "value": 4}, {"box": [578, 54, 637, 66], "text": "ORDER NO.", "type": 2, "value": 2}, {"box": [578, 85, 720, 98], "text": "Prev. or Recommended Supplier", "type": 2, "value": 2}, {"box": [503, 116, 585, 127], "text": "DATE WANTED", "type": 2, "value": 2}, {"box": [87, 96, 453, 119], "text": "00 Net F.O.S N/A VIA N/A", "type": 2, "value": 4}, {"box": [14, 117, 147, 130], "text": "SHIP TO DEPT BRANCH)", "type": 2, "value": 2}, {"box": [14, 130, 204, 148], "text": "Lorillard Research Center", "type": 2, "value": 4}, {"box": [291, 127, 445, 147], "text": "Dr. Harry Minnemeyer", "type": 2, "value": 4}, {"box": [536, 124, 622, 141], "text": "As required", "type": 2, "value": 4}, {"box": [13, 158, 318, 179], "text": "P. O. Box 00000 Greensboro N. C. 00000", "type": 2, "value": 8}, {"box": [103, 215, 691, 403], "text": "This is your authorization to provide the \"0000.000: The Effect of Inhalation of Reference and Test (D0 and D0) Cigarette Smoke on Two Cytogenetic Endpoints in Mice: Chromosome Aberrations and Sister Chromatid Exchange\" test for a fixed price of $00,000 Tests will be performed in accordance with the December 00, 0000 formal agreement between Microbiological Associates and Lorillard. All work is to be coordinated with our Dr. Harry Minnemeyer (000) 000-0000", "type": 2, "value": 4}, {"box": [647, 184, 710, 201], "text": "UNIT PRICE", "type": 2, "value": 2}, {"box": [91, 654, 185, 668], "text": "FOLLOW UP DATE", "type": 2, "value": 2}, {"box": [106, 708, 172, 723], "text": "BUDGET NO.", "type": 2, "value": 2}, {"box": [338, 654, 426, 668], "text": "REQUISITION NO.", "type": 2, "value": 2}, {"box": [589, 652, 648, 669], "text": "ISSUED BY", "type": 2, "value": 2}, {"box": [292, 708, 345, 725], "text": "ACCT NO.", "type": 2, "value": 2}, {"box": [412, 708, 467, 725], "text": "DEPT NO.", "type": 2, "value": 2}, {"box": [582, 708, 656, 725], "text": "APPROVED BY", "type": 2, "value": 2}]}