{"img_shape": [1000, 778], "lines": [{"box": [82, 119, 131, 130], "text": "COMPOUND", "type": 2, "value": 2}, {"box": [82, 151, 118, 162], "text": "SOURCE", "type": 2, "value": 2}, {"box": [81, 214, 152, 225], "text": "INVESTIGATOR(S)", "type": 2, "value": 2}, {"box": [81, 243, 142, 253], "text": "SIGNATURE(S):", "type": 2, "value": 2}, {"box": [285, 303, 296, 311], "text": "00", "type": 2, "value": 2}, {"box": [351, 304, 362, 311], "text": "00", "type": 2, "value": 2}, {"box": [416, 306, 433, 313], "text": "000", "type": 2, "value": 2}, {"box": [483, 304, 524, 314], "text": "SOLVENT", "type": 2, "value": 6}, {"box": [553, 306, 581, 316], "text": "OMSO", "type": 2, "value": 2}, {"box": [501, 186, 550, 196], "text": "REPORTED", "type": 2, "value": 2}, {"box": [279, 372, 308, 382], "text": "TA0000", "type": 2, "value": 6}, {"box": [401, 374, 428, 382], "text": "TA000", "type": 2, "value": 6}, {"box": [527, 376, 549, 384], "text": "TA00", "type": 2, "value": 6}, {"box": [80, 677, 208, 691], "text": "Streptozotocin", "type": 2, "value": 2}, {"box": [77, 795, 131, 805], "text": "CONCLUSION", "type": 2, "value": 2}, {"box": [649, 144, 716, 158], "text": "OR00-00", "type": 2, "value": 4}, {"box": [486, 144, 525, 158], "text": "A000", "type": 2, "value": 4}, {"box": [582, 176, 646, 194], "text": "0/00/00", "type": 2, "value": 4}, {"box": [616, 209, 683, 224], "text": "BC00-00", "type": 2, "value": 4}, {"box": [353, 175, 483, 192], "text": "0/00/00-0/0/00", "type": 2, "value": 4}, {"box": [183, 175, 247, 190], "text": "unknown", "type": 2, "value": 4}, {"box": [321, 183, 355, 194], "text": "TESTED", "type": 2, "value": 2}, {"box": [535, 304, 548, 317], "text": "\u2611", "type": 2, "value": 4}, {"box": [338, 330, 373, 343], "text": ".000", "type": 2, "value": 4}, {"box": [81, 475, 102, 489], "text": "00", "type": 2, "value": 4}, {"box": [81, 497, 119, 511], "text": "00.0", "type": 2, "value": 4}, {"box": [81, 521, 119, 535], "text": "0.00", "type": 2, "value": 4}, {"box": [244, 419, 280, 433], "text": "0.00", "type": 2, "value": 4}, {"box": [300, 420, 346, 434], "text": "00.00", "type": 2, "value": 4}, {"box": [243, 499, 282, 513], "text": "0.00", "type": 2, "value": 4}, {"box": [318, 476, 343, 490], "text": ".00", "type": 2, "value": 4}, {"box": [309, 499, 344, 514], "text": "0.00", "type": 2, "value": 4}, {"box": [318, 522, 343, 536], "text": ".00", "type": 2, "value": 4}, {"box": [372, 500, 408, 514], "text": "0.00", "type": 2, "value": 4}, {"box": [355, 420, 408, 434], "text": "000.00", "type": 2, "value": 4}, {"box": [81, 630, 108, 643], "text": "0.0", "type": 2, "value": 4}, {"box": [80, 652, 109, 666], "text": "0.0", "type": 2, "value": 4}, {"box": [80, 696, 108, 709], "text": "0.0", "type": 2, "value": 4}, {"box": [80, 716, 109, 730], "text": "0.0", "type": 2, "value": 4}, {"box": [253, 631, 280, 645], "text": ".00", "type": 2, "value": 4}, {"box": [244, 654, 280, 668], "text": "0.00", "type": 2, "value": 4}, {"box": [243, 696, 281, 710], "text": "0.00", "type": 2, "value": 4}, {"box": [242, 718, 280, 732], "text": "0.00", "type": 2, "value": 4}, {"box": [307, 633, 343, 647], "text": "0.00", "type": 2, "value": 4}, {"box": [306, 654, 342, 669], "text": "0.00", "type": 2, "value": 4}, {"box": [299, 696, 342, 710], "text": "00.00", "type": 2, "value": 4}, {"box": [297, 718, 342, 732], "text": "00.00", "type": 2, "value": 4}, {"box": [381, 633, 405, 647], "text": ".00", "type": 2, "value": 4}, {"box": [381, 655, 406, 669], "text": ".00", "type": 2, "value": 4}, {"box": [372, 697, 407, 711], "text": "0.00", "type": 2, "value": 4}, {"box": [370, 721, 406, 734], "text": "0.00", "type": 2, "value": 4}, {"box": [433, 633, 471, 648], "text": "0.00", "type": 2, "value": 4}, {"box": [433, 655, 469, 670], "text": "0.00", "type": 2, "value": 4}, {"box": [433, 698, 468, 712], "text": "0.00", "type": 2, "value": 4}, {"box": [433, 719, 468, 734], "text": "0.00", "type": 2, "value": 4}, {"box": [497, 634, 524, 647], "text": ".00", "type": 2, "value": 4}, {"box": [499, 655, 526, 669], "text": ".00", "type": 2, "value": 4}, {"box": [542, 635, 589, 649], "text": "00.00", "type": 2, "value": 4}, {"box": [543, 656, 588, 671], "text": "00.00", "type": 2, "value": 4}, {"box": [446, 500, 471, 515], "text": ".00", "type": 2, "value": 4}, {"box": [446, 524, 471, 537], "text": ".00", "type": 2, "value": 4}, {"box": [446, 478, 471, 492], "text": ".00", "type": 2, "value": 4}, {"box": [500, 500, 525, 515], "text": ".00", "type": 2, "value": 4}, {"box": [563, 478, 590, 493], "text": ".00", "type": 2, "value": 4}, {"box": [564, 501, 588, 515], "text": ".00", "type": 2, "value": 4}, {"box": [563, 524, 590, 538], "text": ".00", "type": 2, "value": 4}, {"box": [732, 824, 753, 918], "text": "00000000", "type": 2, "value": 8}, {"box": [418, 420, 472, 435], "text": "000.00", "type": 2, "value": 4}, {"box": [543, 422, 592, 436], "text": "00.00", "type": 2, "value": 4}, {"box": [487, 422, 526, 436], "text": "0.00", "type": 2, "value": 4}, {"box": [263, 71, 546, 90], "text": "AMES ASSAY FOR MUTAGENICITY", "type": 2, "value": 6}, {"box": [141, 110, 654, 128], "text": "Diethyl 0, 0-Dimethyl-0-oxo-0, 0-cyclopentanedicarboxylate", "type": 2, "value": 4}, {"box": [123, 142, 388, 161], "text": "Lorillard - Organic Chemistry", "type": 2, "value": 4}, {"box": [405, 156, 471, 167], "text": "LORILLARD NO:", "type": 2, "value": 2}, {"box": [609, 158, 645, 168], "text": "LOT NO:", "type": 2, "value": 2}, {"box": [81, 182, 150, 192], "text": "DATE RECEIVED", "type": 2, "value": 2}, {"box": [163, 204, 384, 220], "text": "H. S. Tong & A. A. Poole", "type": 2, "value": 4}, {"box": [535, 218, 607, 230], "text": "NOTEBOOK PAGE", "type": 2, "value": 2}, {"box": [172, 226, 336, 270], "text": "", "type": 2, "value": 4}, {"box": [426, 229, 571, 254], "text": "", "type": 2, "value": 4}, {"box": [81, 299, 177, 312], "text": "TOXICITY (%) (SURVIVAL)", "type": 2, "value": 6}, {"box": [81, 328, 181, 339], "text": "CONCENTRATION mg/ml", "type": 2, "value": 2}, {"box": [585, 306, 633, 317], "text": "\u2610 WATER", "type": 2, "value": 2}, {"box": [538, 332, 584, 342], "text": "\u2610 OTHER", "type": 2, "value": 2}, {"box": [81, 370, 150, 380], "text": "S TYPHIMURIUM", "type": 2, "value": 2}, {"box": [249, 388, 278, 396], "text": "(-) ", "type": 2, "value": 2}, {"box": [309, 388, 336, 399], "text": "(+) 0-0", "type": 2, "value": 2}, {"box": [372, 388, 398, 398], "text": "(-) 0-0", "type": 2, "value": 2}, {"box": [430, 390, 458, 400], "text": "(+) 0-0", "type": 2, "value": 2}, {"box": [493, 390, 522, 400], "text": "(-) 0-0", "type": 2, "value": 2}, {"box": [553, 391, 581, 401], "text": "(+) 0-0", "type": 2, "value": 2}, {"box": [619, 391, 647, 401], "text": "(-) 0-0", "type": 2, "value": 2}, {"box": [679, 392, 706, 402], "text": "(+) 0-0", "type": 2, "value": 2}, {"box": [80, 405, 195, 426], "text": "CONTROL REVERTANTS PER PLATE TOON MI SOLVENTI", "type": 2, "value": 2}, {"box": [80, 454, 164, 465], "text": "COMPOUND plates", "type": 2, "value": 2}, {"box": [313, 457, 627, 468], "text": "REVERSION RATE TEST REVERTANTS-CONTROL REVERTANTS PER PLATE)", "type": 2, "value": 2}, {"box": [78, 581, 158, 599], "text": "POSTIVE CONTROL (ug plate)", "type": 2, "value": 2}, {"box": [78, 610, 168, 620], "text": "0. AMINOANTHRACENE", "type": 2, "value": 2}, {"box": [142, 788, 668, 808], "text": "This compound is judged non - mutagenic in this test system.", "type": 2, "value": 4}, {"box": [78, 834, 296, 849], "text": "Copies to the following:", "type": 2, "value": 2}, {"box": [313, 835, 460, 851], "text": "H. J. Minnemeyer", "type": 2, "value": 4}, {"box": [314, 853, 406, 870], "text": "L. B. Gray", "type": 2, "value": 4}, {"box": [75, 943, 204, 954], "text": "LORILLARD RESEARCH CENTER", "type": 2, "value": 8}, {"box": [662, 950, 720, 960], "text": "FORM 000", "type": 2, "value": 8}]}