{"img_shape": [1000, 766], "lines": [{"box": [603, 38, 624, 59], "text": "RE", "type": 2, "value": 2}, {"box": [568, 89, 607, 110], "text": "DATE", "type": 2, "value": 2}, {"box": [43, 504, 114, 526], "text": "Remarks", "type": 2, "value": 2}, {"box": [45, 166, 94, 188], "text": "Color", "type": 2, "value": 2}, {"box": [49, 119, 119, 136], "text": "Supplier", "type": 2, "value": 2}, {"box": [223, 792, 283, 810], "text": "Weight", "type": 2, "value": 2}, {"box": [330, 793, 375, 808], "text": "Draw", "type": 2, "value": 2}, {"box": [469, 793, 512, 811], "text": "Tars", "type": 2, "value": 2}, {"box": [602, 792, 679, 814], "text": "Nicotine", "type": 2, "value": 2}, {"box": [628, 39, 664, 57], "text": "-000", "type": 2, "value": 4}, {"box": [640, 117, 657, 134], "text": ".0", "type": 2, "value": 4}, {"box": [623, 117, 638, 134], "text": "0", "type": 2, "value": 4}, {"box": [624, 142, 665, 159], "text": "Good", "type": 2, "value": 4}, {"box": [623, 168, 670, 188], "text": "Good", "type": 2, "value": 4}, {"box": [626, 194, 667, 211], "text": "Good", "type": 2, "value": 4}, {"box": [624, 219, 665, 239], "text": "#000", "type": 2, "value": 4}, {"box": [635, 250, 649, 264], "text": "0", "type": 2, "value": 4}, {"box": [626, 270, 665, 291], "text": "0000", "type": 2, "value": 4}, {"box": [257, 163, 307, 183], "text": "White", "type": 2, "value": 4}, {"box": [268, 297, 299, 315], "text": "\"D\"", "type": 2, "value": 4}, {"box": [249, 349, 267, 367], "text": "00", "type": 2, "value": 4}, {"box": [268, 348, 290, 368], "text": ".0", "type": 2, "value": 8}, {"box": [652, 402, 690, 420], "text": ".000", "type": 2, "value": 4}, {"box": [346, 709, 403, 733], "text": "SPRING", "type": 2, "value": 4}, {"box": [226, 767, 261, 781], "text": "AMF", "type": 2, "value": 4}, {"box": [649, 714, 677, 736], "text": "00", "type": 2, "value": 4}, {"box": [588, 767, 635, 787], "text": "Hauni", "type": 2, "value": 4}, {"box": [719, 872, 739, 967], "text": "000000000", "type": 2, "value": 8}, {"box": [43, 63, 189, 83], "text": "P. LORILLARD CO.", "type": 2, "value": 6}, {"box": [109, 87, 256, 109], "text": "(Revised 0/ 0/ 00)", "type": 2, "value": 4}, {"box": [47, 88, 102, 109], "text": "SQC -00", "type": 2, "value": 2}, {"box": [46, 141, 120, 163], "text": "Bale No.", "type": 2, "value": 2}, {"box": [45, 194, 246, 214], "text": "Total Denier as Marked", "type": 2, "value": 2}, {"box": [46, 221, 247, 239], "text": "Total Denier as Tested", "type": 2, "value": 2}, {"box": [41, 244, 203, 266], "text": "% Moisture in Tow", "type": 2, "value": 2}, {"box": [42, 270, 128, 290], "text": "Maker No.", "type": 2, "value": 2}, {"box": [256, 116, 295, 134], "text": "T. E.", "type": 2, "value": 4}, {"box": [254, 191, 313, 211], "text": "00 ,000", "type": 2, "value": 4}, {"box": [204, 272, 363, 289], "text": "Research Division", "type": 2, "value": 4}, {"box": [42, 297, 147, 317], "text": "Type of Rod", "type": 2, "value": 2}, {"box": [43, 323, 167, 343], "text": "Length of Rod", "type": 2, "value": 2}, {"box": [237, 323, 305, 344], "text": "000 mm.", "type": 2, "value": 4}, {"box": [43, 348, 155, 367], "text": "Circ of Rod", "type": 2, "value": 2}, {"box": [41, 373, 194, 396], "text": "Mean Draw of Rod", "type": 2, "value": 2}, {"box": [251, 370, 392, 394], "text": "0 .00 (new scale)", "type": 2, "value": 4}, {"box": [236, 397, 321, 420], "text": "00 .0 gms", "type": 2, "value": 4}, {"box": [240, 426, 323, 446], "text": "00 .0 gms.", "type": 2, "value": 4}, {"box": [239, 451, 320, 475], "text": "00 .0 gms.", "type": 2, "value": 4}, {"box": [237, 479, 322, 499], "text": "00 .0 gms.", "type": 2, "value": 4}, {"box": [43, 479, 183, 499], "text": "Complete Weight", "type": 2, "value": 2}, {"box": [45, 426, 234, 446], "text": "Dry Wt. With Adhesive", "type": 2, "value": 2}, {"box": [45, 399, 139, 421], "text": "Dry Weight", "type": 2, "value": 2}, {"box": [140, 510, 700, 546], "text": "* Special Plasticizer - 0 part LG- 000 - 00 parts Estrobond \"B\" Union Carbide LG- 000 additive .00%", "type": 2, "value": 4}, {"box": [158, 563, 673, 597], "text": "Sample repeated as RE- 000 because 0. 0/ 00 ,000 tow was used instead of 0. 0/ 00 ,000 tow.", "type": 2, "value": 4}, {"box": [566, 64, 726, 88], "text": "RESEARCH DIVISION", "type": 2, "value": 6}, {"box": [617, 91, 684, 112], "text": "00 /0 /00", "type": 2, "value": 4}, {"box": [404, 112, 525, 136], "text": "% Plasticizer", "type": 2, "value": 2}, {"box": [406, 141, 546, 162], "text": "Firmness of Rod", "type": 2, "value": 2}, {"box": [405, 166, 551, 189], "text": "Quality of Bloom", "type": 2, "value": 2}, {"box": [405, 194, 525, 215], "text": "Width of Band", "type": 2, "value": 2}, {"box": [405, 219, 499, 241], "text": "Ref. Paper", "type": 2, "value": 2}, {"box": [401, 247, 615, 268], "text": "Quan of Trays Produced", "type": 2, "value": 2}, {"box": [404, 272, 522, 292], "text": "Rods per Min.", "type": 2, "value": 2}, {"box": [406, 299, 499, 317], "text": "Tape Speed", "type": 2, "value": 2}, {"box": [406, 323, 605, 345], "text": "F. P. M. Delivery Roller", "type": 2, "value": 2}, {"box": [404, 351, 579, 373], "text": "F. P. M. No. 0 Roller", "type": 2, "value": 2}, {"box": [405, 376, 578, 398], "text": "F. P. M. No. 0 Roller", "type": 2, "value": 2}, {"box": [405, 402, 635, 424], "text": "Delivery Roller over Tape", "type": 2, "value": 2}, {"box": [626, 299, 715, 320], "text": "000 F. P. M.", "type": 2, "value": 4}, {"box": [624, 324, 673, 345], "text": "000 .0", "type": 2, "value": 4}, {"box": [626, 351, 676, 369], "text": "000 .0", "type": 2, "value": 4}, {"box": [628, 373, 674, 393], "text": "000 .0", "type": 2, "value": 4}, {"box": [642, 429, 693, 444], "text": "0 .000", "type": 2, "value": 4}, {"box": [626, 454, 701, 475], "text": "000 psig", "type": 2, "value": 4}, {"box": [634, 482, 702, 502], "text": "00 psig", "type": 2, "value": 4}, {"box": [404, 479, 582, 501], "text": "Pressure on Air Jet", "type": 2, "value": 2}, {"box": [406, 454, 615, 477], "text": "Pump Press. Card Roller", "type": 2, "value": 2}, {"box": [404, 427, 607, 451], "text": "No. 0 Roller over Tape", "type": 2, "value": 2}, {"box": [45, 712, 129, 734], "text": "Date Made", "type": 2, "value": 2}, {"box": [131, 712, 195, 735], "text": "00 /0 /00", "type": 2, "value": 4}, {"box": [226, 714, 338, 734], "text": "Tobacco Used", "type": 2, "value": 2}, {"box": [439, 712, 623, 737], "text": "Length of Cigarettes", "type": 2, "value": 2}, {"box": [41, 736, 237, 760], "text": "% Moisture in Tobacco", "type": 2, "value": 2}, {"box": [394, 737, 605, 762], "text": "Wt. of Cigarettes /0 oz.", "type": 2, "value": 2}, {"box": [42, 764, 162, 786], "text": "Type of Maker", "type": 2, "value": 2}, {"box": [394, 767, 525, 789], "text": "Type of Tipper", "type": 2, "value": 2}, {"box": [42, 825, 186, 845], "text": "Smoking Results", "type": 2, "value": 2}, {"box": [194, 824, 726, 849], "text": ".000 0 .000 .00 .00 00 .0 0 .0 00 .0 0 .00 .00 00 .0", "type": 2, "value": 4}, {"box": [128, 859, 359, 882], "text": "Production Supervised by:", "type": 2, "value": 2}, {"box": [370, 849, 711, 887], "text": "", "type": 2, "value": 8}, {"box": [404, 887, 588, 932], "text": "Benner", "type": 2, "value": 4}, {"box": [459, 913, 614, 934], "text": "Recearch Engineer", "type": 2, "value": 2}, {"box": [137, 899, 300, 968], "text": "Dr. C. O. Jensen Mr. R. A. Wagner Mr. J. Berner Dr. A. W. Spears", "type": 2, "value": 4}, {"box": [42, 898, 134, 919], "text": "Copies to:", "type": 2, "value": 2}, {"box": [41, 451, 138, 472], "text": "Wet Weight", "type": 2, "value": 2}]}