{"img_shape": [1000, 754], "lines": [{"box": [172, 429, 229, 444], "text": "Date:", "type": 2, "value": 2}, {"box": [196, 465, 227, 486], "text": "To:", "type": 2, "value": 2}, {"box": [175, 507, 231, 529], "text": "From:", "type": 2, "value": 2}, {"box": [168, 549, 228, 573], "text": "Room:", "type": 2, "value": 2}, {"box": [87, 654, 179, 672], "text": "Message:", "type": 2, "value": 2}, {"box": [257, 549, 302, 569], "text": "000E", "type": 2, "value": 4}, {"box": [687, 800, 704, 894], "text": "0000000000", "type": 2, "value": 8}, {"box": [482, 443, 650, 555], "text": "", "type": 2, "value": 8}, {"box": [64, 950, 91, 964], "text": "", "type": 2, "value": 8}, {"box": [88, 282, 152, 295], "text": "TELEPHONE:", "type": 2, "value": 2}, {"box": [328, 257, 374, 268], "text": "TELEFAX", "type": 2, "value": 2}, {"box": [311, 268, 345, 281], "text": "TELEX", "type": 2, "value": 2}, {"box": [337, 285, 371, 295], "text": "CABLE", "type": 2, "value": 2}, {"box": [372, 284, 419, 295], "text": "COVLING", "type": 2, "value": 4}, {"box": [214, 148, 541, 179], "text": "COVINGTON & BURLING", "type": 2, "value": 6}, {"box": [295, 189, 462, 240], "text": "0000 PENNSYLVANIA AVENUE N. W. P. O. BOX 0000 WASHINGTON D. C. 00000 0000 (000) 000 0000", "type": 2, "value": 8}, {"box": [92, 243, 229, 282], "text": "LECONFIELD HOUSE CURZON STREET LONDON WIYIAS ENGLAND", "type": 2, "value": 8}, {"box": [154, 284, 212, 295], "text": "00 00 000 0000", "type": 2, "value": 4}, {"box": [345, 270, 445, 283], "text": "00- 000 COVLING WSH", "type": 2, "value": 4}, {"box": [374, 257, 426, 270], "text": "(000) 000-0000", "type": 2, "value": 4}, {"box": [492, 242, 665, 282], "text": "BRUSSELS CORRESPONDENT OFFICE 00 AVENUE DES ARTS BRUSSELS 0000 BELGIUM", "type": 2, "value": 8}, {"box": [606, 282, 659, 296], "text": "00 000 0000", "type": 2, "value": 4}, {"box": [542, 282, 605, 296], "text": "TELEPHONE:", "type": 2, "value": 2}, {"box": [115, 323, 645, 384], "text": "THIS FACSIMILE TRANSMISSION IS INTENDED ONLY FOR THE ADDRESSEE SHOWN BELOW. IT MAY CONTAIN INFORMATION THAT IS PRIVILEGED, CONFIDENTIAL OR OTHER WISE PROTECTED FROM DISCLOSURE. ANY REVIEW, DISSEMINATION OR USE OF THIS TRANSMISSION OR ITS CONTENTS BY PERSONS OTHER THAN THE ADDRESSEE IS STRICTLY PROHIBITED. OF YOU HAVE RECEIVED THIS TRANSMISSION IN ERROR, PLEASE NOTIFY IMMEDIATELY BY TRIEPHONE AND MAIL THE ORIGINAL TO US AT THE ABOVE ADDRESS.", "type": 2, "value": 8}, {"box": [256, 420, 426, 449], "text": "January 00, 0000", "type": 2, "value": 4}, {"box": [258, 465, 385, 487], "text": "Mark Berlind", "type": 2, "value": 4}, {"box": [253, 503, 406, 528], "text": "David H. Remes", "type": 2, "value": 4}, {"box": [264, 599, 566, 630], "text": "0 Pages ", "type": 2, "value": 8}, {"box": [88, 753, 597, 778], "text": "If there is a transmission problem, please call:", "type": 2, "value": 2}, {"box": [138, 792, 496, 815], "text": "(000) 000 -0000 Telecommunications", "type": 2, "value": 8}, {"box": [135, 817, 610, 839], "text": "(000) 000 -0000 Leslie L. Daniels - Secretary", "type": 2, "value": 8}, {"box": [524, 947, 683, 961], "text": "", "type": 2, "value": 8}, {"box": [229, 950, 343, 964], "text": "", "type": 2, "value": 8}]}