{"img_shape": [1000, 775], "lines": [{"box": [102, 250, 196, 265], "text": "DESCRIPTION:", "type": 2, "value": 2}, {"box": [103, 436, 157, 454], "text": "SMOKER:", "type": 2, "value": 2}, {"box": [101, 708, 165, 728], "text": "REMARKS:", "type": 2, "value": 2}, {"box": [264, 156, 292, 173], "text": "000", "type": 2, "value": 4}, {"box": [263, 187, 284, 204], "text": "II", "type": 2, "value": 4}, {"box": [665, 768, 683, 863], "text": "00000000", "type": 2, "value": 8}, {"box": [102, 126, 249, 145], "text": "SAMPLE DESCRIPTION:", "type": 2, "value": 6}, {"box": [141, 158, 226, 176], "text": "Tar Number:", "type": 2, "value": 2}, {"box": [140, 186, 240, 205], "text": "Batch Number:", "type": 2, "value": 2}, {"box": [141, 218, 257, 236], "text": "Tobacco Number:", "type": 2, "value": 2}, {"box": [265, 218, 453, 236], "text": "Sample No. 0000, RD 000", "type": 2, "value": 4}, {"box": [212, 249, 426, 267], "text": "OLD GOLD Straights + 0% KNO0", "type": 2, "value": 4}, {"box": [106, 311, 210, 328], "text": "SAMPLE WEIGHT:", "type": 2, "value": 2}, {"box": [226, 310, 449, 329], "text": "000 mm. tar, 000 mm acetone", "type": 2, "value": 4}, {"box": [103, 345, 271, 360], "text": "METHOD OF PREPARATION:", "type": 2, "value": 2}, {"box": [288, 342, 632, 390], "text": "Water removed by co- distillation with acetone under vacum at 00 C.", "type": 2, "value": 4}, {"box": [102, 405, 316, 422], "text": "NUMBER OF CIGARETTES SMOKED:", "type": 2, "value": 2}, {"box": [212, 434, 273, 452], "text": "000 unit", "type": 2, "value": 4}, {"box": [209, 464, 328, 483], "text": "Railway Express", "type": 2, "value": 4}, {"box": [212, 494, 394, 573], "text": "Dr. Dietrich Hoffman The Kettering New York, New York", "type": 2, "value": 4}, {"box": [103, 468, 195, 485], "text": "SHIPPED VIA:", "type": 2, "value": 2}, {"box": [101, 497, 187, 514], "text": "SHIPPED TO:", "type": 2, "value": 2}, {"box": [263, 585, 387, 603], "text": "November 0, 0000", "type": 2, "value": 4}, {"box": [264, 617, 316, 634], "text": "000 gm", "type": 2, "value": 4}, {"box": [261, 647, 367, 665], "text": "February, 000", "type": 2, "value": 4}, {"box": [102, 649, 221, 665], "text": "SUPPLIED UNTIL:", "type": 2, "value": 2}, {"box": [102, 616, 235, 636], "text": "REQUIREMENTS /MP.:", "type": 2, "value": 2}, {"box": [102, 589, 201, 604], "text": "DATE SHIPPED:", "type": 2, "value": 2}, {"box": [120, 708, 628, 754], "text": "Moisture content of tar .00% as determined by near infrared spectroscopy", "type": 2, "value": 4}, {"box": [102, 922, 136, 939], "text": "00 /0", "type": 2, "value": 8}]}