{"img_shape": [1000, 754], "lines": [{"box": [241, 128, 288, 140], "text": "OPTION", "type": 2, "value": 2}, {"box": [548, 126, 580, 138], "text": "PAGE", "type": 2, "value": 2}, {"box": [392, 146, 415, 159], "text": "SHB", "type": 2, "value": 4}, {"box": [547, 148, 565, 160], "text": "00", "type": 2, "value": 4}, {"box": [596, 110, 636, 122], "text": "(AUTO)", "type": 2, "value": 8}, {"box": [663, 821, 681, 914], "text": "000000000", "type": 2, "value": 8}, {"box": [213, 822, 256, 840], "text": "Date:", "type": 2, "value": 2}, {"box": [176, 849, 257, 866], "text": "Attention:", "type": 2, "value": 2}, {"box": [178, 875, 258, 890], "text": "Company:", "type": 2, "value": 2}, {"box": [188, 927, 256, 942], "text": "Subject:", "type": 2, "value": 2}, {"box": [292, 822, 357, 839], "text": "00/00/00", "type": 2, "value": 4}, {"box": [287, 68, 432, 85], "text": "MEMORY STORAGE REPORT", "type": 2, "value": 8}, {"box": [518, 71, 657, 85], "text": "(NOV 00 00 00:00PM", "type": 2, "value": 8}, {"box": [68, 126, 174, 143], "text": "FILE FILE TYPE", "type": 2, "value": 2}, {"box": [70, 145, 181, 163], "text": "000 MEMORY TX", "type": 2, "value": 4}, {"box": [389, 130, 435, 140], "text": "TEL NO.", "type": 2, "value": 2}, {"box": [452, 502, 636, 519], "text": "REMAINING CALL CAPACITY 000", "type": 2, "value": 8}, {"box": [243, 718, 475, 808], "text": "Facsimile Transmission Legal Department 000 Park Avenue New York, NY 00000- 0000", "type": 2, "value": 6}, {"box": [314, 613, 402, 671], "text": "PM PHILIP MORRIS", "type": 2, "value": 6}, {"box": [292, 847, 515, 865], "text": "John J. Mulderig C/O Mike Baker", "type": 2, "value": 4}, {"box": [289, 872, 518, 894], "text": "Philip Morris Management Corp.", "type": 2, "value": 4}, {"box": [294, 900, 390, 918], "text": "000/000-0000", "type": 2, "value": 4}, {"box": [292, 925, 386, 944], "text": "Fax Received", "type": 2, "value": 4}, {"box": [203, 900, 256, 917], "text": "Fax #:", "type": 2, "value": 2}]}