{"img_shape": [1000, 772], "lines": [{"box": [531, 108, 571, 124], "text": "DATE", "type": 2, "value": 2}, {"box": [59, 180, 75, 193], "text": "A.", "type": 2, "value": 2}, {"box": [513, 183, 532, 198], "text": "N-", "type": 2, "value": 8}, {"box": [529, 183, 562, 198], "text": "000", "type": 2, "value": 4}, {"box": [51, 500, 67, 515], "text": "B.", "type": 2, "value": 2}, {"box": [95, 500, 181, 515], "text": "MARKETING", "type": 2, "value": 2}, {"box": [96, 519, 133, 530], "text": "SIZE", "type": 2, "value": 2}, {"box": [143, 519, 160, 531], "text": "OF", "type": 2, "value": 2}, {"box": [168, 517, 224, 533], "text": "TARGET", "type": 2, "value": 2}, {"box": [231, 519, 290, 534], "text": "MARKET", "type": 2, "value": 2}, {"box": [99, 531, 124, 548], "text": "(BY", "type": 2, "value": 2}, {"box": [132, 533, 180, 546], "text": "BRAND", "type": 2, "value": 2}, {"box": [186, 536, 205, 548], "text": "OR", "type": 2, "value": 2}, {"box": [215, 536, 287, 551], "text": "COMPANY)", "type": 2, "value": 2}, {"box": [686, 560, 737, 573], "text": "UNITS", "type": 2, "value": 2}, {"box": [689, 572, 738, 588], "text": "UNITS", "type": 2, "value": 2}, {"box": [689, 591, 738, 604], "text": "UNITS", "type": 2, "value": 2}, {"box": [687, 606, 739, 619], "text": "UNITS", "type": 2, "value": 2}, {"box": [94, 623, 170, 638], "text": "COMMENTS", "type": 2, "value": 2}, {"box": [376, 705, 405, 722], "text": "0st", "type": 2, "value": 2}, {"box": [412, 707, 447, 723], "text": "Qtr.", "type": 2, "value": 2}, {"box": [469, 707, 488, 722], "text": "00", "type": 2, "value": 2}, {"box": [674, 841, 694, 936], "text": "00000000", "type": 2, "value": 8}, {"box": [270, 72, 488, 140], "text": "PROJECT STATUS REPORT CONFIDENTIAL", "type": 2, "value": 6}, {"box": [587, 104, 707, 123], "text": "March 0, 0000", "type": 2, "value": 4}, {"box": [529, 139, 622, 156], "text": "REVISION #", "type": 2, "value": 2}, {"box": [529, 171, 678, 188], "text": "SECTIONS REVISED", "type": 2, "value": 2}, {"box": [91, 183, 201, 200], "text": "PROJECT NAME", "type": 2, "value": 2}, {"box": [214, 178, 358, 198], "text": "True 000's (R&M)", "type": 2, "value": 4}, {"box": [401, 187, 484, 207], "text": "PROJECT #", "type": 2, "value": 2}, {"box": [397, 203, 514, 219], "text": "TOTAL BUDGET", "type": 2, "value": 2}, {"box": [91, 199, 220, 216], "text": "PROJECT LEADER", "type": 2, "value": 2}, {"box": [88, 214, 337, 233], "text": "GENERAL PROJECT DESCRIPTION", "type": 2, "value": 2}, {"box": [225, 199, 383, 218], "text": "Williams/ Giordano", "type": 2, "value": 4}, {"box": [341, 217, 662, 241], "text": "True 000's, Regular and Menthol tar", "type": 2, "value": 4}, {"box": [88, 233, 724, 254], "text": "reduction to the range of 0- 00mg tar. Variations to be: 0) Same taste", "type": 2, "value": 4}, {"box": [95, 249, 752, 269], "text": "characteristics as current True 000's product and, 0) Taste characterist-", "type": 2, "value": 4}, {"box": [96, 262, 532, 282], "text": "ics similar to True King Size, 0mg. tar product.", "type": 2, "value": 4}, {"box": [445, 372, 547, 404], "text": "REVISED TARGET DATE", "type": 2, "value": 2}, {"box": [96, 365, 244, 411], "text": "ESTIMATED TARGET DATE- ORIGINAL COMMENTS", "type": 2, "value": 2}, {"box": [324, 520, 364, 551], "text": "YEAR ONE", "type": 2, "value": 2}, {"box": [405, 521, 443, 552], "text": "YEAR ", "type": 2, "value": 2}, {"box": [467, 521, 518, 556], "text": "YEAR THREE", "type": 2, "value": 2}, {"box": [552, 525, 592, 558], "text": "YEAR FOUR", "type": 2, "value": 2}, {"box": [623, 528, 667, 558], "text": "YEAR FIVE", "type": 2, "value": 2}, {"box": [94, 594, 233, 610], "text": "SALES OBJECTIVE", "type": 2, "value": 2}, {"box": [96, 608, 316, 628], "text": "ESTIMATED PAYBACK PERIOD", "type": 2, "value": 2}, {"box": [94, 702, 251, 722], "text": "In- home placement", "type": 2, "value": 2}, {"box": [376, 674, 518, 708], "text": "ORIGINAL COMPLETION DATE", "type": 2, "value": 6}, {"box": [91, 667, 267, 701], "text": "MAJOR MKT. AND MKT. RESEARCH STEPS", "type": 2, "value": 6}, {"box": [603, 680, 741, 717], "text": "* REVISED COMPLETION DATE", "type": 2, "value": 2}, {"box": [92, 805, 235, 837], "text": "* EXPLANATION OF CHANGE", "type": 2, "value": 2}]}