{"img_shape": [1000, 762], "lines": [{"box": [77, 80, 108, 90], "text": "Date:", "type": 2, "value": 2}, {"box": [78, 94, 144, 109], "text": "Description:", "type": 2, "value": 2}, {"box": [525, 78, 546, 91], "text": "No.", "type": 2, "value": 2}, {"box": [302, 141, 358, 156], "text": "Budgeted:", "type": 2, "value": 6}, {"box": [476, 126, 497, 139], "text": "Yes", "type": 2, "value": 2}, {"box": [476, 141, 497, 155], "text": "Yes", "type": 2, "value": 2}, {"box": [560, 126, 577, 137], "text": "No", "type": 2, "value": 2}, {"box": [560, 141, 575, 154], "text": "No", "type": 2, "value": 2}, {"box": [525, 124, 539, 138], "text": "X", "type": 2, "value": 4}, {"box": [608, 141, 621, 155], "text": "X", "type": 2, "value": 4}, {"box": [476, 158, 484, 171], "text": "$", "type": 2, "value": 8}, {"box": [483, 158, 490, 169], "text": "", "type": 2, "value": 4}, {"box": [78, 190, 124, 201], "text": "contract.", "type": 2, "value": 4}, {"box": [161, 218, 210, 233], "text": "Supplier", "type": 2, "value": 2}, {"box": [500, 235, 539, 248], "text": "00,000", "type": 2, "value": 4}, {"box": [501, 251, 537, 264], "text": "00,000", "type": 2, "value": 4}, {"box": [413, 235, 444, 249], "text": "0,000", "type": 2, "value": 4}, {"box": [415, 251, 444, 265], "text": "0,000", "type": 2, "value": 4}, {"box": [317, 233, 356, 250], "text": "00,000", "type": 2, "value": 4}, {"box": [316, 250, 358, 264], "text": "00,000", "type": 2, "value": 4}, {"box": [77, 282, 134, 296], "text": "Projected:", "type": 2, "value": 2}, {"box": [77, 346, 123, 360], "text": "Wave(s)", "type": 2, "value": 2}, {"box": [78, 411, 125, 425], "text": "Waves(s)", "type": 2, "value": 2}, {"box": [80, 489, 125, 506], "text": "Wave(s)", "type": 2, "value": 2}, {"box": [391, 536, 433, 551], "text": "Project", "type": 2, "value": 6}, {"box": [432, 538, 466, 552], "text": "Type:", "type": 2, "value": 2}, {"box": [538, 282, 567, 296], "text": "0000", "type": 2, "value": 4}, {"box": [543, 297, 588, 311], "text": "000,000", "type": 2, "value": 4}, {"box": [542, 330, 584, 344], "text": "000,000", "type": 2, "value": 4}, {"box": [546, 359, 587, 377], "text": "00,000", "type": 2, "value": 4}, {"box": [578, 411, 586, 422], "text": "0", "type": 2, "value": 4}, {"box": [542, 457, 587, 470], "text": "000,000", "type": 2, "value": 4}, {"box": [542, 486, 588, 501], "text": "000,000", "type": 2, "value": 4}, {"box": [198, 645, 244, 663], "text": "Analyst", "type": 2, "value": 2}, {"box": [203, 679, 231, 692], "text": "Asst", "type": 2, "value": 2}, {"box": [232, 677, 257, 691], "text": "Mgr.", "type": 2, "value": 2}, {"box": [258, 676, 282, 691], "text": "Con", "type": 2, "value": 2}, {"box": [286, 677, 310, 690], "text": "Res", "type": 2, "value": 2}, {"box": [311, 676, 328, 691], "text": "(to", "type": 2, "value": 2}, {"box": [330, 675, 337, 690], "text": "$", "type": 2, "value": 2}, {"box": [338, 676, 385, 691], "text": "000,000)", "type": 2, "value": 2}, {"box": [211, 749, 267, 767], "text": "Musiclask", "type": 2, "value": 4}, {"box": [267, 753, 321, 767], "text": "", "type": 2, "value": 8}, {"box": [225, 709, 370, 734], "text": "", "type": 2, "value": 4}, {"box": [189, 644, 361, 691], "text": "", "type": 2, "value": 4}, {"box": [191, 615, 287, 650], "text": "Lumea", "type": 2, "value": 4}, {"box": [293, 615, 382, 664], "text": "", "type": 2, "value": 8}, {"box": [461, 631, 490, 646], "text": "Date:", "type": 2, "value": 2}, {"box": [459, 661, 488, 676], "text": "Date:", "type": 2, "value": 2}, {"box": [458, 693, 490, 707], "text": "Date:", "type": 2, "value": 2}, {"box": [461, 721, 490, 738], "text": "Date:", "type": 2, "value": 2}, {"box": [461, 753, 492, 768], "text": "Date:", "type": 2, "value": 2}, {"box": [529, 856, 645, 881], "text": "000000000", "type": 2, "value": 8}, {"box": [77, 827, 123, 841], "text": "Original:", "type": 2, "value": 2}, {"box": [78, 844, 95, 854], "text": "cc:", "type": 2, "value": 2}, {"box": [78, 862, 116, 873], "text": "MRADOM", "type": 2, "value": 8}, {"box": [216, 28, 508, 43], "text": "MARKETING RESEARCH AUTHORI TION", "type": 2, "value": 6}, {"box": [261, 45, 467, 77], "text": "DOMESTIC (Recommended Proposal Attached)", "type": 2, "value": 8}, {"box": [177, 78, 254, 93], "text": "March0, 0000", "type": 2, "value": 4}, {"box": [567, 80, 620, 93], "text": "0000- 00D", "type": 2, "value": 4}, {"box": [179, 92, 588, 123], "text": "LUCKY STRIKE QUALITATIVE ADVERTISING RESEARCH - GATEWAY CITIES", "type": 2, "value": 4}, {"box": [77, 124, 155, 140], "text": "Requested by:", "type": 2, "value": 2}, {"box": [177, 124, 247, 140], "text": "A. A. Strobel", "type": 2, "value": 4}, {"box": [302, 126, 436, 141], "text": "Research Req Attached:", "type": 2, "value": 6}, {"box": [282, 156, 430, 174], "text": "Original Budgeted Amount:", "type": 2, "value": 2}, {"box": [77, 170, 255, 188], "text": "Competitive Proposals Obtained:", "type": 2, "value": 2}, {"box": [258, 172, 596, 189], "text": "Only two bidders because third supplier has not yet signed B & W", "type": 2, "value": 4}, {"box": [77, 232, 183, 250], "text": "Analytic Insight, Inc.", "type": 2, "value": 4}, {"box": [78, 251, 187, 265], "text": "Goldfarb Consultants", "type": 2, "value": 4}, {"box": [575, 204, 628, 232], "text": "Cost per Interview", "type": 2, "value": 2}, {"box": [487, 216, 547, 233], "text": "Total Cost", "type": 2, "value": 2}, {"box": [402, 218, 462, 236], "text": "Est. Travel", "type": 2, "value": 2}, {"box": [324, 218, 368, 235], "text": "Cost ($)", "type": 2, "value": 2}, {"box": [78, 299, 176, 314], "text": "Internal Init Date", "type": 2, "value": 2}, {"box": [323, 282, 466, 299], "text": "Summary of MRD Budget", "type": 2, "value": 2}, {"box": [339, 299, 462, 313], "text": "Total Area Authorized", "type": 2, "value": 2}, {"box": [78, 330, 140, 344], "text": "Field Start", "type": 2, "value": 2}, {"box": [321, 330, 466, 345], "text": "Current Balance Available", "type": 2, "value": 2}, {"box": [392, 360, 464, 377], "text": "This Change:", "type": 2, "value": 2}, {"box": [338, 377, 466, 392], "text": "(From Current Budget)", "type": 2, "value": 2}, {"box": [75, 392, 159, 409], "text": "Field Complete", "type": 2, "value": 2}, {"box": [226, 408, 267, 425], "text": "0/ 00/ 00", "type": 2, "value": 4}, {"box": [225, 346, 267, 359], "text": "0/ 00/ 00", "type": 2, "value": 4}, {"box": [230, 299, 265, 312], "text": "0/ 0/ 00", "type": 2, "value": 4}, {"box": [390, 455, 466, 472], "text": "New Balance:", "type": 2, "value": 2}, {"box": [356, 487, 465, 523], "text": "Committed to Date: (Current Year)", "type": 2, "value": 2}, {"box": [300, 408, 448, 442], "text": "This amount: (From Next Year's Budget)", "type": 2, "value": 2}, {"box": [75, 455, 173, 487], "text": "Final Report Due (Supplier Rpt.)", "type": 2, "value": 2}, {"box": [228, 489, 269, 504], "text": "0/ 00/ 00", "type": 2, "value": 4}, {"box": [487, 536, 625, 567], "text": "Qualitative Research (Product Test, A & U etc.)", "type": 2, "value": 6}, {"box": [78, 552, 148, 567], "text": "Sample Size:", "type": 2, "value": 2}, {"box": [78, 568, 209, 583], "text": "Recommended Supplier:", "type": 2, "value": 2}, {"box": [77, 585, 252, 600], "text": "Reason(s) for Recommendation:", "type": 2, "value": 2}, {"box": [302, 584, 364, 598], "text": "Lowest Bid", "type": 2, "value": 4}, {"box": [302, 567, 409, 583], "text": "Analytic Insight, Inc.", "type": 2, "value": 4}, {"box": [78, 631, 159, 646], "text": "Submitted By:", "type": 2, "value": 2}, {"box": [80, 661, 159, 678], "text": "Approved By:", "type": 2, "value": 2}, {"box": [77, 693, 159, 708], "text": "Approved By:", "type": 2, "value": 6}, {"box": [78, 722, 158, 737], "text": "Approved By:", "type": 2, "value": 2}, {"box": [80, 753, 160, 767], "text": "Budget Check:", "type": 2, "value": 2}, {"box": [497, 620, 579, 651], "text": "0000/ 0/ 00", "type": 2, "value": 4}, {"box": [510, 640, 584, 682], "text": "0/ 0/ 00", "type": 2, "value": 4}, {"box": [511, 714, 579, 743], "text": "0/ 0/ 00", "type": 2, "value": 4}, {"box": [461, 782, 528, 795], "text": "Project No:", "type": 2, "value": 2}, {"box": [461, 796, 531, 810], "text": "Acct. Name:", "type": 2, "value": 2}, {"box": [131, 841, 190, 855], "text": "H. Williams", "type": 2, "value": 4}, {"box": [130, 827, 188, 841], "text": "Project File", "type": 2, "value": 4}, {"box": [0, 953, 232, 983], "text": "000000000 PRODUCED FROM B & W WEB SITE", "type": 2, "value": 8}, {"box": [203, 736, 397, 754], "text": "Senior VP Marketing (to $ 0,000,000)", "type": 2, "value": 2}, {"box": [201, 704, 445, 724], "text": "Director Forecasting Mkt (to $ 000,000)", "type": 2, "value": 2}, {"box": [201, 767, 266, 781], "text": "Vicki Clark", "type": 2, "value": 2}]}