{"img_shape": [1000, 762], "lines": [{"box": [80, 176, 103, 191], "text": "TO:", "type": 2, "value": 2}, {"box": [76, 226, 189, 239], "text": "INSTRUCTIONS:", "type": 2, "value": 2}, {"box": [248, 465, 278, 477], "text": "FAX", "type": 2, "value": 2}, {"box": [279, 463, 352, 476], "text": "NUMBERS:", "type": 2, "value": 2}, {"box": [85, 626, 97, 643], "text": "0.", "type": 2, "value": 8}, {"box": [487, 872, 600, 890], "text": "000000000", "type": 2, "value": 8}, {"box": [90, 842, 130, 849], "text": "", "type": 2, "value": 8}, {"box": [297, 796, 340, 813], "text": "0-00-00", "type": 2, "value": 4}, {"box": [166, 60, 519, 106], "text": "BROWN & WILLIAMSON TOBACCO CORPORATION BID REQUEST FORM (QUALITATIVE RESEARCH)", "type": 2, "value": 6}, {"box": [223, 140, 281, 157], "text": "0000- 00D", "type": 2, "value": 4}, {"box": [221, 159, 306, 172], "text": "H.L. Williams", "type": 2, "value": 4}, {"box": [221, 174, 342, 187], "text": "Goldfarb Consultants", "type": 2, "value": 4}, {"box": [73, 145, 203, 158], "text": "PROJECT NUMBER:", "type": 2, "value": 2}, {"box": [75, 161, 204, 174], "text": "B&W ORIGINATOR:", "type": 2, "value": 2}, {"box": [80, 251, 533, 272], "text": "0. THE FOLLOWING DOCUMENT IS DIVIDED INTO TWO SECTIONS.", "type": 2, "value": 8}, {"box": [120, 284, 513, 336], "text": "SECTION ONE CONTAINS THE PROJECT DESCRIPTION AND SPECIFICATIONS FROM B&W. ALL BIDS SHOULD BE BASED ON THE SPECIFICATIONS IN THIS DOCUMENT.", "type": 2, "value": 8}, {"box": [123, 347, 540, 382], "text": "SECTION TWO SHOULD BE COMPLETED BY THE RESEARCH AGENCY AND RETURNED BY FAX TO THE FOLLOWING PERSON:", "type": 2, "value": 8}, {"box": [244, 399, 573, 460], "text": "HAROLD WILLIAMS BROWN & WILLIAMSON TOBACCO CORPORATION LOUISVILLE, KENTUCKY U.S.A", "type": 2, "value": 8}, {"box": [359, 457, 553, 477], "text": "(000) 000-0000 or (000) 000-0000", "type": 2, "value": 8}, {"box": [83, 490, 558, 541], "text": "0. IN ORDER TO ALLOW US TO COMPARE BIDS, WE REQUEST THAT YOU SUBMIT A BID FOR THE RESEARCH AS SPECIFIED IN SECTION ONE.", "type": 2, "value": 8}, {"box": [125, 556, 543, 605], "text": "SUGGESTIONS ALTERNATIVE DESIGNS FROM THE AGENCY ARE WELCOME. HOWEVER, THESE SHOULD BE SUBMITTED AS SEPARATE DOCUMENTS APPENDED TO THIS BID FORM.", "type": 2, "value": 8}, {"box": [125, 620, 570, 653], "text": "IF YOU HAVE ANY QUESTIONS, PLEASE CONTACT THE FOLLOWING PERSON:", "type": 2, "value": 2}, {"box": [248, 653, 576, 714], "text": "HAROLD WILLIAMS BROWN & WILLIAMSON TOBACCO CORPORATION LOUISVILLE, U.S.A", "type": 2, "value": 8}, {"box": [364, 713, 555, 735], "text": "(000) 000-0000 or (000) 000-0000", "type": 2, "value": 8}, {"box": [251, 719, 359, 734], "text": "FAX NUMBERS:", "type": 2, "value": 2}, {"box": [88, 767, 253, 782], "text": "OTHER INFORMATION:", "type": 2, "value": 2}, {"box": [88, 801, 216, 814], "text": "DATE REQUESTED:", "type": 2, "value": 2}, {"box": [86, 821, 279, 835], "text": "DEADLINE FOR BID RECEIPT:", "type": 2, "value": 2}, {"box": [297, 819, 433, 834], "text": "0-00-00 0:00 AM EST", "type": 2, "value": 4}, {"box": [2, 952, 235, 965], "text": "PRODUCED FROM B&W WEB SITE", "type": 2, "value": 8}]}