{"img_shape": [1000, 773], "lines": [{"box": [54, 41, 100, 54], "text": "KOOL", "type": 2, "value": 2}, {"box": [54, 107, 155, 126], "text": "DESCRIPTION:", "type": 2, "value": 2}, {"box": [54, 224, 132, 238], "text": "SUPPLIER:", "type": 2, "value": 2}, {"box": [553, 527, 637, 545], "text": "CUMULATIVE", "type": 2, "value": 2}, {"box": [195, 568, 227, 583], "text": "JAN", "type": 2, "value": 4}, {"box": [678, 950, 744, 968], "text": "000000000", "type": 2, "value": 8}, {"box": [548, 884, 671, 906], "text": "000000000", "type": 2, "value": 8}, {"box": [430, 35, 527, 55], "text": "PROJECT NO.", "type": 2, "value": 2}, {"box": [558, 31, 653, 51], "text": "0000- 000- K", "type": 2, "value": 8}, {"box": [58, 55, 193, 72], "text": "0000- 000- 0000 -0", "type": 2, "value": 4}, {"box": [197, 100, 625, 125], "text": "KMDP ANALYSIS UTILIZING BLACK SWITCHING STUDY DATA", "type": 2, "value": 4}, {"box": [200, 177, 278, 195], "text": "C. B. Pugh", "type": 2, "value": 4}, {"box": [200, 218, 308, 235], "text": "Market Facts", "type": 2, "value": 4}, {"box": [198, 258, 372, 280], "text": "00, 000 (00- 00- 00)", "type": 2, "value": 4}, {"box": [460, 275, 659, 296], "text": "CARRYOVER TO 0000 -- 0", "type": 2, "value": 8}, {"box": [55, 179, 165, 196], "text": "MR PERSONNEL:", "type": 2, "value": 2}, {"box": [55, 262, 194, 279], "text": "AUTHORIZED COST:", "type": 2, "value": 2}, {"box": [75, 517, 151, 551], "text": "RELEASED TO ACCTG", "type": 2, "value": 2}, {"box": [292, 509, 389, 548], "text": "PAID OUT OF 0000 BUDGET", "type": 2, "value": 2}, {"box": [5, 950, 228, 970], "text": "PRODUCED FROM B&W WEB SITE", "type": 2, "value": 8}]}