{"img_shape": [1000, 762], "lines": [{"box": [81, 63, 119, 75], "text": "Date:", "type": 2, "value": 2}, {"box": [86, 131, 171, 141], "text": "Description:", "type": 2, "value": 2}, {"box": [85, 159, 151, 169], "text": "Supplier:", "type": 2, "value": 2}, {"box": [533, 51, 546, 64], "text": "#", "type": 2, "value": 8}, {"box": [547, 51, 562, 63], "text": "00", "type": 2, "value": 8}, {"box": [86, 267, 144, 280], "text": "Reasons:", "type": 2, "value": 2}, {"box": [198, 209, 256, 219], "text": "Increase", "type": 2, "value": 4}, {"box": [480, 201, 493, 216], "text": "(", "type": 2, "value": 8}, {"box": [206, 357, 274, 367], "text": "CANCELLED", "type": 2, "value": 4}, {"box": [530, 337, 567, 347], "text": "0000", "type": 2, "value": 8}, {"box": [513, 352, 596, 365], "text": "0,000,000", "type": 2, "value": 4}, {"box": [532, 380, 595, 388], "text": "000,000", "type": 2, "value": 4}, {"box": [535, 405, 593, 417], "text": "+00,000", "type": 2, "value": 4}, {"box": [533, 517, 596, 527], "text": "000.000", "type": 2, "value": 4}, {"box": [517, 566, 593, 579], "text": "0,000,000", "type": 2, "value": 4}, {"box": [434, 447, 447, 460], "text": "0", "type": 2, "value": 4}, {"box": [95, 787, 156, 795], "text": "Original", "type": 2, "value": 2}, {"box": [98, 802, 120, 812], "text": "cc:", "type": 2, "value": 2}, {"box": [424, 630, 452, 643], "text": "Date", "type": 2, "value": 2}, {"box": [422, 656, 457, 669], "text": "Date", "type": 2, "value": 2}, {"box": [424, 681, 456, 693], "text": "Date", "type": 2, "value": 2}, {"box": [425, 711, 458, 723], "text": "Date", "type": 2, "value": 2}, {"box": [427, 738, 455, 751], "text": "Date", "type": 2, "value": 2}, {"box": [497, 621, 568, 641], "text": "", "type": 2, "value": 4}, {"box": [492, 645, 598, 665], "text": "", "type": 2, "value": 4}, {"box": [497, 673, 592, 691], "text": "", "type": 2, "value": 4}, {"box": [184, 733, 196, 743], "text": "A.", "type": 2, "value": 8}, {"box": [206, 729, 219, 742], "text": "J.", "type": 2, "value": 8}, {"box": [226, 729, 279, 739], "text": "Mellman", "type": 2, "value": 8}, {"box": [184, 703, 199, 715], "text": "L.", "type": 2, "value": 8}, {"box": [206, 703, 221, 715], "text": "E.", "type": 2, "value": 8}, {"box": [223, 703, 278, 713], "text": "Gravely", "type": 2, "value": 8}, {"box": [184, 676, 202, 686], "text": "J.", "type": 2, "value": 8}, {"box": [206, 674, 221, 686], "text": "F.", "type": 2, "value": 8}, {"box": [224, 673, 277, 686], "text": "Wilhelm", "type": 2, "value": 8}, {"box": [228, 681, 326, 699], "text": "", "type": 2, "value": 8}, {"box": [179, 621, 343, 648], "text": "", "type": 2, "value": 4}, {"box": [178, 648, 424, 673], "text": "", "type": 2, "value": 4}, {"box": [492, 791, 558, 804], "text": "0000-00NP", "type": 2, "value": 4}, {"box": [535, 855, 658, 873], "text": "000000000", "type": 2, "value": 8}, {"box": [100, 867, 193, 879], "text": "/big:jfw00000", "type": 2, "value": 8}, {"box": [264, 42, 433, 56], "text": "CHANGE OF AUTHORIZED COST", "type": 2, "value": 6}, {"box": [131, 58, 224, 71], "text": "June 00, 0000", "type": 2, "value": 4}, {"box": [174, 86, 273, 98], "text": "RICHLAND 000's", "type": 2, "value": 4}, {"box": [83, 88, 161, 101], "text": "Brand Name:", "type": 2, "value": 2}, {"box": [186, 121, 510, 140], "text": "Amelia 000's Candidates: (NM-FT and NM- Lights)", "type": 2, "value": 4}, {"box": [168, 154, 291, 168], "text": "Market Facts. Inc.", "type": 2, "value": 4}, {"box": [86, 179, 327, 197], "text": "Previous $ Commitments This Project", "type": 2, "value": 8}, {"box": [85, 209, 191, 225], "text": "Amt. of Change:", "type": 2, "value": 2}, {"box": [86, 236, 302, 251], "text": "Adjusted Total Cost of Protect:", "type": 2, "value": 2}, {"box": [374, 174, 431, 189], "text": "$ 00,000", "type": 2, "value": 8}, {"box": [296, 287, 410, 300], "text": "PROJECT CANCELLED", "type": 2, "value": 6}, {"box": [88, 347, 170, 372], "text": "Projected: Field Start", "type": 2, "value": 2}, {"box": [88, 387, 189, 401], "text": "Field Complete", "type": 2, "value": 2}, {"box": [90, 415, 202, 427], "text": "Final Report Due", "type": 2, "value": 2}, {"box": [307, 341, 487, 355], "text": "Summary of Research Budget", "type": 2, "value": 2}, {"box": [309, 355, 435, 367], "text": "Total Area Budget:", "type": 2, "value": 2}, {"box": [311, 380, 487, 395], "text": "Current Balance Available", "type": 2, "value": 2}, {"box": [311, 410, 457, 441], "text": "This Change: (From Current Budget)", "type": 2, "value": 2}, {"box": [309, 452, 386, 464], "text": "This Amount", "type": 2, "value": 2}, {"box": [311, 463, 482, 479], "text": "(From Next Year's Budget)", "type": 2, "value": 2}, {"box": [311, 520, 395, 534], "text": "New Balance:", "type": 2, "value": 2}, {"box": [312, 575, 437, 589], "text": "Committed To Date:", "type": 2, "value": 2}, {"box": [95, 635, 184, 648], "text": "Submitted By:", "type": 2, "value": 2}, {"box": [93, 663, 183, 676], "text": "Approved By:", "type": 2, "value": 2}, {"box": [96, 689, 183, 706], "text": "Approved By:", "type": 2, "value": 2}, {"box": [93, 716, 181, 732], "text": "Approved By:", "type": 2, "value": 2}, {"box": [95, 746, 184, 758], "text": "Approved By:", "type": 2, "value": 2}, {"box": [178, 784, 293, 811], "text": "Project File S. Willinger ", "type": 2, "value": 4}, {"box": [181, 811, 397, 853], "text": "Research Group Manager Bonnie Fuller V. Hansberry (If International)", "type": 2, "value": 4}, {"box": [399, 792, 472, 806], "text": "Project No.", "type": 2, "value": 2}, {"box": [400, 821, 483, 833], "text": "Account Name", "type": 2, "value": 2}, {"box": [495, 816, 600, 832], "text": "PRODUCT TESTING", "type": 2, "value": 4}, {"box": [0, 953, 233, 983], "text": "000000000 RODUCED FROM B&W WEB SITE", "type": 2, "value": 8}, {"box": [374, 231, 423, 245], "text": "$ -0-", "type": 2, "value": 4}, {"box": [530, 199, 621, 213], "text": "-000% Change)", "type": 2, "value": 8}, {"box": [284, 206, 363, 221], "text": "Decrease X", "type": 2, "value": 4}, {"box": [374, 203, 432, 218], "text": "$- 00,000", "type": 2, "value": 8}]}