{"img_shape": [1000, 762], "lines": [{"box": [263, 117, 273, 127], "text": "\u2611", "type": 2, "value": 4}, {"box": [275, 117, 322, 125], "text": "ORIGINAL", "type": 2, "value": 2}, {"box": [46, 162, 78, 170], "text": "Subject", "type": 2, "value": 2}, {"box": [71, 205, 98, 213], "text": "State:", "type": 2, "value": 6}, {"box": [73, 297, 100, 305], "text": "Local:", "type": 2, "value": 6}, {"box": [71, 339, 79, 349], "text": "", "type": 2, "value": 2}, {"box": [70, 316, 80, 326], "text": "0.", "type": 2, "value": 2}, {"box": [249, 311, 259, 319], "text": "0.", "type": 2, "value": 2}, {"box": [250, 335, 258, 345], "text": "0.", "type": 2, "value": 2}, {"box": [443, 221, 454, 234], "text": "\u2611", "type": 2, "value": 4}, {"box": [568, 229, 579, 240], "text": "\u2611", "type": 2, "value": 4}, {"box": [582, 232, 599, 240], "text": "Yes", "type": 2, "value": 2}, {"box": [448, 316, 458, 326], "text": "\u2610", "type": 2, "value": 2}, {"box": [448, 328, 459, 338], "text": "\u2610", "type": 2, "value": 2}, {"box": [60, 388, 71, 399], "text": "\u2611", "type": 2, "value": 4}, {"box": [170, 385, 183, 395], "text": "\u2611", "type": 2, "value": 4}, {"box": [73, 390, 94, 400], "text": "GPR", "type": 2, "value": 2}, {"box": [184, 387, 205, 395], "text": "PRO", "type": 2, "value": 2}, {"box": [67, 858, 101, 869], "text": "Agency", "type": 2, "value": 2}, {"box": [513, 860, 569, 874], "text": "000-0000", "type": 2, "value": 8}, {"box": [581, 845, 602, 853], "text": "Date", "type": 2, "value": 2}, {"box": [588, 860, 631, 871], "text": "0-0-00", "type": 2, "value": 4}, {"box": [662, 722, 683, 838], "text": "000000000", "type": 2, "value": 8}, {"box": [564, 70, 635, 89], "text": "0000 Session", "type": 2, "value": 8}, {"box": [507, 117, 629, 130], "text": "Amendment No. if Applicable", "type": 2, "value": 2}, {"box": [529, 103, 587, 117], "text": "LRB 0000", "type": 2, "value": 4}, {"box": [506, 89, 637, 105], "text": "LRB Or Bill No. han Au No", "type": 2, "value": 2}, {"box": [358, 115, 418, 125], "text": "\u2610 UPDATED", "type": 2, "value": 2}, {"box": [359, 127, 447, 137], "text": "\u2610 SUPPLEMENTAL", "type": 2, "value": 2}, {"box": [261, 130, 335, 140], "text": "\u2610 CORRECTED", "type": 2, "value": 2}, {"box": [45, 88, 152, 113], "text": "FISCAL ESTIMATE AD MBA 00 (Rev 00/00", "type": 2, "value": 2}, {"box": [81, 163, 345, 183], "text": "Regulation of Smoking Public Places", "type": 2, "value": 4}, {"box": [47, 189, 107, 201], "text": "Fiscal Effect", "type": 2, "value": 2}, {"box": [53, 399, 250, 414], "text": "Asumptions Used in Arriving at Fiscal Estimate", "type": 2, "value": 2}, {"box": [89, 405, 609, 473], "text": "This bill regulates smoking in university buildings which house educational programs and in inpatient health care facilities. Smoking within these or rooms, provided buildings would be allowed only specified facilities designate these \"smoking permitted\" areas. that signs are posted to", "type": 2, "value": 4}, {"box": [91, 475, 614, 584], "text": "university buildings would each It is estimated that, on the average, The per \"smoking signs. sign cost is require about three permitted\" This estimate is based on the estimated at $0 00 in 0000-00 dollars. 0000 increased to reflect Inflation from 0000 to 0000. per sign cost, and Thus, the expected one-time cost for the University Systet to implement no be about There are significant the provisions of the bill would $0,000. with the bill's provisions. continuing annual costs associated", "type": 2, "value": 4}, {"box": [66, 775, 196, 787], "text": "Long Range Fiscal Implications", "type": 2, "value": 2}, {"box": [103, 870, 316, 887], "text": "University of Wisconsin System", "type": 2, "value": 4}, {"box": [348, 839, 504, 893], "text": "Authorized Signature Telephone No. ", "type": 2, "value": 8}, {"box": [0, 951, 231, 983], "text": "000000000 RODUCED FROM B&W WEB SITE", "type": 2, "value": 8}, {"box": [109, 201, 214, 214], "text": "\u2610 No State Fiscal Effect", "type": 2, "value": 2}, {"box": [122, 214, 374, 242], "text": "Check columns below only if bill makes a rect appropriation or affect a sum sufficient appropriation.", "type": 2, "value": 2}, {"box": [110, 247, 254, 259], "text": "\u2610 Increase Existing Appropriation", "type": 2, "value": 2}, {"box": [110, 260, 257, 273], "text": "\u2610 Decrease Existing Appropriation", "type": 2, "value": 2}, {"box": [110, 274, 233, 285], "text": "\u2610 Create New Appropriation", "type": 2, "value": 2}, {"box": [271, 242, 394, 254], "text": "\u2610 Increase Existing Revenues", "type": 2, "value": 2}, {"box": [271, 256, 397, 267], "text": "\u2610 Decrease Existing Revenues", "type": 2, "value": 2}, {"box": [444, 250, 519, 261], "text": "\u2610 Decrease Costs", "type": 2, "value": 2}, {"box": [610, 229, 637, 240], "text": "\u2610 No", "type": 2, "value": 2}, {"box": [457, 216, 639, 231], "text": "Increase Costs - May Be Possible to Absorb", "type": 2, "value": 2}, {"box": [455, 233, 556, 244], "text": "Within Agency's Budget", "type": 2, "value": 6}, {"box": [110, 295, 232, 306], "text": "\u2610 No oca g\uf703overnment cost", "type": 2, "value": 2}, {"box": [433, 300, 633, 314], "text": "0. Types of Local Governmental Unit Aflected:", "type": 2, "value": 6}, {"box": [518, 313, 565, 324], "text": "\u2610 Villages", "type": 2, "value": 2}, {"box": [518, 325, 558, 335], "text": "\u2610 Others", "type": 2, "value": 2}, {"box": [602, 311, 638, 321], "text": "\u2610 Cities", "type": 2, "value": 2}, {"box": [360, 342, 418, 353], "text": "\u2610 Mandatory", "type": 2, "value": 2}, {"box": [323, 380, 364, 391], "text": "\u2610 SEG-S", "type": 2, "value": 2}, {"box": [271, 383, 303, 393], "text": "\u2610 SEG", "type": 2, "value": 2}, {"box": [228, 384, 260, 394], "text": "\u2610 PRS", "type": 2, "value": 2}, {"box": [115, 387, 150, 397], "text": "\u2610 FED", "type": 2, "value": 2}, {"box": [54, 374, 148, 386], "text": "Fund Source Affected", "type": 2, "value": 6}, {"box": [383, 365, 514, 375], "text": "Affected Ch. 00 Appropriations", "type": 2, "value": 2}, {"box": [408, 374, 571, 391], "text": "00. 000 0 (a), 0 (b), 0 (im)", "type": 2, "value": 2}, {"box": [260, 309, 348, 320], "text": "\u2610 Increase Revenues", "type": 2, "value": 2}, {"box": [292, 320, 346, 330], "text": "\u2610 Permissive", "type": 2, "value": 2}, {"box": [358, 318, 418, 328], "text": "\u2610 Mandatory", "type": 2, "value": 2}, {"box": [261, 334, 349, 344], "text": "\u2610 Decrease Revenues", "type": 2, "value": 2}, {"box": [293, 345, 346, 356], "text": "\u2610 Permissive", "type": 2, "value": 2}, {"box": [177, 346, 236, 358], "text": "Mandatory", "type": 2, "value": 2}, {"box": [177, 321, 236, 333], "text": "\u2610 Mandatory", "type": 2, "value": 2}, {"box": [112, 324, 167, 335], "text": "\u2610 Permissive", "type": 2, "value": 2}, {"box": [113, 349, 169, 361], "text": "Permane", "type": 2, "value": 2}, {"box": [81, 338, 155, 348], "text": "Decreas Corts", "type": 2, "value": 2}, {"box": [80, 313, 152, 324], "text": "\u2610 Increase Costs", "type": 2, "value": 2}]}