{"img_shape": [1000, 762], "lines": [{"box": [383, 112, 422, 126], "text": "DATE:", "type": 2, "value": 2}, {"box": [383, 140, 428, 154], "text": "PLACE:", "type": 2, "value": 2}, {"box": [520, 117, 542, 130], "text": "NO.", "type": 2, "value": 2}, {"box": [106, 105, 155, 119], "text": "CLIENT:", "type": 2, "value": 2}, {"box": [103, 131, 167, 146], "text": "PRODUCT:", "type": 2, "value": 2}, {"box": [105, 159, 165, 176], "text": "PRESENT:", "type": 2, "value": 2}, {"box": [99, 282, 166, 300], "text": "SUMMARY:", "type": 2, "value": 2}, {"box": [447, 328, 546, 343], "text": "CONFIDENTIAL", "type": 2, "value": 2}, {"box": [95, 501, 113, 514], "text": "PH:", "type": 2, "value": 2}, {"box": [94, 532, 114, 543], "text": "cc:", "type": 2, "value": 2}, {"box": [623, 714, 643, 829], "text": "000000000", "type": 2, "value": 8}, {"box": [115, 506, 130, 517], "text": "mg", "type": 2, "value": 4}, {"box": [437, 141, 501, 158], "text": "Telephone", "type": 2, "value": 4}, {"box": [186, 135, 236, 150], "text": "Viceroy", "type": 2, "value": 4}, {"box": [71, 56, 574, 84], "text": "GREY ADVERTISING INC. - MEETING REPORT", "type": 2, "value": 6}, {"box": [605, 56, 685, 91], "text": "FEB 00 0000", "type": 2, "value": 8}, {"box": [170, 106, 299, 123], "text": "Brown & Williamson", "type": 2, "value": 4}, {"box": [437, 113, 487, 130], "text": "0/ 00/ 00", "type": 2, "value": 4}, {"box": [550, 116, 606, 132], "text": "000 -0 R0", "type": 2, "value": 4}, {"box": [166, 163, 251, 180], "text": "(For the client)", "type": 2, "value": 4}, {"box": [101, 182, 172, 197], "text": "T. Parrack", "type": 2, "value": 4}, {"box": [383, 166, 473, 183], "text": "DATE OF REPORT:", "type": 2, "value": 2}, {"box": [476, 170, 529, 187], "text": "0/ 00/ 00", "type": 2, "value": 4}, {"box": [165, 226, 259, 242], "text": "(For the agency)", "type": 2, "value": 8}, {"box": [99, 244, 183, 261], "text": "P. Hendricks", "type": 2, "value": 8}, {"box": [447, 306, 525, 322], "text": "Written by:", "type": 2, "value": 2}, {"box": [538, 306, 624, 323], "text": "P. Hendricks", "type": 2, "value": 4}, {"box": [95, 374, 580, 436], "text": "Client confirmed agreement for Agency to pay advance to with official photographer, signed estimate to follow, for 0/ 00/ 00. This was Viceroy Shoot week of agreed to by T. and January Parrack A. 00 pre- Forsythe production at the meeting", "type": 2, "value": 8}, {"box": [127, 531, 219, 574], "text": "R. Schoenfein S. Dammers P. Hendricks", "type": 2, "value": 4}, {"box": [1, 953, 232, 982], "text": "000000000 PRODUCED FROM B& W WEB SITE", "type": 2, "value": 8}]}