{"img_shape": [1000, 762], "lines": [{"box": [110, 109, 185, 124], "text": "Department:", "type": 2, "value": 2}, {"box": [109, 147, 158, 161], "text": "System:", "type": 2, "value": 2}, {"box": [112, 205, 127, 220], "text": "x", "type": 2, "value": 4}, {"box": [207, 127, 236, 138], "text": "0000", "type": 2, "value": 4}, {"box": [271, 176, 289, 190], "text": "x", "type": 2, "value": 4}, {"box": [462, 189, 476, 202], "text": "X", "type": 2, "value": 4}, {"box": [480, 122, 523, 137], "text": "0/00/00", "type": 2, "value": 4}, {"box": [482, 102, 528, 117], "text": "0/00/00", "type": 2, "value": 4}, {"box": [480, 175, 536, 188], "text": "Immediate", "type": 2, "value": 2}, {"box": [483, 189, 510, 200], "text": "High", "type": 2, "value": 2}, {"box": [480, 201, 523, 214], "text": "Medium", "type": 2, "value": 2}, {"box": [482, 216, 506, 227], "text": "Low", "type": 2, "value": 2}, {"box": [482, 229, 511, 240], "text": "Defer", "type": 2, "value": 2}, {"box": [511, 155, 581, 169], "text": "PRIORITY", "type": 2, "value": 6}, {"box": [408, 712, 451, 726], "text": "designed", "type": 2, "value": 8}, {"box": [99, 848, 297, 855], "text": "", "type": 2, "value": 8}, {"box": [257, 13, 467, 49], "text": "MIS PROJECT REQUEST PART I - CLIENT REQUEST", "type": 2, "value": 6}, {"box": [109, 74, 193, 90], "text": "Requested by:", "type": 2, "value": 2}, {"box": [200, 73, 294, 88], "text": "Karl Hutchison", "type": 2, "value": 4}, {"box": [384, 71, 482, 85], "text": "Project Number:", "type": 2, "value": 2}, {"box": [485, 70, 573, 85], "text": "(assigned by MIS)", "type": 2, "value": 4}, {"box": [196, 108, 251, 122], "text": "BD & SS", "type": 2, "value": 4}, {"box": [109, 127, 203, 141], "text": "Phone Number:", "type": 2, "value": 2}, {"box": [384, 103, 481, 119], "text": "Date Submitted:", "type": 2, "value": 2}, {"box": [384, 123, 474, 137], "text": "Date Required:", "type": 2, "value": 2}, {"box": [130, 162, 238, 178], "text": "REQUEST TYPE", "type": 2, "value": 6}, {"box": [307, 159, 412, 173], "text": "REASON CODE", "type": 2, "value": 6}, {"box": [131, 180, 217, 192], "text": "0. Enhancement", "type": 2, "value": 2}, {"box": [133, 194, 215, 206], "text": "0. Maintenance", "type": 2, "value": 2}, {"box": [135, 207, 243, 221], "text": "0. Special Processing", "type": 2, "value": 2}, {"box": [133, 221, 187, 234], "text": "0. Ad Hoc", "type": 2, "value": 2}, {"box": [131, 235, 205, 249], "text": "0. Emergency", "type": 2, "value": 2}, {"box": [296, 177, 443, 190], "text": "0. Productivity Improvement", "type": 2, "value": 2}, {"box": [295, 190, 420, 204], "text": "0. Return On Investment", "type": 2, "value": 2}, {"box": [293, 204, 398, 218], "text": "0. Customer Impact", "type": 2, "value": 2}, {"box": [293, 216, 440, 231], "text": "0. Government Requirement", "type": 2, "value": 2}, {"box": [295, 232, 394, 245], "text": "0. Business Change", "type": 2, "value": 2}, {"box": [295, 244, 377, 259], "text": "0. System Error", "type": 2, "value": 2}, {"box": [296, 258, 399, 273], "text": "0. Procedural Error", "type": 2, "value": 2}, {"box": [110, 292, 267, 307], "text": "PROBLEM DEFINITION", "type": 2, "value": 6}, {"box": [109, 310, 226, 324], "text": "Description of Request:", "type": 2, "value": 2}, {"box": [109, 318, 606, 352], "text": "Please run job FRMRXUM0 for GPC, Misty, and Kool against file b:\\common\\khutchi\\r000unm.lst. Please place output in the same directory.", "type": 2, "value": 4}, {"box": [110, 406, 211, 421], "text": "Reason for Request:", "type": 2, "value": 2}, {"box": [109, 430, 536, 447], "text": "Calculation of 0000 STR volumes for these brands for allocation of Period 0A budgets.", "type": 2, "value": 4}, {"box": [110, 506, 254, 523], "text": "Request Authorized By:", "type": 2, "value": 2}, {"box": [309, 520, 393, 537], "text": "Karl Hutchison", "type": 2, "value": 4}, {"box": [98, 588, 191, 603], "text": "REQUEST TYPE:", "type": 2, "value": 6}, {"box": [387, 584, 476, 599], "text": "REASON CODE:", "type": 2, "value": 6}, {"box": [101, 782, 267, 797], "text": "REQUEST AUTHORIZED BY", "type": 2, "value": 2}, {"box": [98, 603, 196, 616], "text": "0. Enhancement", "type": 2, "value": 2}, {"box": [198, 602, 347, 615], "text": "productivity improvement, new", "type": 2, "value": 8}, {"box": [119, 615, 279, 630], "text": "functionality, nice to have feature", "type": 2, "value": 8}, {"box": [98, 630, 193, 644], "text": "0. Maintenance-", "type": 2, "value": 2}, {"box": [194, 628, 371, 642], "text": "fix program error new business need", "type": 2, "value": 8}, {"box": [98, 645, 221, 658], "text": "0. Special Processing", "type": 2, "value": 2}, {"box": [222, 642, 376, 656], "text": "high volume file maintenance or", "type": 2, "value": 8}, {"box": [120, 656, 376, 672], "text": "data correction which is not part of normal processing", "type": 2, "value": 8}, {"box": [99, 672, 167, 686], "text": "0. Ad Hoc-", "type": 2, "value": 2}, {"box": [169, 672, 369, 686], "text": "reporting requirement which is not part of", "type": 2, "value": 8}, {"box": [120, 687, 208, 700], "text": "normal processing", "type": 2, "value": 8}, {"box": [99, 701, 186, 714], "text": "0. Emergency-", "type": 2, "value": 2}, {"box": [187, 700, 344, 714], "text": "application or technology failure", "type": 2, "value": 8}, {"box": [388, 599, 546, 613], "text": "0. Productivity Improvement", "type": 2, "value": 2}, {"box": [387, 612, 522, 627], "text": "0. Return on Investment-", "type": 2, "value": 2}, {"box": [388, 627, 502, 641], "text": "0. Customer Impact", "type": 2, "value": 2}, {"box": [524, 612, 592, 625], "text": "dollar savings", "type": 2, "value": 8}, {"box": [547, 596, 611, 610], "text": "time savings", "type": 2, "value": 8}, {"box": [503, 624, 621, 638], "text": "requested change affects", "type": 2, "value": 8}, {"box": [408, 640, 535, 654], "text": "B&W's external customers", "type": 2, "value": 8}, {"box": [388, 655, 546, 669], "text": "0. Government Requirement", "type": 2, "value": 2}, {"box": [547, 652, 622, 667], "text": "required by law", "type": 2, "value": 8}, {"box": [388, 668, 500, 683], "text": "0. Business Change", "type": 2, "value": 2}, {"box": [501, 668, 600, 682], "text": "change in a business", "type": 2, "value": 8}, {"box": [409, 682, 604, 698], "text": "process, or implement strategic direction", "type": 2, "value": 8}, {"box": [388, 697, 483, 711], "text": "0. System Error-", "type": 2, "value": 2}, {"box": [486, 696, 617, 711], "text": "System is not functioning as", "type": 2, "value": 8}, {"box": [388, 725, 502, 739], "text": "0. Procedural Error", "type": 2, "value": 2}, {"box": [506, 722, 634, 738], "text": "caused by user, scheduling,", "type": 2, "value": 8}, {"box": [409, 740, 481, 753], "text": "operations, etc.", "type": 2, "value": 8}, {"box": [270, 777, 627, 797], "text": "MUST BE AUTHORIZED BY THE DEPARTMENT DIRECTOR OR THE", "type": 2, "value": 4}, {"box": [101, 793, 621, 810], "text": "DESIGNATED SYSTEM OWNER BEFORE SUBMISSION TO THE MIS CLIENT SYSTEMS MANAGER.", "type": 2, "value": 4}, {"box": [0, 954, 232, 982], "text": "00000000 PRODUCED FROM B&W WEB SITE", "type": 2, "value": 8}]}