{"img_shape": [1000, 762], "lines": [{"box": [85, 527, 148, 542], "text": "Signature", "type": 2, "value": 2}, {"box": [319, 525, 392, 540], "text": "Department", "type": 2, "value": 2}, {"box": [513, 523, 548, 538], "text": "Date", "type": 2, "value": 2}, {"box": [515, 676, 553, 693], "text": "Date", "type": 2, "value": 2}, {"box": [322, 679, 398, 697], "text": "Department", "type": 2, "value": 2}, {"box": [88, 683, 148, 698], "text": "Signature", "type": 2, "value": 2}, {"box": [56, 453, 86, 465], "text": "T&N", "type": 2, "value": 2}, {"box": [58, 394, 123, 407], "text": "WARNING", "type": 2, "value": 2}, {"box": [51, 239, 94, 251], "text": "DATE", "type": 2, "value": 2}, {"box": [462, 228, 518, 266], "text": "00", "type": 2, "value": 8}, {"box": [171, 447, 189, 464], "text": "0'", "type": 2, "value": 4}, {"box": [181, 628, 339, 771], "text": "", "type": 2, "value": 4}, {"box": [171, 332, 296, 345], "text": "00/00\"WX00/0\"H", "type": 2, "value": 4}, {"box": [113, 238, 168, 251], "text": "00/00/00", "type": 2, "value": 4}, {"box": [540, 346, 575, 359], "text": "(Date)", "type": 2, "value": 2}, {"box": [60, 819, 138, 832], "text": "REVISIONS", "type": 2, "value": 2}, {"box": [50, 159, 101, 176], "text": "BRAND", "type": 2, "value": 2}, {"box": [53, 199, 143, 214], "text": "DESCRIPTION", "type": 2, "value": 2}, {"box": [120, 120, 153, 135], "text": "0000", "type": 2, "value": 4}, {"box": [53, 121, 108, 140], "text": "JOB NO.", "type": 2, "value": 2}, {"box": [48, 35, 313, 103], "text": "BROWN & WILLIAMSON TOBACCO CORPORATION B&W", "type": 2, "value": 6}, {"box": [502, 12, 656, 70], "text": "INC", "type": 2, "value": 6}, {"box": [556, 71, 650, 111], "text": "", "type": 2, "value": 8}, {"box": [116, 159, 202, 174], "text": "KOOL Natural", "type": 2, "value": 4}, {"box": [145, 183, 419, 213], "text": "Passport Winter Program Ad- EMRO", "type": 2, "value": 4}, {"box": [173, 276, 288, 291], "text": "0.00000 sq inches", "type": 2, "value": 4}, {"box": [53, 274, 164, 293], "text": "SQ. INCHES/FEET", "type": 2, "value": 2}, {"box": [58, 334, 122, 352], "text": "TRIM SIZE", "type": 2, "value": 2}, {"box": [173, 387, 313, 409], "text": "Exhibt 0(a) Statement A", "type": 2, "value": 4}, {"box": [409, 319, 460, 348], "text": "Legal Approval", "type": 2, "value": 2}, {"box": [53, 507, 166, 524], "text": "OTT APPROVALS", "type": 2, "value": 6}, {"box": [95, 537, 180, 600], "text": "LKelly ", "type": 2, "value": 4}, {"box": [326, 540, 436, 582], "text": "production AE", "type": 2, "value": 4}, {"box": [517, 533, 609, 578], "text": "00/00/00 00/00/00", "type": 2, "value": 4}, {"box": [56, 663, 175, 677], "text": "B&W APPROVALS", "type": 2, "value": 6}, {"box": [324, 812, 435, 830], "text": "DATE COMPLETE", "type": 2, "value": 2}, {"box": [520, 811, 671, 825], "text": "REVISIONS APPROVED", "type": 2, "value": 2}, {"box": [0, 953, 231, 984], "text": "000000000 PRODUCED FROM B&W WEB SITE", "type": 2, "value": 8}]}