{"img_shape": [1000, 762], "lines": [{"box": [64, 103, 94, 115], "text": "Date:", "type": 2, "value": 2}, {"box": [64, 120, 134, 130], "text": "Description:", "type": 2, "value": 2}, {"box": [153, 228, 204, 243], "text": "Supplier", "type": 2, "value": 6}, {"box": [296, 160, 353, 172], "text": "Budgeted:", "type": 2, "value": 6}, {"box": [470, 138, 495, 151], "text": "Yes", "type": 2, "value": 2}, {"box": [472, 156, 497, 166], "text": "Yes", "type": 2, "value": 2}, {"box": [407, 237, 441, 250], "text": "0,000", "type": 2, "value": 4}, {"box": [500, 234, 540, 247], "text": "00,000", "type": 2, "value": 4}, {"box": [522, 138, 537, 151], "text": "X", "type": 2, "value": 4}, {"box": [524, 154, 543, 164], "text": "X", "type": 2, "value": 4}, {"box": [555, 135, 573, 148], "text": "No", "type": 2, "value": 2}, {"box": [555, 153, 576, 166], "text": "No", "type": 2, "value": 2}, {"box": [518, 88, 545, 104], "text": "No.", "type": 2, "value": 2}, {"box": [72, 410, 105, 422], "text": "Wave", "type": 2, "value": 2}, {"box": [103, 410, 122, 422], "text": "(s)", "type": 2, "value": 2}, {"box": [419, 431, 485, 449], "text": "Qualatative", "type": 2, "value": 4}, {"box": [476, 497, 488, 509], "text": "$", "type": 2, "value": 4}, {"box": [195, 668, 240, 681], "text": "Analyst", "type": 2, "value": 8}, {"box": [466, 641, 503, 660], "text": "Date:", "type": 2, "value": 2}, {"box": [467, 677, 503, 690], "text": "Date:", "type": 2, "value": 2}, {"box": [467, 705, 501, 720], "text": "Date:", "type": 2, "value": 2}, {"box": [469, 735, 509, 747], "text": "Date:", "type": 2, "value": 2}, {"box": [469, 763, 503, 778], "text": "Date:", "type": 2, "value": 2}, {"box": [85, 871, 128, 886], "text": "Original:", "type": 2, "value": 2}, {"box": [82, 885, 107, 900], "text": "CC:", "type": 2, "value": 2}, {"box": [85, 906, 122, 918], "text": "MRADOM", "type": 2, "value": 8}, {"box": [204, 24, 500, 44], "text": "MA ETING RESEARCH AUTHORIZ ON", "type": 2, "value": 6}, {"box": [246, 42, 459, 74], "text": "(DOMESTIC) (Recommended Proposal Attached)", "type": 2, "value": 8}, {"box": [168, 99, 210, 114], "text": "0/ 00/ 00", "type": 2, "value": 4}, {"box": [169, 109, 395, 127], "text": "KOOL Natural Lights Packaging - Round I", "type": 2, "value": 4}, {"box": [555, 88, 608, 100], "text": "0000 -00D", "type": 2, "value": 4}, {"box": [66, 148, 145, 163], "text": "Requested by:", "type": 2, "value": 2}, {"box": [171, 145, 255, 158], "text": "Nick Wilkerson", "type": 2, "value": 4}, {"box": [296, 141, 437, 155], "text": "Research Req. Attached:", "type": 2, "value": 6}, {"box": [277, 172, 431, 190], "text": "Original Budgeted Amount:", "type": 2, "value": 2}, {"box": [67, 195, 255, 213], "text": "Competitive Proposals Obtained:", "type": 2, "value": 2}, {"box": [320, 223, 363, 238], "text": "Cost ($)", "type": 2, "value": 2}, {"box": [397, 219, 459, 234], "text": "Est. Travel", "type": 2, "value": 2}, {"box": [487, 217, 547, 230], "text": "Total Cost", "type": 2, "value": 2}, {"box": [575, 202, 629, 229], "text": "Cost per Interview", "type": 2, "value": 2}, {"box": [304, 240, 353, 253], "text": "$ 00,000", "type": 2, "value": 4}, {"box": [66, 246, 156, 261], "text": "Rabid Research", "type": 2, "value": 2}, {"box": [69, 307, 290, 323], "text": "Proiected External Authorization Date", "type": 2, "value": 2}, {"box": [469, 299, 512, 314], "text": "0 /00 /00", "type": 2, "value": 4}, {"box": [449, 332, 512, 347], "text": "w /o 0/ 00 /00", "type": 2, "value": 4}, {"box": [449, 379, 509, 398], "text": "w/ o 0/ 0/ 00", "type": 2, "value": 4}, {"box": [72, 343, 161, 357], "text": "Field Complete", "type": 2, "value": 2}, {"box": [73, 358, 119, 374], "text": "Wave (s)", "type": 2, "value": 2}, {"box": [73, 389, 222, 407], "text": "Final Supplier Report Due", "type": 2, "value": 2}, {"box": [73, 437, 293, 458], "text": "Project Type (Product Test, A & U, etc.)", "type": 2, "value": 2}, {"box": [436, 464, 482, 476], "text": "$ 00,000", "type": 2, "value": 4}, {"box": [440, 481, 485, 494], "text": "$ 00,000", "type": 2, "value": 4}, {"box": [73, 473, 265, 488], "text": "Total Authorized Project Amount", "type": 2, "value": 2}, {"box": [90, 488, 290, 508], "text": "To Be Deducted from 0000 Budget", "type": 2, "value": 2}, {"box": [90, 504, 290, 522], "text": "To Be Deducted from 0000 Budget", "type": 2, "value": 2}, {"box": [78, 573, 151, 588], "text": "Sample Size:", "type": 2, "value": 2}, {"box": [205, 569, 268, 584], "text": "00 groups", "type": 2, "value": 4}, {"box": [76, 588, 217, 603], "text": "Recommended Supplier:", "type": 2, "value": 2}, {"box": [76, 605, 259, 619], "text": "Reason (s) for Recommendation:", "type": 2, "value": 2}, {"box": [305, 582, 392, 599], "text": "Rabid Research", "type": 2, "value": 8}, {"box": [308, 591, 635, 630], "text": "Rabid was selected due to the critical timing of the project and the lack of availability of other suppliers", "type": 2, "value": 4}, {"box": [79, 653, 166, 668], "text": "Submitted By:", "type": 2, "value": 2}, {"box": [81, 683, 163, 701], "text": "Approved By:", "type": 2, "value": 2}, {"box": [82, 714, 165, 730], "text": "Approved By:", "type": 2, "value": 2}, {"box": [79, 743, 165, 762], "text": "Approved By:", "type": 2, "value": 2}, {"box": [84, 774, 168, 790], "text": "Approved By:", "type": 2, "value": 2}, {"box": [201, 780, 396, 802], "text": "Senior VP Marketing (to $ 0,000,000)", "type": 2, "value": 4}, {"box": [198, 753, 391, 772], "text": "Director Market Research (to $ 000,000)", "type": 2, "value": 4}, {"box": [199, 722, 411, 740], "text": "Director Research Development (to $ 000,000)", "type": 2, "value": 4}, {"box": [192, 663, 427, 713], "text": "Autos Mgr. Trade & Consumer Research (to $ 000,000)", "type": 2, "value": 4}, {"box": [187, 635, 347, 666], "text": "naid", "type": 2, "value": 4}, {"box": [527, 627, 597, 658], "text": "B 00", "type": 2, "value": 4}, {"box": [533, 660, 603, 687], "text": "", "type": 2, "value": 4}, {"box": [564, 796, 622, 811], "text": "0000 -00D", "type": 2, "value": 4}, {"box": [469, 799, 542, 814], "text": "Project No.:", "type": 2, "value": 2}, {"box": [472, 820, 545, 836], "text": "Acct. Name:", "type": 2, "value": 2}, {"box": [139, 868, 197, 883], "text": "Project File", "type": 2, "value": 4}, {"box": [138, 883, 223, 898], "text": "MaDonna Sliker", "type": 2, "value": 4}, {"box": [7, 951, 235, 983], "text": "000000000 PRODUCED FROM B&W WEB SITE", "type": 2, "value": 8}]}