{"img_shape": [1000, 762], "lines": [{"box": [394, 145, 433, 162], "text": "ITEM:", "type": 2, "value": 2}, {"box": [109, 112, 151, 129], "text": "DATE:", "type": 2, "value": 2}, {"box": [110, 140, 159, 155], "text": "BRAND:", "type": 2, "value": 2}, {"box": [109, 183, 168, 198], "text": "SUMMARY", "type": 2, "value": 2}, {"box": [175, 184, 193, 195], "text": "OF", "type": 2, "value": 2}, {"box": [201, 184, 267, 198], "text": "PROJECT:", "type": 2, "value": 2}, {"box": [317, 186, 385, 199], "text": "Attached", "type": 2, "value": 4}, {"box": [282, 186, 310, 197], "text": "See", "type": 2, "value": 4}, {"box": [103, 404, 173, 418], "text": "FUNDING:", "type": 2, "value": 2}, {"box": [101, 559, 196, 574], "text": "SIGNATURES:", "type": 2, "value": 6}, {"box": [98, 824, 166, 838], "text": "0000cbta", "type": 2, "value": 8}, {"box": [545, 21, 647, 117], "text": "", "type": 2, "value": 8}, {"box": [328, 74, 437, 90], "text": "PROJECT BRIEF", "type": 2, "value": 6}, {"box": [194, 115, 295, 130], "text": "June 0, 0000", "type": 2, "value": 4}, {"box": [176, 142, 352, 170], "text": "General Merchandising Nonspecific", "type": 2, "value": 4}, {"box": [450, 147, 653, 175], "text": "Package Fixture Circle-K Convenient Stores", "type": 2, "value": 4}, {"box": [550, 216, 703, 325], "text": "", "type": 2, "value": 8}, {"box": [106, 251, 331, 268], "text": "SUPPLIERS BEING CONSIDERED:", "type": 2, "value": 2}, {"box": [106, 278, 210, 295], "text": "Chicago Show", "type": 2, "value": 4}, {"box": [105, 306, 241, 324], "text": "Display Equation", "type": 2, "value": 4}, {"box": [106, 335, 233, 352], "text": "Chicago Display", "type": 2, "value": 4}, {"box": [106, 360, 333, 380], "text": "Robert Nielson & Associates", "type": 2, "value": 4}, {"box": [106, 430, 347, 451], "text": "0000 Customized Merchandising", "type": 2, "value": 4}, {"box": [105, 459, 231, 474], "text": "Services ESPNS", "type": 2, "value": 4}, {"box": [101, 598, 254, 615], "text": "REQUESTING MANAGER", "type": 2, "value": 2}, {"box": [101, 640, 278, 657], "text": "MERCHANDISING MANAGER", "type": 2, "value": 2}, {"box": [99, 682, 285, 699], "text": "GROUP PRODUCT DIRECTOR", "type": 2, "value": 2}, {"box": [98, 725, 275, 742], "text": "PURCHASING DEPARTMENT", "type": 2, "value": 2}, {"box": [96, 768, 181, 783], "text": "RETURN TO:", "type": 2, "value": 2}, {"box": [197, 771, 351, 785], "text": "REQUESTING MANAGER", "type": 2, "value": 4}, {"box": [1, 953, 232, 983], "text": "000000000 PRODUCED FROM B&W WEB SITE", "type": 2, "value": 8}]}