{"img_shape": [1000, 762], "lines": [{"box": [309, 74, 372, 94], "text": "Home", "type": 2, "value": 6}, {"box": [378, 70, 442, 91], "text": "Office", "type": 2, "value": 6}, {"box": [450, 67, 520, 89], "text": "Check", "type": 2, "value": 6}, {"box": [134, 122, 165, 132], "text": "00000", "type": 2, "value": 4}, {"box": [166, 77, 260, 101], "text": "Request", "type": 2, "value": 6}, {"box": [67, 198, 109, 206], "text": "Attention:", "type": 2, "value": 2}, {"box": [66, 212, 108, 222], "text": "Address:", "type": 2, "value": 2}, {"box": [584, 180, 601, 190], "text": "No", "type": 2, "value": 4}, {"box": [137, 239, 154, 249], "text": "City", "type": 2, "value": 2}, {"box": [302, 232, 323, 242], "text": "State", "type": 2, "value": 2}, {"box": [309, 216, 327, 227], "text": "CA", "type": 2, "value": 8}, {"box": [419, 214, 448, 225], "text": "00000", "type": 2, "value": 8}, {"box": [346, 289, 366, 299], "text": "OR", "type": 2, "value": 8}, {"box": [372, 377, 410, 388], "text": "Quantity", "type": 2, "value": 2}, {"box": [439, 373, 466, 386], "text": "Units", "type": 2, "value": 2}, {"box": [574, 369, 610, 380], "text": "Amount", "type": 2, "value": 2}, {"box": [254, 395, 272, 406], "text": "000", "type": 2, "value": 4}, {"box": [258, 468, 275, 479], "text": "000", "type": 2, "value": 4}, {"box": [318, 392, 336, 403], "text": "000", "type": 2, "value": 4}, {"box": [318, 465, 339, 478], "text": "000", "type": 2, "value": 4}, {"box": [441, 461, 468, 472], "text": "CTNS", "type": 2, "value": 4}, {"box": [440, 390, 468, 400], "text": "CTNS", "type": 2, "value": 4}, {"box": [366, 552, 384, 565], "text": "Date", "type": 2, "value": 2}, {"box": [441, 566, 479, 577], "text": "00A00A", "type": 2, "value": 4}, {"box": [511, 563, 535, 574], "text": "0000", "type": 2, "value": 8}, {"box": [554, 543, 578, 553], "text": "ID#", "type": 2, "value": 2}, {"box": [80, 613, 129, 623], "text": "Verification", "type": 2, "value": 2}, {"box": [80, 628, 100, 638], "text": "Ref", "type": 2, "value": 2}, {"box": [302, 603, 326, 617], "text": "Date", "type": 2, "value": 2}, {"box": [366, 602, 405, 613], "text": "Vendor#", "type": 2, "value": 2}, {"box": [303, 620, 341, 630], "text": "Check#", "type": 2, "value": 4}, {"box": [246, 651, 298, 662], "text": "Description", "type": 2, "value": 2}, {"box": [313, 648, 358, 661], "text": "Account#", "type": 2, "value": 2}, {"box": [373, 645, 425, 656], "text": "Department", "type": 2, "value": 2}, {"box": [443, 644, 482, 654], "text": "Product", "type": 2, "value": 2}, {"box": [580, 637, 616, 648], "text": "Amount", "type": 2, "value": 2}, {"box": [244, 795, 268, 805], "text": "Date:", "type": 2, "value": 2}, {"box": [489, 784, 521, 797], "text": "00000", "type": 2, "value": 4}, {"box": [493, 802, 522, 812], "text": "Check", "type": 2, "value": 4}, {"box": [503, 816, 517, 827], "text": "Y", "type": 2, "value": 4}, {"box": [570, 811, 581, 824], "text": "N", "type": 2, "value": 8}, {"box": [85, 844, 138, 855], "text": "Distribution:", "type": 2, "value": 2}, {"box": [265, 74, 303, 96], "text": "For", "type": 2, "value": 6}, {"box": [468, 897, 645, 913], "text": "000 000 00 00 PAGE 00", "type": 2, "value": 8}, {"box": [0, 954, 231, 986], "text": "000000000 PRODUCED FROM B & W WEB SITE", "type": 2, "value": 8}, {"box": [66, 906, 181, 923], "text": "MAR 00 0000 00: 00", "type": 2, "value": 8}, {"box": [142, 837, 317, 855], "text": "Fax to Field Payments at (000) 000- 0000", "type": 2, "value": 4}, {"box": [433, 788, 489, 801], "text": "Pay Terms", "type": 2, "value": 2}, {"box": [433, 800, 494, 816], "text": "Pay Method", "type": 2, "value": 2}, {"box": [433, 817, 500, 828], "text": "Separate Pay-", "type": 2, "value": 2}, {"box": [307, 793, 363, 803], "text": "Prepared By:", "type": 2, "value": 2}, {"box": [84, 799, 166, 810], "text": "Voucher Approval:", "type": 2, "value": 2}, {"box": [127, 654, 191, 665], "text": "Account Name", "type": 2, "value": 2}, {"box": [496, 640, 556, 651], "text": "Business Unit", "type": 2, "value": 2}, {"box": [430, 613, 486, 626], "text": "Pay Handling", "type": 2, "value": 4}, {"box": [366, 616, 416, 627], "text": "Check Date", "type": 2, "value": 4}, {"box": [427, 598, 494, 614], "text": "Account Month", "type": 2, "value": 2}, {"box": [115, 575, 202, 592], "text": "Robert ", "type": 2, "value": 4}, {"box": [78, 560, 142, 574], "text": "Requested By:", "type": 2, "value": 2}, {"box": [237, 553, 317, 566], "text": "Robert E. Muhonin", "type": 2, "value": 8}, {"box": [383, 567, 423, 579], "text": "00/ 00/ 00", "type": 2, "value": 4}, {"box": [427, 546, 521, 560], "text": "Dist/Asgmt C.F. #", "type": 2, "value": 2}, {"box": [490, 500, 546, 514], "text": "Check Total", "type": 2, "value": 8}, {"box": [575, 496, 633, 511], "text": "$000 000 0000", "type": 2, "value": 8}, {"box": [578, 453, 632, 468], "text": "$00 000 00", "type": 2, "value": 4}, {"box": [503, 455, 532, 468], "text": "$0 00", "type": 2, "value": 4}, {"box": [377, 462, 404, 476], "text": "0. 000", "type": 2, "value": 4}, {"box": [237, 510, 323, 524], "text": "March 00- 00, 0000", "type": 2, "value": 4}, {"box": [77, 471, 222, 486], "text": "Section 00 Narl Chain Walgreens", "type": 2, "value": 4}, {"box": [77, 517, 136, 531], "text": "Promo Dates", "type": 2, "value": 2}, {"box": [77, 531, 164, 545], "text": "Charge To Section:", "type": 2, "value": 2}, {"box": [170, 527, 247, 541], "text": "PER ATTACHED", "type": 2, "value": 4}, {"box": [85, 429, 161, 440], "text": "SEE ATTACHED", "type": 2, "value": 4}, {"box": [74, 397, 212, 412], "text": "GPC BUYDOWN PROGRAMS", "type": 2, "value": 4}, {"box": [127, 372, 172, 397], "text": "Promotion Name", "type": 2, "value": 2}, {"box": [239, 366, 285, 389], "text": "Promotion Number", "type": 2, "value": 2}, {"box": [303, 365, 350, 389], "text": "Promotion Code", "type": 2, "value": 2}, {"box": [493, 370, 539, 382], "text": "AVG Rate", "type": 2, "value": 2}, {"box": [573, 381, 627, 394], "text": "$000 000 00", "type": 2, "value": 4}, {"box": [501, 384, 528, 397], "text": "$0 00", "type": 2, "value": 4}, {"box": [373, 390, 405, 402], "text": "00, 000", "type": 2, "value": 4}, {"box": [71, 313, 449, 337], "text": "0000 name for number listed above proper name of egal as shown on IRS form (please print)", "type": 2, "value": 8}, {"box": [68, 281, 244, 297], "text": "Enter Federal Employer Identification Number", "type": 2, "value": 8}, {"box": [418, 271, 510, 284], "text": "Social Security Number", "type": 2, "value": 8}, {"box": [187, 256, 509, 277], "text": "Please complete the following If checked \"NO\" for corporation above:", "type": 2, "value": 2}, {"box": [67, 182, 105, 195], "text": "Pay To:", "type": 2, "value": 2}, {"box": [123, 176, 257, 191], "text": "COREMARK NTERNATIONAL", "type": 2, "value": 4}, {"box": [120, 193, 201, 207], "text": "DAVID DRESSER", "type": 2, "value": 4}, {"box": [117, 204, 290, 235], "text": "000 DYSTER POINT BLVD SUITE 000 S. SAN FRANCISCO", "type": 2, "value": 4}, {"box": [506, 163, 596, 179], "text": "Is this a corporation", "type": 2, "value": 2}, {"box": [511, 180, 531, 206], "text": "Yes X", "type": 2, "value": 4}, {"box": [64, 120, 129, 136], "text": "Distributor No", "type": 2, "value": 2}, {"box": [66, 137, 109, 151], "text": "Char No", "type": 2, "value": 2}, {"box": [61, 13, 185, 28], "text": "MAR- 00- 0000 00: 00", "type": 2, "value": 8}, {"box": [239, 8, 360, 22], "text": "BROWN & WILL IMASON", "type": 2, "value": 8}, {"box": [237, 54, 397, 70], "text": "Brown & Williamson Tobacco Corporation", "type": 2, "value": 8}, {"box": [64, 64, 134, 75], "text": "(Records Retention:", "type": 2, "value": 2}, {"box": [61, 50, 120, 62], "text": "", "type": 2, "value": 8}, {"box": [138, 61, 170, 74], "text": "00 days)", "type": 2, "value": 4}, {"box": [304, 115, 397, 141], "text": "Check Required ASAP/ PROMPT", "type": 2, "value": 8}, {"box": [419, 110, 485, 123], "text": "Mai Check To:", "type": 2, "value": 2}, {"box": [486, 105, 600, 121], "text": "PLEASE OVERNIGHT to", "type": 2, "value": 8}, {"box": [510, 122, 604, 149], "text": "X Payee (Name)", "type": 2, "value": 8}, {"box": [388, 228, 424, 240], "text": "Zip Code", "type": 2, "value": 2}]}