{"img_shape": [1000, 762], "lines": [{"box": [141, 249, 175, 260], "text": "BRAND", "type": 2, "value": 2}, {"box": [142, 278, 206, 288], "text": "DESCRIPTION", "type": 2, "value": 2}, {"box": [141, 307, 168, 317], "text": "DATE", "type": 2, "value": 2}, {"box": [141, 422, 188, 433], "text": "WARNING", "type": 2, "value": 2}, {"box": [191, 216, 215, 229], "text": "0000", "type": 2, "value": 4}, {"box": [186, 247, 220, 260], "text": "BKOOL", "type": 2, "value": 4}, {"box": [172, 465, 185, 475], "text": "NA", "type": 2, "value": 4}, {"box": [166, 524, 207, 534], "text": "Signature", "type": 2, "value": 2}, {"box": [342, 520, 395, 533], "text": "Department", "type": 2, "value": 2}, {"box": [486, 518, 508, 529], "text": "Date", "type": 2, "value": 2}, {"box": [486, 633, 507, 644], "text": "Date", "type": 2, "value": 2}, {"box": [342, 634, 392, 645], "text": "Department", "type": 2, "value": 2}, {"box": [165, 634, 208, 649], "text": "Signature", "type": 2, "value": 2}, {"box": [142, 735, 195, 746], "text": "REVISIONS", "type": 2, "value": 2}, {"box": [211, 151, 336, 177], "text": "BROWN & WILLIAMSON TOBACCO CORPORATION", "type": 2, "value": 6}, {"box": [144, 179, 206, 206], "text": "B & W", "type": 2, "value": 8}, {"box": [141, 218, 180, 229], "text": "JOB NO.", "type": 2, "value": 2}, {"box": [212, 275, 367, 288], "text": "CMS Amerada Hess Dispenser Sign", "type": 2, "value": 4}, {"box": [180, 306, 217, 317], "text": "00/ 00/ 00", "type": 2, "value": 4}, {"box": [232, 334, 266, 345], "text": "000 sq", "type": 2, "value": 4}, {"box": [141, 334, 225, 347], "text": "SQ. INCHES/FEET", "type": 2, "value": 2}, {"box": [193, 377, 248, 390], "text": "00 0/0 X 00\"", "type": 2, "value": 4}, {"box": [141, 378, 188, 389], "text": "TRIM SIZE", "type": 2, "value": 2}, {"box": [191, 422, 290, 447], "text": "0A 00 0/0\" X 0\" - 000 sq.\"", "type": 2, "value": 4}, {"box": [141, 465, 163, 476], "text": "T & N", "type": 2, "value": 2}, {"box": [142, 507, 224, 521], "text": "OTT APPROVALS", "type": 2, "value": 6}, {"box": [182, 531, 261, 561], "text": "", "type": 2, "value": 4}, {"box": [353, 532, 400, 563], "text": "", "type": 2, "value": 4}, {"box": [489, 529, 559, 560], "text": "", "type": 2, "value": 4}, {"box": [140, 620, 228, 635], "text": "B & W APPROVALS", "type": 2, "value": 6}, {"box": [342, 732, 425, 745], "text": "DATE COMPLETE", "type": 2, "value": 2}, {"box": [487, 729, 597, 743], "text": "REVISIONS APPROVED", "type": 2, "value": 2}, {"box": [1, 953, 231, 983], "text": "000000000 PRODUCED FROM B & W WEB SITE", "type": 2, "value": 8}, {"box": [514, 141, 596, 212], "text": "", "type": 2, "value": 8}]}