{"img_shape": [1000, 762], "lines": [{"box": [117, 92, 177, 141], "text": "", "type": 2, "value": 8}, {"box": [575, 99, 632, 144], "text": "", "type": 2, "value": 8}, {"box": [524, 205, 556, 219], "text": "Date:", "type": 2, "value": 2}, {"box": [119, 388, 180, 403], "text": "Market(s):", "type": 2, "value": 2}, {"box": [120, 543, 151, 557], "text": "Male:", "type": 2, "value": 2}, {"box": [119, 560, 164, 573], "text": "Female:", "type": 2, "value": 2}, {"box": [187, 606, 232, 620], "text": "Bogot\u00e1:", "type": 2, "value": 2}, {"box": [189, 635, 242, 650], "text": "Medellin:", "type": 2, "value": 2}, {"box": [120, 670, 151, 683], "text": "Note:", "type": 2, "value": 2}, {"box": [218, 205, 229, 219], "text": "#", "type": 2, "value": 4}, {"box": [219, 270, 251, 284], "text": "Other", "type": 2, "value": 4}, {"box": [313, 239, 383, 250], "text": "COLOMBIA", "type": 2, "value": 4}, {"box": [311, 254, 352, 267], "text": "KOOL", "type": 2, "value": 4}, {"box": [190, 541, 215, 559], "text": "00%", "type": 2, "value": 4}, {"box": [190, 559, 215, 570], "text": "00%", "type": 2, "value": 4}, {"box": [120, 444, 131, 455], "text": "0)", "type": 2, "value": 8}, {"box": [120, 459, 131, 472], "text": "0)", "type": 2, "value": 8}, {"box": [122, 475, 132, 488], "text": "0)", "type": 2, "value": 8}, {"box": [122, 492, 133, 505], "text": "0)", "type": 2, "value": 8}, {"box": [233, 155, 539, 177], "text": "Market Research - Initiating Project Brief", "type": 2, "value": 6}, {"box": [124, 204, 208, 218], "text": "Brief Number", "type": 2, "value": 2}, {"box": [120, 239, 201, 253], "text": "Client Group:", "type": 2, "value": 2}, {"box": [573, 205, 624, 218], "text": "00/ 00/ 00", "type": 2, "value": 4}, {"box": [216, 237, 256, 250], "text": "R. B. U.", "type": 2, "value": 4}, {"box": [221, 254, 293, 267], "text": "Brand Group", "type": 2, "value": 4}, {"box": [117, 303, 205, 318], "text": "Client Contact:", "type": 2, "value": 2}, {"box": [219, 303, 354, 334], "text": "Maria Helena Arg\u00fcelles/ Edwin Garcia", "type": 2, "value": 4}, {"box": [394, 303, 499, 318], "text": "Research Liaison:", "type": 2, "value": 2}, {"box": [504, 302, 634, 334], "text": "Camilo Concha/ Andrea Suarez", "type": 2, "value": 4}, {"box": [120, 353, 271, 369], "text": "Project Name/ Description", "type": 2, "value": 2}, {"box": [274, 352, 472, 369], "text": "K000 vs. Marlboro Menthol Lights", "type": 2, "value": 4}, {"box": [183, 388, 373, 403], "text": "Bogot\u00e1, Medellin and Barranquilla", "type": 2, "value": 4}, {"box": [120, 426, 226, 441], "text": "Referent Brand(s):", "type": 2, "value": 2}, {"box": [134, 441, 570, 458], "text": "Current Kool Filter King Colombia 0 0 mg tar @ 0. 00% menthol white tipping.", "type": 2, "value": 4}, {"box": [135, 458, 483, 472], "text": "Kool Milds KS Japan 0mg tar @ 0. 00% menthol white tipping", "type": 2, "value": 4}, {"box": [135, 473, 418, 488], "text": "Kool KS. 0 mg tar, @ 0. 00% menthol white tipping", "type": 2, "value": 4}, {"box": [135, 490, 602, 507], "text": "Current Marlboro Lights Menthol King US 0mg tar @ 0. 00% menthol, white tipping.", "type": 2, "value": 4}, {"box": [120, 524, 249, 539], "text": "Consumer Segment(s):", "type": 2, "value": 6}, {"box": [190, 574, 265, 589], "text": "00 -00 (000%)", "type": 2, "value": 4}, {"box": [122, 575, 162, 589], "text": "By age:", "type": 2, "value": 2}, {"box": [122, 591, 167, 605], "text": "BY SEL:", "type": 2, "value": 2}, {"box": [190, 591, 259, 604], "text": "AB0 (000%)", "type": 2, "value": 4}, {"box": [122, 606, 168, 621], "text": "By City:", "type": 2, "value": 6}, {"box": [249, 605, 572, 622], "text": "KOOL Parent regular smokers 00% -alternate smokers 00%", "type": 2, "value": 4}, {"box": [249, 622, 572, 636], "text": "KOOL Parent regular smokers 00% -alternate smokers 00%", "type": 2, "value": 4}, {"box": [250, 638, 574, 652], "text": "KOOL Parent regular smokers 00% -alternate smokers 00%", "type": 2, "value": 4}, {"box": [154, 668, 651, 686], "text": "In order to establish a quantitative basis for determining the winning product, results will be", "type": 2, "value": 4}, {"box": [233, 686, 391, 700], "text": "Alternate 00%, Regular 00%.", "type": 2, "value": 4}, {"box": [119, 722, 310, 736], "text": "Background Problem Definition:", "type": 2, "value": 2}, {"box": [122, 736, 653, 784], "text": "On September 0 00, PMI simultaneously launched Marlboro Menthol KS Box (00mg tar and Menthol Lights KS Box (0mg tar) in Colombia. These two products became KOOL's direct competitors (Premium Menthol Brands).", "type": 2, "value": 4}, {"box": [122, 785, 649, 817], "text": "At the same time KOOL replaced its product with a milder 00mg cigarette (the same KOOL Milds but with a 00mm cork tipping).", "type": 2, "value": 4}, {"box": [0, 953, 231, 983], "text": "000000000 PRODUCED FROM B &W WEB SITE", "type": 2, "value": 8}, {"box": [120, 686, 230, 700], "text": "weighted as follows:", "type": 2, "value": 2}, {"box": [190, 622, 238, 636], "text": "B/ quilla:", "type": 2, "value": 2}]}