{"img_shape": [1000, 762], "lines": [{"box": [88, 154, 117, 169], "text": "Date", "type": 2, "value": 2}, {"box": [130, 267, 177, 280], "text": "Number", "type": 2, "value": 2}, {"box": [85, 267, 126, 282], "text": "Project", "type": 2, "value": 2}, {"box": [176, 401, 186, 416], "text": "(s)", "type": 2, "value": 2}, {"box": [561, 560, 575, 573], "text": "in", "type": 2, "value": 8}, {"box": [196, 497, 207, 510], "text": "(s)", "type": 2, "value": 6}, {"box": [201, 84, 509, 104], "text": "Marketing Research - CPT Initiating Brief", "type": 2, "value": 6}, {"box": [140, 152, 200, 171], "text": "00. 00. 0000", "type": 2, "value": 4}, {"box": [184, 186, 253, 201], "text": "BAT Korea", "type": 2, "value": 4}, {"box": [89, 184, 164, 201], "text": "Client Group", "type": 2, "value": 2}, {"box": [89, 216, 172, 232], "text": "Client Contact", "type": 2, "value": 2}, {"box": [196, 219, 322, 250], "text": "Alberto Marcheggiano Kyu Yeon Hwang", "type": 2, "value": 4}, {"box": [408, 219, 503, 230], "text": "Research Liaison", "type": 2, "value": 2}, {"box": [527, 218, 591, 233], "text": "Subi. Jeong", "type": 2, "value": 4}, {"box": [180, 265, 425, 282], "text": "to be assigned by Brown & Williamson USA", "type": 2, "value": 4}, {"box": [243, 300, 355, 315], "text": "Dunhill Lights, CPT", "type": 2, "value": 4}, {"box": [84, 299, 240, 317], "text": "Project Name/ Description:", "type": 2, "value": 2}, {"box": [85, 332, 193, 352], "text": "Market (s) / Zone (s)", "type": 2, "value": 2}, {"box": [85, 366, 151, 382], "text": "South Korea", "type": 2, "value": 4}, {"box": [85, 401, 174, 416], "text": "Referent Brand", "type": 2, "value": 2}, {"box": [82, 432, 261, 478], "text": "Dunhill Lights Kent Super Lights Mild 0 This", "type": 2, "value": 4}, {"box": [84, 496, 196, 512], "text": "Consumer Segment", "type": 2, "value": 6}, {"box": [85, 527, 247, 543], "text": "Own Brand - Dunhill Smokers:", "type": 2, "value": 2}, {"box": [250, 528, 569, 545], "text": "000 Males, 00 ~ 00 years old, ABC+ who live Seoul/ Pusan", "type": 2, "value": 4}, {"box": [84, 559, 320, 576], "text": "Competitors Brands - Mild0 Lights Smokers", "type": 2, "value": 2}, {"box": [323, 559, 561, 575], "text": "000 Males, 00 ~ 00 years old, ABC+ who live", "type": 2, "value": 4}, {"box": [84, 603, 222, 621], "text": "Source of Business - This:", "type": 2, "value": 2}, {"box": [223, 605, 627, 622], "text": "000 Males, (000 smokers 00 ~ 00 years old, 000 smokers, 00 ~ 00 years old)", "type": 2, "value": 4}, {"box": [85, 620, 471, 636], "text": "ABC+ who are not rejectors of imported cigarette and live in Seoul/ Pusan", "type": 2, "value": 4}, {"box": [84, 651, 348, 666], "text": "Source of Business - Local Premium KS Smokers", "type": 2, "value": 2}, {"box": [348, 649, 604, 666], "text": "000 Males (000 smokers, 00 ~ 00 years old, 000", "type": 2, "value": 4}, {"box": [84, 666, 617, 682], "text": "smokers, 00 ~ 00 years old ABC+ who are not rejectors of imported cigarette and live in Seoul/ Pusan", "type": 2, "value": 4}, {"box": [84, 700, 270, 714], "text": "Background / Problem Definition", "type": 2, "value": 2}, {"box": [105, 732, 589, 762], "text": "0000 showed that imported cigarettes are recovering from the 0000 / 0000 economic crisis and we forecasted continuos growth over the company's plan period.", "type": 2, "value": 4}, {"box": [103, 761, 616, 791], "text": "BAT objective is to substantially increase its market share with growth coming primarily from its first priority brand: Dunhill Lights", "type": 2, "value": 4}, {"box": [105, 791, 622, 821], "text": "To achieve growth we consider fundamental to have a superior product in terms of acceptability among potential source of business as well as for our current franchise", "type": 2, "value": 4}, {"box": [0, 950, 230, 983], "text": "000000000 PRODUCED FROM B&W WEB SITE", "type": 2, "value": 8}]}