{"img_shape": [1000, 762], "lines": [{"box": [17, 109, 84, 119], "text": "DESCRIPTION", "type": 2, "value": 2}, {"box": [17, 163, 53, 173], "text": "DESIGN", "type": 2, "value": 2}, {"box": [54, 163, 72, 173], "text": "NO", "type": 2, "value": 2}, {"box": [341, 154, 387, 168], "text": "000000", "type": 2, "value": 4}, {"box": [246, 215, 257, 223], "text": "\u2611", "type": 2, "value": 4}, {"box": [237, 187, 262, 201], "text": "USE:", "type": 2, "value": 2}, {"box": [36, 216, 83, 227], "text": "OFFICIAL", "type": 2, "value": 2}, {"box": [24, 218, 35, 228], "text": "\u2611", "type": 2, "value": 4}, {"box": [257, 216, 306, 226], "text": "DOMESTIC", "type": 2, "value": 2}, {"box": [510, 215, 523, 223], "text": "\u2610", "type": 2, "value": 2}, {"box": [589, 215, 641, 226], "text": "(GRAVURE)", "type": 2, "value": 4}, {"box": [640, 215, 646, 226], "text": "", "type": 2, "value": 8}, {"box": [334, 258, 351, 266], "text": "NO", "type": 2, "value": 2}, {"box": [324, 257, 334, 264], "text": "\u2611", "type": 2, "value": 4}, {"box": [34, 394, 87, 409], "text": "BRANCH", "type": 2, "value": 2}, {"box": [17, 480, 99, 495], "text": "REPLACEMENT", "type": 2, "value": 6}, {"box": [215, 395, 281, 406], "text": "LOUISVILLE", "type": 2, "value": 2}, {"box": [338, 395, 411, 408], "text": "PETERSBURG", "type": 2, "value": 2}, {"box": [478, 394, 520, 408], "text": "MACON", "type": 2, "value": 2}, {"box": [17, 514, 81, 527], "text": "DESCRIPTION", "type": 2, "value": 2}, {"box": [32, 568, 86, 583], "text": "BRANCH", "type": 2, "value": 2}, {"box": [215, 570, 282, 584], "text": "LOUISVILLE", "type": 2, "value": 2}, {"box": [338, 571, 409, 584], "text": "PETERSBURG", "type": 2, "value": 2}, {"box": [115, 538, 137, 548], "text": "00-", "type": 2, "value": 8}, {"box": [138, 536, 151, 549], "text": "00", "type": 2, "value": 4}, {"box": [341, 535, 384, 549], "text": "000000", "type": 2, "value": 4}, {"box": [18, 631, 82, 645], "text": "COMMENTS:", "type": 2, "value": 2}, {"box": [478, 570, 523, 580], "text": "MACON", "type": 2, "value": 2}, {"box": [649, 712, 671, 827], "text": "000000000", "type": 2, "value": 8}, {"box": [28, 856, 59, 866], "text": "QNED:", "type": 2, "value": 2}, {"box": [490, 858, 518, 868], "text": "DATE:", "type": 2, "value": 2}, {"box": [236, 11, 474, 52], "text": "BROWN & WILLIAMSON TOBACCO CORPORATION MATERIAL SPECIFICATION DESIGN CHANGE AUTHORIZATION", "type": 2, "value": 6}, {"box": [18, 11, 82, 23], "text": "", "type": 2, "value": 8}, {"box": [18, 77, 73, 90], "text": "NEW ITEM", "type": 2, "value": 6}, {"box": [117, 99, 373, 117], "text": "VICEROY Rich Lights 000' s 00' s Label", "type": 2, "value": 4}, {"box": [18, 135, 64, 145], "text": "BRAND (S)", "type": 2, "value": 2}, {"box": [117, 128, 252, 143], "text": "VICEROY Rich Lights", "type": 2, "value": 4}, {"box": [116, 155, 158, 172], "text": "B0 -000", "type": 2, "value": 4}, {"box": [281, 162, 317, 172], "text": "UPC NO", "type": 2, "value": 2}, {"box": [486, 161, 557, 171], "text": "MATERIAL NO.", "type": 2, "value": 2}, {"box": [568, 151, 616, 167], "text": "00 -000A", "type": 2, "value": 4}, {"box": [17, 187, 99, 202], "text": "TYPE CHANGE:", "type": 2, "value": 6}, {"box": [105, 215, 176, 226], "text": "\u2610 TEMPORARY", "type": 2, "value": 2}, {"box": [334, 208, 399, 226], "text": "MILITARY \u2610 EXPORT", "type": 2, "value": 2}, {"box": [423, 209, 482, 226], "text": "GENERAL \u2610 EXPORT", "type": 2, "value": 2}, {"box": [524, 209, 578, 228], "text": "CUSTOMER SPEC.", "type": 2, "value": 4}, {"box": [17, 256, 248, 269], "text": "If a material or dimensional change also involved?", "type": 2, "value": 6}, {"box": [17, 271, 117, 284], "text": "If yes supply details", "type": 2, "value": 2}, {"box": [268, 257, 298, 268], "text": "\u2610 YES", "type": 2, "value": 2}, {"box": [578, 395, 669, 405], "text": "WINSTON SALEM", "type": 2, "value": 2}, {"box": [201, 453, 256, 467], "text": "00/ 00/ 00", "type": 2, "value": 4}, {"box": [201, 422, 257, 435], "text": "0000/ 00/ 0000", "type": 2, "value": 4}, {"box": [20, 416, 152, 441], "text": "SCHEDULE: DATE OR INVENTORY DEPLETION", "type": 2, "value": 2}, {"box": [21, 450, 112, 465], "text": "DELIVERY DATE", "type": 2, "value": 2}, {"box": [115, 508, 370, 524], "text": "VICEROY Rich Lights 000' s 00' s Label", "type": 2, "value": 4}, {"box": [18, 542, 73, 553], "text": "DESIGN NO.", "type": 2, "value": 2}, {"box": [282, 542, 316, 552], "text": "UPC NO.", "type": 2, "value": 2}, {"box": [487, 542, 556, 553], "text": "MATERIAL NO", "type": 2, "value": 2}, {"box": [575, 536, 617, 549], "text": "00- 000", "type": 2, "value": 4}, {"box": [578, 568, 669, 582], "text": "WINSTON SALEM", "type": 2, "value": 2}, {"box": [21, 592, 114, 618], "text": "INVENTORY DEPLETION DATE", "type": 2, "value": 2}, {"box": [215, 601, 271, 614], "text": "00/ 00/ 00", "type": 2, "value": 4}, {"box": [115, 630, 674, 711], "text": "Material # 00 -000 A has been assigned to the VICEROY Rich Lights 000' s 00' s Label with new bottom panel. Bottom now incorporates shield. On both side and bottom panels, \"VICEROY\" and \"Rich Lights\" have been inverted. Cartons and labels must change design simultaneously. The current design cannot be used in production after 00/ 00/ 00.", "type": 2, "value": 4}, {"box": [75, 747, 146, 829], "text": "J. F. Banks C. Lamb C. L. Domeck Webb L. C. Lanham Branch QC Branch Supply", "type": 2, "value": 4}, {"box": [21, 749, 68, 762], "text": "Copies to:", "type": 2, "value": 2}, {"box": [99, 835, 288, 885], "text": "S. T. BEASLEY (MRS )/ jlf", "type": 2, "value": 4}, {"box": [554, 852, 602, 866], "text": "0/ 00/ 0000", "type": 2, "value": 4}, {"box": [0, 951, 229, 983], "text": "000000000 PRODUCED FROM B&W WEB SITE", "type": 2, "value": 8}]}