{"img_shape": [1000, 754], "lines": [{"box": [535, 71, 589, 105], "text": "Scott", "type": 2, "value": 8}, {"box": [468, 230, 514, 247], "text": "Job#:", "type": 2, "value": 2}, {"box": [80, 250, 137, 264], "text": "Revision", "type": 2, "value": 2}, {"box": [142, 246, 166, 268], "text": "\u2611", "type": 2, "value": 4}, {"box": [243, 250, 297, 270], "text": "Reason:", "type": 2, "value": 2}, {"box": [628, 795, 648, 914], "text": "000000000", "type": 2, "value": 8}, {"box": [203, 817, 216, 831], "text": "", "type": 2, "value": 8}, {"box": [221, 817, 277, 835], "text": "Pasholuk", "type": 2, "value": 8}, {"box": [399, 665, 424, 682], "text": "Jan", "type": 2, "value": 2}, {"box": [398, 683, 427, 697], "text": "Feb", "type": 2, "value": 2}, {"box": [529, 668, 553, 679], "text": "Jul", "type": 2, "value": 2}, {"box": [532, 683, 560, 697], "text": "Aug", "type": 2, "value": 2}, {"box": [528, 700, 557, 713], "text": "Sep", "type": 2, "value": 2}, {"box": [525, 715, 556, 729], "text": "Oct", "type": 2, "value": 2}, {"box": [529, 730, 557, 741], "text": "Nov", "type": 2, "value": 2}, {"box": [528, 744, 559, 759], "text": "Dec", "type": 2, "value": 2}, {"box": [221, 838, 280, 848], "text": "Director", "type": 2, "value": 2}, {"box": [186, 834, 217, 848], "text": "MPIO", "type": 2, "value": 2}, {"box": [534, 228, 595, 245], "text": "0000/000", "type": 2, "value": 4}, {"box": [193, 250, 229, 270], "text": "0", "type": 2, "value": 8}, {"box": [176, 247, 190, 269], "text": "#", "type": 2, "value": 8}, {"box": [397, 697, 426, 712], "text": "Mar", "type": 2, "value": 2}, {"box": [401, 714, 428, 727], "text": "Apr", "type": 2, "value": 2}, {"box": [398, 729, 426, 740], "text": "May", "type": 2, "value": 2}, {"box": [399, 743, 426, 756], "text": "Jun", "type": 2, "value": 2}, {"box": [197, 811, 381, 865], "text": "", "type": 2, "value": 8}, {"box": [536, 119, 643, 135], "text": "January 00, 0000", "type": 2, "value": 8}, {"box": [177, 117, 548, 180], "text": "Date: PROJECT APPROVAL MARKET PLANNING AND INFORMATION DEPARTMENT", "type": 2, "value": 6}, {"box": [211, 177, 345, 199], "text": "Sales Analysis \u2610", "type": 2, "value": 2}, {"box": [358, 180, 523, 200], "text": "Consumor Research \u2611", "type": 2, "value": 8}, {"box": [194, 214, 289, 229], "text": "Newport Lights", "type": 2, "value": 4}, {"box": [193, 229, 395, 246], "text": "Direct Mail Conversion Research", "type": 2, "value": 4}, {"box": [81, 229, 166, 244], "text": "Project Title:", "type": 2, "value": 2}, {"box": [324, 251, 430, 267], "text": "Lower Incidence", "type": 2, "value": 4}, {"box": [80, 285, 331, 303], "text": "Marketing and or Research Objectives", "type": 2, "value": 2}, {"box": [78, 316, 618, 349], "text": "Determine the level of interest and conversion opportunities among pompotitive smokers. receiving a Direct Mail offer for Newport Lights.", "type": 2, "value": 4}, {"box": [78, 362, 594, 392], "text": "Provide insight into the reasons for offer acceptance or rejection of offer and examine consumer perceptions about Newport Lights.", "type": 2, "value": 4}, {"box": [80, 398, 191, 411], "text": "Research Design", "type": 2, "value": 2}, {"box": [78, 426, 296, 444], "text": "Interviews divided among 0 gorups:", "type": 2, "value": 2}, {"box": [140, 458, 533, 506], "text": "Group 0= Best redeeming customers (0+ paid coupons): n= 000 Group 0= Paid redeoming customers 0 paid coupon) n= 000 Group 0= Non- redeeming customers (no redemption) n= 000", "type": 2, "value": 4}, {"box": [78, 515, 451, 535], "text": "The total sample size is 0,000. All smokers 00+ years of age.", "type": 2, "value": 4}, {"box": [71, 578, 157, 615], "text": "Respondent Incidence:", "type": 2, "value": 2}, {"box": [168, 596, 250, 629], "text": "00% revised from 00%", "type": 2, "value": 4}, {"box": [332, 587, 398, 615], "text": "Interview Length:", "type": 2, "value": 2}, {"box": [413, 584, 513, 617], "text": "Screener Questionnaire", "type": 2, "value": 2}, {"box": [568, 588, 634, 600], "text": "0 minutes", "type": 2, "value": 4}, {"box": [564, 605, 632, 616], "text": "00 minutes", "type": 2, "value": 4}, {"box": [77, 642, 178, 656], "text": "Research Firm:", "type": 2, "value": 2}, {"box": [77, 675, 175, 692], "text": "Cost Estimate:", "type": 2, "value": 2}, {"box": [73, 708, 174, 723], "text": "Revised From:", "type": 2, "value": 2}, {"box": [74, 754, 162, 771], "text": "Prepared by", "type": 2, "value": 2}, {"box": [70, 785, 162, 803], "text": "Approved by:", "type": 2, "value": 6}, {"box": [204, 677, 263, 692], "text": "$000 000", "type": 2, "value": 4}, {"box": [205, 708, 254, 722], "text": "$00 000", "type": 2, "value": 4}, {"box": [201, 736, 380, 790], "text": "S. R. Benson ", "type": 2, "value": 4}, {"box": [187, 803, 290, 815], "text": "Group Manager", "type": 2, "value": 2}, {"box": [187, 895, 352, 912], "text": "Group Product Manager", "type": 2, "value": 2}, {"box": [184, 865, 303, 880], "text": "Product Manager", "type": 2, "value": 2}, {"box": [398, 821, 545, 837], "text": "Start Field w/o 00 /00 /00", "type": 2, "value": 4}, {"box": [388, 852, 537, 866], "text": "Reporting Schedule:", "type": 2, "value": 2}, {"box": [397, 881, 528, 914], "text": "Topline w/o 00 /00 /00 Final Report 00/ 00/ 00", "type": 2, "value": 4}, {"box": [577, 742, 635, 759], "text": "$000 000", "type": 2, "value": 8}, {"box": [398, 761, 560, 779], "text": "Revised Costs (if any)", "type": 2, "value": 2}, {"box": [397, 788, 532, 806], "text": "Fieldwork Schedule:", "type": 2, "value": 2}, {"box": [204, 642, 295, 659], "text": "A & G Research", "type": 2, "value": 4}]}