{"img_shape": [1000, 754], "lines": [{"box": [49, 229, 87, 243], "text": "CLIENT:", "type": 2, "value": 2}, {"box": [49, 257, 95, 271], "text": "PRODUCT:", "type": 2, "value": 2}, {"box": [596, 147, 667, 176], "text": "", "type": 2, "value": 8}, {"box": [373, 225, 437, 240], "text": "PUBLICATION", "type": 2, "value": 2}, {"box": [373, 254, 404, 268], "text": "ISSUE:", "type": 2, "value": 2}, {"box": [373, 278, 407, 292], "text": "SPACE:", "type": 2, "value": 2}, {"box": [547, 275, 575, 289], "text": "DATE:", "type": 2, "value": 2}, {"box": [102, 391, 193, 405], "text": "ALTERNATIVES:", "type": 2, "value": 2}, {"box": [103, 434, 167, 447], "text": "HEADLINE:", "type": 2, "value": 2}, {"box": [106, 461, 194, 474], "text": "ILLUSTRATION:", "type": 2, "value": 2}, {"box": [599, 832, 621, 917], "text": "00000000", "type": 2, "value": 8}, {"box": [108, 228, 256, 242], "text": "LORILLARD CORPORATION", "type": 2, "value": 4}, {"box": [110, 251, 328, 271], "text": "Kent, Newport, True and Old Gold", "type": 2, "value": 4}, {"box": [50, 281, 91, 295], "text": "JOB NO:", "type": 2, "value": 2}, {"box": [457, 223, 567, 238], "text": "Daily Newspapers", "type": 2, "value": 4}, {"box": [455, 251, 561, 266], "text": "August 00, 0000", "type": 2, "value": 4}, {"box": [415, 278, 542, 307], "text": "0000 lines B&W 0000 lines 0- color", "type": 2, "value": 4}, {"box": [587, 274, 630, 291], "text": "0/ 0/ 00", "type": 2, "value": 4}, {"box": [172, 362, 323, 377], "text": "New York Football Fans", "type": 2, "value": 4}, {"box": [105, 365, 161, 379], "text": "LEAD- IN:", "type": 2, "value": 2}, {"box": [205, 388, 377, 419], "text": "Los Angeles Football Fans Chicago Football Fans", "type": 2, "value": 4}, {"box": [180, 430, 436, 449], "text": "Pick The Winners And Win Up $ 0 ,000", "type": 2, "value": 4}, {"box": [207, 458, 426, 474], "text": "Line Drawings of Football Scenes", "type": 2, "value": 4}, {"box": [106, 487, 202, 502], "text": "BOLD SUB- HEAD:", "type": 2, "value": 2}, {"box": [214, 497, 574, 567], "text": "0st Prize $ 0,000 0nd Prize 0,000 0rd Prize 0,000 0th Prizes 000 fans will receive copies of \"The Golden Anniversary of Pro- Football\"", "type": 2, "value": 4}, {"box": [105, 580, 352, 595], "text": "TEXT: Over 000 Prizes To Be Awarded", "type": 2, "value": 2}, {"box": [154, 592, 597, 702], "text": "Now you can win up $ 0,000 for simply picking the winners of the games listed below. Just check the box next to the team you think will win. Allow for the point spread in your selections. (For example, if a team is quoted as +0 pts. this means they must win the game by at least 0 points.) Prizes will be awarded by random drawings to those who have the greatest official number of winning selections. Full details are in the Rules.", "type": 2, "value": 4}]}