{"img_shape": [1000, 754], "lines": [{"box": [73, 205, 130, 219], "text": "MARKET:", "type": 2, "value": 2}, {"box": [73, 257, 137, 274], "text": "PRODUCT:", "type": 2, "value": 2}, {"box": [68, 447, 162, 461], "text": "QUANTITIES:", "type": 2, "value": 2}, {"box": [201, 658, 250, 671], "text": "Date:", "type": 2, "value": 2}, {"box": [201, 686, 248, 697], "text": "Place:", "type": 2, "value": 2}, {"box": [203, 670, 249, 683], "text": "Time:", "type": 2, "value": 2}, {"box": [215, 588, 222, 598], "text": "0", "type": 2, "value": 4}, {"box": [218, 203, 259, 216], "text": "Boston", "type": 2, "value": 4}, {"box": [577, 789, 597, 871], "text": "00000000", "type": 2, "value": 8}, {"box": [203, 102, 468, 164], "text": "FEDERAL DISTRIBUTING CORPORATION CIGARETTE SAMPLING PROGRAM", "type": 2, "value": 6}, {"box": [216, 256, 319, 269], "text": "Old Gold Lights", "type": 2, "value": 4}, {"box": [216, 323, 399, 337], "text": "October 0 through October 0", "type": 2, "value": 4}, {"box": [74, 310, 141, 339], "text": "SAMPLING DATES: *", "type": 2, "value": 2}, {"box": [71, 378, 139, 406], "text": "SAMPLING HOURS: *", "type": 2, "value": 2}, {"box": [216, 388, 359, 404], "text": "0: 00 a. m. - 0: 00 p. m.", "type": 2, "value": 4}, {"box": [216, 443, 264, 457], "text": "000, 000", "type": 2, "value": 4}, {"box": [71, 499, 153, 540], "text": "NUMBER OF SAMPLING PERSONNEL:", "type": 2, "value": 2}, {"box": [215, 522, 283, 534], "text": "00 per day", "type": 2, "value": 4}, {"box": [70, 577, 168, 605], "text": "NUMBER OF SUPERVISORS:", "type": 2, "value": 2}, {"box": [70, 644, 159, 671], "text": "ORIENTATION MEETING:", "type": 2, "value": 6}, {"box": [267, 658, 343, 669], "text": "October 0rd", "type": 2, "value": 4}, {"box": [268, 673, 328, 683], "text": "0: 00 a. m.", "type": 2, "value": 4}, {"box": [268, 684, 493, 736], "text": "Boston Park Plaza Room 000 00 Arlington Street Boston, Mass 00000 000/ 000- 0000", "type": 2, "value": 4}, {"box": [214, 791, 281, 805], "text": "Tony Anari", "type": 2, "value": 4}, {"box": [71, 778, 202, 803], "text": "FDC REPRESENTATIVES:", "type": 2, "value": 2}, {"box": [73, 845, 414, 860], "text": "*Subject to change due to local conditions", "type": 2, "value": 8}]}