{"img_shape": [1000, 778], "lines": [{"box": [91, 148, 115, 165], "text": "TO:", "type": 2, "value": 2}, {"box": [92, 190, 130, 211], "text": "FROM:", "type": 2, "value": 2}, {"box": [469, 142, 508, 160], "text": "DATE:", "type": 2, "value": 2}, {"box": [232, 472, 257, 487], "text": "Air", "type": 2, "value": 2}, {"box": [295, 471, 323, 486], "text": "Auto", "type": 2, "value": 2}, {"box": [360, 469, 401, 484], "text": "Train", "type": 2, "value": 2}, {"box": [434, 466, 473, 484], "text": "Other", "type": 2, "value": 2}, {"box": [541, 644, 580, 662], "text": "Dates", "type": 2, "value": 2}, {"box": [318, 381, 377, 396], "text": "Boston", "type": 2, "value": 4}, {"box": [345, 599, 367, 616], "text": "XX", "type": 2, "value": 4}, {"box": [676, 729, 691, 744], "text": "X", "type": 2, "value": 4}, {"box": [719, 782, 743, 883], "text": "00000000", "type": 2, "value": 8}, {"box": [365, 84, 443, 101], "text": "FIELD TRIP", "type": 2, "value": 6}, {"box": [180, 144, 279, 162], "text": "J. R. Mueller", "type": 2, "value": 4}, {"box": [159, 182, 321, 203], "text": "Mary Anne Kayiatos", "type": 2, "value": 4}, {"box": [534, 134, 598, 154], "text": "0 /00 /00", "type": 2, "value": 4}, {"box": [92, 249, 489, 268], "text": "Please make the necessary Field Trip arrangements for", "type": 2, "value": 2}, {"box": [497, 239, 634, 259], "text": "Ted van de kamp", "type": 2, "value": 4}, {"box": [91, 295, 206, 315], "text": "Purpose of trip", "type": 2, "value": 2}, {"box": [230, 282, 715, 306], "text": "To evaluate Satin's overall performance and results of", "type": 2, "value": 4}, {"box": [105, 330, 240, 351], "text": "Special Cities.", "type": 2, "value": 4}, {"box": [91, 383, 295, 403], "text": "Division (s) to be contacted", "type": 2, "value": 2}, {"box": [91, 426, 211, 444], "text": "Dates of contact", "type": 2, "value": 2}, {"box": [240, 423, 531, 443], "text": "Tuesday 0 /00 and Wednesday, 0 /00", "type": 2, "value": 4}, {"box": [91, 469, 219, 487], "text": "Method of travel:", "type": 2, "value": 6}, {"box": [91, 513, 494, 532], "text": "Arrival date and time (include airline and flight no.)", "type": 2, "value": 2}, {"box": [514, 510, 629, 530], "text": "Monday, 0 /00", "type": 2, "value": 4}, {"box": [103, 550, 242, 568], "text": "Evening Shuttle", "type": 2, "value": 4}, {"box": [89, 602, 324, 620], "text": "Hotel /Motel reservations needed", "type": 2, "value": 2}, {"box": [92, 648, 242, 666], "text": "Reservations made at", "type": 2, "value": 2}, {"box": [91, 690, 326, 708], "text": "Sales Personnel to be contacted", "type": 2, "value": 2}, {"box": [91, 733, 347, 753], "text": "Sales Personnel to be worked with:", "type": 2, "value": 2}, {"box": [362, 735, 391, 749], "text": "D. M.", "type": 2, "value": 2}, {"box": [426, 733, 472, 749], "text": "A. D. M.", "type": 2, "value": 2}, {"box": [510, 733, 662, 748], "text": "Sales Representative", "type": 2, "value": 2}, {"box": [85, 927, 638, 947], "text": "Return to J. R. Mueller no later than two weeks prior to anticipated trip.", "type": 2, "value": 8}]}