{"img_shape": [1000, 781], "lines": [{"box": [89, 232, 135, 250], "text": "Date:", "type": 2, "value": 2}, {"box": [690, 775, 710, 874], "text": "00000000", "type": 2, "value": 8}, {"box": [89, 943, 128, 961], "text": "0/00", "type": 2, "value": 8}, {"box": [254, 56, 478, 76], "text": "New Competitive Activity", "type": 2, "value": 6}, {"box": [87, 109, 646, 163], "text": "Please fill in the following information, as appropriate and send to C. W. Toti, Marketing Services Director, at the New York Office. Thank you.", "type": 2, "value": 8}, {"box": [85, 198, 200, 215], "text": "Reported by:", "type": 2, "value": 2}, {"box": [92, 267, 282, 284], "text": "Manufacturer & Brand:", "type": 2, "value": 2}, {"box": [89, 303, 438, 321], "text": "Type of product, size(s) & list price:", "type": 2, "value": 2}, {"box": [91, 408, 301, 425], "text": "Extent of distribution:", "type": 2, "value": 2}, {"box": [91, 514, 510, 530], "text": "Information and hearsay from outside contacts:", "type": 2, "value": 2}, {"box": [89, 684, 621, 719], "text": "Further information (please attach any relevant materials; POS, advertising, brochures, etc.):", "type": 2, "value": 2}]}