{"img_shape": [1000, 772], "lines": [{"box": [623, 145, 658, 158], "text": "0000", "type": 2, "value": 4}, {"box": [225, 145, 250, 156], "text": "B00", "type": 2, "value": 4}, {"box": [250, 341, 289, 354], "text": "test", "type": 2, "value": 8}, {"box": [103, 683, 130, 697], "text": "Misc", "type": 2, "value": 8}, {"box": [662, 786, 684, 889], "text": "00000000", "type": 2, "value": 8}, {"box": [314, 78, 499, 101], "text": "COMPOUND STRUCTURE", "type": 2, "value": 6}, {"box": [514, 127, 659, 144], "text": "Litton Bionetics", "type": 2, "value": 8}, {"box": [517, 147, 613, 161], "text": "Genetic Assay No.", "type": 2, "value": 2}, {"box": [110, 144, 217, 159], "text": "COMPOUND CODE", "type": 2, "value": 2}, {"box": [110, 176, 183, 190], "text": "Chem Abstr#", "type": 2, "value": 2}, {"box": [187, 175, 213, 188], "text": "N/ A", "type": 2, "value": 4}, {"box": [226, 200, 399, 217], "text": "Proprietary Mixture", "type": 2, "value": 4}, {"box": [110, 204, 209, 221], "text": "Compound Name", "type": 2, "value": 2}, {"box": [110, 271, 190, 285], "text": "ASSAY RESULT", "type": 2, "value": 2}, {"box": [186, 263, 741, 341], "text": "M. Lymph: negative with S0 activation, positive without S0 activation; Rerun: negative without S0 activation, border- line positive with S0 activation -Technical problems with the", "type": 2, "value": 4}, {"box": [109, 330, 251, 345], "text": "COMPOUND STRUCTURE", "type": 2, "value": 8}, {"box": [117, 411, 256, 426], "text": "Unknown Mixture", "type": 2, "value": 8}, {"box": [105, 490, 232, 507], "text": "PH (CALCULATED 00%)", "type": 2, "value": 2}, {"box": [249, 485, 284, 503], "text": "0. 00", "type": 2, "value": 4}, {"box": [247, 546, 365, 561], "text": "Yellow liquid", "type": 2, "value": 4}, {"box": [103, 547, 241, 564], "text": "PHYSICAL APPEARANCE", "type": 2, "value": 2}, {"box": [123, 578, 159, 594], "text": "bp/mp ", "type": 2, "value": 2}, {"box": [182, 574, 213, 591], "text": "N/ A", "type": 2, "value": 4}, {"box": [254, 577, 281, 594], "text": "C @", "type": 2, "value": 2}, {"box": [320, 577, 363, 592], "text": "mm Hg", "type": 2, "value": 2}, {"box": [102, 620, 225, 644], "text": "REGULATORY STATUS", "type": 2, "value": 2}, {"box": [246, 619, 279, 639], "text": "N/ A", "type": 2, "value": 4}, {"box": [637, 948, 696, 967], "text": "", "type": 2, "value": 8}]}