{"img_shape": [1000, 773], "lines": [{"box": [485, 32, 526, 49], "text": "Date:", "type": 2, "value": 2}, {"box": [531, 32, 585, 49], "text": "0/00/00", "type": 2, "value": 4}, {"box": [634, 34, 683, 48], "text": "00-C-0", "type": 2, "value": 8}, {"box": [31, 218, 111, 236], "text": "Cicarettes", "type": 2, "value": 6}, {"box": [320, 221, 377, 238], "text": "Filters", "type": 2, "value": 8}, {"box": [34, 173, 73, 187], "text": "BLEND", "type": 2, "value": 2}, {"box": [144, 173, 196, 187], "text": "CASING", "type": 2, "value": 2}, {"box": [267, 173, 328, 190], "text": "RECASING", "type": 2, "value": 2}, {"box": [34, 189, 87, 203], "text": "0000-00", "type": 2, "value": 4}, {"box": [144, 187, 179, 207], "text": "0000", "type": 2, "value": 4}, {"box": [268, 190, 300, 205], "text": "0000", "type": 2, "value": 4}, {"box": [392, 191, 456, 208], "text": "attached", "type": 2, "value": 4}, {"box": [52, 250, 95, 264], "text": "Maker", "type": 2, "value": 2}, {"box": [52, 274, 104, 287], "text": "Length", "type": 2, "value": 2}, {"box": [54, 295, 100, 310], "text": "Filter", "type": 2, "value": 2}, {"box": [106, 295, 153, 310], "text": "Length", "type": 2, "value": 2}, {"box": [50, 317, 155, 331], "text": "Circumference", "type": 2, "value": 2}, {"box": [50, 341, 102, 356], "text": "Weight", "type": 2, "value": 2}, {"box": [52, 363, 97, 374], "text": "Paper", "type": 2, "value": 2}, {"box": [556, 177, 613, 192], "text": "MENTHOL", "type": 2, "value": 2}, {"box": [556, 193, 595, 208], "text": "0000", "type": 2, "value": 4}, {"box": [585, 281, 605, 291], "text": "mm", "type": 2, "value": 4}, {"box": [480, 366, 523, 381], "text": "000mm", "type": 2, "value": 4}, {"box": [482, 390, 531, 405], "text": "00.0mm", "type": 2, "value": 4}, {"box": [479, 457, 496, 472], "text": "E-", "type": 2, "value": 8}, {"box": [494, 458, 519, 472], "text": "000", "type": 2, "value": 4}, {"box": [480, 482, 519, 493], "text": "0000C", "type": 2, "value": 4}, {"box": [689, 730, 706, 822], "text": "00000000", "type": 2, "value": 8}, {"box": [27, 552, 93, 569], "text": "Wrapping", "type": 2, "value": 6}, {"box": [47, 575, 104, 590], "text": "Labels", "type": 2, "value": 2}, {"box": [50, 595, 113, 613], "text": "Closures", "type": 2, "value": 2}, {"box": [46, 641, 103, 656], "text": "Cartons", "type": 2, "value": 2}, {"box": [49, 665, 112, 679], "text": "Markings", "type": 2, "value": 2}, {"box": [198, 571, 243, 589], "text": "white", "type": 2, "value": 4}, {"box": [197, 595, 231, 612], "text": "blue", "type": 2, "value": 4}, {"box": [197, 623, 242, 637], "text": "white", "type": 2, "value": 4}, {"box": [198, 644, 236, 658], "text": "white", "type": 2, "value": 4}, {"box": [313, 553, 421, 570], "text": "Responsibility", "type": 2, "value": 6}, {"box": [331, 645, 398, 659], "text": "Shipping", "type": 2, "value": 2}, {"box": [45, 754, 87, 769], "text": "Other", "type": 2, "value": 2}, {"box": [503, 891, 525, 906], "text": "", "type": 2, "value": 8}, {"box": [528, 895, 577, 908], "text": "Newan", "type": 2, "value": 8}, {"box": [577, 894, 622, 909], "text": "Stein,", "type": 2, "value": 8}, {"box": [479, 599, 557, 613], "text": "production", "type": 2, "value": 4}, {"box": [201, 433, 233, 448], "text": "0000", "type": 2, "value": 4}, {"box": [198, 476, 220, 494], "text": "NA", "type": 2, "value": 4}, {"box": [338, 295, 373, 310], "text": "Kind", "type": 2, "value": 2}, {"box": [339, 344, 363, 355], "text": "Rod", "type": 2, "value": 2}, {"box": [369, 342, 416, 356], "text": "Length", "type": 2, "value": 2}, {"box": [335, 387, 436, 404], "text": "Circunference", "type": 2, "value": 2}, {"box": [334, 412, 381, 423], "text": "Weight", "type": 2, "value": 2}, {"box": [335, 433, 381, 446], "text": "Plast.", "type": 2, "value": 2}, {"box": [277, 45, 507, 91], "text": "Sample No. 0000-00 Type of Cigarette NP Control 00 Batch Size As needed", "type": 2, "value": 6}, {"box": [49, 96, 215, 113], "text": "ginal Request Made By", "type": 2, "value": 2}, {"box": [221, 98, 375, 116], "text": "T. Jessup on 0/00/00", "type": 2, "value": 4}, {"box": [31, 116, 163, 135], "text": "Purpose of Sample", "type": 2, "value": 2}, {"box": [165, 119, 332, 139], "text": "Mkt. Research Newport", "type": 2, "value": 4}, {"box": [281, 144, 353, 162], "text": "W. Barnes", "type": 2, "value": 4}, {"box": [32, 141, 277, 158], "text": "Sample Specifications Written By", "type": 2, "value": 2}, {"box": [394, 176, 488, 191], "text": "FINAL FLAVOR", "type": 2, "value": 2}, {"box": [203, 246, 239, 264], "text": "MK 0", "type": 2, "value": 4}, {"box": [203, 271, 252, 291], "text": "00.0 cm", "type": 2, "value": 4}, {"box": [204, 295, 255, 313], "text": "00.0 mm", "type": 2, "value": 4}, {"box": [204, 320, 250, 333], "text": "00.0 mm", "type": 2, "value": 4}, {"box": [204, 341, 280, 358], "text": "00.0 g/000", "type": 2, "value": 4}, {"box": [203, 363, 243, 378], "text": "E- 000", "type": 2, "value": 4}, {"box": [173, 385, 305, 404], "text": "00mm cork- Ecusta", "type": 2, "value": 4}, {"box": [133, 409, 306, 425], "text": "TOD 00000-0 lines perf.", "type": 2, "value": 4}, {"box": [50, 385, 127, 399], "text": "Tip. Paper", "type": 2, "value": 2}, {"box": [50, 430, 165, 450], "text": "Tip. Paper Por.", "type": 2, "value": 2}, {"box": [49, 454, 136, 469], "text": "Glue Roller", "type": 2, "value": 2}, {"box": [47, 475, 146, 493], "text": "Air Dilution", "type": 2, "value": 2}, {"box": [197, 453, 262, 471], "text": "Mk II 00", "type": 2, "value": 4}, {"box": [478, 253, 554, 270], "text": "Section A", "type": 2, "value": 2}, {"box": [585, 251, 659, 271], "text": "Section B", "type": 2, "value": 2}, {"box": [482, 275, 520, 292], "text": "00mm", "type": 2, "value": 4}, {"box": [480, 299, 565, 316], "text": "0.0 00,000y", "type": 2, "value": 4}, {"box": [475, 323, 529, 337], "text": "RE- 0000", "type": 2, "value": 4}, {"box": [482, 344, 529, 360], "text": "000 mm", "type": 2, "value": 4}, {"box": [480, 412, 558, 427], "text": "00.0 g/000", "type": 2, "value": 4}, {"box": [480, 433, 537, 450], "text": "0% Kent", "type": 2, "value": 4}, {"box": [335, 366, 439, 380], "text": "Pressure Drop", "type": 2, "value": 2}, {"box": [337, 455, 408, 471], "text": "Plug Wrap", "type": 2, "value": 2}, {"box": [334, 478, 443, 496], "text": "Plug Wrap Por.", "type": 2, "value": 2}, {"box": [337, 500, 415, 517], "text": "Comb. Wrap", "type": 2, "value": 2}, {"box": [337, 524, 447, 539], "text": "Comb. Wrap Por.", "type": 2, "value": 2}, {"box": [335, 575, 439, 592], "text": "Tobacco Blend", "type": 2, "value": 2}, {"box": [334, 601, 465, 616], "text": "Filter Production", "type": 2, "value": 2}, {"box": [331, 623, 458, 638], "text": "Making & Packing", "type": 2, "value": 2}, {"box": [332, 666, 465, 682], "text": "Sample Requistion", "type": 2, "value": 2}, {"box": [473, 577, 619, 593], "text": "production, Barnes", "type": 2, "value": 4}, {"box": [476, 623, 593, 638], "text": "Barnes, Fernald", "type": 2, "value": 4}, {"box": [472, 648, 489, 664], "text": "- -", "type": 2, "value": 4}, {"box": [475, 668, 555, 682], "text": "T. Skinner", "type": 2, "value": 4}, {"box": [198, 662, 269, 678], "text": "code #0000", "type": 2, "value": 4}, {"box": [50, 619, 120, 634], "text": "Tear Tape", "type": 2, "value": 2}, {"box": [28, 718, 127, 748], "text": "Requirements Laboratory", "type": 2, "value": 2}, {"box": [198, 732, 257, 749], "text": "00 ctns.", "type": 2, "value": 4}, {"box": [179, 753, 248, 771], "text": "0000 pks.", "type": 2, "value": 4}, {"box": [310, 716, 460, 733], "text": "Laboratory Analysis:", "type": 2, "value": 2}, {"box": [328, 735, 509, 794], "text": "Moisture analysis Menthol analysis Tar & nicotine analysis", "type": 2, "value": 4}, {"box": [303, 799, 455, 817], "text": "Special Requirements", "type": 2, "value": 2}, {"box": [22, 817, 566, 881], "text": "0. Cigts. to be packed in white labels printed with \"00 Class A. ATF Auth. #00 sample not for sale, all applicable state taxes paid, and code No. 000.\"", "type": 2, "value": 4}, {"box": [21, 885, 500, 928], "text": "0. Cigts. to be inspected, placed in pk. mailers and shipped Inc., for Mkt. Rsh. Study.", "type": 2, "value": 4}, {"box": [459, 880, 729, 959], "text": "Director, Product Development", "type": 2, "value": 8}]}