{"img_shape": [1000, 754], "lines": [{"box": [22, 87, 40, 98], "text": "TO:", "type": 2, "value": 2}, {"box": [22, 112, 57, 125], "text": "FROM:", "type": 2, "value": 2}, {"box": [142, 85, 189, 99], "text": "S.P. Zolot", "type": 2, "value": 4}, {"box": [142, 112, 192, 125], "text": "C.J. Leiker", "type": 2, "value": 4}, {"box": [550, 142, 561, 155], "text": "\u2611", "type": 2, "value": 4}, {"box": [22, 165, 72, 178], "text": "SUBJECT:", "type": 2, "value": 2}, {"box": [122, 191, 189, 204], "text": "GEOGRAPHY", "type": 2, "value": 6}, {"box": [21, 216, 67, 229], "text": "REGION:", "type": 2, "value": 6}, {"box": [22, 268, 71, 281], "text": "DIVISION:", "type": 2, "value": 6}, {"box": [215, 216, 242, 229], "text": "FULL", "type": 2, "value": 2}, {"box": [264, 216, 274, 227], "text": "x", "type": 2, "value": 4}, {"box": [422, 216, 467, 230], "text": "PARTIAL", "type": 2, "value": 2}, {"box": [215, 268, 242, 281], "text": "FULL", "type": 2, "value": 2}, {"box": [422, 270, 467, 280], "text": "PARTIAL", "type": 2, "value": 2}, {"box": [243, 453, 260, 464], "text": "00", "type": 2, "value": 4}, {"box": [244, 472, 257, 483], "text": "00", "type": 2, "value": 4}, {"box": [246, 492, 261, 503], "text": "00", "type": 2, "value": 4}, {"box": [246, 510, 260, 520], "text": "00", "type": 2, "value": 4}, {"box": [246, 528, 261, 541], "text": "00", "type": 2, "value": 4}, {"box": [514, 684, 528, 695], "text": "00", "type": 2, "value": 4}, {"box": [244, 686, 261, 696], "text": "00", "type": 2, "value": 4}, {"box": [246, 704, 261, 715], "text": "00", "type": 2, "value": 4}, {"box": [246, 722, 261, 735], "text": "00", "type": 2, "value": 4}, {"box": [244, 742, 262, 753], "text": "00", "type": 2, "value": 4}, {"box": [246, 761, 261, 772], "text": "00", "type": 2, "value": 4}, {"box": [244, 779, 264, 790], "text": "000", "type": 2, "value": 4}, {"box": [247, 797, 262, 808], "text": "00", "type": 2, "value": 4}, {"box": [247, 817, 261, 828], "text": "00", "type": 2, "value": 4}, {"box": [246, 835, 267, 849], "text": "000", "type": 2, "value": 4}, {"box": [45, 930, 108, 943], "text": "MAVPROG.XLS", "type": 2, "value": 8}, {"box": [677, 781, 697, 889], "text": "00000000", "type": 2, "value": 8}, {"box": [458, 87, 554, 100], "text": "SUBMISSION DATE", "type": 2, "value": 6}, {"box": [381, 113, 421, 124], "text": "MAY 00", "type": 2, "value": 2}, {"box": [508, 113, 547, 126], "text": "AUG 00", "type": 2, "value": 2}, {"box": [511, 140, 547, 151], "text": "SEP 00", "type": 2, "value": 2}, {"box": [385, 138, 419, 149], "text": "JUN 00", "type": 2, "value": 2}, {"box": [144, 165, 421, 178], "text": "MAVERICK SPECIALS MENTHOL- PROGRESS REPORT", "type": 2, "value": 4}, {"box": [22, 242, 341, 256], "text": "(ONLY PARTIAL REGION CONTINUE WITH DIVISION(S) SCOPE)", "type": 2, "value": 2}, {"box": [36, 293, 118, 308], "text": "DIVISION NAME:", "type": 2, "value": 2}, {"box": [38, 321, 118, 332], "text": "DIVISION NAME:", "type": 2, "value": 2}, {"box": [38, 348, 117, 358], "text": "DIVISION NAME:", "type": 2, "value": 2}, {"box": [215, 295, 295, 308], "text": "DIVISION NAME:", "type": 2, "value": 2}, {"box": [214, 321, 296, 332], "text": "DIVISION NAME:", "type": 2, "value": 2}, {"box": [215, 346, 297, 359], "text": "DIVISION NAME:", "type": 2, "value": 2}, {"box": [423, 295, 461, 308], "text": "# REPS", "type": 2, "value": 2}, {"box": [422, 320, 460, 334], "text": "# REPS", "type": 2, "value": 2}, {"box": [423, 346, 460, 361], "text": "# REPS", "type": 2, "value": 2}, {"box": [22, 374, 388, 422], "text": "DISTRIBUTION DIRECT ACCOUNTS AND CHAINS HEADQUARTERED WITHIN THE REGION (00+ STORES) STOCKING NO MAVERICK SPECIALS MENTHOL", "type": 2, "value": 6}, {"box": [31, 433, 134, 447], "text": "NAME OF ACCOUNT", "type": 2, "value": 2}, {"box": [156, 419, 203, 447], "text": "IND. LOR VOLUME", "type": 2, "value": 2}, {"box": [222, 422, 267, 447], "text": "NO. OF STORES", "type": 2, "value": 2}, {"box": [304, 433, 408, 448], "text": "NAME OF ACCOUNT", "type": 2, "value": 2}, {"box": [432, 420, 478, 447], "text": "IND VOLUME", "type": 2, "value": 2}, {"box": [497, 422, 542, 447], "text": "NO. OF STORES", "type": 2, "value": 2}, {"box": [161, 453, 198, 466], "text": "000/ 00", "type": 2, "value": 4}, {"box": [163, 472, 196, 485], "text": "000/ 00", "type": 2, "value": 4}, {"box": [161, 492, 198, 505], "text": "000/ 00", "type": 2, "value": 4}, {"box": [161, 508, 199, 522], "text": "000/ 00", "type": 2, "value": 4}, {"box": [163, 528, 197, 542], "text": "00/ 00", "type": 2, "value": 4}, {"box": [22, 453, 121, 467], "text": "Chatham Oil (000- 00)", "type": 2, "value": 4}, {"box": [22, 472, 126, 487], "text": "Express Stop (000- 00)", "type": 2, "value": 4}, {"box": [22, 490, 117, 506], "text": "Fowlers Oil (000 -00)", "type": 2, "value": 4}, {"box": [24, 508, 130, 525], "text": "Petro Express (000- 00)", "type": 2, "value": 4}, {"box": [24, 528, 123, 542], "text": "Service Dist. (000- 00)", "type": 2, "value": 4}, {"box": [22, 623, 401, 653], "text": "DIRECT ACCOUNTS AND CHAINS HEADQUARTERED OUTSIDE THE REGION (00+ STORES) STOCKING NO MAVERICK SPECIALS MENTHOL", "type": 2, "value": 6}, {"box": [32, 663, 136, 680], "text": "NAME OF ACCOUNT", "type": 2, "value": 2}, {"box": [156, 652, 201, 679], "text": "IND LOR VOLUME", "type": 2, "value": 2}, {"box": [225, 652, 269, 679], "text": "NO. OF STORES", "type": 2, "value": 2}, {"box": [304, 665, 408, 680], "text": "NAME OF ACCOUNT", "type": 2, "value": 2}, {"box": [432, 652, 481, 679], "text": "IND LOR VOLUME", "type": 2, "value": 2}, {"box": [499, 652, 543, 679], "text": "NO. OF STORES", "type": 2, "value": 2}, {"box": [291, 683, 373, 700], "text": "_0-Eleven ", "type": 2, "value": 4}, {"box": [25, 683, 124, 697], "text": "Coastal Mart (000- 00)", "type": 2, "value": 4}, {"box": [25, 701, 102, 718], "text": "Conoco (000- 00)", "type": 2, "value": 4}, {"box": [25, 719, 116, 739], "text": "Dairy Mart (000- 00)", "type": 2, "value": 4}, {"box": [25, 739, 92, 757], "text": "Emro (000- 00)", "type": 2, "value": 4}, {"box": [25, 758, 116, 775], "text": "EZ Serve (000 00B)", "type": 2, "value": 4}, {"box": [25, 778, 124, 793], "text": "CVS- Revco (000- 00)", "type": 2, "value": 4}, {"box": [27, 796, 104, 813], "text": "Rite Aid (000- 00)", "type": 2, "value": 4}, {"box": [24, 816, 112, 831], "text": "Walgreen (000- 00)", "type": 2, "value": 4}, {"box": [24, 835, 108, 850], "text": "Walmart (000- 00)", "type": 2, "value": 4}, {"box": [539, 925, 641, 943], "text": "Page0 of 0 Pages", "type": 2, "value": 8}]}