{"img_shape": [1000, 754], "lines": [{"box": [67, 108, 89, 122], "text": "TO:", "type": 2, "value": 2}, {"box": [68, 138, 108, 153], "text": "FROM:", "type": 2, "value": 2}, {"box": [450, 171, 464, 184], "text": "x", "type": 2, "value": 4}, {"box": [166, 237, 243, 250], "text": "GEOGRAPHY", "type": 2, "value": 2}, {"box": [67, 263, 125, 276], "text": "REGION:", "type": 2, "value": 6}, {"box": [298, 262, 330, 275], "text": "FULL", "type": 2, "value": 2}, {"box": [508, 263, 553, 275], "text": "PARTIAL", "type": 2, "value": 2}, {"box": [508, 312, 555, 324], "text": "PARTIAL", "type": 2, "value": 2}, {"box": [298, 311, 332, 325], "text": "FULL", "type": 2, "value": 2}, {"box": [69, 311, 128, 325], "text": "DIVISION:", "type": 2, "value": 2}, {"box": [68, 203, 126, 216], "text": "SUBJECT:", "type": 2, "value": 2}, {"box": [584, 336, 599, 349], "text": "00", "type": 2, "value": 4}, {"box": [583, 356, 597, 373], "text": "00", "type": 2, "value": 4}, {"box": [585, 380, 597, 394], "text": "0", "type": 2, "value": 4}, {"box": [365, 311, 376, 323], "text": "X", "type": 2, "value": 4}, {"box": [156, 416, 253, 431], "text": "DISTRIBUTION", "type": 2, "value": 2}, {"box": [297, 509, 311, 524], "text": "00", "type": 2, "value": 4}, {"box": [294, 528, 313, 543], "text": "000", "type": 2, "value": 4}, {"box": [660, 809, 682, 911], "text": "00000000", "type": 2, "value": 8}, {"box": [140, 108, 205, 121], "text": "S. P. ZOLOT", "type": 2, "value": 4}, {"box": [447, 109, 559, 123], "text": "SUBMISSION DATE", "type": 2, "value": 6}, {"box": [141, 138, 229, 156], "text": "R. W. Richardson", "type": 2, "value": 4}, {"box": [376, 139, 422, 153], "text": "JUNE 00", "type": 2, "value": 2}, {"box": [379, 169, 419, 183], "text": "AUG 00", "type": 2, "value": 2}, {"box": [525, 140, 571, 153], "text": "SEPT 00", "type": 2, "value": 2}, {"box": [529, 169, 567, 184], "text": "NOV 0", "type": 2, "value": 2}, {"box": [137, 199, 525, 215], "text": "MAVERICK SPECIALS EXPANSION MARKETS PROGRESS REPORT", "type": 2, "value": 4}, {"box": [67, 284, 430, 300], "text": "(ONLY IF PARTIAL REGION, CONTINUE WITH DIVISION (S) SCOPE)", "type": 2, "value": 8}, {"box": [91, 336, 186, 350], "text": "DIVISION NAME:", "type": 2, "value": 2}, {"box": [186, 338, 255, 350], "text": "Detroit North", "type": 2, "value": 4}, {"box": [189, 358, 258, 372], "text": "Detroit South", "type": 2, "value": 4}, {"box": [192, 380, 261, 395], "text": "Detroit Central", "type": 2, "value": 4}, {"box": [91, 358, 187, 376], "text": "DIVISION NAME:", "type": 2, "value": 2}, {"box": [91, 380, 188, 395], "text": "DIVISION NAME:", "type": 2, "value": 2}, {"box": [298, 338, 391, 350], "text": "DIVISION NAME:", "type": 2, "value": 2}, {"box": [296, 358, 391, 373], "text": "DIVISION NAME:", "type": 2, "value": 2}, {"box": [297, 379, 393, 394], "text": "DIVISION NAME:", "type": 2, "value": 2}, {"box": [393, 361, 456, 373], "text": "Detroit East", "type": 2, "value": 4}, {"box": [398, 337, 460, 351], "text": "Detroit West", "type": 2, "value": 4}, {"box": [503, 336, 545, 351], "text": "# REPS:", "type": 2, "value": 2}, {"box": [503, 359, 544, 373], "text": "# REPS:", "type": 2, "value": 2}, {"box": [501, 382, 544, 395], "text": "# REPS:", "type": 2, "value": 2}, {"box": [67, 443, 380, 469], "text": "Direct Accounts and Chains Headquartered within the Region (00+ Stores) Stocking No Maverick Specials", "type": 2, "value": 8}, {"box": [80, 482, 173, 497], "text": "Name of Account", "type": 2, "value": 2}, {"box": [206, 478, 249, 505], "text": "Ind/ Lor Volume", "type": 2, "value": 2}, {"box": [272, 475, 331, 505], "text": "Number of Stores", "type": 2, "value": 2}, {"box": [369, 481, 459, 497], "text": "Name of Account", "type": 2, "value": 2}, {"box": [494, 472, 537, 503], "text": "Ind/ Lor Volume", "type": 2, "value": 2}, {"box": [563, 477, 619, 505], "text": "Number of Stores", "type": 2, "value": 2}, {"box": [68, 510, 123, 524], "text": "Meijer Gas", "type": 2, "value": 4}, {"box": [69, 531, 141, 544], "text": "Ultra Diamond", "type": 2, "value": 4}, {"box": [208, 509, 245, 521], "text": "000/ 00", "type": 2, "value": 4}, {"box": [207, 532, 244, 543], "text": "000/ 00", "type": 2, "value": 4}, {"box": [68, 698, 389, 724], "text": "Direct Accounts and Chains Headquartered Outside the Region (00+ Stores Stocking No Maverick Specials", "type": 2, "value": 8}, {"box": [84, 739, 173, 750], "text": "Name of Account", "type": 2, "value": 2}, {"box": [205, 732, 248, 757], "text": "Ind/ Lor Volume", "type": 2, "value": 2}, {"box": [273, 731, 331, 760], "text": "Number of Stores", "type": 2, "value": 2}, {"box": [373, 738, 460, 749], "text": "Name of Account", "type": 2, "value": 2}, {"box": [497, 730, 539, 755], "text": "Ind/ Lor Volume", "type": 2, "value": 2}, {"box": [563, 731, 620, 756], "text": "Number of Stores", "type": 2, "value": 2}, {"box": [68, 952, 146, 960], "text": "", "type": 2, "value": 8}, {"box": [621, 949, 662, 959], "text": "Page 0 of 0", "type": 2, "value": 8}]}