{"img_shape": [1000, 754], "lines": [{"box": [58, 123, 82, 134], "text": "TO:", "type": 2, "value": 2}, {"box": [61, 149, 101, 162], "text": "FROM:", "type": 2, "value": 2}, {"box": [61, 206, 116, 223], "text": "SUBJECT:", "type": 2, "value": 2}, {"box": [438, 143, 451, 155], "text": "X", "type": 2, "value": 4}, {"box": [132, 334, 165, 351], "text": "None", "type": 2, "value": 4}, {"box": [70, 240, 157, 251], "text": "DISTRIBUTION", "type": 2, "value": 6}, {"box": [96, 617, 140, 628], "text": "PACKING", "type": 2, "value": 2}, {"box": [309, 610, 323, 624], "text": "%", "type": 2, "value": 2}, {"box": [503, 605, 514, 619], "text": "%", "type": 2, "value": 2}, {"box": [219, 641, 239, 653], "text": "000", "type": 2, "value": 4}, {"box": [219, 657, 241, 667], "text": "000", "type": 2, "value": 4}, {"box": [222, 672, 240, 682], "text": "000", "type": 2, "value": 4}, {"box": [218, 685, 241, 703], "text": "000", "type": 2, "value": 4}, {"box": [304, 638, 328, 650], "text": "00%", "type": 2, "value": 4}, {"box": [306, 654, 329, 665], "text": "00%", "type": 2, "value": 4}, {"box": [307, 670, 328, 684], "text": "00%", "type": 2, "value": 4}, {"box": [307, 689, 332, 699], "text": "00%", "type": 2, "value": 4}, {"box": [402, 635, 424, 646], "text": "000", "type": 2, "value": 4}, {"box": [402, 651, 424, 664], "text": "000", "type": 2, "value": 4}, {"box": [405, 669, 425, 680], "text": "000", "type": 2, "value": 4}, {"box": [407, 685, 426, 699], "text": "000", "type": 2, "value": 4}, {"box": [497, 632, 522, 644], "text": "00%", "type": 2, "value": 4}, {"box": [499, 649, 521, 663], "text": "00%", "type": 2, "value": 4}, {"box": [500, 682, 521, 695], "text": "00%", "type": 2, "value": 4}, {"box": [499, 666, 521, 679], "text": "00%", "type": 2, "value": 4}, {"box": [72, 676, 100, 690], "text": "000's", "type": 2, "value": 4}, {"box": [477, 534, 509, 545], "text": "0.000", "type": 2, "value": 4}, {"box": [480, 563, 509, 581], "text": "0,000", "type": 2, "value": 4}, {"box": [210, 829, 231, 846], "text": "00", "type": 2, "value": 4}, {"box": [203, 861, 213, 874], "text": "$", "type": 2, "value": 8}, {"box": [289, 830, 311, 841], "text": "00", "type": 2, "value": 4}, {"box": [363, 829, 385, 842], "text": "00", "type": 2, "value": 4}, {"box": [214, 861, 236, 873], "text": "0.00", "type": 2, "value": 4}, {"box": [102, 831, 142, 845], "text": "PACKS", "type": 2, "value": 2}, {"box": [106, 861, 161, 874], "text": "CARTONS", "type": 2, "value": 2}, {"box": [197, 812, 243, 826], "text": "DORAL", "type": 2, "value": 2}, {"box": [280, 809, 319, 822], "text": "BASIC", "type": 2, "value": 2}, {"box": [354, 811, 393, 823], "text": "G.P.C", "type": 2, "value": 2}, {"box": [346, 920, 391, 938], "text": "00/0/00", "type": 2, "value": 8}, {"box": [687, 752, 715, 861], "text": "00000000", "type": 2, "value": 8}, {"box": [65, 77, 297, 94], "text": "00/00/00 00: 00 FAX 0 000 000 0000", "type": 2, "value": 8}, {"box": [354, 76, 559, 90], "text": "LORILLARD TOE CO NYO - SALES", "type": 2, "value": 8}, {"box": [607, 74, 666, 89], "text": "000/ 000", "type": 2, "value": 8}, {"box": [111, 121, 176, 134], "text": "S. P. ZOLOT", "type": 2, "value": 4}, {"box": [109, 149, 181, 160], "text": "S. P. McBride", "type": 2, "value": 4}, {"box": [58, 178, 147, 190], "text": "AREA REGION:", "type": 2, "value": 2}, {"box": [359, 141, 396, 158], "text": "DEC 0", "type": 2, "value": 2}, {"box": [361, 170, 400, 184], "text": "JAN 00", "type": 2, "value": 2}, {"box": [436, 109, 544, 124], "text": "SUBMISSION DATE", "type": 2, "value": 6}, {"box": [525, 140, 563, 155], "text": "FEB 00", "type": 2, "value": 2}, {"box": [152, 203, 554, 219], "text": "MAVERICK SPECIALS NON- MENTHOL- EXPANSION PROGRESS REPORT", "type": 2, "value": 4}, {"box": [159, 177, 191, 187], "text": "0/ 00", "type": 2, "value": 4}, {"box": [63, 259, 550, 280], "text": "DIRECT ACCOUNTS PROJECTED TO ACCEPT WHICH REFUSED ONE OR MORE PACKING", "type": 2, "value": 8}, {"box": [89, 302, 205, 317], "text": "NAME OF ACCOUNT", "type": 2, "value": 2}, {"box": [235, 289, 309, 316], "text": "# OF STORES SUPPLIED", "type": 2, "value": 2}, {"box": [323, 302, 352, 327], "text": "BOX 00's", "type": 2, "value": 2}, {"box": [367, 303, 415, 326], "text": "LT. BOX 00's", "type": 2, "value": 2}, {"box": [433, 304, 462, 316], "text": "000's", "type": 2, "value": 2}, {"box": [488, 301, 517, 326], "text": "LT. 000's", "type": 2, "value": 2}, {"box": [537, 303, 565, 316], "text": "K. S.", "type": 2, "value": 2}, {"box": [591, 297, 615, 320], "text": "LT. K. S.", "type": 2, "value": 2}, {"box": [65, 533, 390, 554], "text": "TOTAL # OF INDEPENDENT SPECIAL EMPHASIS OUTLETS:", "type": 2, "value": 2}, {"box": [70, 566, 392, 584], "text": "TOTAL # OF INDEPENDENT NEWPORT #0 CLUB OUTLETS:", "type": 2, "value": 2}, {"box": [175, 601, 285, 636], "text": "TOTAL # OF SP EMPHASIS OUTLEIS WITH DISTRIBUTION", "type": 2, "value": 2}, {"box": [345, 597, 479, 632], "text": "TOTAL # OF NUMBER ONE CLUB OUTLETS WITH DISTRIBUTION", "type": 2, "value": 2}, {"box": [69, 641, 121, 657], "text": "BOX 00's", "type": 2, "value": 4}, {"box": [69, 660, 143, 673], "text": "LT. BOX 00's", "type": 2, "value": 4}, {"box": [72, 694, 116, 707], "text": "LT. 000's", "type": 2, "value": 4}, {"box": [69, 710, 96, 722], "text": "K. S.", "type": 2, "value": 4}, {"box": [72, 724, 118, 739], "text": "LT. K. S.", "type": 2, "value": 4}, {"box": [78, 756, 312, 773], "text": "COMPETITIVE PROMOTIONAL ACTIVITY", "type": 2, "value": 6}, {"box": [68, 783, 580, 804], "text": "PREDOMINANT BUYDOWN VALUE OF TARGETED BRANDS (DORAL G. P. C/ BASIC)", "type": 2, "value": 2}, {"box": [101, 874, 168, 887], "text": "(Where Applicable)", "type": 2, "value": 8}, {"box": [87, 926, 172, 942], "text": "Mav- nm- 0. xls", "type": 2, "value": 8}, {"box": [584, 919, 657, 933], "text": "Page 0 of 0", "type": 2, "value": 8}, {"box": [283, 859, 312, 870], "text": "$ 0.00", "type": 2, "value": 4}, {"box": [360, 857, 389, 870], "text": "$ 0.00", "type": 2, "value": 4}]}