{"img_shape": [1000, 754], "lines": [{"box": [67, 112, 92, 125], "text": "TO:", "type": 2, "value": 2}, {"box": [67, 138, 112, 152], "text": "FROM:", "type": 2, "value": 2}, {"box": [303, 413, 362, 427], "text": "#CASES", "type": 2, "value": 6}, {"box": [304, 549, 346, 566], "text": "ITEMS", "type": 2, "value": 6}, {"box": [609, 108, 659, 123], "text": "0/00/00", "type": 2, "value": 4}, {"box": [221, 434, 249, 454], "text": "0", "type": 2, "value": 4}, {"box": [221, 454, 246, 465], "text": "", "type": 2, "value": 4}, {"box": [223, 468, 247, 482], "text": "", "type": 2, "value": 4}, {"box": [612, 451, 647, 472], "text": "", "type": 2, "value": 4}, {"box": [426, 598, 506, 618], "text": "00-000-0", "type": 2, "value": 4}, {"box": [547, 577, 578, 592], "text": "000", "type": 2, "value": 4}, {"box": [549, 608, 576, 619], "text": "000", "type": 2, "value": 4}, {"box": [553, 628, 577, 639], "text": "000", "type": 2, "value": 4}, {"box": [608, 595, 640, 616], "text": "000", "type": 2, "value": 4}, {"box": [415, 813, 471, 830], "text": "0/00/00", "type": 2, "value": 4}, {"box": [324, 742, 408, 762], "text": "000-000-0000", "type": 2, "value": 4}, {"box": [50, 923, 109, 938], "text": "REQFORM", "type": 2, "value": 8}, {"box": [672, 792, 694, 900], "text": "00000000", "type": 2, "value": 8}, {"box": [651, 923, 698, 938], "text": "00/00/00", "type": 2, "value": 8}, {"box": [504, 239, 581, 264], "text": "Attendence", "type": 2, "value": 8}, {"box": [486, 282, 513, 299], "text": "000", "type": 2, "value": 8}, {"box": [482, 339, 513, 356], "text": "000", "type": 2, "value": 8}, {"box": [352, 381, 503, 423], "text": "", "type": 2, "value": 8}, {"box": [219, 483, 246, 494], "text": "", "type": 2, "value": 8}, {"box": [413, 494, 445, 508], "text": "", "type": 2, "value": 8}, {"box": [415, 468, 447, 479], "text": "", "type": 2, "value": 8}, {"box": [608, 437, 646, 451], "text": "", "type": 2, "value": 8}, {"box": [363, 127, 480, 151], "text": "(000)000-0000", "type": 2, "value": 8}, {"box": [415, 439, 449, 452], "text": "", "type": 2, "value": 8}, {"box": [68, 165, 171, 179], "text": "DIV. NAME/ NO:", "type": 2, "value": 2}, {"box": [207, 110, 275, 125], "text": "SAM ZOLOT", "type": 2, "value": 4}, {"box": [211, 137, 342, 154], "text": "W. R. KNIGHT - MCA", "type": 2, "value": 4}, {"box": [211, 163, 306, 180], "text": "ST. LOUIS, MO", "type": 2, "value": 4}, {"box": [499, 109, 595, 125], "text": "DATE TO CORP:", "type": 2, "value": 2}, {"box": [254, 218, 488, 234], "text": "0000 SPECIAL EVENT REQUEST FORM", "type": 2, "value": 6}, {"box": [68, 274, 178, 289], "text": "NAME OF EVENT:", "type": 2, "value": 2}, {"box": [70, 302, 182, 316], "text": "*DATE OF EVENT:", "type": 2, "value": 2}, {"box": [209, 274, 441, 291], "text": "Lorillard Metro Golf Outing 0000", "type": 2, "value": 4}, {"box": [209, 300, 534, 359], "text": "September 00, 0000 Marcus Hellenic Spirit Charities Golf Classic September 00, 0000", "type": 2, "value": 4}, {"box": [70, 356, 255, 371], "text": "SAMPLES/ ITEMS REQUIRED:", "type": 2, "value": 2}, {"box": [272, 356, 473, 373], "text": "SAMPLE 00'S (000 PACKS PER CASE)", "type": 2, "value": 4}, {"box": [70, 440, 155, 451], "text": "NEWPORTKS K.S.", "type": 2, "value": 2}, {"box": [70, 453, 160, 466], "text": "NEWPORT 000'S", "type": 2, "value": 2}, {"box": [70, 465, 180, 480], "text": "NEWPORT LTS. KS.", "type": 2, "value": 2}, {"box": [70, 480, 179, 493], "text": "NEWPORT LTS. 000", "type": 2, "value": 2}, {"box": [304, 440, 379, 453], "text": "KENT II K.S.", "type": 2, "value": 2}, {"box": [304, 454, 378, 465], "text": "KENT III 000", "type": 2, "value": 2}, {"box": [304, 466, 364, 480], "text": "TRUE K.S.", "type": 2, "value": 2}, {"box": [306, 482, 363, 493], "text": "KENT K.S.", "type": 2, "value": 2}, {"box": [304, 496, 362, 509], "text": "KENT 000", "type": 2, "value": 2}, {"box": [501, 439, 600, 454], "text": "KENT GL LTS K.S.", "type": 2, "value": 2}, {"box": [500, 454, 574, 467], "text": "KENT GL 000", "type": 2, "value": 2}, {"box": [420, 448, 471, 468], "text": "0", "type": 2, "value": 4}, {"box": [418, 473, 474, 501], "text": "0", "type": 2, "value": 4}, {"box": [306, 577, 401, 592], "text": "BASEBALL CAP", "type": 2, "value": 2}, {"box": [500, 549, 648, 564], "text": "QUANTITY REQUIRED", "type": 2, "value": 2}, {"box": [307, 603, 415, 620], "text": "WATER BOTTLES", "type": 2, "value": 2}, {"box": [309, 627, 491, 642], "text": "Any Other Items Available", "type": 2, "value": 2}, {"box": [73, 716, 129, 729], "text": "SHIP TO:", "type": 2, "value": 6}, {"box": [71, 742, 255, 757], "text": "CUSTOMER SHIPPING NUMBER", "type": 2, "value": 2}, {"box": [73, 782, 146, 799], "text": "NYO ONLY:", "type": 2, "value": 6}, {"box": [71, 811, 349, 826], "text": "DATE FORWARDED TO PROMOTION SERVICES:", "type": 2, "value": 2}, {"box": [469, 694, 700, 769], "text": "", "type": 2, "value": 8}, {"box": [74, 863, 483, 882], "text": "*PLEASE ALLOW 0 WEEKS FOR PROCESSING OF YOUR REQUEST.", "type": 2, "value": 8}, {"box": [141, 883, 356, 902], "text": "CONFIRMATION TO SPZ 0/0/00", "type": 2, "value": 8}]}