{"img_shape": [1000, 754], "lines": [{"box": [138, 137, 177, 150], "text": "FROM:", "type": 2, "value": 2}, {"box": [137, 173, 162, 187], "text": "TO:", "type": 2, "value": 2}, {"box": [138, 214, 160, 225], "text": "cc:", "type": 2, "value": 2}, {"box": [423, 258, 454, 271], "text": "TRUE", "type": 2, "value": 4}, {"box": [425, 309, 446, 323], "text": "N/A", "type": 2, "value": 4}, {"box": [425, 335, 446, 349], "text": "N/A", "type": 2, "value": 4}, {"box": [425, 362, 446, 373], "text": "N/A", "type": 2, "value": 4}, {"box": [425, 487, 459, 500], "text": "$0.00", "type": 2, "value": 4}, {"box": [423, 515, 466, 525], "text": "Carton", "type": 2, "value": 4}, {"box": [415, 549, 637, 599], "text": "", "type": 2, "value": 4}, {"box": [137, 663, 221, 674], "text": "ANALYTICAL", "type": 2, "value": 2}, {"box": [228, 663, 331, 674], "text": "REQUIREMENTS:", "type": 2, "value": 2}, {"box": [655, 750, 672, 830], "text": "00000000", "type": 2, "value": 8}, {"box": [415, 774, 509, 798], "text": "000000", "type": 2, "value": 4}, {"box": [420, 802, 486, 823], "text": "0000", "type": 2, "value": 4}, {"box": [268, 85, 503, 100], "text": "COUPON CODE REGISTRATION FORM", "type": 2, "value": 6}, {"box": [225, 131, 300, 147], "text": "J. La Valle", "type": 2, "value": 4}, {"box": [219, 170, 349, 186], "text": "S. A. Rapisarldi", "type": 2, "value": 4}, {"box": [218, 211, 307, 243], "text": "R. G. Ryan ", "type": 2, "value": 4}, {"box": [186, 261, 344, 276], "text": "Brand (s) Applicable", "type": 2, "value": 2}, {"box": [187, 286, 269, 300], "text": "Media Type", "type": 2, "value": 2}, {"box": [187, 311, 269, 325], "text": "Media Name", "type": 2, "value": 2}, {"box": [179, 337, 349, 350], "text": "*Issue Frequency / Year", "type": 2, "value": 2}, {"box": [180, 362, 278, 376], "text": "* Space / Color", "type": 2, "value": 2}, {"box": [189, 387, 326, 400], "text": "Coupon Issue Date", "type": 2, "value": 2}, {"box": [187, 411, 364, 426], "text": "Coupon Expiration Date", "type": 2, "value": 2}, {"box": [187, 436, 306, 450], "text": "Circulation (#)", "type": 2, "value": 2}, {"box": [189, 461, 346, 476], "text": "Geographical Area (s)", "type": 2, "value": 2}, {"box": [189, 487, 285, 502], "text": "Coupon Value", "type": 2, "value": 2}, {"box": [189, 513, 341, 525], "text": "Pack and / or Carton?", "type": 2, "value": 2}, {"box": [180, 538, 399, 552], "text": "* Advertising Creative Title", "type": 2, "value": 2}, {"box": [179, 587, 359, 602], "text": "Signature of Initiator", "type": 2, "value": 2}, {"box": [179, 612, 293, 626], "text": "Date Initiated", "type": 2, "value": 2}, {"box": [422, 612, 498, 626], "text": "May 0, 0000", "type": 2, "value": 4}, {"box": [423, 285, 611, 298], "text": "ON - Carton Instant Redeemable", "type": 2, "value": 4}, {"box": [425, 383, 458, 397], "text": "00 / 00", "type": 2, "value": 4}, {"box": [423, 408, 471, 422], "text": "0 / 00 / 00", "type": 2, "value": 4}, {"box": [425, 436, 485, 447], "text": "0. 000, 000", "type": 2, "value": 4}, {"box": [423, 461, 476, 474], "text": "National", "type": 2, "value": 4}, {"box": [425, 535, 577, 549], "text": "True Filter King Carton", "type": 2, "value": 4}, {"box": [349, 659, 643, 672], "text": "Break - out separately byl packing as indicated", "type": 2, "value": 4}, {"box": [300, 760, 468, 775], "text": "FOR CONTROL USE ONLY :", "type": 2, "value": 6}, {"box": [300, 785, 405, 799], "text": "Code Assigned", "type": 2, "value": 2}, {"box": [300, 811, 382, 824], "text": "Job Number", "type": 2, "value": 2}, {"box": [142, 860, 278, 873], "text": "", "type": 2, "value": 8}]}