{"img_shape": [1000, 776], "lines": [{"box": [100, 115, 145, 125], "text": "COMPOUND", "type": 2, "value": 2}, {"box": [100, 147, 133, 154], "text": "SOURCE", "type": 2, "value": 2}, {"box": [154, 108, 226, 121], "text": "Mapleine", "type": 2, "value": 4}, {"box": [142, 139, 209, 151], "text": "Crescent", "type": 2, "value": 4}, {"box": [328, 177, 361, 186], "text": "TESTED:", "type": 2, "value": 2}, {"box": [497, 178, 540, 185], "text": "REPORTED", "type": 2, "value": 2}, {"box": [481, 138, 512, 151], "text": "B00", "type": 2, "value": 4}, {"box": [337, 293, 361, 303], "text": "MALE", "type": 2, "value": 2}, {"box": [400, 295, 433, 304], "text": "FEMALE", "type": 2, "value": 2}, {"box": [401, 323, 432, 332], "text": "SOURCE", "type": 2, "value": 2}, {"box": [368, 289, 383, 301], "text": "X", "type": 2, "value": 4}, {"box": [370, 358, 377, 365], "text": "T", "type": 2, "value": 2}, {"box": [377, 356, 384, 363], "text": "P.", "type": 2, "value": 2}, {"box": [359, 355, 371, 367], "text": "\u2611", "type": 2, "value": 4}, {"box": [548, 382, 575, 392], "text": "OTHER", "type": 2, "value": 2}, {"box": [536, 382, 548, 392], "text": "\u2611", "type": 2, "value": 4}, {"box": [133, 467, 143, 476], "text": "0", "type": 2, "value": 4}, {"box": [135, 494, 144, 503], "text": "0", "type": 2, "value": 4}, {"box": [135, 522, 144, 529], "text": "0", "type": 2, "value": 4}, {"box": [133, 551, 142, 558], "text": "0", "type": 2, "value": 4}, {"box": [133, 576, 142, 586], "text": "0", "type": 2, "value": 4}, {"box": [222, 470, 252, 483], "text": "000", "type": 2, "value": 4}, {"box": [223, 494, 253, 509], "text": "000", "type": 2, "value": 4}, {"box": [222, 552, 250, 565], "text": "000", "type": 2, "value": 4}, {"box": [222, 525, 250, 537], "text": "000", "type": 2, "value": 4}, {"box": [223, 579, 250, 592], "text": "000", "type": 2, "value": 4}, {"box": [386, 470, 420, 485], "text": "0000", "type": 2, "value": 4}, {"box": [386, 497, 422, 510], "text": "0000", "type": 2, "value": 4}, {"box": [386, 525, 420, 541], "text": "0000", "type": 2, "value": 4}, {"box": [385, 554, 422, 569], "text": "0000", "type": 2, "value": 4}, {"box": [377, 578, 422, 594], "text": "00000", "type": 2, "value": 4}, {"box": [94, 705, 146, 715], "text": "CONCLUSION:", "type": 2, "value": 2}, {"box": [713, 741, 731, 831], "text": "00000000", "type": 2, "value": 8}, {"box": [566, 289, 622, 302], "text": "0/0/00", "type": 2, "value": 4}, {"box": [298, 72, 498, 87], "text": "ACUTE TOXICITY IN MICE", "type": 2, "value": 6}, {"box": [410, 147, 466, 157], "text": "LORILLARD NO", "type": 2, "value": 2}, {"box": [600, 150, 631, 159], "text": "LOT NO", "type": 2, "value": 2}, {"box": [100, 175, 158, 184], "text": "DATE RECEIVED", "type": 2, "value": 2}, {"box": [175, 166, 235, 179], "text": "00 /0 /00", "type": 2, "value": 4}, {"box": [364, 168, 490, 181], "text": "0 /00 /00 -0 /00 /00", "type": 2, "value": 4}, {"box": [558, 168, 621, 182], "text": "0 /00 /00", "type": 2, "value": 4}, {"box": [603, 198, 663, 211], "text": "BC00 -00", "type": 2, "value": 4}, {"box": [533, 207, 600, 216], "text": "NOTEBOOK PAGE:", "type": 2, "value": 2}, {"box": [181, 196, 389, 211], "text": "H. S. Tong & A. A. Poole", "type": 2, "value": 4}, {"box": [99, 204, 164, 214], "text": "INVESTIGATOR (S)", "type": 2, "value": 2}, {"box": [99, 232, 154, 241], "text": "SIGNATURE (S)", "type": 2, "value": 2}, {"box": [187, 214, 527, 256], "text": "", "type": 2, "value": 4}, {"box": [99, 292, 158, 302], "text": "STRAIN OF MICE", "type": 2, "value": 2}, {"box": [163, 287, 278, 301], "text": "Swiss- Webster", "type": 2, "value": 4}, {"box": [484, 295, 544, 305], "text": "DATE RECEIVED", "type": 2, "value": 2}, {"box": [99, 322, 215, 332], "text": "AVERAGE WEIGHT RANGE (GM)", "type": 2, "value": 2}, {"box": [243, 311, 284, 326], "text": "00- 00", "type": 2, "value": 4}, {"box": [448, 314, 560, 326], "text": "Camm Research", "type": 2, "value": 4}, {"box": [97, 352, 250, 363], "text": "ROUTE OF COMPOUND ADMINISTRATION", "type": 2, "value": 6}, {"box": [290, 355, 320, 364], "text": "\u2610 P. O.", "type": 2, "value": 2}, {"box": [424, 356, 447, 366], "text": "\u2610 I. V.", "type": 2, "value": 2}, {"box": [485, 355, 548, 367], "text": "\u2610 INHALATION", "type": 2, "value": 2}, {"box": [99, 379, 178, 388], "text": "COMPOUND VEHICLE", "type": 2, "value": 6}, {"box": [213, 380, 327, 390], "text": "\u2610 % METHYL CELLULOSE", "type": 2, "value": 2}, {"box": [368, 380, 415, 391], "text": "\u2610 CORN OIL", "type": 2, "value": 2}, {"box": [458, 382, 497, 391], "text": "\u2610 SALINE", "type": 2, "value": 2}, {"box": [582, 373, 699, 389], "text": "pure solution", "type": 2, "value": 4}, {"box": [118, 433, 161, 442], "text": "GROUP NO.", "type": 2, "value": 2}, {"box": [225, 434, 273, 443], "text": "% SOLUTION", "type": 2, "value": 2}, {"box": [365, 434, 446, 451], "text": "DOSAGE (mg/kg) BODY WEIGHT", "type": 2, "value": 2}, {"box": [570, 434, 655, 454], "text": "RESULTS (NO DEAD/NO TESTED", "type": 2, "value": 2}, {"box": [573, 470, 601, 487], "text": "0 /0", "type": 2, "value": 4}, {"box": [573, 499, 600, 514], "text": "0 /0", "type": 2, "value": 4}, {"box": [573, 525, 600, 541], "text": "0 /0", "type": 2, "value": 4}, {"box": [573, 554, 601, 572], "text": "0 /0", "type": 2, "value": 4}, {"box": [573, 582, 603, 595], "text": "0 /0", "type": 2, "value": 4}, {"box": [97, 623, 208, 633], "text": "REFERENCE FOR CALCULATION", "type": 2, "value": 2}, {"box": [213, 612, 696, 633], "text": "Weil, Carrol S., Biometrics, Vol. 0, No. 0., Sept. 0000,", "type": 2, "value": 4}, {"box": [93, 642, 154, 659], "text": "p. 000.", "type": 2, "value": 4}, {"box": [214, 669, 371, 690], "text": "LD0 = 00, 000 mg /kg", "type": 2, "value": 4}, {"box": [96, 678, 210, 689], "text": "LD00 00% CONFIDENCE ", "type": 2, "value": 2}, {"box": [151, 696, 678, 717], "text": "Higher doses were impractical. The recommended safe dose for", "type": 2, "value": 4}, {"box": [93, 720, 657, 770], "text": "trial inhalation in man is 00. 0, 00. 0, or 00. 0 mg per cigarette . when smoked 0, 0 or 0 cigarettes per hour, respectively.", "type": 2, "value": 4}, {"box": [93, 798, 300, 816], "text": "Copies to the following:", "type": 2, "value": 2}, {"box": [314, 798, 454, 836], "text": "H. J. Minnemeyer L. B. Gray", "type": 2, "value": 4}, {"box": [93, 897, 203, 907], "text": "LORILLARD RESEARCH CENTER", "type": 2, "value": 8}, {"box": [653, 900, 705, 912], "text": "FORM ", "type": 2, "value": 8}]}