{"img_shape": [1000, 754], "lines": [{"box": [105, 331, 146, 346], "text": "Name:", "type": 2, "value": 2}, {"box": [102, 376, 170, 389], "text": "Institution:", "type": 2, "value": 2}, {"box": [103, 406, 157, 420], "text": "Address:", "type": 2, "value": 2}, {"box": [184, 420, 215, 434], "text": "Street", "type": 2, "value": 2}, {"box": [186, 468, 210, 479], "text": "City", "type": 2, "value": 2}, {"box": [304, 465, 331, 478], "text": "State", "type": 2, "value": 2}, {"box": [184, 344, 206, 359], "text": "First", "type": 2, "value": 2}, {"box": [302, 344, 338, 358], "text": "Middle", "type": 2, "value": 2}, {"box": [420, 344, 444, 355], "text": "Last", "type": 2, "value": 2}, {"box": [503, 464, 546, 474], "text": "Country", "type": 2, "value": 2}, {"box": [109, 497, 175, 511], "text": "Telephone:", "type": 2, "value": 2}, {"box": [506, 661, 553, 675], "text": "TOTAL", "type": 2, "value": 2}, {"box": [324, 617, 345, 631], "text": "00)", "type": 2, "value": 2}, {"box": [645, 791, 663, 869], "text": "00000000", "type": 2, "value": 8}, {"box": [203, 135, 397, 174], "text": "00th Tobacco Chemists' Research Conference", "type": 2, "value": 6}, {"box": [201, 251, 524, 280], "text": "TH 00 TCRC REGISTRATION FORM", "type": 2, "value": 6}, {"box": [105, 299, 218, 317], "text": "Please type or print", "type": 2, "value": 8}, {"box": [304, 420, 354, 435], "text": "P. O. Box #", "type": 2, "value": 2}, {"box": [384, 464, 435, 477], "text": "ZIP Code", "type": 2, "value": 2}, {"box": [299, 496, 365, 509], "text": "Area Code:", "type": 2, "value": 2}, {"box": [109, 524, 410, 544], "text": "Name of spouse participating in the guest programs", "type": 2, "value": 2}, {"box": [320, 554, 392, 571], "text": "Monday (Y/ N)", "type": 2, "value": 2}, {"box": [441, 554, 512, 567], "text": "Tuesday (Y/ N)", "type": 2, "value": 2}, {"box": [504, 599, 557, 614], "text": "$ 000.00", "type": 2, "value": 4}, {"box": [506, 616, 558, 630], "text": "$ $000.00", "type": 2, "value": 4}, {"box": [110, 721, 629, 771], "text": "Send this registration form, along with payment to address noted below in attached envelope. Enclose a cheque or international money order payable in Canadian funds to the 00th Tobacco Chemists Research Conference.", "type": 2, "value": 8}, {"box": [310, 784, 563, 862], "text": "Ms. Susan Mathison Canadian Tobacco Manufacturers Council 000- 00 Bank Street Ottawa, Ontario, Canada K0P 0B0 (000) 000- 0000", "type": 2, "value": 4}, {"box": [232, 785, 281, 800], "text": "Mail to:", "type": 2, "value": 2}, {"box": [109, 602, 391, 619], "text": "Advance Registration Fee: (prior to August 00)", "type": 2, "value": 2}, {"box": [110, 619, 323, 635], "text": "Late Registration Fee: (after August", "type": 2, "value": 2}, {"box": [176, 634, 364, 651], "text": "Extra banquet tickets @ $ 00.00", "type": 2, "value": 2}]}