{"img_shape": [1000, 777], "lines": [{"box": [395, 483, 442, 496], "text": "Address", "type": 2, "value": 2}, {"box": [397, 507, 419, 518], "text": "City", "type": 2, "value": 2}, {"box": [395, 529, 426, 540], "text": "State", "type": 2, "value": 2}, {"box": [658, 528, 676, 542], "text": "Zip", "type": 2, "value": 2}, {"box": [619, 584, 682, 598], "text": "BRAND", "type": 2, "value": 2}, {"box": [708, 409, 732, 422], "text": "0000", "type": 2, "value": 8}, {"box": [701, 747, 719, 832], "text": "00000000", "type": 2, "value": 8}, {"box": [552, 270, 730, 351], "text": "New SATIN 000's", "type": 2, "value": 6}, {"box": [397, 434, 476, 447], "text": "Direct Account", "type": 2, "value": 2}, {"box": [395, 455, 477, 472], "text": "Please Ship To", "type": 2, "value": 2}, {"box": [394, 554, 469, 568], "text": "Delivery Date", "type": 2, "value": 2}, {"box": [411, 582, 555, 599], "text": "No. OF CARTONS", "type": 2, "value": 2}, {"box": [574, 617, 682, 634], "text": "Satin Filter 000's", "type": 2, "value": 4}, {"box": [574, 652, 703, 670], "text": "Satin Menthol 000's", "type": 2, "value": 4}, {"box": [395, 796, 474, 816], "text": "Signature of Hetail Purchaser", "type": 2, "value": 2}, {"box": [398, 830, 493, 852], "text": "Order Taken By Sales Representative", "type": 2, "value": 8}, {"box": [518, 858, 631, 867], "text": "DIRECT ACCOUNT", "type": 2, "value": 8}]}