{"img_shape": [1000, 757], "lines": [{"box": [78, 357, 115, 375], "text": "Sizes:", "type": 2, "value": 2}, {"box": [75, 627, 116, 644], "text": "Binding", "type": 2, "value": 2}, {"box": [666, 787, 691, 884], "text": "00000000", "type": 2, "value": 8}, {"box": [493, 175, 519, 189], "text": "Date:", "type": 2, "value": 2}, {"box": [189, 324, 224, 337], "text": "Qty:", "type": 2, "value": 2}, {"box": [468, 923, 496, 938], "text": "TEL:", "type": 2, "value": 2}, {"box": [579, 927, 607, 941], "text": "FAX:", "type": 2, "value": 2}, {"box": [300, 926, 317, 938], "text": "00", "type": 2, "value": 8}, {"box": [68, 61, 205, 132], "text": "Quotation Request", "type": 2, "value": 6}, {"box": [496, 93, 674, 120], "text": "APPLIED GRAPHICS", "type": 2, "value": 6}, {"box": [190, 171, 332, 238], "text": "Lorillard One Park Avenue New York, NY 00000 Attn: Neil Toumey", "type": 2, "value": 4}, {"box": [80, 175, 148, 188], "text": "Quotation To:", "type": 2, "value": 2}, {"box": [533, 171, 620, 191], "text": "July 0, 0000", "type": 2, "value": 4}, {"box": [493, 195, 552, 209], "text": "Estimate No:", "type": 2, "value": 2}, {"box": [535, 205, 584, 220], "text": "0000- 0", "type": 2, "value": 4}, {"box": [493, 224, 578, 239], "text": "Account Executive:", "type": 2, "value": 2}, {"box": [532, 238, 655, 257], "text": "Peter Faucetta Jr.", "type": 2, "value": 4}, {"box": [78, 272, 210, 289], "text": "Quantities and Description:", "type": 2, "value": 2}, {"box": [189, 285, 462, 324], "text": "H/D 0 Pk. Wide Header 0 C/P + 0 Hits Day- Glo + Spot Varnish", "type": 2, "value": 4}, {"box": [236, 321, 284, 339], "text": "00,000", "type": 2, "value": 4}, {"box": [193, 373, 273, 393], "text": "00.000 X 00", "type": 2, "value": 4}, {"box": [75, 409, 179, 428], "text": "Paper and Materials:", "type": 2, "value": 2}, {"box": [190, 425, 346, 446], "text": "00 pt. Carolina C/0/S", "type": 2, "value": 4}, {"box": [78, 467, 223, 485], "text": "Preparation and Composition:", "type": 2, "value": 2}, {"box": [190, 494, 331, 531], "text": "Final Film Supplied Combined Blue", "type": 2, "value": 4}, {"box": [77, 565, 176, 579], "text": "Process and Colors:", "type": 2, "value": 2}, {"box": [190, 566, 217, 600], "text": "0/0 0/0", "type": 2, "value": 4}, {"box": [192, 634, 329, 651], "text": "Leave in Full Sheets", "type": 2, "value": 4}, {"box": [78, 691, 196, 706], "text": "Packing and Distribution:", "type": 2, "value": 2}, {"box": [189, 700, 475, 738], "text": "Bulk in cartons, FOB Oceanside Please allow 00 working days for delivery", "type": 2, "value": 4}, {"box": [75, 726, 145, 739], "text": "Delivery Date:", "type": 2, "value": 2}, {"box": [78, 755, 177, 770], "text": "Prices and Schedule:", "type": 2, "value": 2}, {"box": [190, 767, 247, 787], "text": "$00, 000", "type": 2, "value": 4}, {"box": [75, 838, 176, 852], "text": "Other Specifications:", "type": 2, "value": 2}, {"box": [494, 840, 596, 855], "text": "Authorized Signature:", "type": 2, "value": 2}, {"box": [77, 897, 140, 915], "text": "Accepted by:", "type": 2, "value": 2}, {"box": [74, 945, 670, 983], "text": "we wted with line Whortly how Motion ", "type": 2, "value": 8}, {"box": [498, 926, 572, 941], "text": "(000) 000 0000", "type": 2, "value": 4}, {"box": [608, 925, 684, 940], "text": "(000) 000- 0000", "type": 2, "value": 4}, {"box": [467, 855, 641, 927], "text": "Applied Graphics Technologies 00 West 00rd Street, N.Y.C. 00000", "type": 2, "value": 4}]}