{"img_shape": [1000, 774], "lines": [{"box": [154, 618, 197, 636], "text": "DATE", "type": 2, "value": 2}, {"box": [133, 587, 239, 611], "text": "00/0/00", "type": 2, "value": 4}, {"box": [490, 576, 652, 615], "text": "", "type": 2, "value": 4}, {"box": [114, 657, 189, 669], "text": "APPROVALS", "type": 2, "value": 2}, {"box": [364, 684, 442, 709], "text": "Accept", "type": 2, "value": 4}, {"box": [368, 726, 446, 757], "text": "Accept", "type": 2, "value": 4}, {"box": [361, 775, 433, 805], "text": "Accept", "type": 2, "value": 4}, {"box": [469, 668, 692, 707], "text": "", "type": 2, "value": 4}, {"box": [510, 714, 618, 753], "text": "", "type": 2, "value": 4}, {"box": [475, 766, 691, 796], "text": "", "type": 2, "value": 4}, {"box": [490, 843, 605, 873], "text": "", "type": 2, "value": 4}, {"box": [370, 850, 463, 875], "text": "", "type": 2, "value": 4}, {"box": [723, 804, 748, 897], "text": "00000000", "type": 2, "value": 8}, {"box": [45, 28, 145, 46], "text": "RA/QA FORM 0", "type": 2, "value": 8}, {"box": [280, 76, 489, 94], "text": "FINAL REPORT AMENDMENT", "type": 2, "value": 6}, {"box": [106, 120, 189, 136], "text": "Study Name", "type": 2, "value": 2}, {"box": [106, 141, 204, 159], "text": "Study Number", "type": 2, "value": 2}, {"box": [111, 163, 229, 181], "text": "Initiation Date", "type": 2, "value": 2}, {"box": [106, 186, 448, 205], "text": "Date of Final Report (Review Completed Date)", "type": 2, "value": 2}, {"box": [109, 208, 498, 226], "text": "Part of Final Report to be Amended (Exact location)", "type": 2, "value": 2}, {"box": [117, 232, 635, 250], "text": "The attached is an addition to the I- 0000.000 Final Report", "type": 2, "value": 4}, {"box": [478, 183, 595, 204], "text": "00 April 0000", "type": 2, "value": 4}, {"box": [266, 162, 386, 178], "text": "00 March 0000", "type": 2, "value": 4}, {"box": [220, 141, 313, 156], "text": "I- 0000.000", "type": 2, "value": 4}, {"box": [190, 117, 761, 150], "text": "Acute Toxicity of Reference Cigarette Smoke lafter Inhalation in Mice.", "type": 2, "value": 4}, {"box": [108, 310, 297, 325], "text": "Reason for the Amendment", "type": 2, "value": 2}, {"box": [308, 305, 762, 322], "text": "Survival after repeated doses over a 00 day period", "type": 2, "value": 4}, {"box": [123, 328, 716, 366], "text": "may not be accurately predicted from survival after a single day's exposure.", "type": 2, "value": 4}, {"box": [111, 404, 485, 424], "text": "Amendment (Attach additional sheets as necessary)", "type": 2, "value": 2}, {"box": [496, 401, 747, 419], "text": "The report of the results of", "type": 2, "value": 4}, {"box": [133, 425, 723, 467], "text": "A 00 Day Repeated Dose Assay for Reference Cigarette Smoke in Mice (I- 0000.000- M0 is attached.", "type": 2, "value": 4}, {"box": [504, 615, 615, 628], "text": "STUDY DIRECTOR", "type": 2, "value": 2}, {"box": [112, 689, 247, 711], "text": "00 June 0000", "type": 2, "value": 4}, {"box": [132, 725, 250, 770], "text": "0 June 0000", "type": 2, "value": 4}, {"box": [117, 772, 247, 800], "text": "0 June 0000", "type": 2, "value": 4}, {"box": [380, 651, 630, 672], "text": "ACCEPT/ REJECT (as per 00.000 (c))", "type": 2, "value": 2}, {"box": [500, 705, 684, 719], "text": "QUALITY ASSURANCE ASSOC.", "type": 2, "value": 2}, {"box": [501, 749, 657, 764], "text": "DIRECTOR OF RESEARCH", "type": 2, "value": 2}, {"box": [499, 795, 636, 809], "text": "DIRECTOR OF RA/QA", "type": 2, "value": 2}, {"box": [499, 870, 646, 886], "text": "REGULATORY AFFAIRS", "type": 2, "value": 2}, {"box": [115, 855, 347, 874], "text": "Received by REGULATORY AFFATRS", "type": 2, "value": 2}]}