{"img_shape": [1000, 778], "lines": [{"box": [70, 130, 123, 158], "text": "EPL", "type": 2, "value": 6}, {"box": [209, 405, 272, 416], "text": "Multiple", "type": 2, "value": 4}, {"box": [571, 274, 607, 289], "text": "0000A", "type": 2, "value": 4}, {"box": [441, 405, 493, 419], "text": "Species", "type": 2, "value": 2}, {"box": [527, 405, 561, 419], "text": "Mice", "type": 2, "value": 4}, {"box": [675, 832, 690, 921], "text": "00000000", "type": 2, "value": 8}, {"box": [141, 168, 424, 182], "text": "EXPERIMENTAL PATHOLOGY LABORATORIES, INC.", "type": 2, "value": 6}, {"box": [291, 218, 438, 245], "text": "QUALITY ASSURANCE REPORT CERTIFICATION", "type": 2, "value": 6}, {"box": [106, 274, 188, 290], "text": "Client Name", "type": 2, "value": 2}, {"box": [106, 317, 208, 332], "text": "Study Director", "type": 2, "value": 2}, {"box": [106, 360, 185, 375], "text": "Study Title", "type": 2, "value": 2}, {"box": [109, 404, 195, 419], "text": "Test Article", "type": 2, "value": 2}, {"box": [200, 274, 397, 289], "text": "Borriston Laboratories, Inc.", "type": 2, "value": 4}, {"box": [404, 275, 521, 290], "text": "Client Study No.", "type": 2, "value": 2}, {"box": [212, 316, 636, 335], "text": "Dr. William O. Iverson Pathologist Dr. Charley E. Gilmore", "type": 2, "value": 4}, {"box": [214, 344, 594, 391], "text": "Bioassay of Cigarette Smoke Condensates for potential Tumorigenic Activity on Mouse Skin (Revised Pathology Report)", "type": 2, "value": 4}, {"box": [124, 486, 667, 593], "text": "A00 parts of the pathology phase of this study, including the final report, were reviewed by Experimental Pathology Laboratories Quality Assurance Unit on March 0- June 0, 0000 . All Findings were reported to the Study Director and Management.", "type": 2, "value": 8}, {"box": [398, 661, 627, 749], "text": "0/0/00", "type": 2, "value": 8}]}