{"img_shape": [1000, 754], "lines": [{"box": [61, 101, 88, 116], "text": "TO", "type": 2, "value": 2}, {"box": [63, 131, 111, 148], "text": "FROM:", "type": 2, "value": 2}, {"box": [65, 163, 135, 178], "text": "SUBJECT:", "type": 2, "value": 2}, {"box": [63, 221, 166, 234], "text": "DISTRIBUTION", "type": 2, "value": 2}, {"box": [525, 140, 545, 155], "text": "\u2611", "type": 2, "value": 4}, {"box": [656, 846, 674, 934], "text": "00000000", "type": 2, "value": 8}, {"box": [115, 96, 214, 115], "text": "R. H. ORCUTT", "type": 2, "value": 4}, {"box": [115, 128, 211, 146], "text": "J. J. BUXTON", "type": 2, "value": 4}, {"box": [462, 90, 600, 107], "text": "SUBMISSION DATE:", "type": 2, "value": 6}, {"box": [462, 123, 514, 140], "text": "FEB 00", "type": 2, "value": 2}, {"box": [463, 138, 515, 156], "text": "MAR 00", "type": 2, "value": 2}, {"box": [561, 123, 611, 138], "text": "MAY 00", "type": 2, "value": 2}, {"box": [561, 138, 612, 153], "text": "JULY 0", "type": 2, "value": 2}, {"box": [141, 159, 390, 176], "text": "STYLE LIGHTS PROGRESS REPORT", "type": 2, "value": 4}, {"box": [174, 213, 584, 232], "text": "EFFECTIVENESS OF PRE- SELL (REPORT ON FEB. 00 ONLY).", "type": 2, "value": 4}, {"box": [65, 322, 422, 344], "text": "% OF DISTRIBUTION ACHIEVED IN RETAIL OUTLETS:", "type": 2, "value": 2}, {"box": [284, 350, 447, 367], "text": "00%\uf702 CLASSIFIED CALLS", "type": 2, "value": 4}, {"box": [284, 377, 424, 394], "text": "00% ANNUAL CALLS", "type": 2, "value": 4}, {"box": [68, 410, 232, 423], "text": "PROMOTIONAL IMPACT:", "type": 2, "value": 6}, {"box": [204, 472, 648, 532], "text": "HAS PROVEN TO BE AN EXCELLENT TOOL IN GENERATING PACK TRIAL IN BOTH HIGH AND LOW DEVELOPMENT PRICE VALUE MARKETS. MANY DISPLAYS SELLING OUT BEFORE RECONTACT.", "type": 2, "value": 4}, {"box": [63, 482, 194, 515], "text": "00 CENTS OFF PACK COUPON/STICKER:", "type": 2, "value": 2}, {"box": [68, 555, 182, 566], "text": "SALES FORCE 00'S", "type": 2, "value": 2}, {"box": [206, 545, 591, 583], "text": "ADDITIONAL SUPPLY WOULD BE HELPFUL. INITIAL QUANTITIES WERE QUICKLY DEPLETED", "type": 2, "value": 4}, {"box": [71, 663, 188, 697], "text": "$0.00 OFF CARTON COUPON:", "type": 2, "value": 2}, {"box": [206, 656, 649, 696], "text": "CARTON MOVEMENT SPOTTY AT THIS POINT. SUPPLIES ARE MORE THAN ADEQUATE AND THE NEED IS MOSTLY PACKAGE SUPPORT AT THIS TIME.", "type": 2, "value": 4}, {"box": [71, 746, 316, 761], "text": "EFFECTIVENESS OF ADVERTISING:", "type": 2, "value": 2}, {"box": [321, 739, 638, 757], "text": "OUTDOOR AND PRINT ADS HAVE BEEN EFFECTIVE IN", "type": 2, "value": 4}, {"box": [71, 764, 651, 820], "text": "CREATING CONSUMER AWARENESS IN THOSE ARE EYE CATCHING AND CONSUMERS ARE MORE AWARE OF THE PRODUCT IN THOSE MARKETS WITH ADVERTISING.", "type": 2, "value": 4}, {"box": [68, 900, 140, 915], "text": "PAGE 0 of 0", "type": 2, "value": 8}]}