{"img_shape": [1000, 802], "lines": [{"box": [47, 31, 85, 102], "text": "file", "type": 2, "value": 8}, {"box": [135, 78, 187, 93], "text": "PRODUCT", "type": 2, "value": 2}, {"box": [598, 81, 627, 96], "text": "JOB#", "type": 2, "value": 2}, {"box": [286, 623, 310, 634], "text": "yes", "type": 2, "value": 2}, {"box": [286, 637, 310, 648], "text": "yes", "type": 2, "value": 2}, {"box": [229, 645, 346, 676], "text": "", "type": 2, "value": 4}, {"box": [228, 679, 278, 708], "text": "", "type": 2, "value": 4}, {"box": [219, 708, 293, 785], "text": "", "type": 2, "value": 4}, {"box": [264, 750, 324, 763], "text": "Director", "type": 2, "value": 2}, {"box": [226, 852, 278, 866], "text": "Manager", "type": 2, "value": 2}, {"box": [204, 813, 373, 904], "text": "", "type": 2, "value": 4}, {"box": [363, 623, 380, 634], "text": "no", "type": 2, "value": 2}, {"box": [366, 637, 380, 648], "text": "no", "type": 2, "value": 2}, {"box": [476, 608, 542, 622], "text": "Facility:", "type": 2, "value": 2}, {"box": [476, 622, 529, 636], "text": "Agency:", "type": 2, "value": 2}, {"box": [472, 634, 538, 649], "text": "Incidence", "type": 2, "value": 2}, {"box": [490, 824, 556, 838], "text": "Facility:", "type": 2, "value": 2}, {"box": [490, 839, 542, 850], "text": "Agency:", "type": 2, "value": 2}, {"box": [703, 820, 721, 911], "text": "00000000", "type": 2, "value": 8}, {"box": [535, 10, 567, 25], "text": "DATE", "type": 2, "value": 2}, {"box": [320, 622, 331, 635], "text": "X", "type": 2, "value": 4}, {"box": [318, 637, 333, 647], "text": "X", "type": 2, "value": 4}, {"box": [307, 24, 558, 38], "text": "MARKETING RESEARCH PROJECT APPROVAL", "type": 2, "value": 6}, {"box": [577, 10, 680, 27], "text": "April 00, 0000", "type": 2, "value": 4}, {"box": [232, 36, 593, 52], "text": "(To be filled out by Marketing Research Department)", "type": 2, "value": 8}, {"box": [203, 82, 289, 97], "text": "New Products", "type": 2, "value": 4}, {"box": [370, 70, 424, 95], "text": "PROJECT TITLE", "type": 2, "value": 2}, {"box": [429, 73, 560, 96], "text": "No Side Stream Smoke Focus Groups", "type": 2, "value": 4}, {"box": [634, 80, 700, 98], "text": "0000/ 0000", "type": 2, "value": 4}, {"box": [135, 108, 753, 127], "text": "Research Design (N, Cells, Elegibility, Design, Key Banner Breaks, Methodology, Cities)", "type": 2, "value": 2}, {"box": [123, 158, 678, 190], "text": "Three Groups (0 male/ 0 female) will be conducted in Ridgewood, N. J. on May 0th to explore the NSS concept/ product.", "type": 2, "value": 8}, {"box": [122, 201, 650, 234], "text": "The groups will be comprised of random Reduced Tar smokers. No group will be over represented by brand, type or size of cigarettes.", "type": 2, "value": 8}, {"box": [122, 246, 627, 263], "text": "All smokers will be 00 years and over and smoke 00+ cigarettes per day.", "type": 2, "value": 8}, {"box": [131, 369, 311, 386], "text": "Key Criteria For Analysis", "type": 2, "value": 2}, {"box": [122, 402, 686, 419], "text": "To determine if the NSS concept/ product is viable based upon smokers reactions.", "type": 2, "value": 8}, {"box": [131, 471, 275, 487], "text": "Research Limitations", "type": 2, "value": 2}, {"box": [122, 504, 571, 523], "text": "Information from this exploratory research is directional only.", "type": 2, "value": 8}, {"box": [251, 591, 296, 606], "text": "$ 0.000", "type": 2, "value": 4}, {"box": [128, 588, 224, 603], "text": "Cost Estimate", "type": 2, "value": 2}, {"box": [128, 617, 267, 648], "text": "+ - 00% Contingency Final Report Inc.", "type": 2, "value": 6}, {"box": [126, 659, 215, 676], "text": "Prepared by:", "type": 2, "value": 2}, {"box": [127, 689, 213, 706], "text": "Approved by", "type": 2, "value": 2}, {"box": [126, 749, 259, 766], "text": "Marketing Research", "type": 2, "value": 2}, {"box": [127, 793, 236, 808], "text": "Product Manager", "type": 2, "value": 2}, {"box": [126, 851, 222, 869], "text": "Group Product", "type": 2, "value": 2}, {"box": [471, 592, 568, 608], "text": "Research Firm", "type": 2, "value": 2}, {"box": [584, 591, 703, 609], "text": "Ruth Manko Assoc.", "type": 2, "value": 4}, {"box": [554, 608, 694, 622], "text": "Suburban Associates", "type": 2, "value": 4}, {"box": [557, 620, 660, 638], "text": "D' Arcy/ deGarmo", "type": 2, "value": 4}, {"box": [472, 663, 548, 678], "text": "Length Int.", "type": 2, "value": 2}, {"box": [472, 690, 549, 707], "text": "# Open Ends", "type": 2, "value": 2}, {"box": [469, 719, 535, 736], "text": "# Banners", "type": 2, "value": 2}, {"box": [469, 747, 715, 765], "text": "Topline Oral presentation w/ o 0/ 00", "type": 2, "value": 8}, {"box": [641, 837, 685, 851], "text": "000. 00", "type": 2, "value": 4}, {"box": [624, 823, 685, 836], "text": "0. 000. 00", "type": 2, "value": 4}, {"box": [622, 807, 685, 822], "text": "$ 0. 000. 00", "type": 2, "value": 4}, {"box": [490, 806, 597, 823], "text": "Moderators fee:", "type": 2, "value": 2}, {"box": [468, 791, 737, 811], "text": "Final Written presentation w/ o 0/ 00", "type": 2, "value": 8}]}