{"img_shape": [1000, 784], "lines": [{"box": [68, 206, 119, 221], "text": "00,000", "type": 2, "value": 4}, {"box": [73, 234, 118, 252], "text": "0.000", "type": 2, "value": 4}, {"box": [70, 264, 121, 277], "text": "00.000", "type": 2, "value": 4}, {"box": [68, 294, 118, 309], "text": "00.000", "type": 2, "value": 4}, {"box": [203, 206, 250, 221], "text": "00,000", "type": 2, "value": 4}, {"box": [203, 238, 250, 251], "text": "00,000", "type": 2, "value": 4}, {"box": [201, 264, 251, 279], "text": "00,000", "type": 2, "value": 4}, {"box": [199, 294, 250, 309], "text": "00,000", "type": 2, "value": 4}, {"box": [140, 266, 188, 279], "text": "0,000", "type": 2, "value": 4}, {"box": [135, 234, 185, 247], "text": "00,000", "type": 2, "value": 4}, {"box": [138, 209, 185, 221], "text": "0,000", "type": 2, "value": 4}, {"box": [136, 294, 181, 306], "text": "00.000", "type": 2, "value": 4}, {"box": [272, 206, 309, 223], "text": "0000", "type": 2, "value": 4}, {"box": [274, 234, 309, 252], "text": "0000", "type": 2, "value": 4}, {"box": [272, 262, 305, 277], "text": "0000", "type": 2, "value": 4}, {"box": [272, 292, 309, 310], "text": "0000", "type": 2, "value": 4}, {"box": [324, 204, 385, 219], "text": "Consumer", "type": 2, "value": 4}, {"box": [326, 238, 386, 251], "text": "Consumer", "type": 2, "value": 4}, {"box": [326, 261, 389, 281], "text": "Consumer", "type": 2, "value": 4}, {"box": [324, 297, 379, 309], "text": "Special", "type": 2, "value": 4}, {"box": [576, 204, 624, 224], "text": "00,000", "type": 2, "value": 4}, {"box": [578, 236, 626, 253], "text": "00,000", "type": 2, "value": 4}, {"box": [578, 264, 626, 281], "text": "00,000", "type": 2, "value": 4}, {"box": [576, 294, 626, 307], "text": "00,000", "type": 2, "value": 8}, {"box": [636, 206, 696, 223], "text": "0,000)", "type": 2, "value": 4}, {"box": [636, 238, 696, 255], "text": "(00,000)", "type": 2, "value": 4}, {"box": [638, 292, 696, 310], "text": "(00,000)", "type": 2, "value": 4}, {"box": [135, 93, 173, 108], "text": "Sales", "type": 2, "value": 4}, {"box": [422, 146, 459, 164], "text": "ITEM", "type": 2, "value": 2}, {"box": [53, 98, 121, 111], "text": "Division", "type": 2, "value": 2}, {"box": [282, 100, 355, 113], "text": "Department", "type": 2, "value": 2}, {"box": [664, 65, 699, 77], "text": "LT-0.00", "type": 2, "value": 8}, {"box": [70, 899, 117, 919], "text": "00,000", "type": 2, "value": 4}, {"box": [133, 899, 178, 919], "text": "00,000", "type": 2, "value": 4}, {"box": [193, 900, 248, 917], "text": "00,000", "type": 2, "value": 4}, {"box": [576, 900, 626, 918], "text": "000,000", "type": 2, "value": 4}, {"box": [638, 904, 688, 919], "text": "00,000", "type": 2, "value": 4}, {"box": [317, 939, 428, 951], "text": "", "type": 2, "value": 4}, {"box": [570, 930, 693, 957], "text": "", "type": 2, "value": 4}, {"box": [316, 927, 379, 937], "text": "APPROVAL", "type": 2, "value": 2}, {"box": [570, 925, 631, 935], "text": "APPROVAL", "type": 2, "value": 2}, {"box": [316, 897, 353, 910], "text": "", "type": 2, "value": 2}, {"box": [684, 771, 707, 846], "text": "00000000", "type": 2, "value": 8}, {"box": [241, 51, 489, 61], "text": "DEPARTMENT EXPENSE BUDGET SUMMARY", "type": 2, "value": 6}, {"box": [58, 58, 236, 86], "text": "LORILLARD DIVISION DE LOEW'S CORP.", "type": 2, "value": 8}, {"box": [359, 93, 490, 108], "text": "Domestic Tax Free", "type": 2, "value": 4}, {"box": [520, 81, 585, 111], "text": "Dept. Code No.", "type": 2, "value": 2}, {"box": [58, 159, 121, 191], "text": "ACTUAL 0 MONTHS", "type": 2, "value": 2}, {"box": [125, 158, 189, 187], "text": "PROJECTED 0 MONTHS", "type": 2, "value": 2}, {"box": [198, 159, 240, 187], "text": "TOTAL YEAR", "type": 2, "value": 2}, {"box": [257, 145, 308, 174], "text": "ACCOUNT NO.", "type": 2, "value": 2}, {"box": [73, 121, 238, 155], "text": "PROJECTED CURRENT YEAR EXPENSES 00", "type": 2, "value": 6}, {"box": [580, 148, 627, 186], "text": "BUDGET YEAR 00", "type": 2, "value": 2}, {"box": [641, 126, 699, 194], "text": "VS. CURRENT YEAR (INCR.) DECR.", "type": 2, "value": 2}, {"box": [576, 50, 731, 71], "text": "Form P.O. 0000-A 000", "type": 2, "value": 8}, {"box": [65, 925, 299, 938], "text": "DATE SUBMITTED AND DEPT. MANAGER", "type": 2, "value": 2}]}