{"img_shape": [1000, 803], "lines": [{"box": [123, 71, 145, 86], "text": "TO:", "type": 2, "value": 2}, {"box": [123, 143, 179, 158], "text": "PRODUCT", "type": 2, "value": 2}, {"box": [244, 143, 269, 158], "text": "EF0", "type": 2, "value": 4}, {"box": [243, 174, 309, 189], "text": "0000/000", "type": 2, "value": 4}, {"box": [120, 279, 175, 292], "text": "Alabama", "type": 2, "value": 2}, {"box": [120, 296, 170, 308], "text": "Alaska", "type": 2, "value": 2}, {"box": [120, 309, 175, 319], "text": "Arizona", "type": 2, "value": 2}, {"box": [118, 322, 184, 335], "text": "Arkansas", "type": 2, "value": 2}, {"box": [118, 337, 196, 347], "text": "California", "type": 2, "value": 2}, {"box": [116, 352, 181, 362], "text": "Colorada", "type": 2, "value": 2}, {"box": [118, 365, 201, 378], "text": "Connecticut", "type": 2, "value": 2}, {"box": [118, 380, 181, 395], "text": "Delaware", "type": 2, "value": 2}, {"box": [115, 409, 173, 422], "text": "Florida", "type": 2, "value": 2}, {"box": [116, 427, 171, 442], "text": "Georgia", "type": 2, "value": 2}, {"box": [116, 440, 164, 453], "text": "Hawaii", "type": 2, "value": 2}, {"box": [234, 279, 247, 292], "text": "x", "type": 2, "value": 4}, {"box": [236, 309, 246, 317], "text": "x", "type": 2, "value": 4}, {"box": [234, 324, 247, 334], "text": "", "type": 2, "value": 4}, {"box": [234, 341, 246, 351], "text": "x", "type": 2, "value": 4}, {"box": [234, 354, 244, 364], "text": "x", "type": 2, "value": 4}, {"box": [234, 369, 246, 381], "text": "x", "type": 2, "value": 4}, {"box": [234, 385, 246, 395], "text": "x", "type": 2, "value": 4}, {"box": [234, 399, 247, 409], "text": "x", "type": 2, "value": 4}, {"box": [233, 427, 246, 439], "text": "x", "type": 2, "value": 4}, {"box": [463, 281, 473, 293], "text": "x", "type": 2, "value": 4}, {"box": [460, 297, 475, 309], "text": "x", "type": 2, "value": 4}, {"box": [460, 311, 472, 323], "text": "x", "type": 2, "value": 4}, {"box": [460, 346, 468, 356], "text": "x", "type": 2, "value": 4}, {"box": [457, 359, 469, 367], "text": "x", "type": 2, "value": 4}, {"box": [460, 374, 468, 382], "text": "x", "type": 2, "value": 4}, {"box": [458, 389, 470, 397], "text": "x", "type": 2, "value": 4}, {"box": [458, 404, 471, 411], "text": "x", "type": 2, "value": 4}, {"box": [460, 417, 470, 427], "text": "x", "type": 2, "value": 4}, {"box": [457, 447, 469, 457], "text": "x", "type": 2, "value": 4}, {"box": [460, 460, 472, 468], "text": "x", "type": 2, "value": 4}, {"box": [460, 475, 470, 485], "text": "x", "type": 2, "value": 4}, {"box": [457, 490, 469, 502], "text": "x", "type": 2, "value": 4}, {"box": [458, 507, 468, 517], "text": "x", "type": 2, "value": 4}, {"box": [458, 522, 468, 529], "text": "x", "type": 2, "value": 4}, {"box": [458, 537, 468, 545], "text": "x", "type": 2, "value": 4}, {"box": [691, 299, 699, 312], "text": "x", "type": 2, "value": 4}, {"box": [689, 316, 699, 324], "text": "x", "type": 2, "value": 4}, {"box": [689, 329, 697, 339], "text": "x", "type": 2, "value": 4}, {"box": [689, 344, 697, 354], "text": "x", "type": 2, "value": 4}, {"box": [689, 370, 697, 383], "text": "x", "type": 2, "value": 4}, {"box": [689, 402, 699, 412], "text": "x", "type": 2, "value": 4}, {"box": [689, 417, 697, 425], "text": "x", "type": 2, "value": 4}, {"box": [688, 432, 698, 442], "text": "x", "type": 2, "value": 4}, {"box": [689, 460, 696, 470], "text": "x", "type": 2, "value": 4}, {"box": [689, 475, 699, 483], "text": "x", "type": 2, "value": 4}, {"box": [689, 490, 697, 502], "text": "x", "type": 2, "value": 4}, {"box": [688, 503, 696, 516], "text": "x", "type": 2, "value": 4}, {"box": [686, 520, 699, 528], "text": "x", "type": 2, "value": 4}, {"box": [558, 282, 621, 297], "text": "Oklahoma", "type": 2, "value": 2}, {"box": [555, 299, 606, 312], "text": "Oregon", "type": 2, "value": 2}, {"box": [555, 370, 628, 382], "text": "Tennessee", "type": 2, "value": 2}, {"box": [555, 385, 598, 395], "text": "Texas", "type": 2, "value": 2}, {"box": [553, 399, 588, 412], "text": "Utah", "type": 2, "value": 2}, {"box": [555, 415, 610, 427], "text": "Vermont", "type": 2, "value": 2}, {"box": [553, 429, 618, 441], "text": "Virginia", "type": 2, "value": 2}, {"box": [555, 445, 635, 457], "text": "Washington", "type": 2, "value": 2}, {"box": [555, 472, 626, 485], "text": "Wisconsin", "type": 2, "value": 2}, {"box": [555, 488, 611, 501], "text": "Wyoming", "type": 2, "value": 2}, {"box": [331, 281, 402, 294], "text": "Louisiana", "type": 2, "value": 2}, {"box": [331, 297, 373, 307], "text": "Maine", "type": 2, "value": 2}, {"box": [329, 309, 397, 322], "text": "Maryland", "type": 2, "value": 2}, {"box": [331, 326, 431, 339], "text": "Massachusetts", "type": 2, "value": 2}, {"box": [331, 339, 394, 352], "text": "Michigan", "type": 2, "value": 2}, {"box": [329, 354, 400, 366], "text": "Minnesota", "type": 2, "value": 2}, {"box": [331, 369, 414, 381], "text": "Mississippi", "type": 2, "value": 2}, {"box": [329, 384, 390, 396], "text": "Missouri", "type": 2, "value": 2}, {"box": [329, 400, 382, 408], "text": "Montana", "type": 2, "value": 2}, {"box": [329, 414, 389, 424], "text": "Nebraska", "type": 2, "value": 2}, {"box": [329, 429, 374, 441], "text": "Nevada", "type": 2, "value": 2}, {"box": [327, 530, 357, 543], "text": "Ohio", "type": 2, "value": 2}, {"box": [231, 473, 244, 483], "text": "x", "type": 2, "value": 4}, {"box": [231, 518, 243, 526], "text": "x", "type": 2, "value": 4}, {"box": [231, 533, 241, 541], "text": "x", "type": 2, "value": 4}, {"box": [116, 455, 156, 467], "text": "Idaho", "type": 2, "value": 2}, {"box": [116, 470, 179, 482], "text": "Illinois", "type": 2, "value": 2}, {"box": [115, 487, 171, 499], "text": "Indiana", "type": 2, "value": 2}, {"box": [115, 502, 150, 514], "text": "Iowa", "type": 2, "value": 2}, {"box": [116, 515, 163, 525], "text": "Kansas", "type": 2, "value": 2}, {"box": [111, 530, 179, 542], "text": "Kentucky", "type": 2, "value": 2}, {"box": [327, 606, 390, 618], "text": "QUANTITY", "type": 2, "value": 2}, {"box": [123, 635, 148, 647], "text": "000", "type": 2, "value": 4}, {"box": [123, 651, 150, 661], "text": "000", "type": 2, "value": 4}, {"box": [123, 664, 148, 676], "text": "000", "type": 2, "value": 4}, {"box": [123, 678, 150, 690], "text": "000", "type": 2, "value": 4}, {"box": [206, 635, 234, 647], "text": "000", "type": 2, "value": 4}, {"box": [208, 651, 231, 661], "text": "000", "type": 2, "value": 4}, {"box": [206, 664, 231, 677], "text": "000", "type": 2, "value": 4}, {"box": [111, 738, 171, 750], "text": "PRODUCT", "type": 2, "value": 6}, {"box": [322, 739, 387, 751], "text": "QUANTITY", "type": 2, "value": 2}, {"box": [718, 822, 733, 893], "text": "00000000", "type": 2, "value": 8}, {"box": [618, 15, 673, 30], "text": "0/00/00", "type": 2, "value": 4}, {"box": [485, 15, 580, 30], "text": "Today's Date", "type": 2, "value": 2}, {"box": [161, 75, 235, 87], "text": "Mr. Flinn", "type": 2, "value": 4}, {"box": [336, 73, 488, 88], "text": "Mr. Donahue (Loews)", "type": 2, "value": 4}, {"box": [538, 75, 721, 92], "text": "Mr. Hudson (Greensboro)", "type": 2, "value": 4}, {"box": [537, 91, 721, 105], "text": "Dr. Schultz (Greensboro", "type": 2, "value": 4}, {"box": [537, 105, 721, 118], "text": "Mr. Tucker (Greensboro)", "type": 2, "value": 4}, {"box": [538, 118, 722, 133], "text": "Dr. Jones (Greensboro)", "type": 2, "value": 4}, {"box": [161, 90, 245, 102], "text": "Mr. Gaalman", "type": 2, "value": 4}, {"box": [161, 101, 277, 114], "text": "Mr. Goldbrenner", "type": 2, "value": 4}, {"box": [336, 88, 489, 104], "text": "Mr. Duffy (Loews)", "type": 2, "value": 4}, {"box": [334, 103, 488, 118], "text": "Mr. Miele (Loews)", "type": 2, "value": 4}, {"box": [120, 173, 160, 188], "text": "MRD #", "type": 2, "value": 2}, {"box": [121, 204, 282, 219], "text": "PROJECT ORIGINATED BY", "type": 2, "value": 2}, {"box": [311, 203, 411, 220], "text": "William Doyle", "type": 2, "value": 4}, {"box": [90, 249, 476, 264], "text": "0. STATES AND CITIES* SELECTED TO RECEIVE PRODUCT:", "type": 2, "value": 6}, {"box": [115, 395, 155, 410], "text": "D. C.", "type": 2, "value": 2}, {"box": [329, 442, 428, 455], "text": "New Hampshire", "type": 2, "value": 2}, {"box": [329, 457, 406, 468], "text": "New Jersey", "type": 2, "value": 2}, {"box": [332, 472, 408, 487], "text": "New Mexico", "type": 2, "value": 2}, {"box": [329, 488, 388, 500], "text": "New York", "type": 2, "value": 2}, {"box": [331, 500, 436, 514], "text": "North Carolina", "type": 2, "value": 2}, {"box": [329, 517, 421, 526], "text": "North Dakota", "type": 2, "value": 2}, {"box": [558, 312, 652, 325], "text": "Pennsyl vania", "type": 2, "value": 2}, {"box": [558, 327, 649, 339], "text": "Rhode Island", "type": 2, "value": 2}, {"box": [556, 341, 667, 355], "text": "South Carolina", "type": 2, "value": 2}, {"box": [556, 355, 651, 369], "text": "South Dakota", "type": 2, "value": 2}, {"box": [558, 457, 656, 472], "text": "West Virginia", "type": 2, "value": 2}, {"box": [555, 503, 661, 516], "text": "*Chicago, Ill.", "type": 2, "value": 2}, {"box": [555, 517, 636, 530], "text": "*NYC, N. Y.", "type": 2, "value": 2}, {"box": [85, 573, 467, 588], "text": "0. ESTIMATED TEST PRODUCT QUANTITIES (PER MARKET)", "type": 2, "value": 6}, {"box": [116, 605, 171, 633], "text": "PRODUCT Code #", "type": 2, "value": 2}, {"box": [196, 618, 247, 633], "text": "Code #", "type": 2, "value": 2}, {"box": [547, 603, 708, 621], "text": "(0's, 0's, 00's etc.)", "type": 2, "value": 2}, {"box": [571, 635, 664, 648], "text": "All are 00's", "type": 2, "value": 4}, {"box": [548, 738, 703, 756], "text": "(0's, 0's, 00's etc.)", "type": 2, "value": 2}, {"box": [575, 767, 665, 782], "text": "All are 00's", "type": 2, "value": 4}, {"box": [339, 635, 495, 708], "text": "Varies by market, see attached list. Approx. 00% of the total # by state will receive product", "type": 2, "value": 4}, {"box": [76, 708, 495, 722], "text": "0a. ESTIMATED TOTALS BY PRODUCT ALL MARKETS COMBINED", "type": 2, "value": 6}, {"box": [133, 752, 205, 766], "text": "Code # 000", "type": 2, "value": 2}, {"box": [135, 769, 208, 781], "text": "Code # 000", "type": 2, "value": 2}, {"box": [135, 782, 205, 795], "text": "Code # 000", "type": 2, "value": 2}, {"box": [135, 797, 204, 811], "text": "Code # 000", "type": 2, "value": 2}, {"box": [135, 812, 204, 826], "text": "Code # #000", "type": 2, "value": 2}, {"box": [135, 827, 204, 839], "text": "Code # 000", "type": 2, "value": 2}, {"box": [131, 842, 206, 855], "text": "Cade # 000", "type": 2, "value": 2}, {"box": [347, 754, 426, 766], "text": "0000 Packs", "type": 2, "value": 4}, {"box": [349, 769, 426, 781], "text": "0000 Packs", "type": 2, "value": 4}, {"box": [357, 784, 426, 796], "text": "000 Packs", "type": 2, "value": 4}, {"box": [354, 797, 424, 811], "text": "000 Packs", "type": 2, "value": 4}, {"box": [347, 812, 423, 826], "text": "0000 Packs", "type": 2, "value": 4}, {"box": [347, 827, 424, 839], "text": "0000 Packs", "type": 2, "value": 4}, {"box": [349, 842, 424, 854], "text": "0000 Packs", "type": 2, "value": 4}]}