{"img_shape": [1000, 775], "lines": [{"box": [41, 68, 69, 88], "text": "TO:", "type": 2, "value": 2}, {"box": [41, 103, 87, 120], "text": "FROM:", "type": 2, "value": 2}, {"box": [41, 138, 111, 153], "text": "SUBJECT:", "type": 2, "value": 2}, {"box": [39, 198, 142, 219], "text": "DISTRIBUTION:", "type": 2, "value": 2}, {"box": [187, 335, 255, 353], "text": "ACCOUNT", "type": 2, "value": 2}, {"box": [550, 334, 585, 348], "text": "000'S", "type": 2, "value": 2}, {"box": [694, 749, 712, 841], "text": "0000000", "type": 2, "value": 8}, {"box": [98, 67, 198, 87], "text": "R. H. ORCUTT", "type": 2, "value": 4}, {"box": [483, 64, 619, 81], "text": "SUBMISSION DATE:", "type": 2, "value": 6}, {"box": [464, 98, 557, 115], "text": "OCT 0 \u2610", "type": 2, "value": 2}, {"box": [465, 116, 557, 133], "text": "OCT 00 \u2610", "type": 2, "value": 2}, {"box": [575, 96, 659, 115], "text": "DEC 00 \u2610", "type": 2, "value": 2}, {"box": [575, 116, 662, 133], "text": "JAN 00 \u2610", "type": 2, "value": 2}, {"box": [115, 133, 523, 154], "text": "HARLEY- DAVIDSON 000'S CIGARETTES PROGRESS REPORT", "type": 2, "value": 4}, {"box": [148, 194, 554, 215], "text": "EFFECTIVENESS OF PRE- SELL (REPORT ON OCT. 0 ONLY).", "type": 2, "value": 4}, {"box": [42, 288, 499, 311], "text": "DIRECT ACCOUNT AND CHAIN VOIDS (USE X TO INDICATE A VOID).", "type": 2, "value": 6}, {"box": [451, 320, 508, 348], "text": "NO. STORES", "type": 2, "value": 2}, {"box": [594, 318, 629, 347], "text": "LTS. 000'S.", "type": 2, "value": 2}, {"box": [42, 559, 401, 580], "text": "% OF DISTRIBUTION ACHIEVED IN RETAIL OUTLETS:", "type": 2, "value": 6}, {"box": [304, 588, 434, 605], "text": "% CLASSIFIED CALLS", "type": 2, "value": 2}, {"box": [306, 610, 415, 625], "text": "% ANNUAL CALLS", "type": 2, "value": 2}, {"box": [42, 644, 211, 665], "text": "PROMOTIONAL IMPACT:", "type": 2, "value": 6}, {"box": [41, 679, 134, 696], "text": "$.00 OFF PACK:", "type": 2, "value": 2}, {"box": [43, 756, 158, 773], "text": "SALES FORCE 00'S:", "type": 2, "value": 2}, {"box": [42, 832, 158, 849], "text": "$0.00 OFF CARTON:", "type": 2, "value": 2}, {"box": [39, 923, 74, 940], "text": "0 of 0", "type": 2, "value": 8}]}