{"img_shape": [1000, 802], "lines": [{"box": [152, 193, 190, 210], "text": "DATE:", "type": 2, "value": 2}, {"box": [68, 313, 169, 327], "text": "MANUFACTURER:", "type": 2, "value": 2}, {"box": [661, 691, 678, 762], "text": "0000000", "type": 2, "value": 8}, {"box": [70, 785, 97, 800], "text": "CC:", "type": 2, "value": 2}, {"box": [225, 78, 527, 99], "text": "COMPETITIVE ACTIVITIES AND PROMOTIONS", "type": 2, "value": 6}, {"box": [67, 141, 154, 156], "text": "REPORTED BY:", "type": 2, "value": 2}, {"box": [211, 138, 595, 155], "text": "VAL THURMAN, DIVISION MANAGER, LOUISVILLE, KY", "type": 2, "value": 4}, {"box": [209, 190, 272, 208], "text": "0/ 00/ 00", "type": 2, "value": 4}, {"box": [68, 244, 155, 272], "text": "SOURCE OF INFORMATION:", "type": 2, "value": 2}, {"box": [215, 260, 530, 277], "text": "SHORT STOP FOOD MARTS. LOUISVILLE, KY", "type": 2, "value": 4}, {"box": [205, 310, 318, 327], "text": "PHILIP MORRIS", "type": 2, "value": 4}, {"box": [70, 365, 201, 383], "text": "BRAND (S) PROMOTED:", "type": 2, "value": 2}, {"box": [240, 359, 404, 374], "text": "MARLBORO CIGARETTES", "type": 2, "value": 4}, {"box": [67, 416, 200, 434], "text": "TYPE OF PROMOTION:", "type": 2, "value": 2}, {"box": [265, 415, 506, 454], "text": "CARTON PROMOTION SWEEPSTAKES (SEE ATTACHMENTS)", "type": 2, "value": 4}, {"box": [70, 550, 187, 568], "text": "HOW WIDESPREAD?", "type": 2, "value": 2}, {"box": [71, 601, 188, 618], "text": "OTHER COMMENTS:", "type": 2, "value": 2}, {"box": [373, 797, 445, 810], "text": "L. H. LAKERSH", "type": 2, "value": 4}, {"box": [372, 810, 449, 823], "text": "J. R. SLATER", "type": 2, "value": 4}, {"box": [372, 824, 447, 837], "text": "S. T. JONES", "type": 2, "value": 4}, {"box": [374, 837, 497, 851], "text": "R. S. GOLDBRENNER", "type": 2, "value": 4}, {"box": [373, 851, 444, 864], "text": "S. F. SMITH", "type": 2, "value": 4}, {"box": [253, 797, 340, 811], "text": "G. R. TELFORD", "type": 2, "value": 4}, {"box": [251, 811, 319, 823], "text": "R. G. RYAN", "type": 2, "value": 4}, {"box": [251, 823, 340, 838], "text": "N. P. RUFFALO", "type": 2, "value": 4}, {"box": [251, 838, 323, 852], "text": "T. L. ACHEY", "type": 2, "value": 4}, {"box": [251, 849, 334, 864], "text": "P. J. McCANN", "type": 2, "value": 4}, {"box": [250, 865, 333, 876], "text": "A. J. GIACOIO", "type": 2, "value": 4}, {"box": [253, 877, 328, 892], "text": "J. J. TATULLI", "type": 2, "value": 4}, {"box": [96, 797, 163, 813], "text": "A. H. TISCH", "type": 2, "value": 4}, {"box": [96, 813, 177, 826], "text": "R. H. ORCUTT", "type": 2, "value": 4}, {"box": [95, 825, 193, 838], "text": "M. A. PETERSON", "type": 2, "value": 4}, {"box": [95, 839, 195, 850], "text": "M. L. ORLOWSKY", "type": 2, "value": 4}, {"box": [96, 853, 164, 864], "text": "L. GORDON", "type": 2, "value": 4}, {"box": [95, 863, 206, 879], "text": "J. P. MASTANDREA", "type": 2, "value": 4}]}