{"img_shape": [1000, 802], "lines": [{"box": [190, 201, 225, 218], "text": "DATE:", "type": 2, "value": 2}, {"box": [102, 271, 204, 286], "text": "MANUFACTURER:", "type": 2, "value": 2}, {"box": [99, 753, 121, 767], "text": "CC:", "type": 2, "value": 2}, {"box": [709, 718, 724, 798], "text": "00000000", "type": 2, "value": 8}, {"box": [263, 71, 567, 89], "text": "COMPETITIVE ACTIVITIES AND PROMOTIONS", "type": 2, "value": 6}, {"box": [253, 131, 702, 146], "text": "A. L. EVERETT, MANAGER, CHAIN ACCOUNTS - ATLANTA, GA", "type": 2, "value": 4}, {"box": [103, 137, 191, 151], "text": "REPORTED BY:", "type": 2, "value": 2}, {"box": [270, 203, 390, 218], "text": "SEPT. 00, 0000", "type": 2, "value": 4}, {"box": [278, 268, 434, 283], "text": "BROWN & WILLIAMSON", "type": 2, "value": 4}, {"box": [101, 339, 233, 355], "text": "BRAND (S) PROMOTED:", "type": 2, "value": 2}, {"box": [295, 338, 423, 355], "text": "KOOL CIGARETTES", "type": 2, "value": 4}, {"box": [101, 406, 231, 423], "text": "TYPE OF PROMOTION:", "type": 2, "value": 2}, {"box": [278, 402, 406, 419], "text": "SEE ATTACHMENTS", "type": 2, "value": 4}, {"box": [99, 528, 220, 541], "text": "HOW WIDESPREAD?", "type": 2, "value": 2}, {"box": [101, 595, 221, 611], "text": "OTHER COMMENTS:", "type": 2, "value": 2}, {"box": [124, 768, 196, 783], "text": "A. H. TISCH", "type": 2, "value": 4}, {"box": [124, 785, 208, 802], "text": "R. H. ORCUTT", "type": 2, "value": 4}, {"box": [124, 803, 225, 820], "text": "M. A. PETERSON", "type": 2, "value": 4}, {"box": [124, 820, 225, 835], "text": "M. L. ORLOWSKY", "type": 2, "value": 4}, {"box": [126, 838, 194, 852], "text": "L. GORDON", "type": 2, "value": 4}, {"box": [123, 855, 238, 872], "text": "J. P. MASTANDREA", "type": 2, "value": 4}, {"box": [285, 767, 373, 784], "text": "G. R. TELFORD", "type": 2, "value": 4}, {"box": [284, 785, 353, 800], "text": "R. G. RYAN", "type": 2, "value": 4}, {"box": [285, 802, 373, 817], "text": "N. P. RUFFALO", "type": 2, "value": 4}, {"box": [284, 820, 356, 835], "text": "T. L. ACHEY", "type": 2, "value": 4}, {"box": [284, 838, 367, 853], "text": "P. J. McCANN", "type": 2, "value": 4}, {"box": [282, 856, 370, 869], "text": "A. J. GIACOIO", "type": 2, "value": 4}, {"box": [284, 872, 361, 886], "text": "J. J. TATULLI", "type": 2, "value": 4}, {"box": [406, 770, 482, 784], "text": "L. H. KERSH", "type": 2, "value": 4}, {"box": [408, 785, 484, 802], "text": "J. R. SLATER", "type": 2, "value": 4}, {"box": [406, 803, 482, 818], "text": "S. T. JONES", "type": 2, "value": 4}, {"box": [406, 820, 534, 834], "text": "R. S. GOLDBRENNER", "type": 2, "value": 4}, {"box": [406, 838, 498, 853], "text": "N. SIMEONIDIS", "type": 2, "value": 4}, {"box": [408, 855, 478, 869], "text": "S. F. SMITH", "type": 2, "value": 4}]}