{"img_shape": [1000, 781], "lines": [{"box": [115, 172, 161, 192], "text": "DATE:", "type": 2, "value": 2}, {"box": [244, 173, 283, 191], "text": "TIME:", "type": 2, "value": 2}, {"box": [64, 225, 186, 245], "text": "MANUFACTURER:", "type": 2, "value": 2}, {"box": [733, 824, 750, 895], "text": "00000000", "type": 2, "value": 8}, {"box": [66, 751, 90, 764], "text": "cc:", "type": 2, "value": 2}, {"box": [295, 59, 513, 77], "text": "NEW COMPETITIVE PRODUCTS", "type": 2, "value": 6}, {"box": [184, 117, 492, 139], "text": "C. M. WIECHMANN, D. M. , LUBBOCK, TX", "type": 2, "value": 4}, {"box": [63, 119, 164, 138], "text": "REPORTED BY", "type": 2, "value": 2}, {"box": [170, 172, 233, 190], "text": "00 /0 /00", "type": 2, "value": 4}, {"box": [229, 222, 358, 242], "text": "R. J. REYNOLDS", "type": 2, "value": 4}, {"box": [194, 278, 499, 298], "text": "CARDINAL CIGARETTES (00 PACKINGS)", "type": 2, "value": 4}, {"box": [63, 278, 162, 297], "text": "BRAND NAME:", "type": 2, "value": 2}, {"box": [64, 332, 140, 368], "text": "TYPE OF PRODUCT:", "type": 2, "value": 2}, {"box": [63, 398, 173, 417], "text": "SIZE OR SIZES:", "type": 2, "value": 2}, {"box": [64, 454, 150, 472], "text": "LIST PRICE:", "type": 2, "value": 2}, {"box": [64, 507, 172, 540], "text": "EXTENT OF DISTRIBUTION:", "type": 2, "value": 2}, {"box": [64, 608, 175, 645], "text": "OTHER INFORMATION:", "type": 2, "value": 2}, {"box": [235, 624, 364, 644], "text": "SEE ATTACHMENT", "type": 2, "value": 4}, {"box": [534, 763, 631, 779], "text": "K. P. Augustyn", "type": 2, "value": 8}, {"box": [532, 779, 625, 797], "text": "V. D. Lindsley", "type": 2, "value": 8}, {"box": [532, 797, 629, 813], "text": "R. D. Hammer", "type": 2, "value": 8}, {"box": [355, 764, 430, 780], "text": "J. J. Tatulli", "type": 2, "value": 8}, {"box": [355, 781, 432, 798], "text": "L. H. Kersh", "type": 2, "value": 8}, {"box": [355, 799, 429, 817], "text": "J. R. Slater", "type": 2, "value": 8}, {"box": [356, 818, 434, 833], "text": "A. Pasheluk", "type": 2, "value": 8}, {"box": [353, 834, 474, 851], "text": "R. R. S. Goldbrenner", "type": 2, "value": 8}, {"box": [356, 852, 448, 869], "text": "N. Simeonidis", "type": 2, "value": 8}, {"box": [356, 867, 430, 885], "text": "S. F. Smith", "type": 2, "value": 8}, {"box": [222, 767, 307, 781], "text": "F. J. Schultz", "type": 2, "value": 8}, {"box": [222, 781, 310, 799], "text": "A. W. Spears", "type": 2, "value": 8}, {"box": [222, 799, 307, 815], "text": "N. P. Ruffalo", "type": 2, "value": 8}, {"box": [225, 818, 300, 834], "text": "T. L. Achey", "type": 2, "value": 8}, {"box": [222, 835, 314, 851], "text": "P. J. McCann", "type": 2, "value": 8}, {"box": [223, 852, 310, 869], "text": "A. J. Giacoio", "type": 2, "value": 8}, {"box": [66, 767, 137, 781], "text": "A. H. Tisch", "type": 2, "value": 8}, {"box": [67, 785, 146, 800], "text": "R. H. Orcutt", "type": 2, "value": 8}, {"box": [66, 802, 164, 817], "text": "M. A. Peterson", "type": 2, "value": 8}, {"box": [66, 818, 165, 835], "text": "M. L. Orlowsky", "type": 2, "value": 8}, {"box": [66, 838, 131, 852], "text": "L. Gordon", "type": 2, "value": 8}, {"box": [66, 855, 137, 870], "text": "G. Telford", "type": 2, "value": 8}]}