{"img_shape": [1000, 814], "lines": [{"box": [156, 270, 211, 290], "text": "DATE", "type": 2, "value": 2}, {"box": [360, 271, 403, 290], "text": "TIME", "type": 2, "value": 2}, {"box": [160, 380, 215, 399], "text": "NAME:", "type": 2, "value": 2}, {"box": [158, 406, 228, 429], "text": "OFFICE:", "type": 2, "value": 2}, {"box": [156, 516, 216, 536], "text": "NAME:", "type": 2, "value": 2}, {"box": [156, 540, 224, 564], "text": "OFFICE:", "type": 2, "value": 2}, {"box": [235, 273, 295, 286], "text": "00/0/00", "type": 2, "value": 4}, {"box": [155, 611, 266, 627], "text": "COMMENTS:", "type": 2, "value": 2}, {"box": [285, 786, 308, 799], "text": "cc:", "type": 2, "value": 2}, {"box": [754, 745, 775, 820], "text": "00000000", "type": 2, "value": 8}, {"box": [120, 84, 350, 152], "text": "Lorillard TOBACCO COMPANY", "type": 2, "value": 6}, {"box": [104, 29, 213, 45], "text": "Nov. 0 00 00:00", "type": 2, "value": 8}, {"box": [297, 29, 390, 44], "text": "KONICA FAX 000", "type": 2, "value": 8}, {"box": [690, 19, 727, 42], "text": "P. 0", "type": 2, "value": 8}, {"box": [116, 152, 559, 167], "text": "000 N. CLASSEN BLVD. SUITE 000. OKLAHOMA CITY OK. 00000 TELEPHONE 000) 000- 0000 or 00000000", "type": 2, "value": 8}, {"box": [318, 214, 524, 235], "text": "FACSIMILE COVER PAGE", "type": 2, "value": 6}, {"box": [428, 273, 494, 286], "text": "0:00 CST", "type": 2, "value": 4}, {"box": [160, 298, 653, 320], "text": "The following document, including cover page is 0 pages long.", "type": 2, "value": 8}, {"box": [156, 337, 507, 356], "text": "PLEASE TRANSMIT THIS DOCUMENT TO:", "type": 2, "value": 6}, {"box": [249, 382, 392, 398], "text": "Mr. A. J. Giacoio", "type": 2, "value": 4}, {"box": [249, 406, 458, 425], "text": "New York- Sales Planning", "type": 2, "value": 4}, {"box": [365, 436, 475, 455], "text": "000 000- 0000", "type": 2, "value": 4}, {"box": [159, 434, 342, 454], "text": "FAX PHONE NUMBER:", "type": 2, "value": 2}, {"box": [160, 476, 385, 493], "text": "THIS DOCUMENT IS FROM:", "type": 2, "value": 6}, {"box": [253, 519, 349, 535], "text": "R F ", "type": 2, "value": 4}, {"box": [226, 544, 383, 562], "text": "Oklahoma City. OK", "type": 2, "value": 4}, {"box": [154, 571, 345, 590], "text": "FAX PHONE NUMBER:", "type": 2, "value": 2}, {"box": [349, 572, 472, 591], "text": "(000) 000- 0000", "type": 2, "value": 4}, {"box": [285, 611, 588, 689], "text": "The attached Competitive information was secured in Oklahoma today. If you should have any questions.", "type": 2, "value": 4}, {"box": [154, 709, 633, 743], "text": "If any of these pages are not legible, or you do not receive all pages, please call this office as soon as possible.", "type": 2, "value": 8}, {"box": [316, 783, 443, 798], "text": "Mr. R. B. Spell", "type": 2, "value": 4}, {"box": [321, 798, 444, 812], "text": "Mr. S. L. Enloe", "type": 2, "value": 4}, {"box": [286, 691, 493, 708], "text": "please advise. Dick", "type": 2, "value": 8}]}