{"img_shape": [1000, 804], "lines": [{"box": [108, 117, 154, 134], "text": "FROM:", "type": 2, "value": 2}, {"box": [108, 152, 133, 165], "text": "TO:", "type": 2, "value": 2}, {"box": [108, 184, 133, 197], "text": "CC:", "type": 2, "value": 2}, {"box": [108, 282, 150, 296], "text": "MEDIA", "type": 2, "value": 2}, {"box": [108, 459, 197, 476], "text": "CIRCULATION", "type": 2, "value": 2}, {"box": [337, 311, 348, 324], "text": "0", "type": 2, "value": 4}, {"box": [335, 381, 392, 396], "text": "0/00/00", "type": 2, "value": 4}, {"box": [337, 409, 401, 426], "text": "00/00/00", "type": 2, "value": 4}, {"box": [334, 473, 383, 488], "text": "00,000", "type": 2, "value": 4}, {"box": [337, 571, 373, 584], "text": "PACK", "type": 2, "value": 4}, {"box": [366, 655, 444, 694], "text": "0/0/00", "type": 2, "value": 4}, {"box": [554, 761, 604, 781], "text": "0000", "type": 2, "value": 4}, {"box": [581, 797, 626, 814], "text": "0.00", "type": 2, "value": 4}, {"box": [568, 781, 620, 796], "text": "0000", "type": 2, "value": 4}, {"box": [742, 774, 760, 847], "text": "00000000", "type": 2, "value": 8}, {"box": [328, 82, 571, 99], "text": "COUPON CODE REGISTRATION FORM", "type": 2, "value": 6}, {"box": [161, 117, 245, 132], "text": "THOM SMITH", "type": 2, "value": 4}, {"box": [148, 149, 242, 164], "text": "VINCE LOSITO", "type": 2, "value": 4}, {"box": [145, 180, 591, 198], "text": "T. BAYLIES, L GIORDANO, V. LINDSLEY, M. MCGLYNN, S RAPISARLDI,", "type": 2, "value": 4}, {"box": [589, 165, 659, 194], "text": "B. maj ", "type": 2, "value": 8}, {"box": [338, 250, 454, 264], "text": "HARLEY- DAVIDSON", "type": 2, "value": 4}, {"box": [337, 281, 478, 295], "text": "MAGAZINE- HOT ROD", "type": 2, "value": 4}, {"box": [106, 247, 262, 266], "text": "BRANDS(S) APPLICABLE", "type": 2, "value": 2}, {"box": [105, 313, 271, 328], "text": "ISSUE FREQUENCY/ YEAR", "type": 2, "value": 2}, {"box": [105, 346, 202, 363], "text": "SPACE/ COLOR", "type": 2, "value": 2}, {"box": [334, 339, 409, 354], "text": "FULL PAGE", "type": 2, "value": 4}, {"box": [106, 378, 247, 394], "text": "COUPON ISSUE DATE", "type": 2, "value": 2}, {"box": [108, 411, 288, 426], "text": "COUPON EXPIRATION DATE", "type": 2, "value": 2}, {"box": [106, 507, 266, 524], "text": "GEOGRAPHICAL AREA(S)", "type": 2, "value": 2}, {"box": [335, 503, 752, 521], "text": "TOTAL HOUSTON, GALVESTON, MINNEAPOLIS, ST. PAUL, DULUTH", "type": 2, "value": 4}, {"box": [105, 539, 213, 555], "text": "COUPON VALUE", "type": 2, "value": 2}, {"box": [334, 541, 455, 556], "text": "$ .00 OFF 0 PACK", "type": 2, "value": 4}, {"box": [106, 573, 256, 588], "text": "PACK AND OR/ CARTOCARTON", "type": 2, "value": 2}, {"box": [105, 603, 315, 621], "text": "ADVERTISING CREATIVE THEME", "type": 2, "value": 2}, {"box": [338, 606, 401, 621], "text": "BLUE SKY", "type": 2, "value": 4}, {"box": [105, 637, 272, 655], "text": "SIGNATURE OF INITIATOR", "type": 2, "value": 2}, {"box": [429, 599, 634, 676], "text": "", "type": 2, "value": 4}, {"box": [108, 670, 211, 686], "text": "DATE INITIATED", "type": 2, "value": 2}, {"box": [108, 700, 299, 721], "text": "ANALYTICAL REQUIREMENTS:", "type": 2, "value": 6}, {"box": [325, 732, 498, 750], "text": "FOR CONTROL USE ONLY:", "type": 2, "value": 2}, {"box": [554, 729, 627, 747], "text": "00- 000", "type": 2, "value": 4}, {"box": [327, 765, 440, 783], "text": "CODE ASSIGNED:", "type": 2, "value": 2}, {"box": [325, 784, 422, 798], "text": "JOB NUMBER:", "type": 2, "value": 2}, {"box": [325, 799, 454, 814], "text": "EST. REDEMPTION:", "type": 2, "value": 2}]}