{"img_shape": [1000, 803], "lines": [{"box": [98, 140, 144, 154], "text": "FROM:", "type": 2, "value": 2}, {"box": [101, 169, 122, 183], "text": "TO:", "type": 2, "value": 2}, {"box": [99, 201, 121, 215], "text": "CC:", "type": 2, "value": 2}, {"box": [101, 302, 142, 319], "text": "MEDIA", "type": 2, "value": 2}, {"box": [99, 365, 195, 380], "text": "SPACE/COLOR", "type": 2, "value": 2}, {"box": [102, 478, 193, 495], "text": "CIRCULATION", "type": 2, "value": 2}, {"box": [149, 137, 227, 152], "text": "M. BORSINI", "type": 2, "value": 4}, {"box": [316, 297, 376, 314], "text": "COUPON", "type": 2, "value": 4}, {"box": [316, 325, 387, 345], "text": "OCR-DEC", "type": 2, "value": 4}, {"box": [317, 395, 373, 409], "text": "00/00/00", "type": 2, "value": 4}, {"box": [317, 427, 364, 442], "text": "0/00/00", "type": 2, "value": 4}, {"box": [317, 522, 384, 540], "text": "NATIONAL", "type": 2, "value": 4}, {"box": [318, 554, 349, 568], "text": "$.00", "type": 2, "value": 4}, {"box": [320, 589, 358, 603], "text": "PACK", "type": 2, "value": 4}, {"box": [320, 684, 366, 701], "text": "0/00/00", "type": 2, "value": 4}, {"box": [561, 770, 622, 795], "text": "0000", "type": 2, "value": 4}, {"box": [581, 795, 616, 812], "text": "000", "type": 2, "value": 4}, {"box": [567, 811, 614, 833], "text": "00%", "type": 2, "value": 4}, {"box": [735, 782, 753, 860], "text": "00000000", "type": 2, "value": 8}, {"box": [304, 640, 509, 683], "text": "Marine B", "type": 2, "value": 4}, {"box": [316, 99, 553, 117], "text": "COUPON CODE REGISTRATION FORM", "type": 2, "value": 6}, {"box": [137, 169, 232, 183], "text": "VINCE LOSITO", "type": 2, "value": 4}, {"box": [137, 191, 781, 224], "text": "T. BAYLIES, L. GIORDANO V. LINDSLEY, J. SCHNEFF, S. RAPISARLDI, N, DISCENZA E LUNDBERG", "type": 2, "value": 4}, {"box": [313, 229, 512, 248], "text": "HARLEY -DAVIDSON DTS CPNS", "type": 2, "value": 6}, {"box": [99, 268, 256, 284], "text": "BRANDS(S) APPLICABLE", "type": 2, "value": 2}, {"box": [317, 265, 444, 282], "text": "HARLEY- DAVIDSON", "type": 2, "value": 4}, {"box": [99, 332, 264, 348], "text": "ISSUE FREQUENCY/YEAR", "type": 2, "value": 2}, {"box": [101, 395, 239, 411], "text": "COUPON ISSUE DATE", "type": 2, "value": 2}, {"box": [101, 427, 276, 445], "text": "COUPON EXPIRATION DATE", "type": 2, "value": 2}, {"box": [327, 469, 487, 494], "text": "0,000,000 - 00.000", "type": 2, "value": 4}, {"box": [101, 525, 262, 542], "text": "GEOGRAPHICAL AREA(S)", "type": 2, "value": 2}, {"box": [103, 559, 210, 573], "text": "COUPON VALUE", "type": 2, "value": 2}, {"box": [105, 589, 253, 606], "text": "PACK AND OR/CARTON", "type": 2, "value": 2}, {"box": [105, 620, 308, 637], "text": "ADVERTISING CREATIVE THEME", "type": 2, "value": 2}, {"box": [105, 654, 270, 671], "text": "SIGNATURE OF INITIATOR", "type": 2, "value": 2}, {"box": [105, 687, 210, 705], "text": "DATE INITIATED", "type": 2, "value": 2}, {"box": [103, 718, 295, 736], "text": "ANALYTICAL REQUIREMENTS:", "type": 2, "value": 6}, {"box": [321, 749, 495, 767], "text": "FOR CONTROL USE ONLY:", "type": 2, "value": 2}, {"box": [321, 781, 439, 799], "text": "CODE ASSIGNED:", "type": 2, "value": 2}, {"box": [320, 797, 417, 814], "text": "JOB NUMBER:", "type": 2, "value": 2}, {"box": [321, 814, 449, 833], "text": "EST, REDEMPTION:", "type": 2, "value": 2}]}