{"img_shape": [1000, 783], "lines": [{"box": [519, 150, 591, 166], "text": "Account", "type": 2, "value": 2}, {"box": [521, 199, 581, 211], "text": "Agency", "type": 2, "value": 2}, {"box": [407, 213, 434, 228], "text": "SS:", "type": 2, "value": 2}, {"box": [105, 433, 147, 454], "text": "Date", "type": 2, "value": 2}, {"box": [102, 467, 160, 480], "text": "0/00/00", "type": 2, "value": 4}, {"box": [246, 469, 295, 482], "text": "Insert", "type": 2, "value": 4}, {"box": [395, 684, 456, 706], "text": "Signed", "type": 2, "value": 2}, {"box": [737, 825, 762, 900], "text": "00000000", "type": 2, "value": 8}, {"box": [458, 650, 608, 720], "text": "", "type": 2, "value": 4}, {"box": [478, 749, 511, 765], "text": "0th", "type": 2, "value": 4}, {"box": [102, 659, 132, 672], "text": "New", "type": 2, "value": 4}, {"box": [138, 657, 186, 672], "text": "Albany", "type": 2, "value": 4}, {"box": [187, 657, 245, 672], "text": "Tribune", "type": 2, "value": 8}, {"box": [347, 653, 492, 672], "text": "advertisements.", "type": 2, "value": 2}, {"box": [561, 301, 646, 317], "text": "Bookkeeper", "type": 2, "value": 4}, {"box": [126, 40, 252, 85], "text": "MAR 00 RECO", "type": 2, "value": 8}, {"box": [281, 108, 517, 127], "text": "AFFIDAVIT OF PERFORMANCE", "type": 2, "value": 6}, {"box": [109, 148, 239, 167], "text": "From Newspaper", "type": 2, "value": 2}, {"box": [251, 147, 389, 166], "text": "New Albany Tribune", "type": 2, "value": 4}, {"box": [588, 148, 708, 180], "text": "Harley Davidson Cigarettes", "type": 2, "value": 4}, {"box": [590, 196, 770, 211], "text": "Lorillard Media Service", "type": 2, "value": 4}, {"box": [106, 195, 187, 212], "text": "State of", "type": 2, "value": 2}, {"box": [111, 226, 193, 244], "text": "County of", "type": 2, "value": 2}, {"box": [199, 193, 389, 212], "text": "Indiana )", "type": 2, "value": 4}, {"box": [199, 225, 389, 241], "text": "Floyd )", "type": 2, "value": 4}, {"box": [108, 268, 542, 290], "text": "Before me a Notary Public, personally appeared", "type": 2, "value": 2}, {"box": [554, 265, 651, 284], "text": "Holly Inzer", "type": 2, "value": 4}, {"box": [103, 298, 531, 322], "text": "who being duly sworn, says that (he) (she) is", "type": 2, "value": 2}, {"box": [105, 331, 699, 385], "text": "of the abovementioned newspaper and that display ads for the above account were made through the aforesaid newspaper during", "type": 2, "value": 2}, {"box": [100, 397, 226, 413], "text": "the month of", "type": 2, "value": 2}, {"box": [243, 394, 444, 413], "text": "January ,0000", "type": 2, "value": 4}, {"box": [463, 398, 569, 416], "text": "as follows:", "type": 2, "value": 2}, {"box": [237, 437, 365, 453], "text": "Column Inches", "type": 2, "value": 2}, {"box": [436, 437, 672, 453], "text": "Exclusive advertising for", "type": 2, "value": 2}, {"box": [436, 469, 636, 482], "text": "Harley Davidson Cigarettes", "type": 2, "value": 4}, {"box": [102, 558, 666, 645], "text": "We hereby certify charges shown above on dates per attached bill are true and correct as billed to the account in upper right hand corner of the affidavit and are exclusive", "type": 2, "value": 2}, {"box": [105, 744, 466, 768], "text": "Sworn to and subscribed before me this", "type": 2, "value": 2}, {"box": [515, 750, 575, 766], "text": "day of", "type": 2, "value": 2}, {"box": [585, 744, 719, 766], "text": "March ,0000", "type": 2, "value": 4}, {"box": [100, 777, 712, 824], "text": "IN TESTIMONY WHEREOF I have set my hand and seal the day and year aforesaid.", "type": 2, "value": 2}, {"box": [102, 840, 313, 862], "text": "MY COMMISSION EXPIRES:", "type": 2, "value": 2}, {"box": [349, 838, 636, 877], "text": "0-0-00 Betty J. murphy (Notary Public)", "type": 2, "value": 4}]}