{"img_shape": [1000, 754], "lines": [{"box": [156, 480, 227, 498], "text": "HOURS:", "type": 2, "value": 6}, {"box": [158, 606, 250, 626], "text": "SPECIFICS:", "type": 2, "value": 6}, {"box": [232, 659, 246, 673], "text": "\u2611", "type": 2, "value": 4}, {"box": [230, 715, 247, 729], "text": "\u2611", "type": 2, "value": 4}, {"box": [82, 899, 100, 909], "text": "0000", "type": 2, "value": 8}, {"box": [661, 772, 682, 839], "text": "00000000", "type": 2, "value": 8}, {"box": [156, 225, 627, 255], "text": "SPECIAL EVENT INFORMATION SHEET", "type": 2, "value": 6}, {"box": [154, 324, 381, 342], "text": "GENERAL INFORMATION:", "type": 2, "value": 6}, {"box": [158, 360, 241, 377], "text": "EVENT NAME:", "type": 2, "value": 2}, {"box": [156, 387, 266, 405], "text": "EVENT LOCATION:", "type": 2, "value": 2}, {"box": [158, 416, 238, 433], "text": "EVENT DATES:", "type": 2, "value": 2}, {"box": [282, 356, 435, 372], "text": "The USO Spring Festival", "type": 2, "value": 4}, {"box": [284, 385, 497, 399], "text": "00nd- 00th Street, New York NY", "type": 2, "value": 4}, {"box": [282, 413, 364, 427], "text": "June 0, 0000", "type": 2, "value": 4}, {"box": [156, 513, 264, 533], "text": "MONDAY- FRIDAY", "type": 2, "value": 2}, {"box": [158, 542, 274, 562], "text": "SATURDAY- SUNDAY", "type": 2, "value": 2}, {"box": [286, 542, 354, 560], "text": "llam- 0pm", "type": 2, "value": 4}, {"box": [159, 631, 272, 647], "text": "check applicable box(es):", "type": 2, "value": 2}, {"box": [249, 656, 340, 673], "text": "# OF BOOTH(S)", "type": 2, "value": 2}, {"box": [232, 686, 384, 704], "text": "\u2610 SAMPLING & PREMIUMS", "type": 2, "value": 2}, {"box": [247, 715, 346, 730], "text": "PREMIUMS ONLY", "type": 2, "value": 2}, {"box": [464, 655, 535, 671], "text": "\u2610 SIGNAGE", "type": 2, "value": 2}, {"box": [464, 683, 550, 701], "text": "\u2610 MUSIC VAN", "type": 2, "value": 2}, {"box": [465, 714, 560, 729], "text": "\u2610 RACING CAR", "type": 2, "value": 2}, {"box": [159, 778, 409, 796], "text": "SUPERVISOR INFORMATION:", "type": 2, "value": 6}, {"box": [156, 813, 346, 831], "text": "NAME OF ALLWAYS SUPERVISOR:", "type": 2, "value": 2}, {"box": [376, 813, 461, 830], "text": "Jerome Curry", "type": 2, "value": 4}, {"box": [159, 844, 260, 859], "text": "PHONE NUMBER", "type": 2, "value": 2}, {"box": [275, 839, 372, 855], "text": "(000) 000-0000 ", "type": 2, "value": 4}, {"box": [390, 841, 492, 856], "text": "BEEPER NUMBER:", "type": 2, "value": 2}, {"box": [514, 839, 605, 854], "text": "(000) 000- 000", "type": 2, "value": 4}, {"box": [106, 77, 657, 162], "text": "Newport pleasure", "type": 2, "value": 6}]}