{"img_shape": [1000, 754], "lines": [{"box": [96, 127, 120, 141], "text": "TO:", "type": 2, "value": 2}, {"box": [96, 154, 138, 169], "text": "FROM:", "type": 2, "value": 2}, {"box": [317, 553, 359, 568], "text": "ITEMS", "type": 2, "value": 6}, {"box": [317, 649, 362, 660], "text": "URBAN", "type": 2, "value": 2}, {"box": [328, 744, 357, 755], "text": "000\u2013", "type": 2, "value": 2}, {"box": [626, 915, 686, 930], "text": "00-Apr-00", "type": 2, "value": 8}, {"box": [675, 763, 692, 830], "text": "00000000", "type": 2, "value": 8}, {"box": [78, 916, 132, 933], "text": "REQFORM", "type": 2, "value": 8}, {"box": [229, 126, 317, 141], "text": "K. A. SPARROW", "type": 2, "value": 4}, {"box": [504, 127, 586, 141], "text": "DATE TO NYO:", "type": 2, "value": 2}, {"box": [96, 180, 195, 196], "text": "DIV. NAME/ NO:", "type": 2, "value": 2}, {"box": [282, 235, 478, 250], "text": "SPECIAL EVENT REQUEST FORM", "type": 2, "value": 6}, {"box": [94, 289, 201, 304], "text": "NAME OF EVENT:", "type": 2, "value": 2}, {"box": [94, 314, 204, 330], "text": "* DATE OF EVENT:", "type": 2, "value": 2}, {"box": [94, 369, 271, 383], "text": "SAMPLES/ ITEMS REQUIRED:", "type": 2, "value": 2}, {"box": [286, 369, 475, 384], "text": "SAMPLE 00'S (000 PACKS PER CASE)", "type": 2, "value": 4}, {"box": [317, 422, 372, 436], "text": "# CASES", "type": 2, "value": 6}, {"box": [94, 448, 175, 462], "text": "NEWPORT K. S.", "type": 2, "value": 2}, {"box": [94, 462, 182, 476], "text": "NEWPORT 000'S", "type": 2, "value": 2}, {"box": [95, 475, 201, 489], "text": "NEWPORT LTS K. S.", "type": 2, "value": 2}, {"box": [92, 489, 200, 503], "text": "NEWPORT LTS. 000", "type": 2, "value": 2}, {"box": [317, 450, 386, 465], "text": "KENT III K. S.", "type": 2, "value": 2}, {"box": [317, 462, 387, 477], "text": "KENT III 000", "type": 2, "value": 2}, {"box": [317, 475, 373, 489], "text": "TRUE K. S.", "type": 2, "value": 2}, {"box": [317, 489, 372, 503], "text": "KENT K. S.", "type": 2, "value": 2}, {"box": [318, 503, 372, 516], "text": "KENT 000", "type": 2, "value": 2}, {"box": [500, 450, 596, 464], "text": "KENT GL LTS K S.", "type": 2, "value": 2}, {"box": [501, 464, 571, 477], "text": "KENT GL 000", "type": 2, "value": 2}, {"box": [499, 553, 638, 570], "text": "QUANTITY REQUIRED", "type": 2, "value": 2}, {"box": [316, 581, 422, 596], "text": "WATER BOTTLES", "type": 2, "value": 2}, {"box": [317, 609, 426, 624], "text": "BANNER(S) (0 x 0)", "type": 2, "value": 2}, {"box": [316, 634, 426, 650], "text": "GENERAL MARKET", "type": 2, "value": 2}, {"box": [314, 662, 436, 677], "text": "SPANISH LANGUAGE", "type": 2, "value": 2}, {"box": [92, 714, 146, 730], "text": "SHIP TO:", "type": 2, "value": 6}, {"box": [94, 742, 270, 757], "text": "CUSTOMER SHIPPING NUMBER", "type": 2, "value": 2}, {"box": [92, 782, 166, 797], "text": "NYO ONLY:", "type": 2, "value": 6}, {"box": [94, 809, 357, 824], "text": "DATE FORWARDED PROMOTION SERVICES:", "type": 2, "value": 2}, {"box": [91, 862, 481, 878], "text": "* PLEASE ALLOW 0 WEEKS FOR PROCESSING YOUR REQUEST.", "type": 2, "value": 8}]}