{"img_shape": [1000, 802], "lines": [{"box": [196, 38, 220, 55], "text": "0", "type": 2, "value": 8}, {"box": [189, 163, 252, 178], "text": "COMPANY", "type": 2, "value": 6}, {"box": [131, 162, 191, 177], "text": "TOBACCO", "type": 2, "value": 6}, {"box": [41, 106, 263, 180], "text": "Lorillard", "type": 2, "value": 6}, {"box": [63, 321, 110, 339], "text": "DATE:", "type": 2, "value": 2}, {"box": [61, 441, 113, 461], "text": "NAME:", "type": 2, "value": 2}, {"box": [61, 480, 125, 502], "text": "OFFICE:", "type": 2, "value": 2}, {"box": [541, 327, 561, 345], "text": "00", "type": 2, "value": 4}, {"box": [59, 626, 112, 643], "text": "NAME:", "type": 2, "value": 2}, {"box": [57, 726, 159, 747], "text": "COMMENTS:", "type": 2, "value": 2}, {"box": [246, 811, 273, 829], "text": "CC:", "type": 2, "value": 2}, {"box": [698, 845, 715, 918], "text": "00000000", "type": 2, "value": 8}, {"box": [59, 39, 172, 56], "text": "00/ 00/ 00 00: 00", "type": 2, "value": 8}, {"box": [363, 35, 618, 53], "text": "LORILLARD 00 JAX SALES GENERAL NY", "type": 2, "value": 8}, {"box": [656, 35, 692, 49], "text": "000", "type": 2, "value": 8}, {"box": [82, 180, 553, 198], "text": "0000 PHILLIPS HWY. SUITE 000. JACKSONVILLE, FL 00000 TELEPHONE (000) 000 0000 FAX (000) 000 000", "type": 2, "value": 8}, {"box": [214, 246, 552, 279], "text": "FACSIMILE COVER PAGE", "type": 2, "value": 6}, {"box": [163, 325, 228, 340], "text": "0- 00- 00", "type": 2, "value": 4}, {"box": [372, 321, 488, 341], "text": "TOTAL PAGES", "type": 2, "value": 2}, {"box": [372, 344, 599, 364], "text": "(INCLUDING COVER SHEET)", "type": 2, "value": 8}, {"box": [60, 401, 358, 422], "text": "PLEASE DELIVER TRANSMISSION TO:", "type": 2, "value": 6}, {"box": [190, 441, 314, 459], "text": "Mr. Al Giacoio", "type": 2, "value": 4}, {"box": [60, 524, 237, 545], "text": "FAX PHONE NUMBER:", "type": 2, "value": 2}, {"box": [59, 582, 278, 605], "text": "THIS DOCUMENT IS FROM:", "type": 2, "value": 6}, {"box": [215, 627, 356, 647], "text": "Fred Paternostro", "type": 2, "value": 4}, {"box": [56, 666, 276, 688], "text": "FAX TELEPHONE NUMBER:", "type": 2, "value": 2}, {"box": [282, 669, 397, 690], "text": "(000) 000- 0000", "type": 2, "value": 4}, {"box": [207, 728, 581, 748], "text": "The attached was obtained from Mackoul Dist.", "type": 2, "value": 4}, {"box": [281, 810, 368, 831], "text": "R. E. KLEIN", "type": 2, "value": 4}, {"box": [56, 911, 676, 957], "text": "IF ANY OF THESE PAGES ARE NOT LEGIBLE OR YOU DO NOT RECEIVE ALL OF THIS TRANSMISSION, PLEASE CALL (000) 000 0000 AS SOON AS POSSIBLE.", "type": 2, "value": 8}]}