{"img_shape": [1000, 754], "lines": [{"box": [55, 108, 83, 126], "text": "TO:", "type": 2, "value": 2}, {"box": [55, 148, 105, 166], "text": "FROM:", "type": 2, "value": 2}, {"box": [528, 111, 573, 126], "text": "DATE", "type": 2, "value": 2}, {"box": [277, 409, 343, 424], "text": "COUNTER", "type": 2, "value": 2}, {"box": [289, 463, 342, 476], "text": "POSTER", "type": 2, "value": 2}, {"box": [296, 435, 341, 450], "text": "FLOOR", "type": 2, "value": 2}, {"box": [161, 495, 201, 512], "text": "DATE:", "type": 2, "value": 2}, {"box": [203, 497, 241, 509], "text": "FROM", "type": 2, "value": 4}, {"box": [349, 498, 376, 508], "text": "TO", "type": 2, "value": 4}, {"box": [259, 281, 296, 294], "text": "TRUE", "type": 2, "value": 4}, {"box": [394, 711, 450, 726], "text": "PACKING", "type": 2, "value": 6}, {"box": [150, 713, 210, 725], "text": "PACKING", "type": 2, "value": 6}, {"box": [349, 666, 384, 683], "text": "TRUE", "type": 2, "value": 2}, {"box": [61, 834, 154, 846], "text": "MERCHANDISE:", "type": 2, "value": 6}, {"box": [570, 895, 600, 908], "text": "Date:", "type": 2, "value": 2}, {"box": [643, 784, 670, 852], "text": "00000000", "type": 2, "value": 8}, {"box": [183, 184, 543, 231], "text": "TRUE $0.00 CARTON COUPON PROMOTION", "type": 2, "value": 6}, {"box": [103, 254, 254, 269], "text": "PROMOTIONAL PERIOD:", "type": 2, "value": 2}, {"box": [128, 266, 251, 281], "text": "CONSUMER OFFER:", "type": 2, "value": 2}, {"box": [135, 281, 254, 294], "text": "DISPLAY BRANDS:", "type": 2, "value": 2}, {"box": [110, 292, 253, 309], "text": "DISPLAY AGREEMENT:", "type": 2, "value": 2}, {"box": [264, 252, 354, 269], "text": "May- June 0000", "type": 2, "value": 4}, {"box": [261, 267, 492, 282], "text": "$0 Off Store Redeemable Carton Coupon", "type": 2, "value": 4}, {"box": [261, 292, 627, 336], "text": "Lorillard Representative will supply all display materials and assemble display. Display containing deals will be placed on a self- service basis for a two- week period.", "type": 2, "value": 4}, {"box": [148, 352, 360, 369], "text": "AUTHORIZATION FOR PLACEMENT", "type": 2, "value": 8}, {"box": [392, 377, 480, 394], "text": "NO. CARTONS", "type": 2, "value": 2}, {"box": [251, 379, 343, 394], "text": "TYPE DISPLAY", "type": 2, "value": 6}, {"box": [485, 462, 575, 479], "text": "\u2611 if approved)", "type": 2, "value": 8}, {"box": [58, 543, 212, 558], "text": "STORES PARTICIPATING:", "type": 2, "value": 2}, {"box": [61, 628, 663, 657], "text": "THE FOLLOWING QUANTITY OF TRUE CARTONS MUST BE AVAILABLE FOR THE LORILLARD SALES REPRESENTATIVE TO ASSEMBLE THE DISPLAY ON THE DATE INDICATED ABOVE,", "type": 2, "value": 8}, {"box": [254, 698, 337, 726], "text": "NUMBER OF CARTONS", "type": 2, "value": 2}, {"box": [510, 698, 591, 724], "text": "NUMBER OF CARTONS", "type": 2, "value": 2}, {"box": [141, 739, 214, 754], "text": "FILTER K.S.", "type": 2, "value": 2}, {"box": [140, 766, 219, 781], "text": "FILTER 000's", "type": 2, "value": 2}, {"box": [145, 792, 214, 816], "text": "BOX 00's WHERE AVAILABLE", "type": 2, "value": 2}, {"box": [379, 739, 470, 754], "text": "MENTHOL K.S.", "type": 2, "value": 2}, {"box": [375, 766, 472, 781], "text": "MENTHOL 000's", "type": 2, "value": 2}, {"box": [387, 792, 459, 814], "text": "BOX 000's (WHERE AVAILABLE)", "type": 2, "value": 2}, {"box": [105, 854, 368, 867], "text": "WILL BE ARBITRARILY SHIPPED TO STORE.", "type": 2, "value": 2}, {"box": [105, 872, 324, 887], "text": "ORDER THROUGH YOUR SUPPLIER.", "type": 2, "value": 2}, {"box": [61, 899, 141, 914], "text": "Authorized by:", "type": 2, "value": 2}]}