{"img_shape": [1000, 754], "lines": [{"box": [106, 170, 147, 185], "text": "FROM:", "type": 2, "value": 2}, {"box": [106, 203, 127, 216], "text": "TO:", "type": 2, "value": 2}, {"box": [108, 233, 129, 248], "text": "CC:", "type": 2, "value": 2}, {"box": [300, 295, 335, 309], "text": "KENT", "type": 2, "value": 4}, {"box": [358, 358, 366, 371], "text": "0", "type": 2, "value": 4}, {"box": [108, 325, 146, 339], "text": "MEDIA", "type": 2, "value": 2}, {"box": [105, 489, 183, 504], "text": "CIRCULATION", "type": 2, "value": 2}, {"box": [525, 774, 586, 799], "text": "00000", "type": 2, "value": 4}, {"box": [538, 797, 574, 812], "text": "000", "type": 2, "value": 4}, {"box": [543, 811, 582, 828], "text": "000", "type": 2, "value": 4}, {"box": [675, 809, 693, 879], "text": "00000000", "type": 2, "value": 8}, {"box": [303, 142, 519, 158], "text": "COUPON CODE REGISTRATION FORM", "type": 2, "value": 6}, {"box": [155, 172, 229, 186], "text": "THOM SMITH", "type": 2, "value": 4}, {"box": [141, 203, 223, 217], "text": "VINCE LOSITO", "type": 2, "value": 4}, {"box": [141, 232, 655, 249], "text": "D. WEST, L. GIORDANO, V. LINDSLEY, A. SADOVNICK S. RAPISARLDI B. DAVIN. A. Pasheluk", "type": 2, "value": 4}, {"box": [300, 264, 658, 283], "text": "KENT HEAVY UP TEST DIRECT MAIL CPNS New Names", "type": 2, "value": 8}, {"box": [106, 295, 246, 310], "text": "BRANDS(S) APPLICABLE", "type": 2, "value": 2}, {"box": [300, 325, 377, 339], "text": "DIRECT MAIL", "type": 2, "value": 4}, {"box": [105, 355, 250, 372], "text": "ISSUE FREQUENCY/ YEAR", "type": 2, "value": 2}, {"box": [106, 387, 189, 401], "text": "SPACE/ COLOR", "type": 2, "value": 2}, {"box": [106, 416, 229, 431], "text": "COUPON ISSUE DATE", "type": 2, "value": 2}, {"box": [105, 444, 261, 460], "text": "COUPON EXPIRATION DATE", "type": 2, "value": 2}, {"box": [302, 416, 347, 431], "text": "00/ 00/ 00", "type": 2, "value": 4}, {"box": [300, 446, 346, 461], "text": "00/ 00/ 00", "type": 2, "value": 4}, {"box": [105, 535, 245, 550], "text": "GEOGRAPHICAL AREA(S)", "type": 2, "value": 2}, {"box": [299, 538, 398, 553], "text": "Regions 00, 00, 00", "type": 2, "value": 4}, {"box": [105, 564, 195, 582], "text": "COUPON VALUE", "type": 2, "value": 2}, {"box": [297, 567, 407, 584], "text": "$0 off 0 Pcks or Crtn", "type": 2, "value": 4}, {"box": [103, 596, 235, 613], "text": "PACK AND OR/ CARTON", "type": 2, "value": 2}, {"box": [297, 595, 400, 613], "text": "PACK OR CARTON", "type": 2, "value": 4}, {"box": [102, 628, 286, 643], "text": "ADVERTISING CREATIVE THEME", "type": 2, "value": 2}, {"box": [102, 658, 250, 673], "text": "SIGNATURE OF INITIATOR", "type": 2, "value": 2}, {"box": [342, 617, 528, 697], "text": "", "type": 2, "value": 4}, {"box": [297, 689, 331, 707], "text": "0/ 0/ 00", "type": 2, "value": 4}, {"box": [102, 689, 192, 704], "text": "DATE INITIATED", "type": 2, "value": 2}, {"box": [103, 718, 274, 733], "text": "ANALYTICAL REQUIREMENTS:", "type": 2, "value": 6}, {"box": [299, 750, 447, 764], "text": "FOR CONTROL USE ONLY:", "type": 2, "value": 2}, {"box": [297, 779, 398, 794], "text": "CODE ASSIGNED:", "type": 2, "value": 2}, {"box": [297, 796, 377, 810], "text": "JOB NUMBER:", "type": 2, "value": 2}, {"box": [297, 807, 407, 823], "text": "EST. REDEMPTION:", "type": 2, "value": 2}]}