{"img_shape": [1000, 754], "lines": [{"box": [96, 115, 120, 130], "text": "TO:", "type": 2, "value": 2}, {"box": [96, 141, 141, 158], "text": "FROM:", "type": 2, "value": 2}, {"box": [96, 193, 160, 211], "text": "SUBJECT:", "type": 2, "value": 2}, {"box": [687, 767, 700, 834], "text": "00000000", "type": 2, "value": 8}, {"box": [487, 119, 624, 133], "text": "SUBMISSION DATE", "type": 2, "value": 6}, {"box": [451, 145, 548, 163], "text": "MAY 00 \u2610", "type": 2, "value": 2}, {"box": [451, 165, 548, 185], "text": "JUN 00 \u2610", "type": 2, "value": 2}, {"box": [580, 147, 669, 164], "text": "AUG 00 \u2610", "type": 2, "value": 2}, {"box": [580, 165, 669, 186], "text": "OCT 00 \u2610", "type": 2, "value": 2}, {"box": [184, 196, 490, 213], "text": "MAVERICK SPECIALS- PROGRESS REPORT", "type": 2, "value": 4}, {"box": [186, 116, 261, 130], "text": "R. B. SPELL", "type": 2, "value": 4}, {"box": [95, 270, 242, 287], "text": "EFFECTIVENESS OF:", "type": 2, "value": 2}, {"box": [254, 270, 623, 291], "text": "Pre- Sell Booklet /Coupon Maverick /Harley B0 G0 F", "type": 2, "value": 4}, {"box": [101, 292, 264, 311], "text": "(Report on May 00 only)", "type": 2, "value": 8}, {"box": [95, 313, 164, 327], "text": "PRE- SELL", "type": 2, "value": 2}, {"box": [94, 457, 232, 474], "text": "BOOKLET/ COUPON", "type": 2, "value": 2}, {"box": [94, 605, 278, 620], "text": "MAVERICK/ HARLEY B0 G0 F", "type": 2, "value": 2}, {"box": [102, 746, 380, 761], "text": "COMPETITIVE PROMOTIONAL ACTIVITY", "type": 2, "value": 2}, {"box": [99, 764, 263, 781], "text": "(Report on May 00 only)", "type": 2, "value": 8}, {"box": [94, 786, 661, 806], "text": "Average Coupon Buydown Value On Targeted Brands (Doral/ Basic/ Monarch/ Cambridge/ GPC", "type": 2, "value": 6}, {"box": [216, 820, 376, 840], "text": "PACKS \u2610", "type": 2, "value": 2}, {"box": [218, 852, 377, 871], "text": "CARTONS \u2610", "type": 2, "value": 2}, {"box": [649, 908, 691, 922], "text": "0 of 0", "type": 2, "value": 8}]}