{"img_shape": [1000, 802], "lines": [{"box": [138, 178, 216, 191], "text": "DIVISION:", "type": 2, "value": 2}, {"box": [512, 275, 535, 288], "text": "00%", "type": 2, "value": 4}, {"box": [520, 320, 536, 333], "text": "0%", "type": 2, "value": 4}, {"box": [607, 291, 624, 303], "text": "0%", "type": 2, "value": 4}, {"box": [601, 305, 622, 317], "text": "00%", "type": 2, "value": 4}, {"box": [600, 334, 635, 347], "text": "000%", "type": 2, "value": 4}, {"box": [346, 482, 357, 494], "text": "0", "type": 2, "value": 4}, {"box": [442, 481, 460, 492], "text": "0%", "type": 2, "value": 4}, {"box": [345, 498, 358, 509], "text": "0", "type": 2, "value": 4}, {"box": [439, 496, 457, 508], "text": "0%", "type": 2, "value": 4}, {"box": [333, 513, 356, 525], "text": "000", "type": 2, "value": 4}, {"box": [434, 512, 456, 524], "text": "00%", "type": 2, "value": 4}, {"box": [340, 529, 355, 539], "text": "00", "type": 2, "value": 4}, {"box": [433, 528, 455, 538], "text": "00%", "type": 2, "value": 4}, {"box": [430, 556, 462, 568], "text": "000%", "type": 2, "value": 4}, {"box": [432, 543, 455, 554], "text": "00%", "type": 2, "value": 4}, {"box": [339, 544, 357, 553], "text": "00", "type": 2, "value": 4}, {"box": [333, 555, 353, 567], "text": "000", "type": 2, "value": 4}, {"box": [368, 618, 416, 625], "text": "Liquor", "type": 2, "value": 4}, {"box": [202, 542, 263, 555], "text": "ANNUALS", "type": 2, "value": 2}, {"box": [203, 555, 248, 568], "text": "TOTAL", "type": 2, "value": 2}, {"box": [425, 452, 435, 467], "text": "%", "type": 2, "value": 2}, {"box": [698, 801, 717, 873], "text": "00000000", "type": 2, "value": 8}, {"box": [301, 67, 541, 114], "text": "URBAN CENTER INITIATIVE ASSIGNMENT PROFILE", "type": 2, "value": 6}, {"box": [99, 20, 209, 33], "text": "00/00/00 00:00", "type": 2, "value": 8}, {"box": [237, 19, 334, 34], "text": "000 000 0000", "type": 2, "value": 8}, {"box": [404, 16, 492, 29], "text": "LORILLARD CHI", "type": 2, "value": 8}, {"box": [667, 7, 738, 25], "text": "000/000 ", "type": 2, "value": 8}, {"box": [245, 175, 343, 188], "text": "Chicago South", "type": 2, "value": 4}, {"box": [136, 199, 668, 236], "text": "LIST THE INFORMATION BELOW AS IT PERTAINS TO THE URBAN CENTER PORTION OF YOUR ASSIGNMENT ONLY:", "type": 2, "value": 2}, {"box": [138, 249, 341, 261], "text": "POPULATION COMPOSITION:", "type": 2, "value": 6}, {"box": [231, 279, 314, 291], "text": "% BLACK =", "type": 2, "value": 2}, {"box": [234, 293, 341, 306], "text": "% HISPANIC =", "type": 2, "value": 2}, {"box": [237, 309, 324, 321], "text": "% WHITE =", "type": 2, "value": 2}, {"box": [234, 321, 316, 336], "text": "% OTHER ", "type": 2, "value": 2}, {"box": [235, 337, 315, 350], "text": "% TOTAL =", "type": 2, "value": 2}, {"box": [138, 366, 298, 382], "text": "% OF RETAIL CALLS:", "type": 2, "value": 2}, {"box": [332, 364, 451, 379], "text": "000- classifIed", "type": 2, "value": 4}, {"box": [341, 381, 423, 394], "text": "00- annual", "type": 2, "value": 4}, {"box": [138, 392, 544, 409], "text": "APPROXIMATE % OF RETAIL CALLS SECURED BY GLASS:", "type": 2, "value": 2}, {"box": [567, 392, 677, 405], "text": "00% (000 calls)", "type": 2, "value": 4}, {"box": [139, 425, 332, 438], "text": "RETAIL CALL FREQUENCY:", "type": 2, "value": 2}, {"box": [314, 453, 374, 467], "text": "# CALLS", "type": 2, "value": 2}, {"box": [220, 485, 266, 497], "text": "00/ YR", "type": 2, "value": 2}, {"box": [218, 493, 264, 511], "text": "00/ YR", "type": 2, "value": 2}, {"box": [220, 513, 264, 526], "text": "00/ YR", "type": 2, "value": 2}, {"box": [227, 529, 268, 542], "text": "0/ YR", "type": 2, "value": 2}, {"box": [140, 585, 340, 598], "text": "PRIMARY CLASS OF TRADE:", "type": 2, "value": 2}, {"box": [362, 584, 503, 597], "text": "Convenience/ Grocery", "type": 2, "value": 4}, {"box": [141, 615, 358, 628], "text": "SECONDARY CLASS OF TRADE:", "type": 2, "value": 2}, {"box": [140, 654, 710, 670], "text": "PRIMARY DISTRIBUTION CHANNEL (E. G. JOBBER, SUB- JOBBER MEMBERSHIP", "type": 2, "value": 2}, {"box": [142, 672, 382, 686], "text": "CLUB, CASH & CARRY, ETC...):", "type": 2, "value": 2}, {"box": [411, 670, 567, 685], "text": "*Jobber/ Membership", "type": 2, "value": 4}, {"box": [143, 699, 690, 757], "text": "* A number of stores are part of an Arab owned collective that gets a large order delivered from a jobber and then distributes the cigarettes to each store.", "type": 2, "value": 8}]}