{"img_shape": [1000, 754], "lines": [{"box": [105, 134, 158, 149], "text": "Location", "type": 2, "value": 2}, {"box": [425, 130, 475, 145], "text": "Division", "type": 2, "value": 2}, {"box": [432, 226, 502, 243], "text": "Invitations:", "type": 2, "value": 6}, {"box": [103, 254, 139, 269], "text": "Mugs", "type": 2, "value": 2}, {"box": [105, 300, 157, 315], "text": "Posters", "type": 2, "value": 2}, {"box": [177, 251, 205, 264], "text": "000", "type": 2, "value": 4}, {"box": [186, 268, 203, 282], "text": "00", "type": 2, "value": 4}, {"box": [184, 286, 204, 297], "text": "00", "type": 2, "value": 4}, {"box": [179, 299, 206, 310], "text": "000", "type": 2, "value": 4}, {"box": [547, 250, 568, 263], "text": "00", "type": 2, "value": 4}, {"box": [527, 281, 586, 295], "text": "Unknown", "type": 2, "value": 4}, {"box": [433, 253, 517, 268], "text": "#Requested", "type": 2, "value": 2}, {"box": [105, 327, 133, 341], "text": "Date", "type": 2, "value": 2}, {"box": [138, 324, 174, 342], "text": "Rec'd", "type": 2, "value": 2}, {"box": [384, 365, 452, 380], "text": "Attendees:", "type": 2, "value": 6}, {"box": [106, 387, 155, 402], "text": "Counter", "type": 2, "value": 2}, {"box": [105, 406, 139, 419], "text": "Floor", "type": 2, "value": 2}, {"box": [102, 420, 152, 433], "text": "Posters", "type": 2, "value": 2}, {"box": [201, 388, 221, 401], "text": "00", "type": 2, "value": 4}, {"box": [205, 408, 219, 418], "text": "0", "type": 2, "value": 4}, {"box": [193, 419, 222, 434], "text": "000", "type": 2, "value": 4}, {"box": [534, 384, 554, 397], "text": "00", "type": 2, "value": 4}, {"box": [535, 402, 555, 412], "text": "00", "type": 2, "value": 4}, {"box": [535, 418, 553, 431], "text": "00", "type": 2, "value": 4}, {"box": [176, 647, 212, 662], "text": "Food", "type": 2, "value": 2}, {"box": [177, 662, 248, 675], "text": "Cleanliness", "type": 2, "value": 2}, {"box": [175, 676, 228, 690], "text": "Service", "type": 2, "value": 2}, {"box": [338, 690, 366, 703], "text": "Fair", "type": 2, "value": 8}, {"box": [464, 689, 514, 706], "text": "Average", "type": 2, "value": 8}, {"box": [475, 641, 493, 656], "text": "X", "type": 2, "value": 4}, {"box": [616, 659, 627, 674], "text": "X", "type": 2, "value": 4}, {"box": [616, 675, 631, 688], "text": "X", "type": 2, "value": 4}, {"box": [598, 687, 657, 700], "text": "Excellent", "type": 2, "value": 8}, {"box": [155, 884, 177, 901], "text": "cc:", "type": 2, "value": 2}, {"box": [675, 777, 690, 847], "text": "00000000", "type": 2, "value": 8}, {"box": [190, 321, 207, 339], "text": "0/", "type": 2, "value": 4}, {"box": [211, 321, 233, 341], "text": "00/", "type": 2, "value": 4}, {"box": [235, 321, 250, 339], "text": "00", "type": 2, "value": 4}, {"box": [244, 101, 516, 117], "text": "NEWPORT RACING EVENT SURVEY", "type": 2, "value": 6}, {"box": [176, 133, 381, 148], "text": "Leguna Seca, Monterey, Ca", "type": 2, "value": 4}, {"box": [518, 126, 618, 147], "text": "San Jose/ 000", "type": 2, "value": 4}, {"box": [517, 161, 616, 175], "text": "T. L. Roberts", "type": 2, "value": 4}, {"box": [105, 161, 155, 181], "text": "Date (s)", "type": 2, "value": 2}, {"box": [177, 159, 324, 177], "text": "September 00, 0000", "type": 2, "value": 4}, {"box": [425, 158, 503, 178], "text": "Division Mgr", "type": 2, "value": 2}, {"box": [284, 187, 384, 206], "text": "Date Submitted", "type": 2, "value": 2}, {"box": [388, 182, 533, 199], "text": "September 00 0000", "type": 2, "value": 4}, {"box": [311, 204, 471, 221], "text": "(submit by 00 days after event)", "type": 2, "value": 4}, {"box": [102, 230, 233, 245], "text": "Promotion Quantity:", "type": 2, "value": 6}, {"box": [105, 267, 178, 287], "text": "Displays (0)", "type": 2, "value": 2}, {"box": [103, 286, 170, 299], "text": "Floor (00)", "type": 2, "value": 2}, {"box": [434, 268, 520, 282], "text": "Date Notified", "type": 2, "value": 2}, {"box": [433, 282, 518, 299], "text": "Date Ordered", "type": 2, "value": 2}, {"box": [434, 323, 501, 341], "text": "Date Rec'd", "type": 2, "value": 2}, {"box": [532, 267, 586, 284], "text": "0/ 0/ 00", "type": 2, "value": 4}, {"box": [520, 321, 566, 340], "text": "0/ 0/ 00", "type": 2, "value": 4}, {"box": [105, 363, 226, 381], "text": "#Displays Placed:", "type": 2, "value": 6}, {"box": [384, 385, 512, 405], "text": "#Customers Invited", "type": 2, "value": 2}, {"box": [383, 404, 528, 418], "text": "#Customers Attended", "type": 2, "value": 2}, {"box": [383, 418, 520, 435], "text": "#Lorillard Personnel", "type": 2, "value": 2}, {"box": [106, 450, 236, 465], "text": "Invitees' Comments:", "type": 2, "value": 2}, {"box": [109, 462, 694, 499], "text": "\"Thank You very much for the tickets, we had a great time\" Rogers Liquor, Marina California.", "type": 2, "value": 4}, {"box": [106, 493, 676, 527], "text": "\"We really appreciate Lorillard thinking us.\" Shiffert's Wholesale, Visalia, California.", "type": 2, "value": 4}, {"box": [108, 524, 675, 558], "text": "\"Thank you so much for the invitations... We had a great time.\" Mission Trail Oil Company (Rotten Robbie Stores) San Jose California.", "type": 2, "value": 4}, {"box": [106, 556, 641, 589], "text": "\"The races were great the Newport Hospitality area was terrific\". Coremark, Sacramento, California.", "type": 2, "value": 4}, {"box": [105, 601, 201, 616], "text": "Race Day Info:", "type": 2, "value": 2}, {"box": [230, 598, 643, 617], "text": "Event Attendance 000, 000 Hospitality Tent Attendance 00- 00", "type": 2, "value": 4}, {"box": [106, 628, 274, 646], "text": "Quality of Hospitality Tent:", "type": 2, "value": 6}, {"box": [106, 718, 324, 736], "text": "Suggestions/ Recommendations:", "type": 2, "value": 2}, {"box": [148, 733, 673, 781], "text": "Perhaps the tickets could be sent but a little sooner This year the tickets arrived on Thursday and the race was Sunday. This made it difficult to get the tickets to customers on tine.", "type": 2, "value": 4}, {"box": [191, 887, 284, 902], "text": "R. P. Bonomo", "type": 2, "value": 4}]}