{"img_shape": [1000, 754], "lines": [{"box": [341, 110, 400, 124], "text": "LORILLARD", "type": 2, "value": 6}, {"box": [473, 204, 507, 218], "text": "DATE", "type": 2, "value": 2}, {"box": [115, 286, 161, 303], "text": "SCOPE:", "type": 2, "value": 6}, {"box": [115, 309, 185, 329], "text": "*EXPLAIN:", "type": 2, "value": 2}, {"box": [233, 285, 265, 299], "text": "AREA", "type": 2, "value": 2}, {"box": [318, 285, 368, 298], "text": "REGION", "type": 2, "value": 2}, {"box": [420, 282, 487, 297], "text": "DIVISION", "type": 2, "value": 2}, {"box": [549, 279, 598, 296], "text": "OTHER*", "type": 2, "value": 2}, {"box": [550, 374, 623, 389], "text": "EXCELLENT", "type": 2, "value": 2}, {"box": [552, 413, 623, 427], "text": "EXCELLENT", "type": 2, "value": 2}, {"box": [552, 453, 623, 468], "text": "EXCELLENT", "type": 2, "value": 2}, {"box": [552, 492, 626, 507], "text": "EXCELLENT", "type": 2, "value": 2}, {"box": [476, 374, 511, 389], "text": "GOOD", "type": 2, "value": 2}, {"box": [478, 415, 512, 429], "text": "GOOD", "type": 2, "value": 2}, {"box": [479, 454, 511, 469], "text": "GOOD", "type": 2, "value": 2}, {"box": [479, 493, 514, 508], "text": "GOOD", "type": 2, "value": 2}, {"box": [337, 377, 368, 391], "text": "POOR", "type": 2, "value": 2}, {"box": [408, 415, 440, 432], "text": "FAIR", "type": 2, "value": 2}, {"box": [408, 376, 439, 391], "text": "FAIR", "type": 2, "value": 2}, {"box": [337, 416, 369, 430], "text": "POOR", "type": 2, "value": 2}, {"box": [338, 457, 370, 471], "text": "POOR", "type": 2, "value": 2}, {"box": [406, 455, 440, 470], "text": "FAIR", "type": 2, "value": 2}, {"box": [409, 494, 440, 509], "text": "FAIR", "type": 2, "value": 2}, {"box": [338, 494, 370, 509], "text": "POOR", "type": 2, "value": 2}, {"box": [117, 535, 188, 552], "text": "COMMENTS:", "type": 2, "value": 2}, {"box": [123, 708, 193, 725], "text": "*EXPLAIN:", "type": 2, "value": 2}, {"box": [412, 679, 434, 693], "text": "YES", "type": 2, "value": 2}, {"box": [499, 679, 523, 693], "text": "NO*", "type": 2, "value": 2}, {"box": [508, 758, 523, 771], "text": "NO", "type": 2, "value": 2}, {"box": [420, 758, 444, 773], "text": "YES", "type": 2, "value": 2}, {"box": [648, 784, 662, 844], "text": "00000000", "type": 2, "value": 8}, {"box": [180, 236, 195, 247], "text": "00", "type": 2, "value": 4}, {"box": [518, 284, 532, 295], "text": "x", "type": 2, "value": 4}, {"box": [318, 416, 329, 430], "text": "x", "type": 2, "value": 4}, {"box": [321, 457, 329, 468], "text": "x", "type": 2, "value": 4}, {"box": [321, 494, 331, 505], "text": "x", "type": 2, "value": 4}, {"box": [387, 680, 398, 693], "text": "X", "type": 2, "value": 4}, {"box": [487, 758, 497, 769], "text": "x", "type": 2, "value": 4}, {"box": [66, 109, 164, 122], "text": "00 /00 /00 00 00:00:00", "type": 2, "value": 8}, {"box": [187, 109, 268, 122], "text": "000 0000000", "type": 2, "value": 8}, {"box": [587, 108, 642, 123], "text": "000 /000", "type": 2, "value": 8}, {"box": [258, 151, 479, 167], "text": "SPECIAL PROMOTION EVALUATION", "type": 2, "value": 6}, {"box": [120, 193, 228, 207], "text": "00/ 00/ 000000 & 000000", "type": 2, "value": 4}, {"box": [112, 208, 274, 222], "text": "AREA REGION DIVISION", "type": 2, "value": 2}, {"box": [434, 190, 473, 205], "text": "0/ 0 /00", "type": 2, "value": 4}, {"box": [112, 233, 172, 250], "text": "PROMO #", "type": 2, "value": 2}, {"box": [327, 229, 473, 247], "text": "PROMOTIONAL PERIOD:", "type": 2, "value": 2}, {"box": [494, 229, 588, 244], "text": "June /July 0000", "type": 2, "value": 4}, {"box": [115, 261, 201, 275], "text": "ITEM/ BRAND", "type": 2, "value": 2}, {"box": [211, 258, 334, 273], "text": "Newport Sunglasses", "type": 2, "value": 4}, {"box": [194, 311, 353, 327], "text": "Newport Special Emphasis", "type": 2, "value": 4}, {"box": [116, 377, 250, 392], "text": "CHAIN ACCEPTANCE:", "type": 2, "value": 6}, {"box": [260, 376, 281, 391], "text": "N/ A", "type": 2, "value": 8}, {"box": [117, 416, 299, 433], "text": "INDEPENDENT ACCEPTANCE:", "type": 2, "value": 6}, {"box": [117, 457, 274, 471], "text": "CONSUMER ACCEPTANCE:", "type": 2, "value": 6}, {"box": [119, 496, 258, 513], "text": "EFFICIENCY RATING:", "type": 2, "value": 6}, {"box": [203, 531, 599, 548], "text": "Premiums packaged to large to store on a van. Could not get", "type": 2, "value": 4}, {"box": [120, 560, 606, 601], "text": "enough on a van to sell all day. Retailers only accepted small quantities of deals. Consumers perceived value and not meet expectations.", "type": 2, "value": 4}, {"box": [303, 651, 576, 668], "text": "00, 000 (Indy East & West) NO SHOW SAMPLES", "type": 2, "value": 4}, {"box": [122, 654, 293, 669], "text": "#ITEMS/ DEALS RECEIVED:", "type": 2, "value": 2}, {"box": [120, 680, 343, 696], "text": "WERE QUANTITIES APPROPRIATE?", "type": 2, "value": 6}, {"box": [214, 704, 581, 722], "text": "Chain stores will not accept multiple Newport Promotions", "type": 2, "value": 4}, {"box": [123, 735, 322, 750], "text": "(Tier system) at the same time.", "type": 2, "value": 4}, {"box": [122, 758, 349, 778], "text": "SHOULD PROMOTION BE REPEATED?", "type": 2, "value": 6}, {"box": [123, 788, 238, 803], "text": "IF NO, EXPLAIN:", "type": 2, "value": 2}, {"box": [247, 784, 587, 799], "text": "This model/ type of sunglass was not received well at", "type": 2, "value": 4}, {"box": [123, 813, 265, 826], "text": "consumer/ retail level.", "type": 2, "value": 4}, {"box": [123, 838, 336, 855], "text": "IF YES, CAN IT BE IMPROVED?", "type": 2, "value": 2}, {"box": [345, 835, 612, 851], "text": "Velcro on strap did not hold. Two right", "type": 2, "value": 4}, {"box": [126, 860, 418, 879], "text": "sides of velcro on same glass did not adhere.", "type": 2, "value": 4}, {"box": [591, 881, 648, 961], "text": "R 0 00", "type": 2, "value": 8}]}