{"img_shape": [1000, 754], "lines": [{"box": [340, 110, 405, 128], "text": "LORILLARD", "type": 2, "value": 8}, {"box": [468, 190, 509, 204], "text": "DATE", "type": 2, "value": 2}, {"box": [184, 219, 208, 234], "text": "00", "type": 2, "value": 4}, {"box": [99, 274, 149, 296], "text": "SCOPE:", "type": 2, "value": 6}, {"box": [221, 274, 261, 291], "text": "AREA", "type": 2, "value": 2}, {"box": [308, 269, 363, 289], "text": "REGION", "type": 2, "value": 2}, {"box": [410, 268, 483, 285], "text": "DIVISION", "type": 2, "value": 2}, {"box": [513, 262, 534, 281], "text": "x", "type": 2, "value": 4}, {"box": [328, 361, 368, 385], "text": "POOR", "type": 2, "value": 2}, {"box": [400, 360, 439, 381], "text": "FAIR", "type": 2, "value": 2}, {"box": [476, 358, 509, 383], "text": "GOOD", "type": 2, "value": 2}, {"box": [546, 356, 623, 376], "text": "EXCELLENT", "type": 2, "value": 2}, {"box": [328, 406, 366, 423], "text": "POOR", "type": 2, "value": 2}, {"box": [334, 442, 367, 463], "text": "POOR", "type": 2, "value": 2}, {"box": [330, 483, 369, 504], "text": "POOR", "type": 2, "value": 2}, {"box": [403, 402, 438, 422], "text": "FAIR", "type": 2, "value": 2}, {"box": [401, 441, 439, 461], "text": "FAIR", "type": 2, "value": 2}, {"box": [406, 482, 441, 502], "text": "FAIR", "type": 2, "value": 2}, {"box": [474, 399, 511, 419], "text": "GOOD", "type": 2, "value": 2}, {"box": [479, 439, 514, 460], "text": "GOOD", "type": 2, "value": 2}, {"box": [480, 479, 514, 499], "text": "GOOD", "type": 2, "value": 2}, {"box": [547, 397, 627, 417], "text": "EXCELLENT", "type": 2, "value": 2}, {"box": [546, 436, 627, 456], "text": "EXCELLENT", "type": 2, "value": 2}, {"box": [552, 479, 627, 498], "text": "EXCELLENT", "type": 2, "value": 2}, {"box": [383, 401, 401, 418], "text": "x", "type": 2, "value": 4}, {"box": [382, 439, 397, 460], "text": "x", "type": 2, "value": 4}, {"box": [382, 481, 400, 499], "text": "x", "type": 2, "value": 4}, {"box": [329, 637, 376, 656], "text": "00000", "type": 2, "value": 4}, {"box": [380, 666, 400, 685], "text": "x", "type": 2, "value": 4}, {"box": [387, 743, 402, 762], "text": "x", "type": 2, "value": 4}, {"box": [407, 666, 439, 683], "text": "YES", "type": 2, "value": 2}, {"box": [415, 744, 448, 765], "text": "YES", "type": 2, "value": 2}, {"box": [507, 742, 528, 761], "text": "NO", "type": 2, "value": 2}, {"box": [630, 829, 648, 895], "text": "00000000", "type": 2, "value": 8}, {"box": [250, 364, 263, 381], "text": "N/", "type": 2, "value": 8}, {"box": [263, 367, 281, 382], "text": "A", "type": 2, "value": 8}, {"box": [496, 665, 527, 683], "text": "NO*", "type": 2, "value": 2}, {"box": [110, 702, 187, 719], "text": "*EXPLAIN:", "type": 2, "value": 2}, {"box": [104, 525, 184, 549], "text": "COMMENTS:", "type": 2, "value": 2}, {"box": [545, 263, 596, 284], "text": "OTHER*", "type": 2, "value": 2}, {"box": [106, 301, 174, 321], "text": "*EXPLAIN:", "type": 2, "value": 2}, {"box": [64, 114, 167, 130], "text": "00/ 00/ 00 00: 00", "type": 2, "value": 8}, {"box": [186, 111, 281, 130], "text": "000 000 0000", "type": 2, "value": 8}, {"box": [443, 108, 543, 128], "text": "NYO SLS GEN", "type": 2, "value": 8}, {"box": [580, 108, 644, 125], "text": "00 /000", "type": 2, "value": 8}, {"box": [248, 134, 474, 158], "text": "SPECIAL PROMOTION EVALUATION", "type": 2, "value": 6}, {"box": [454, 166, 502, 191], "text": "0 /0 /00", "type": 2, "value": 4}, {"box": [93, 192, 265, 217], "text": "AREA/ REGION/ DIVISION", "type": 2, "value": 2}, {"box": [111, 182, 186, 197], "text": "0 00", "type": 2, "value": 4}, {"box": [97, 223, 161, 245], "text": "PROMO #", "type": 2, "value": 2}, {"box": [317, 213, 471, 239], "text": "PROMOTIONAL PERIOD:", "type": 2, "value": 2}, {"box": [508, 203, 572, 227], "text": "June/ July", "type": 2, "value": 4}, {"box": [100, 246, 188, 270], "text": "ITEM/ BRAND:", "type": 2, "value": 2}, {"box": [218, 238, 362, 263], "text": "Sunglasses / Newport", "type": 2, "value": 4}, {"box": [197, 297, 343, 318], "text": "Special Emphasis Calls", "type": 2, "value": 4}, {"box": [100, 364, 242, 389], "text": "CHAIN ACCEPTANCE:", "type": 2, "value": 6}, {"box": [101, 407, 293, 428], "text": "INDEPENDENT ACCEPTANCE:", "type": 2, "value": 6}, {"box": [106, 439, 269, 468], "text": "CONSUMER ACCEPTANCE:", "type": 2, "value": 6}, {"box": [105, 482, 254, 508], "text": "EFFICIENCY RATING:", "type": 2, "value": 6}, {"box": [195, 517, 590, 540], "text": "This item was perceived by retailers and consumers as a low", "type": 2, "value": 4}, {"box": [107, 541, 590, 594], "text": "quality item. Several Sales Reps reported that on occasion our consumers would pass up the deal or leave the glasses in the store.", "type": 2, "value": 4}, {"box": [112, 645, 290, 663], "text": "#ITEMS/ DEALS RECEIVED:", "type": 2, "value": 2}, {"box": [110, 669, 339, 690], "text": "WERE QUANTITIES APPROPRIATE?", "type": 2, "value": 6}, {"box": [111, 749, 349, 771], "text": "SHOULD PROMOTION BE REPEATED", "type": 2, "value": 6}, {"box": [113, 776, 233, 796], "text": "IF NO, EXPLAIN:", "type": 2, "value": 2}, {"box": [113, 828, 334, 851], "text": "IF YES, CAN IT BE IMPROVED?", "type": 2, "value": 2}, {"box": [353, 818, 630, 840], "text": "The Promotion can be improved by upgrading", "type": 2, "value": 4}, {"box": [116, 854, 315, 874], "text": "the quality of the sunglasses", "type": 2, "value": 4}]}