{"img_shape": [1000, 754], "lines": [{"box": [94, 225, 122, 242], "text": "TO:", "type": 2, "value": 2}, {"box": [95, 256, 142, 273], "text": "FROM:", "type": 2, "value": 2}, {"box": [96, 288, 137, 302], "text": "DATE:", "type": 2, "value": 2}, {"box": [96, 353, 121, 367], "text": "RE:", "type": 2, "value": 2}, {"box": [96, 320, 146, 338], "text": "PAGES:", "type": 2, "value": 2}, {"box": [630, 809, 644, 877], "text": "00000000", "type": 2, "value": 8}, {"box": [88, 82, 334, 99], "text": "JAN 00 00 00:00 PM AB RESEARCH ASSOC.", "type": 2, "value": 8}, {"box": [598, 81, 640, 94], "text": "P 0/ 00", "type": 2, "value": 8}, {"box": [74, 115, 349, 146], "text": "AB Research Associates, Inc.", "type": 2, "value": 6}, {"box": [215, 186, 506, 207], "text": "TELECOPIER TRANSMITTAL COVER SHEET", "type": 2, "value": 6}, {"box": [539, 169, 655, 297], "text": "Revisions", "type": 2, "value": 8}, {"box": [176, 222, 271, 239], "text": "MARY MAZZA", "type": 2, "value": 4}, {"box": [177, 253, 265, 271], "text": "Pam Churchill", "type": 2, "value": 4}, {"box": [179, 285, 266, 303], "text": "JAN 00. 0000", "type": 2, "value": 4}, {"box": [303, 314, 469, 333], "text": "(Including this cover sheet)", "type": 2, "value": 2}, {"box": [189, 348, 384, 366], "text": "CIGARETTE QUESTIONNAIRE", "type": 2, "value": 4}, {"box": [98, 425, 634, 479], "text": "Here is yet another version of the questionnaire. Please note that the last 0 pages are at the alternate versions that we discussed. Take a look at the alternate Q0 to try to get at the intensity issue, and maybe we can improve on it from here.", "type": 2, "value": 8}, {"box": [101, 486, 635, 542], "text": "By the way, we received 00 more signature cards today and sent the cigarettes out. We are now up to 00 respondents who have been sent cigarettes. Hopefully we will get a lot of callbacks this weekend.", "type": 2, "value": 8}, {"box": [102, 556, 284, 574], "text": "Talk you Monday. Thanks", "type": 2, "value": 8}, {"box": [117, 934, 621, 954], "text": "00 Kenosia Avenue, Danbury, CT 00000 Phone 000 000- 0000 Fax 000 000- 0000", "type": 2, "value": 8}]}