{"img_shape": [1000, 863], "lines": [{"box": [492, 56, 530, 69], "text": "000:", "type": 2, "value": 2}, {"box": [490, 71, 577, 85], "text": "PAYROLL:", "type": 2, "value": 2}, {"box": [589, 71, 620, 86], "text": "000", "type": 2, "value": 4}, {"box": [465, 318, 518, 333], "text": "OTHER", "type": 2, "value": 2}, {"box": [580, 837, 636, 855], "text": "(Date)", "type": 2, "value": 2}, {"box": [176, 841, 281, 859], "text": "(Signature)", "type": 2, "value": 2}, {"box": [87, 806, 285, 849], "text": "", "type": 2, "value": 4}, {"box": [788, 802, 809, 886], "text": "00000000", "type": 2, "value": 8}, {"box": [260, 112, 652, 141], "text": "LOEWS/ LORILLARD PUBLIC AFFAIRS COMMITTEE CONTRIBUTION IDENTITY CARD", "type": 2, "value": 6}, {"box": [538, 54, 651, 70], "text": "000- 00- 0000", "type": 2, "value": 4}, {"box": [490, 41, 658, 56], "text": "ANDREW TISCH", "type": 2, "value": 8}, {"box": [63, 187, 347, 206], "text": "COMPLETE EITHER A OR B BELOW:", "type": 2, "value": 2}, {"box": [64, 228, 752, 279], "text": "A. I hereby authorize, until further notice, a voluntary contribution by salary deduction to the Loews/ Lorillard Public Affairs Committee (LOPAC) of the following amount per pay period:", "type": 2, "value": 8}, {"box": [212, 292, 259, 307], "text": "$ 0.00", "type": 2, "value": 8}, {"box": [212, 320, 260, 338], "text": "$ 0.00", "type": 2, "value": 8}, {"box": [462, 288, 515, 305], "text": "$ 0.00", "type": 2, "value": 8}, {"box": [521, 311, 581, 329], "text": "$00.00", "type": 2, "value": 4}, {"box": [466, 332, 623, 349], "text": "(please specify)", "type": 2, "value": 2}, {"box": [64, 359, 625, 397], "text": "B. Enclosed is a check or money order in the amount of $ as a contribution to LOPAC.", "type": 2, "value": 8}, {"box": [63, 420, 755, 547], "text": "My contribution is voluntary. I am aware of my right to refuse to contribute without reprisal of any kind.  I am aware of the politicial purpose of LOPAC. I am aware that a copy of the report of LOPAC is filed with the Federal Election Commission and is available for purchase. I am aware that the guidelines above as to the amount of my contribution are only suggestions. I am aware that my contribution counts against my individual contribution limit. I am an American citizen or I have been admitted to permanent U. S. residence.", "type": 2, "value": 8}, {"box": [63, 602, 496, 617], "text": "THE FOLLOWING INFORMATION MUST BE FURNISHED:", "type": 2, "value": 6}, {"box": [64, 631, 193, 648], "text": "0. Full Name", "type": 2, "value": 2}, {"box": [66, 676, 273, 693], "text": "0. Residence Address", "type": 2, "value": 2}, {"box": [64, 721, 262, 738], "text": "0. Business Address", "type": 2, "value": 2}, {"box": [66, 753, 206, 768], "text": "0. Occupation", "type": 2, "value": 2}, {"box": [291, 628, 515, 662], "text": "Andrew H. Tisch (Print or type)", "type": 2, "value": 4}, {"box": [293, 669, 702, 708], "text": "00 East 00rd Street, New York, N. Y. 00000 (Include state and zip code)", "type": 2, "value": 4}, {"box": [292, 716, 667, 735], "text": "One Park Avenue, New York, N. Y. 00000", "type": 2, "value": 4}, {"box": [289, 747, 684, 785], "text": "Chairman/ CEO - Lorillard Tobacco Company (Job title or position)", "type": 2, "value": 4}, {"box": [492, 820, 618, 842], "text": "0 November 0000", "type": 2, "value": 4}, {"box": [203, 897, 613, 916], "text": "Return this form in the envelope provided.", "type": 2, "value": 8}]}