{"img_shape": [1000, 782], "lines": [{"box": [151, 319, 181, 339], "text": "TO:", "type": 2, "value": 2}, {"box": [153, 349, 198, 366], "text": "FROM:", "type": 2, "value": 2}, {"box": [151, 379, 198, 392], "text": "DATE:", "type": 2, "value": 2}, {"box": [663, 8, 705, 25], "text": "P.0/0", "type": 2, "value": 8}, {"box": [513, 414, 526, 429], "text": "0", "type": 2, "value": 4}, {"box": [696, 761, 718, 829], "text": "00000000", "type": 2, "value": 8}, {"box": [145, 12, 482, 30], "text": "Jul 00 00 00:00PM LORILLARD TOBACCO 000 000 0000", "type": 2, "value": 8}, {"box": [100, 63, 311, 136], "text": "Lorillard TOBACCO COMPANY", "type": 2, "value": 6}, {"box": [306, 120, 646, 135], "text": "0000E Market Street, P.O. Box 00000, Greensboro, North Carolina 00000 0000", "type": 2, "value": 8}, {"box": [369, 224, 482, 239], "text": "VIA FACSIMILE", "type": 2, "value": 6}, {"box": [239, 296, 347, 332], "text": "(000) 000- 000 Ron Goldbrenner", "type": 2, "value": 4}, {"box": [234, 346, 329, 359], "text": "Becky Hayden", "type": 2, "value": 4}, {"box": [239, 372, 334, 387], "text": "July 00, 0000", "type": 2, "value": 4}, {"box": [153, 417, 493, 432], "text": "NUMBER OF PAGES (INCLUDING COVER SHEET):", "type": 2, "value": 2}, {"box": [151, 445, 304, 462], "text": "OUR FAX NUMBER IS:", "type": 2, "value": 2}, {"box": [321, 444, 438, 462], "text": "(000) 000- 0000", "type": 2, "value": 4}, {"box": [150, 566, 479, 598], "text": "IF YOU DO NOT RECEIVE ANY OF THE PAGES, PLEASE CALL", "type": 2, "value": 2}, {"box": [153, 593, 641, 625], "text": "AT (000) AT THE GREENSBORO BRANCH AS SOON AS POSSIBLE.", "type": 2, "value": 2}, {"box": [150, 640, 237, 655], "text": "THANK YOU.", "type": 2, "value": 8}]}