{"img_shape": [1000, 780], "lines": [{"box": [124, 263, 165, 278], "text": "Name", "type": 2, "value": 2}, {"box": [126, 292, 193, 309], "text": "Address", "type": 2, "value": 2}, {"box": [126, 324, 164, 339], "text": "City", "type": 2, "value": 2}, {"box": [236, 323, 297, 337], "text": "Novato", "type": 2, "value": 4}, {"box": [468, 321, 518, 336], "text": "State", "type": 2, "value": 2}, {"box": [385, 349, 474, 367], "text": "Telephone", "type": 2, "value": 2}, {"box": [545, 321, 569, 335], "text": "CA", "type": 2, "value": 4}, {"box": [128, 475, 210, 492], "text": "Defendant", "type": 2, "value": 2}, {"box": [130, 443, 211, 463], "text": "Plaintiff", "type": 2, "value": 2}, {"box": [598, 594, 608, 611], "text": "(", "type": 2, "value": 8}, {"box": [612, 594, 625, 609], "text": "X", "type": 2, "value": 4}, {"box": [631, 594, 639, 608], "text": ")", "type": 2, "value": 8}, {"box": [598, 624, 608, 638], "text": "(", "type": 2, "value": 8}, {"box": [631, 622, 641, 639], "text": ")", "type": 2, "value": 8}, {"box": [613, 652, 624, 669], "text": "X", "type": 2, "value": 4}, {"box": [634, 652, 641, 670], "text": ")", "type": 2, "value": 8}, {"box": [705, 816, 723, 893], "text": "00000000", "type": 2, "value": 8}, {"box": [420, 883, 431, 897], "text": "0", "type": 2, "value": 8}, {"box": [238, 352, 286, 372], "text": "00000", "type": 2, "value": 4}, {"box": [599, 655, 607, 670], "text": "(", "type": 2, "value": 8}, {"box": [270, 94, 570, 143], "text": "PRELIMINARY FACT SHEET NEW FILING - ASBESTOS LITIGATION", "type": 2, "value": 6}, {"box": [289, 154, 549, 188], "text": "(See General Order No. 00) (In Re: Complex Litigation)", "type": 2, "value": 8}, {"box": [117, 214, 713, 249], "text": "0. Name, address and telephone number of law firm representing claimant:", "type": 2, "value": 6}, {"box": [236, 260, 471, 278], "text": "BRAYTON, GISVOLD. & HARLEY", "type": 2, "value": 4}, {"box": [236, 288, 528, 308], "text": "000 Grant Avenue, P. O. Box 0000", "type": 2, "value": 4}, {"box": [126, 353, 203, 371], "text": "Zip Code", "type": 2, "value": 2}, {"box": [501, 349, 631, 368], "text": "(000) 000- 0000", "type": 2, "value": 4}, {"box": [116, 395, 712, 432], "text": "0. Names of first named plaintiff and first named defendant on the caption of the complaint:", "type": 2, "value": 6}, {"box": [239, 444, 389, 459], "text": "CHARLES WOODWARD", "type": 2, "value": 4}, {"box": [237, 473, 461, 489], "text": "ABEX CORPORATION, et al.", "type": 2, "value": 4}, {"box": [119, 520, 398, 537], "text": "0. Date of claimant's birth:", "type": 2, "value": 2}, {"box": [433, 518, 559, 535], "text": "June 00, 0000", "type": 2, "value": 4}, {"box": [122, 564, 537, 584], "text": "0. Case involves (check appropriate boxes):", "type": 2, "value": 6}, {"box": [131, 595, 225, 613], "text": "(a) Injury", "type": 2, "value": 2}, {"box": [134, 626, 299, 644], "text": "(b) Wrongful death", "type": 2, "value": 2}, {"box": [134, 656, 264, 673], "text": "(c) Consortium", "type": 2, "value": 2}, {"box": [120, 683, 700, 749], "text": "0. Specify the nature or type of asbestos- related injury alleged by the claimant. (E. q., Asbestosis; Lung Cancer- adenocarcinoma Lung Cancer- Mesothelioma; Pleural Thickening; Fibrosis; etc.)", "type": 2, "value": 2}, {"box": [165, 757, 655, 778], "text": "Mesothelioma and other asbestos- related lung disease", "type": 2, "value": 4}, {"box": [124, 873, 271, 897], "text": "K:\\CLIENTS\\0000\\FACTSHIT.COM ", "type": 2, "value": 8}]}