{"img_shape": [1000, 754], "lines": [{"box": [131, 499, 204, 523], "text": "HOURS:", "type": 2, "value": 6}, {"box": [133, 634, 225, 655], "text": "SPECIFICS:", "type": 2, "value": 6}, {"box": [307, 684, 318, 702], "text": "(S)", "type": 2, "value": 2}, {"box": [209, 746, 223, 759], "text": "\u2611", "type": 2, "value": 4}, {"box": [208, 686, 221, 700], "text": "\u2611", "type": 2, "value": 4}, {"box": [662, 796, 677, 869], "text": "00000000", "type": 2, "value": 8}, {"box": [52, 934, 73, 947], "text": "0000", "type": 2, "value": 8}, {"box": [80, 80, 671, 171], "text": "Newport pleasure!", "type": 2, "value": 6}, {"box": [134, 239, 622, 267], "text": "SPECIAL EVENT INFORMATION SHEET", "type": 2, "value": 6}, {"box": [131, 338, 364, 357], "text": "GENERAL INFORMATION:", "type": 2, "value": 6}, {"box": [131, 373, 216, 391], "text": "EVENT NAME:", "type": 2, "value": 2}, {"box": [133, 404, 245, 421], "text": "EVENT LOCATION:", "type": 2, "value": 2}, {"box": [131, 432, 217, 449], "text": "EVENT DATES:", "type": 2, "value": 2}, {"box": [258, 372, 459, 389], "text": "Upper Madisor Avenue Festival", "type": 2, "value": 4}, {"box": [258, 402, 473, 419], "text": "00th -00th Street New York, NY", "type": 2, "value": 4}, {"box": [260, 432, 343, 449], "text": "June 0, 0000", "type": 2, "value": 4}, {"box": [133, 535, 242, 555], "text": "MONDAY- FRIDAY", "type": 2, "value": 2}, {"box": [131, 564, 250, 581], "text": "SATURDAY- SUNDAY", "type": 2, "value": 2}, {"box": [272, 566, 344, 581], "text": "00 am - 0 pm", "type": 2, "value": 4}, {"box": [133, 656, 252, 673], "text": "check applicable box(es)", "type": 2, "value": 2}, {"box": [225, 684, 305, 702], "text": "# OF BOOTH", "type": 2, "value": 2}, {"box": [208, 715, 366, 731], "text": "\u2610 SAMPLING & PREMIUMS", "type": 2, "value": 2}, {"box": [226, 743, 326, 761], "text": "PREMIUMS ONLY", "type": 2, "value": 2}, {"box": [451, 684, 519, 701], "text": "\u2610 SIGNAGE", "type": 2, "value": 2}, {"box": [453, 714, 537, 729], "text": "\u2610 MUSIC VAN", "type": 2, "value": 2}, {"box": [453, 746, 544, 760], "text": "\u2610 RACING CAR", "type": 2, "value": 2}, {"box": [135, 813, 391, 831], "text": "SUPERVISOR INFORMATION:", "type": 2, "value": 6}, {"box": [134, 848, 325, 866], "text": "NAME OF ALLWAYS SUPERVISOR", "type": 2, "value": 2}, {"box": [359, 851, 441, 865], "text": "Jerome Curry", "type": 2, "value": 4}, {"box": [134, 878, 238, 892], "text": "PHONE NUMBER", "type": 2, "value": 2}, {"box": [251, 877, 345, 892], "text": "(000) 000 -0000", "type": 2, "value": 4}, {"box": [372, 878, 477, 894], "text": "BEEPER NUMBER:", "type": 2, "value": 2}, {"box": [494, 877, 588, 892], "text": "(000) 000 0000", "type": 2, "value": 4}]}