{"img_shape": [1000, 802], "lines": [{"box": [84, 53, 112, 67], "text": "TO:", "type": 2, "value": 2}, {"box": [85, 85, 134, 102], "text": "FROM:", "type": 2, "value": 2}, {"box": [87, 122, 157, 139], "text": "SUBJECT:", "type": 2, "value": 2}, {"box": [87, 180, 193, 197], "text": "DISTRIBUTION:", "type": 2, "value": 2}, {"box": [725, 105, 740, 119], "text": "X", "type": 2, "value": 4}, {"box": [236, 321, 303, 332], "text": "ACCOUNT", "type": 2, "value": 2}, {"box": [246, 339, 289, 353], "text": "NONE", "type": 2, "value": 4}, {"box": [708, 785, 725, 853], "text": "00000000", "type": 2, "value": 8}, {"box": [623, 318, 657, 333], "text": "000'S", "type": 2, "value": 2}, {"box": [532, 52, 670, 67], "text": "SUBMISSION DATE:", "type": 2, "value": 6}, {"box": [147, 50, 228, 68], "text": "R. B. SPELL", "type": 2, "value": 4}, {"box": [147, 85, 239, 102], "text": "S. J. Farnham", "type": 2, "value": 4}, {"box": [161, 122, 571, 139], "text": "HARLEY DAVIDSON 000'S CIGARETTES PROGRESS REPORT", "type": 2, "value": 4}, {"box": [535, 85, 581, 103], "text": "OCT 0", "type": 2, "value": 2}, {"box": [531, 105, 581, 122], "text": "OCT 00", "type": 2, "value": 2}, {"box": [651, 85, 704, 103], "text": "DEC 00", "type": 2, "value": 2}, {"box": [652, 105, 705, 136], "text": "JAN 00, 0000", "type": 2, "value": 2}, {"box": [197, 182, 596, 198], "text": "EFFECTIVENESS OF SELL (REPORT ON OCT 0 ONLY).", "type": 2, "value": 4}, {"box": [85, 272, 546, 292], "text": "DIRECT ACCOUNT AND CHAIN VOIDS (USE X TO INDICATE A VOID).", "type": 2, "value": 6}, {"box": [511, 307, 570, 331], "text": "NO. STORES", "type": 2, "value": 2}, {"box": [669, 306, 706, 332], "text": "LTS. 000'S", "type": 2, "value": 2}, {"box": [87, 541, 447, 559], "text": "% OF DISTRIBUTION ACHIEVED IN RETAIL OUTLETS:", "type": 2, "value": 2}, {"box": [321, 573, 485, 610], "text": "0 0 % CLASSIFIED CALLS 0 % ANNUAL CALLS", "type": 2, "value": 4}, {"box": [88, 626, 253, 642], "text": "PROMOTIONAL IMPACT:", "type": 2, "value": 6}, {"box": [85, 661, 180, 675], "text": "$ 00 OFF PACK:", "type": 2, "value": 2}, {"box": [87, 736, 202, 751], "text": "SALES FORCE 00'S", "type": 2, "value": 2}, {"box": [89, 814, 204, 828], "text": "$ 0.00 OFF CARTON:", "type": 2, "value": 2}, {"box": [235, 661, 648, 697], "text": "Excellent movement when couponed. Without coupons, movement slows dramatically!", "type": 2, "value": 4}, {"box": [236, 735, 414, 752], "text": "Excellent but quickly depleted.", "type": 2, "value": 4}, {"box": [237, 813, 508, 827], "text": "Excellent. Continues to drive all carton business", "type": 2, "value": 4}, {"box": [85, 905, 122, 917], "text": "0 of 0", "type": 2, "value": 8}]}