{"img_shape": [1000, 802], "lines": [{"box": [47, 39, 273, 114], "text": "Lorillard", "type": 2, "value": 6}, {"box": [77, 204, 127, 221], "text": "DATE:", "type": 2, "value": 2}, {"box": [392, 205, 437, 222], "text": "TIME:", "type": 2, "value": 2}, {"box": [514, 261, 525, 276], "text": "0", "type": 2, "value": 4}, {"box": [78, 342, 131, 362], "text": "NAME:", "type": 2, "value": 2}, {"box": [77, 377, 143, 395], "text": "OFFICE:", "type": 2, "value": 2}, {"box": [75, 515, 128, 532], "text": "NAME:", "type": 2, "value": 2}, {"box": [73, 554, 141, 571], "text": "OFFICE:", "type": 2, "value": 2}, {"box": [74, 654, 173, 675], "text": "COMMENTS:", "type": 2, "value": 2}, {"box": [274, 729, 298, 742], "text": "cc:", "type": 2, "value": 2}, {"box": [689, 797, 703, 870], "text": "00000000", "type": 2, "value": 8}, {"box": [74, 25, 187, 40], "text": "00/ 00/ 00 00: 00", "type": 2, "value": 8}, {"box": [214, 25, 311, 40], "text": "000 000 0000", "type": 2, "value": 8}, {"box": [380, 27, 625, 42], "text": "LORILLARD HOUS. NEW YORK SALES", "type": 2, "value": 8}, {"box": [651, 29, 715, 43], "text": "000/ 000", "type": 2, "value": 8}, {"box": [258, 151, 496, 175], "text": "FACSIMILE COVER PAGE", "type": 2, "value": 6}, {"box": [228, 207, 288, 224], "text": "00/ 00/ 00", "type": 2, "value": 4}, {"box": [508, 208, 547, 225], "text": "00: 00", "type": 2, "value": 4}, {"box": [80, 256, 475, 282], "text": "The following document, including cover page is", "type": 2, "value": 2}, {"box": [577, 260, 672, 284], "text": "pages long.", "type": 2, "value": 2}, {"box": [218, 309, 535, 331], "text": "PLEASE TRANSMIT THIS DOCUMENT TO:", "type": 2, "value": 6}, {"box": [77, 411, 247, 431], "text": "FAX PHONE NUMBER:", "type": 2, "value": 2}, {"box": [278, 348, 364, 363], "text": "R. H. Orcutt", "type": 2, "value": 4}, {"box": [277, 381, 423, 399], "text": "Lorillard- New York", "type": 2, "value": 4}, {"box": [278, 415, 382, 430], "text": "(000) 000- 0000", "type": 2, "value": 4}, {"box": [271, 483, 479, 502], "text": "THIS DOCUMENT IS FROM:", "type": 2, "value": 6}, {"box": [274, 521, 458, 539], "text": "J. L. McGinnis - Region 0", "type": 2, "value": 4}, {"box": [263, 553, 662, 577], "text": "Lorillard Tobacco Company Houston N., Texas", "type": 2, "value": 4}, {"box": [261, 587, 373, 609], "text": "(000) 000 0000", "type": 2, "value": 4}, {"box": [74, 587, 247, 608], "text": "FAX PHONE NUMBER:", "type": 2, "value": 2}, {"box": [275, 658, 549, 677], "text": "Harley Davidson 000's Progress Report.", "type": 2, "value": 4}, {"box": [309, 726, 390, 743], "text": "R. B. Spell", "type": 2, "value": 4}, {"box": [309, 746, 405, 761], "text": "A. J. Giacoio", "type": 2, "value": 4}, {"box": [306, 763, 398, 777], "text": "P. J. McCann", "type": 2, "value": 4}, {"box": [309, 779, 392, 794], "text": "S. L. Enloe", "type": 2, "value": 4}, {"box": [307, 796, 391, 811], "text": "T. L. Achey", "type": 2, "value": 4}, {"box": [70, 865, 669, 912], "text": "In the event that any of these pages are not legible, or you do not receive all pages, please call this office soon as possible at (000) 000- 0000", "type": 2, "value": 8}]}