{"img_shape": [1000, 754], "lines": [{"box": [404, 144, 460, 162], "text": "Division", "type": 2, "value": 2}, {"box": [75, 151, 135, 171], "text": "Location", "type": 2, "value": 2}, {"box": [81, 279, 119, 294], "text": "Mugs", "type": 2, "value": 2}, {"box": [413, 244, 490, 261], "text": "Invitations:", "type": 2, "value": 6}, {"box": [81, 324, 131, 341], "text": "Posters", "type": 2, "value": 2}, {"box": [82, 416, 135, 434], "text": "Counter", "type": 2, "value": 2}, {"box": [82, 432, 118, 449], "text": "Floor", "type": 2, "value": 2}, {"box": [82, 450, 134, 467], "text": "Posters", "type": 2, "value": 2}, {"box": [321, 719, 356, 732], "text": "Fair", "type": 2, "value": 2}, {"box": [454, 714, 507, 731], "text": "Average", "type": 2, "value": 2}, {"box": [594, 709, 655, 726], "text": "Excellent", "type": 2, "value": 2}, {"box": [161, 677, 197, 692], "text": "Food", "type": 2, "value": 2}, {"box": [161, 693, 238, 707], "text": "Cleanliness", "type": 2, "value": 2}, {"box": [161, 705, 211, 723], "text": "Service", "type": 2, "value": 2}, {"box": [363, 384, 437, 404], "text": "Attendees:", "type": 2, "value": 6}, {"box": [535, 264, 557, 285], "text": "00", "type": 2, "value": 4}, {"box": [541, 408, 558, 423], "text": "0", "type": 2, "value": 4}, {"box": [539, 418, 554, 435], "text": "0", "type": 2, "value": 4}, {"box": [541, 437, 561, 448], "text": "0", "type": 2, "value": 4}, {"box": [186, 415, 203, 432], "text": "0", "type": 2, "value": 4}, {"box": [189, 429, 203, 444], "text": "0", "type": 2, "value": 4}, {"box": [189, 446, 203, 459], "text": "0", "type": 2, "value": 4}, {"box": [186, 275, 199, 295], "text": "0", "type": 2, "value": 4}, {"box": [186, 292, 199, 305], "text": "0", "type": 2, "value": 4}, {"box": [187, 306, 201, 320], "text": "0", "type": 2, "value": 4}, {"box": [187, 320, 200, 335], "text": "0", "type": 2, "value": 4}, {"box": [351, 624, 371, 642], "text": "00", "type": 2, "value": 4}, {"box": [464, 670, 479, 687], "text": "X", "type": 2, "value": 4}, {"box": [615, 680, 626, 694], "text": "X", "type": 2, "value": 4}, {"box": [610, 694, 625, 705], "text": "X", "type": 2, "value": 4}, {"box": [605, 617, 625, 638], "text": "00", "type": 2, "value": 4}, {"box": [683, 785, 698, 853], "text": "00000000", "type": 2, "value": 8}, {"box": [291, 253, 371, 300], "text": "", "type": 2, "value": 8}, {"box": [338, 331, 367, 360], "text": "", "type": 2, "value": 8}, {"box": [219, 113, 502, 136], "text": "NEWPORT RACING EVENT SURVEY", "type": 2, "value": 6}, {"box": [504, 137, 613, 160], "text": "Detroit - MCA", "type": 2, "value": 4}, {"box": [504, 169, 607, 190], "text": "R. L. Lavoie", "type": 2, "value": 4}, {"box": [406, 172, 485, 192], "text": "Division Mgr", "type": 2, "value": 2}, {"box": [80, 183, 131, 203], "text": "Date (s)", "type": 2, "value": 2}, {"box": [159, 147, 311, 167], "text": "DETROIT GRAND PRIX", "type": 2, "value": 4}, {"box": [161, 175, 273, 197], "text": "June 00, 0000", "type": 2, "value": 4}, {"box": [264, 205, 364, 223], "text": "Date Submitted", "type": 2, "value": 2}, {"box": [377, 200, 476, 223], "text": "July 0, 0000", "type": 2, "value": 4}, {"box": [295, 223, 455, 240], "text": "(submit by 00 days after event)", "type": 2, "value": 8}, {"box": [80, 251, 211, 269], "text": "Promotion Quantity:", "type": 2, "value": 6}, {"box": [81, 295, 161, 313], "text": "Displays (0)", "type": 2, "value": 2}, {"box": [80, 306, 149, 327], "text": "Floor (00)", "type": 2, "value": 2}, {"box": [82, 351, 156, 370], "text": "Date Rec'd", "type": 2, "value": 2}, {"box": [412, 264, 503, 285], "text": "# Requested", "type": 2, "value": 2}, {"box": [411, 282, 500, 300], "text": "Date Notified", "type": 2, "value": 2}, {"box": [415, 297, 504, 317], "text": "Date Ordered", "type": 2, "value": 2}, {"box": [415, 345, 491, 365], "text": "Date Rec'd", "type": 2, "value": 2}, {"box": [508, 341, 577, 361], "text": "00/ 00/ 00", "type": 2, "value": 4}, {"box": [80, 390, 208, 409], "text": "# Displays Placed:", "type": 2, "value": 6}, {"box": [369, 406, 504, 426], "text": "# Customers Invited", "type": 2, "value": 2}, {"box": [367, 423, 516, 441], "text": "# Customers Attended", "type": 2, "value": 2}, {"box": [367, 437, 510, 458], "text": "# Lorillard Personnel", "type": 2, "value": 2}, {"box": [82, 479, 216, 498], "text": "Invitees Comments:", "type": 2, "value": 2}, {"box": [233, 469, 669, 493], "text": "Invitees stated the Newport hospitality tent was very", "type": 2, "value": 4}, {"box": [84, 490, 653, 560], "text": "difficult to locate. Also, the Indy Lights Paddock area was not clearly identified Most Invitees were looking for the hospitality tent in a separate identified area away from the Paddock Brea and the Newport car transporter.", "type": 2, "value": 4}, {"box": [84, 630, 186, 650], "text": "Race Day Info:", "type": 2, "value": 6}, {"box": [214, 630, 331, 648], "text": "Event Attendance", "type": 2, "value": 2}, {"box": [406, 623, 585, 644], "text": "Hospitality Tent Attendance", "type": 2, "value": 2}, {"box": [88, 661, 261, 683], "text": "Quality of Hospitality Tent:", "type": 2, "value": 6}, {"box": [89, 747, 313, 765], "text": "Suggestions/ Recommendations:", "type": 2, "value": 2}, {"box": [321, 742, 646, 763], "text": "In the future, please specify where the", "type": 2, "value": 4}, {"box": [92, 756, 652, 812], "text": "Newport hospitality area will be located - at the Newport car trans- porter site or in a separate area . Specific directions will be needed.", "type": 2, "value": 4}]}