{"img_shape": [1000, 779], "lines": [{"box": [133, 204, 174, 219], "text": "DATE:", "type": 2, "value": 2}, {"box": [260, 203, 295, 217], "text": "TIME:", "type": 2, "value": 2}, {"box": [78, 254, 195, 274], "text": "MANUFACTURER:", "type": 2, "value": 2}, {"box": [84, 782, 104, 796], "text": "cc:", "type": 2, "value": 2}, {"box": [735, 799, 753, 870], "text": "00000000", "type": 2, "value": 8}, {"box": [311, 87, 524, 107], "text": "NEW COMPETITIVE PRODUCTS", "type": 2, "value": 6}, {"box": [80, 151, 180, 168], "text": "REPORTED BY:", "type": 2, "value": 2}, {"box": [258, 147, 584, 166], "text": "A. REID, DIVISION MANAGER, SAN FRANCISCO, CA", "type": 2, "value": 4}, {"box": [177, 201, 229, 216], "text": "0/ 00/ 00", "type": 2, "value": 4}, {"box": [256, 256, 436, 272], "text": "AMERICAN TOBACCO COMPANY", "type": 2, "value": 4}, {"box": [260, 304, 348, 323], "text": "SPECIAL 00' s", "type": 2, "value": 4}, {"box": [80, 309, 178, 327], "text": "BRAND NAME:", "type": 2, "value": 2}, {"box": [80, 362, 150, 396], "text": "TYPE OF PRODUCT:", "type": 2, "value": 2}, {"box": [82, 430, 186, 449], "text": "SIZE OR SIZES:", "type": 2, "value": 2}, {"box": [81, 483, 162, 501], "text": "LIST PRICE:", "type": 2, "value": 2}, {"box": [81, 536, 184, 571], "text": "EXTENT OF DISTRIBUTION:", "type": 2, "value": 2}, {"box": [80, 642, 185, 676], "text": "OTHER INFORMATION:", "type": 2, "value": 2}, {"box": [263, 652, 542, 671], "text": "SEE ATTACHED COPY OF CIRCULAR NO. 0000", "type": 2, "value": 4}, {"box": [84, 799, 154, 815], "text": "A. H. Tisch", "type": 2, "value": 4}, {"box": [84, 818, 162, 833], "text": "R. H. Orcutt", "type": 2, "value": 4}, {"box": [82, 837, 181, 851], "text": "M. A. Peterson", "type": 2, "value": 4}, {"box": [85, 853, 179, 868], "text": "M. L. Orlowsky", "type": 2, "value": 4}, {"box": [84, 872, 154, 883], "text": "L. Gordon", "type": 2, "value": 4}, {"box": [85, 887, 149, 899], "text": "G. Telford", "type": 2, "value": 4}, {"box": [242, 797, 314, 811], "text": "V. Norman", "type": 2, "value": 4}, {"box": [240, 817, 326, 831], "text": "A. W. Spears", "type": 2, "value": 4}, {"box": [242, 834, 325, 848], "text": "A. J. Giacoio", "type": 2, "value": 4}, {"box": [242, 851, 320, 865], "text": "N. P. Ruffalo", "type": 2, "value": 4}, {"box": [242, 869, 319, 883], "text": "T. L. Achey", "type": 2, "value": 4}, {"box": [242, 887, 312, 900], "text": "R. B. Spell", "type": 2, "value": 4}, {"box": [240, 901, 327, 915], "text": "P. J. McCann", "type": 2, "value": 4}, {"box": [370, 796, 443, 811], "text": "J. J. Tatulli", "type": 2, "value": 4}, {"box": [372, 813, 444, 829], "text": "L. H. Kersh", "type": 2, "value": 4}, {"box": [373, 831, 444, 845], "text": "J. R. Slater", "type": 2, "value": 4}, {"box": [373, 849, 450, 864], "text": "A. Pasheluk", "type": 2, "value": 4}, {"box": [373, 867, 490, 882], "text": "R. S. Goldbrenner", "type": 2, "value": 4}, {"box": [373, 884, 463, 898], "text": "N. Simeonidis", "type": 2, "value": 4}, {"box": [374, 901, 446, 916], "text": "S. F. Smith", "type": 2, "value": 4}, {"box": [547, 795, 646, 810], "text": "K. P. Augustyn", "type": 2, "value": 4}, {"box": [547, 811, 638, 826], "text": "V. D. Lindsley", "type": 2, "value": 4}, {"box": [549, 830, 629, 844], "text": "R. C. Bondy", "type": 2, "value": 4}, {"box": [550, 846, 642, 861], "text": "R. D. Hammer", "type": 2, "value": 4}]}