{"img_shape": [1000, 779], "lines": [{"box": [88, 113, 133, 126], "text": "FROM:", "type": 2, "value": 2}, {"box": [88, 147, 110, 161], "text": "TO:", "type": 2, "value": 2}, {"box": [88, 182, 110, 196], "text": "CC:", "type": 2, "value": 2}, {"box": [87, 286, 130, 300], "text": "MEDIA", "type": 2, "value": 6}, {"box": [310, 356, 376, 370], "text": "September", "type": 2, "value": 4}, {"box": [307, 615, 339, 629], "text": "Pack", "type": 2, "value": 4}, {"box": [307, 648, 360, 662], "text": "Rebecca", "type": 2, "value": 4}, {"box": [309, 390, 377, 407], "text": "Magazines:", "type": 2, "value": 2}, {"box": [419, 390, 497, 404], "text": "Newspapers:", "type": 2, "value": 2}, {"box": [309, 289, 379, 303], "text": "Magazines:", "type": 2, "value": 2}, {"box": [309, 323, 382, 337], "text": "Newspaper:", "type": 2, "value": 2}, {"box": [716, 825, 736, 905], "text": "00000000", "type": 2, "value": 8}, {"box": [311, 75, 555, 91], "text": "COUPON CODE REGISTRATION FORM", "type": 2, "value": 6}, {"box": [138, 112, 246, 127], "text": "JESSICA ARATO", "type": 2, "value": 4}, {"box": [127, 145, 220, 160], "text": "VINCE LOSITO", "type": 2, "value": 4}, {"box": [127, 180, 504, 197], "text": "K. AUGUSTYN. L. GIORDANO, M. McGLYNN, S. RAPISARLDI", "type": 2, "value": 4}, {"box": [85, 250, 245, 268], "text": "BRANDS (S) APPLICABLE", "type": 2, "value": 2}, {"box": [84, 353, 254, 370], "text": "ISSUE FREQUENCY/ YEAR", "type": 2, "value": 2}, {"box": [85, 388, 183, 405], "text": "SPACE/ COLOR", "type": 2, "value": 6}, {"box": [85, 425, 225, 439], "text": "COUPON ISSUE DATE", "type": 2, "value": 2}, {"box": [85, 459, 267, 473], "text": "COUPON EXPIRATION DATE", "type": 2, "value": 2}, {"box": [87, 511, 176, 524], "text": "CIRCULATION", "type": 2, "value": 2}, {"box": [84, 545, 247, 560], "text": "GEOGFIAPHICAL AREA(S)", "type": 2, "value": 2}, {"box": [84, 580, 188, 594], "text": "COUPON VALUE", "type": 2, "value": 2}, {"box": [84, 612, 236, 628], "text": "PACK AND OR/ CARTON", "type": 2, "value": 2}, {"box": [85, 647, 290, 663], "text": "ADVERTISING CREATIVE THEME", "type": 2, "value": 2}, {"box": [82, 682, 252, 697], "text": "SIGNATURE OF INITIATOR", "type": 2, "value": 2}, {"box": [82, 716, 189, 731], "text": "DATE INITIATED", "type": 2, "value": 2}, {"box": [84, 747, 280, 767], "text": "ANALYTICAL REQUIREMENTS:", "type": 2, "value": 6}, {"box": [306, 781, 477, 799], "text": "FOR CONTROL USE ONLY:", "type": 2, "value": 2}, {"box": [306, 817, 422, 831], "text": "CODE ASSIGNED:", "type": 2, "value": 2}, {"box": [307, 834, 399, 851], "text": "JOB NUMBER:", "type": 2, "value": 2}, {"box": [307, 852, 433, 868], "text": "EST. REDEMPTION:", "type": 2, "value": 2}, {"box": [568, 849, 609, 871], "text": "0 %", "type": 2, "value": 4}, {"box": [553, 832, 587, 849], "text": "000", "type": 2, "value": 4}, {"box": [527, 807, 616, 831], "text": "000000", "type": 2, "value": 4}, {"box": [306, 715, 389, 731], "text": "May 00, 0000", "type": 2, "value": 4}, {"box": [307, 578, 370, 595], "text": "Free Pack", "type": 2, "value": 4}, {"box": [309, 545, 340, 560], "text": "Tier ", "type": 2, "value": 4}, {"box": [309, 511, 368, 526], "text": "0, 000, 000", "type": 2, "value": 4}, {"box": [307, 459, 426, 474], "text": "December 00, 0000", "type": 2, "value": 4}, {"box": [309, 425, 421, 440], "text": "September 0, 0000", "type": 2, "value": 4}, {"box": [378, 388, 419, 408], "text": "P 0/ C;", "type": 2, "value": 4}, {"box": [500, 388, 549, 407], "text": "0/ 0 B/ W", "type": 2, "value": 4}, {"box": [383, 320, 461, 336], "text": "Village Voice", "type": 2, "value": 4}, {"box": [309, 253, 455, 268], "text": "All Kent Family Packings", "type": 2, "value": 4}, {"box": [383, 285, 605, 303], "text": "People, Rolling Stone, Cosmopolitan,", "type": 2, "value": 4}, {"box": [309, 304, 517, 319], "text": "Mademoiselle, New York Magazine", "type": 2, "value": 4}]}