{"img_shape": [1000, 754], "lines": [{"box": [43, 79, 188, 130], "text": "FAXED", "type": 2, "value": 8}, {"box": [99, 151, 144, 166], "text": "FROM:", "type": 2, "value": 2}, {"box": [97, 178, 128, 193], "text": "TO:", "type": 2, "value": 2}, {"box": [99, 210, 130, 225], "text": "CC:", "type": 2, "value": 2}, {"box": [335, 277, 372, 292], "text": "TRUE", "type": 2, "value": 4}, {"box": [329, 496, 381, 509], "text": "000,000", "type": 2, "value": 4}, {"box": [207, 792, 265, 802], "text": "PROVIDENCE", "type": 2, "value": 4}, {"box": [204, 807, 249, 817], "text": "CAMDEN", "type": 2, "value": 4}, {"box": [208, 825, 254, 834], "text": "CONCORD", "type": 2, "value": 4}, {"box": [204, 837, 265, 850], "text": "SPRINGFIELD", "type": 2, "value": 4}, {"box": [205, 855, 259, 865], "text": "BALTIMORE", "type": 2, "value": 4}, {"box": [90, 822, 139, 834], "text": "HARTFORD", "type": 2, "value": 4}, {"box": [88, 853, 139, 863], "text": "SYRACUSE", "type": 2, "value": 4}, {"box": [88, 870, 145, 880], "text": "ROCHESTER", "type": 2, "value": 4}, {"box": [88, 916, 130, 926], "text": "BUFFALO", "type": 2, "value": 4}, {"box": [295, 901, 308, 911], "text": "DC", "type": 2, "value": 8}, {"box": [204, 918, 265, 927], "text": "WILMINGTON", "type": 2, "value": 4}, {"box": [88, 931, 127, 943], "text": "ALBANY", "type": 2, "value": 4}, {"box": [445, 825, 514, 850], "text": "00000", "type": 2, "value": 4}, {"box": [457, 852, 494, 865], "text": "0000", "type": 2, "value": 4}, {"box": [593, 804, 621, 876], "text": "", "type": 2, "value": 8}, {"box": [199, 118, 419, 136], "text": "COUPON CODE REGISTRATION FORM", "type": 2, "value": 6}, {"box": [457, 93, 555, 159], "text": "-00 00", "type": 2, "value": 8}, {"box": [560, 85, 627, 101], "text": "EXHIBIT ", "type": 2, "value": 8}, {"box": [201, 148, 304, 169], "text": "MICHELLE LEPRE", "type": 2, "value": 4}, {"box": [204, 180, 278, 198], "text": "V. M. LOSITO", "type": 2, "value": 4}, {"box": [202, 211, 306, 226], "text": "S. A. RAPISARLDI", "type": 2, "value": 4}, {"box": [202, 226, 271, 244], "text": "J BAYLIES", "type": 2, "value": 4}, {"box": [201, 243, 301, 262], "text": "K. P. AUGUSTYN", "type": 2, "value": 4}, {"box": [328, 225, 411, 246], "text": "M. McGLYNN", "type": 2, "value": 4}, {"box": [99, 275, 253, 290], "text": "- BRAND(S) APPLICABLE", "type": 2, "value": 2}, {"box": [97, 307, 188, 322], "text": "- MEDIA TYPE", "type": 2, "value": 2}, {"box": [97, 337, 192, 350], "text": "- MEDIA NAME", "type": 2, "value": 2}, {"box": [97, 368, 265, 383], "text": "- ISSUE FREQUENCY/YEAR", "type": 2, "value": 2}, {"box": [97, 398, 202, 416], "text": "- SPACE/COLOR", "type": 2, "value": 2}, {"box": [94, 430, 242, 446], "text": "- COUPON ISSUE DATE", "type": 2, "value": 2}, {"box": [96, 461, 273, 479], "text": "- COUPON EXPIRATION DATE", "type": 2, "value": 2}, {"box": [94, 494, 197, 507], "text": "- CIRCULATION", "type": 2, "value": 2}, {"box": [94, 525, 256, 540], "text": "- GEOGRAPHICAL AREA(S)", "type": 2, "value": 2}, {"box": [94, 555, 204, 571], "text": "- COUPON VALUE", "type": 2, "value": 2}, {"box": [91, 584, 247, 602], "text": "- PACK AND/OR CARTON", "type": 2, "value": 2}, {"box": [91, 617, 294, 633], "text": "- ADVERTISING CREATIVE TITLE", "type": 2, "value": 2}, {"box": [93, 663, 260, 680], "text": "- SIGNATURE OF INITIATOR", "type": 2, "value": 2}, {"box": [93, 695, 202, 708], "text": "- -DATE INITIATED", "type": 2, "value": 2}, {"box": [88, 722, 271, 741], "text": "ANALYTICAL REQUIREMENTS:", "type": 2, "value": 2}, {"box": [102, 757, 216, 772], "text": "TRUE CORE AREAS", "type": 2, "value": 2}, {"box": [334, 308, 509, 323], "text": "SALES FORCE APPLIED - IRC", "type": 2, "value": 4}, {"box": [332, 433, 392, 446], "text": "MAY 0000", "type": 2, "value": 4}, {"box": [332, 464, 378, 479], "text": "0 /00 /00", "type": 2, "value": 4}, {"box": [332, 525, 474, 542], "text": "TRUE CORE MARKETS *", "type": 2, "value": 4}, {"box": [331, 555, 356, 571], "text": "00c", "type": 2, "value": 4}, {"box": [331, 587, 371, 602], "text": "PACK", "type": 2, "value": 4}, {"box": [329, 654, 542, 690], "text": "Michell ", "type": 2, "value": 4}, {"box": [328, 695, 430, 711], "text": "JANUARY 0, 0000", "type": 2, "value": 4}, {"box": [328, 805, 482, 822], "text": "FOA CONTROL USE ONLY:", "type": 2, "value": 6}, {"box": [326, 837, 429, 852], "text": "CODE ASSIGNED:", "type": 2, "value": 2}, {"box": [326, 855, 410, 867], "text": "JOE NUMBER:", "type": 2, "value": 2}, {"box": [325, 868, 439, 881], "text": "EST. REDEMPTION:", "type": 2, "value": 2}, {"box": [464, 864, 527, 888], "text": "00 %", "type": 2, "value": 4}, {"box": [91, 775, 169, 787], "text": "TOTAL NEW YORK", "type": 2, "value": 4}, {"box": [205, 777, 295, 787], "text": "TOTAL NEW JERSEY", "type": 2, "value": 4}, {"box": [88, 792, 145, 802], "text": "NEW HAVEN", "type": 2, "value": 4}, {"box": [91, 805, 160, 818], "text": "TOTAL BOSTON", "type": 2, "value": 4}, {"box": [88, 837, 191, 850], "text": "TOTAL SAN FRANCISCO", "type": 2, "value": 4}, {"box": [88, 883, 181, 894], "text": "TOTAL PHILADELPHIA", "type": 2, "value": 4}, {"box": [88, 900, 162, 912], "text": "TOTAL CHICAGO", "type": 2, "value": 4}, {"box": [202, 931, 336, 943], "text": "REGION 00 x SAN BERNADINO", "type": 2, "value": 4}, {"box": [201, 900, 294, 913], "text": "TOTAL WASHINGTON", "type": 2, "value": 4}, {"box": [202, 883, 274, 896], "text": "TOTAL DETROIT", "type": 2, "value": 4}, {"box": [207, 870, 272, 882], "text": "PORTLAND, ME", "type": 2, "value": 4}]}