{"img_shape": [1000, 777], "lines": [{"box": [67, 178, 104, 202], "text": "DATE:", "type": 2, "value": 2}, {"box": [63, 271, 174, 287], "text": "MANUFACTURERS:", "type": 2, "value": 2}, {"box": [118, 184, 173, 200], "text": "0/0/00", "type": 2, "value": 4}, {"box": [681, 810, 699, 903], "text": "00000000", "type": 2, "value": 8}, {"box": [58, 720, 85, 733], "text": "cc:", "type": 2, "value": 2}, {"box": [247, 64, 523, 88], "text": "COMPETITIVE ACTIVITIES AND PROMOTIONS", "type": 2, "value": 6}, {"box": [66, 136, 154, 160], "text": "REPORTED BY:", "type": 2, "value": 2}, {"box": [184, 136, 627, 158], "text": "R. E. Klein, Regional Sales Manager, Cleveland, OH", "type": 2, "value": 4}, {"box": [67, 223, 229, 245], "text": "SOURCE OF INFORMATION:", "type": 2, "value": 2}, {"box": [247, 225, 517, 246], "text": "Best Cigarette Co., Mentor, OH", "type": 2, "value": 4}, {"box": [193, 271, 476, 289], "text": "R. J. REYNOLDS AND PHILIP MORRIS", "type": 2, "value": 4}, {"box": [58, 358, 196, 376], "text": "TYPE OF PROMOTION:", "type": 2, "value": 2}, {"box": [207, 364, 547, 380], "text": "SEE ATTACHED CORRESPONDENCE REGARDING:", "type": 2, "value": 4}, {"box": [187, 391, 687, 409], "text": "- R. J. REYNOLDS SPRING DIRECT ACCOUNT INCENTIVE PROGRAM", "type": 2, "value": 4}, {"box": [187, 418, 654, 466], "text": "- Philip Morris- SPECIAL PROMOTIONS ON MAKLBORO AND CAMBRIDGE CIGARETTES", "type": 2, "value": 4}, {"box": [61, 485, 172, 507], "text": "HOW WIDESPREAD?", "type": 2, "value": 2}, {"box": [60, 533, 173, 552], "text": "OTHER COMMENTS:", "type": 2, "value": 2}, {"box": [102, 720, 202, 737], "text": "Mr. J. R. Ave", "type": 2, "value": 4}, {"box": [283, 722, 398, 740], "text": "Mr. T. L. Achey", "type": 2, "value": 4}, {"box": [283, 737, 407, 754], "text": "P. J. McCann", "type": 2, "value": 4}, {"box": [281, 751, 413, 769], "text": "Mr. A. J. Giacoio", "type": 2, "value": 4}, {"box": [283, 766, 395, 782], "text": "Mr. L. H. Kersh", "type": 2, "value": 4}, {"box": [284, 781, 389, 796], "text": "Mr. R. G. Ryan", "type": 2, "value": 4}, {"box": [281, 793, 409, 811], "text": "Mr. P. A. Lawless", "type": 2, "value": 4}, {"box": [284, 810, 418, 824], "text": "Mr. J. E. Daghlian", "type": 2, "value": 4}, {"box": [281, 823, 436, 839], "text": "Mr. R. S. Goldbrenner", "type": 2, "value": 4}, {"box": [281, 837, 404, 853], "text": "Ms. E. R. Harrow", "type": 2, "value": 4}, {"box": [278, 850, 396, 866], "text": "Ms. S. F. Smith", "type": 2, "value": 4}, {"box": [100, 862, 228, 878], "text": "Mr. N. P. Ruffalo", "type": 2, "value": 4}, {"box": [102, 847, 183, 867], "text": "Mr. C. Toti", "type": 2, "value": 4}, {"box": [100, 835, 213, 850], "text": "Dr. S. T. Jones", "type": 2, "value": 4}, {"box": [100, 820, 230, 837], "text": "Mr. G. R. Telford", "type": 2, "value": 4}, {"box": [102, 805, 201, 823], "text": "Mr. L. Gordon", "type": 2, "value": 4}, {"box": [103, 793, 253, 808], "text": "Mr. J. P. Mastandrea", "type": 2, "value": 4}, {"box": [102, 778, 208, 792], "text": "Ms. S. Ridgway", "type": 2, "value": 4}, {"box": [100, 750, 237, 779], "text": "Mr. M. A. Peterson Mr. T. H. Mau", "type": 2, "value": 4}, {"box": [100, 737, 223, 750], "text": "Mr. R. H. Orcutt", "type": 2, "value": 4}]}